{
  "recompute_delta_lpd_total": 3.669945265393494,
  "recompute_delta_lpd_total_data": 2.6700319342049568,
  "recompute_delta_lpd_total_sel": 0.9999133311885373,
  "ref_delta_lpd_total": 3.669945265393494,
  "ref_delta_lpd_total_data": 2.6700319342049568,
  "ref_delta_lpd_total_sel": 0.9999133311885373
}
