{
  "apparent_gr_bias_vs_true": {
    "max": 9.66851364550108,
    "mean": -1.8318031158124841,
    "min": -10.302630855977341,
    "p16": -4.330772747840353,
    "p50": -2.0838978625049904,
    "p84": 0.7406855294304916,
    "sd": 2.5827451470977407
  },
  "delta_local_minus_highz_gr": {
    "max": 18.176985746479225,
    "mean": 4.133961663941736,
    "min": -14.302371097142924,
    "p16": 0.42665356778079405,
    "p50": 4.310787902462998,
    "p84": 7.888989574460938,
    "sd": 3.7887777095421313
  },
  "delta_local_minus_highz_mg": {
    "max": 15.217551834706242,
    "mean": 2.0883746292548055,
    "min": -11.993630132990802,
    "p16": -1.1424780166465962,
    "p50": 2.1992428979196674,
    "p84": 5.330210350035998,
    "sd": 3.307180995288065
  },
  "h0_highz_gr": {
    "max": 85.51392358222655,
    "mean": 68.86691869688083,
    "min": 55.597867321317445,
    "p16": 65.22857857944203,
    "p50": 68.6826362666149,
    "p84": 72.43241692614714,
    "sd": 3.6494623154256782
  },
  "h0_highz_mg": {
    "max": 83.50147100559909,
    "mean": 70.91250573156776,
    "min": 59.45802280343883,
    "p16": 67.83506954881778,
    "p50": 70.79493635640607,
    "p84": 73.98170473512187,
    "sd": 3.1513328548344264
  },
  "h0_local_obs": {
    "max": 77.12188622682224,
    "mean": 73.00088036082256,
    "min": 68.46215718037604,
    "p16": 72.005126287998,
    "p50": 73.00130747400654,
    "p84": 73.99691598146697,
    "sd": 0.9999500450669612
  },
  "local_minus_highz_gr_sigma": 1.0924876662618441,
  "local_minus_highz_mg_sigma": 0.631655777044318,
  "p_gr_above_local_ref": 0.12638,
  "p_gr_below_local_ref": 0.87362,
  "p_gr_below_planck_ref": 0.35692,
  "z_anchor": 0.5
}
