{
  "apparent_gr_bias_vs_true": {
    "max": 11.958556642150072,
    "mean": -0.9810890137668923,
    "min": -10.31063121291696,
    "p16": -3.823583394126962,
    "p50": -1.2880846898734433,
    "p84": 1.9269688671060723,
    "sd": 2.9911186278225643
  },
  "delta_local_minus_highz_gr": {
    "max": 18.66513332106439,
    "mean": 3.2977327110316383,
    "min": -15.661045729530898,
    "p16": -0.7263832472109822,
    "p50": 3.5082379923428704,
    "p84": 7.362717006201567,
    "sd": 4.099726442138667
  },
  "delta_local_minus_highz_mg": {
    "max": 15.379524630414018,
    "mean": 2.103451107022371,
    "min": -12.460647589363433,
    "p16": -1.1124354194768187,
    "p50": 2.206636890142015,
    "p84": 5.3380912622943395,
    "sd": 3.308355890926671
  },
  "h0_highz_gr": {
    "max": 87.39879227071683,
    "mean": 69.70315557138423,
    "min": 55.99418883139706,
    "p16": 65.74496951494633,
    "p50": 69.4756220039888,
    "p84": 73.59975338572829,
    "sd": 3.9763873013776783
  },
  "h0_highz_mg": {
    "max": 83.67386897896364,
    "mean": 70.8974371753935,
    "min": 59.22735989316606,
    "p16": 67.81909500470925,
    "p50": 70.79059436739809,
    "p84": 73.96677444690948,
    "sd": 3.1538330558372625
  },
  "h0_local_obs": {
    "max": 77.66373981983074,
    "mean": 73.00088828241587,
    "min": 68.40519773825912,
    "p16": 72.01050756963669,
    "p50": 73.00082387503551,
    "p84": 73.99143105067036,
    "sd": 0.9976427358079002
  },
  "local_minus_highz_gr_sigma": 0.804285436949868,
  "local_minus_highz_mg_sigma": 0.6357575825728874,
  "p_gr_above_local_ref": 0.19534,
  "p_gr_below_local_ref": 0.80466,
  "p_gr_below_planck_ref": 0.29428,
  "z_anchor": 0.62
}
