{
  "apparent_gr_bias_vs_true": {
    "max": 5.33528128366099,
    "mean": -1.4376611270620494,
    "min": -6.104516710189046,
    "p16": -2.822449737699987,
    "p50": -1.529626933526842,
    "p84": -0.02852936894157942,
    "sd": 1.4005489839081873
  },
  "delta_local_minus_highz_gr": {
    "max": 15.921219098162943,
    "mean": 3.7462385207523137,
    "min": -12.312180357776,
    "p16": 0.557550109407797,
    "p50": 3.855186185795212,
    "p84": 6.953413125931673,
    "sd": 3.2817577853593605
  },
  "delta_local_minus_highz_mg": {
    "max": 14.261818881614268,
    "mean": 2.0942285777827334,
    "min": -12.124385063132195,
    "p16": -1.1206495057802146,
    "p50": 2.194367164071764,
    "p84": 5.3342905831403264,
    "sd": 3.307299317261827
  },
  "h0_highz_gr": {
    "max": 83.89488228842121,
    "mean": 69.25538716479902,
    "min": 57.94977708215296,
    "p16": 66.17443863393194,
    "p50": 69.15696243027188,
    "p84": 72.27930562550829,
    "sd": 3.128682607317014
  },
  "h0_highz_mg": {
    "max": 83.70708699377741,
    "mean": 70.9073971077686,
    "min": 59.316493741241565,
    "p16": 67.83050956536694,
    "p50": 70.79546066062733,
    "p84": 73.95339294427487,
    "sd": 3.154646715903125
  },
  "h0_local_obs": {
    "max": 77.44797479683294,
    "mean": 73.00162568555133,
    "min": 68.7162069997732,
    "p16": 72.00829159736278,
    "p50": 73.00104222430116,
    "p84": 73.99704696011054,
    "sd": 0.9978224442369447
  },
  "local_minus_highz_gr_sigma": 1.1405432939676297,
  "local_minus_highz_mg_sigma": 0.6328217695753873,
  "p_gr_above_local_ref": 0.11493,
  "p_gr_below_local_ref": 0.88507,
  "p_gr_below_planck_ref": 0.28136,
  "z_anchor": 0.2
}
