{
  "apparent_gr_bias_vs_true": {
    "max": 6.930906754958798,
    "mean": -2.0225606925415534,
    "min": -8.5651327126956,
    "p16": -4.041062982682593,
    "p50": -2.2002902818815855,
    "p84": 0.05109114101386231,
    "sd": 2.063035925109884
  },
  "delta_local_minus_highz_gr": {
    "max": 17.72554470688214,
    "mean": 4.325870543930338,
    "min": -13.348242216702346,
    "p16": 0.9158846425572609,
    "p50": 4.445707195681415,
    "p84": 7.755454648418284,
    "sd": 3.4842456591357682
  },
  "delta_local_minus_highz_mg": {
    "max": 15.143315565832545,
    "mean": 2.0910243440459753,
    "min": -12.394897756133545,
    "p16": -1.125337896291474,
    "p50": 2.183904473413257,
    "p84": 5.323278137590909,
    "sd": 3.2986473572545902
  },
  "h0_highz_gr": {
    "max": 83.91304800491828,
    "mean": 68.67004299342771,
    "min": 56.5583901257584,
    "p16": 65.34173035412094,
    "p50": 68.5412835345324,
    "p84": 71.95693539812173,
    "sd": 3.3396809405245858
  },
  "h0_highz_mg": {
    "max": 83.37433490553151,
    "mean": 70.90488919331209,
    "min": 58.64372447147129,
    "p16": 67.83814956516136,
    "p50": 70.8071883723307,
    "p84": 73.95706982250319,
    "sd": 3.142768553804312
  },
  "h0_local_obs": {
    "max": 76.9299180706967,
    "mean": 72.99591353735806,
    "min": 68.57722737222306,
    "p16": 72.00513757230716,
    "p50": 72.99722455611828,
    "p84": 73.9908846251527,
    "sd": 1.001060547217263
  },
  "local_minus_highz_gr_sigma": 1.2408617390651453,
  "local_minus_highz_mg_sigma": 0.6340224570425035,
  "p_gr_above_local_ref": 0.09861,
  "p_gr_below_local_ref": 0.90139,
  "p_gr_below_planck_ref": 0.35997,
  "z_anchor": 0.35
}
