{
  "anchor_results": [
    {
      "apparent_gr_bias_vs_true": {
        "max": 5.33528128366099,
        "mean": -1.4376611270620494,
        "min": -6.104516710189046,
        "p16": -2.822449737699987,
        "p50": -1.529626933526842,
        "p84": -0.02852936894157942,
        "sd": 1.4005489839081873
      },
      "delta_local_minus_highz_gr": {
        "max": 15.921219098162943,
        "mean": 3.7462385207523137,
        "min": -12.312180357776,
        "p16": 0.557550109407797,
        "p50": 3.855186185795212,
        "p84": 6.953413125931673,
        "sd": 3.2817577853593605
      },
      "delta_local_minus_highz_mg": {
        "max": 14.261818881614268,
        "mean": 2.0942285777827334,
        "min": -12.124385063132195,
        "p16": -1.1206495057802146,
        "p50": 2.194367164071764,
        "p84": 5.3342905831403264,
        "sd": 3.307299317261827
      },
      "h0_highz_gr": {
        "max": 83.89488228842121,
        "mean": 69.25538716479902,
        "min": 57.94977708215296,
        "p16": 66.17443863393194,
        "p50": 69.15696243027188,
        "p84": 72.27930562550829,
        "sd": 3.128682607317014
      },
      "h0_highz_mg": {
        "max": 83.70708699377741,
        "mean": 70.9073971077686,
        "min": 59.316493741241565,
        "p16": 67.83050956536694,
        "p50": 70.79546066062733,
        "p84": 73.95339294427487,
        "sd": 3.154646715903125
      },
      "h0_local_obs": {
        "max": 77.44797479683294,
        "mean": 73.00162568555133,
        "min": 68.7162069997732,
        "p16": 72.00829159736278,
        "p50": 73.00104222430116,
        "p84": 73.99704696011054,
        "sd": 0.9978224442369447
      },
      "local_minus_highz_gr_sigma": 1.1405432939676297,
      "local_minus_highz_mg_sigma": 0.6328217695753873,
      "p_gr_above_local_ref": 0.11493,
      "p_gr_below_local_ref": 0.88507,
      "p_gr_below_planck_ref": 0.28136,
      "z_anchor": 0.2
    },
    {
      "apparent_gr_bias_vs_true": {
        "max": 6.930906754958798,
        "mean": -2.0225606925415534,
        "min": -8.5651327126956,
        "p16": -4.041062982682593,
        "p50": -2.2002902818815855,
        "p84": 0.05109114101386231,
        "sd": 2.063035925109884
      },
      "delta_local_minus_highz_gr": {
        "max": 17.72554470688214,
        "mean": 4.325870543930338,
        "min": -13.348242216702346,
        "p16": 0.9158846425572609,
        "p50": 4.445707195681415,
        "p84": 7.755454648418284,
        "sd": 3.4842456591357682
      },
      "delta_local_minus_highz_mg": {
        "max": 15.143315565832545,
        "mean": 2.0910243440459753,
        "min": -12.394897756133545,
        "p16": -1.125337896291474,
        "p50": 2.183904473413257,
        "p84": 5.323278137590909,
        "sd": 3.2986473572545902
      },
      "h0_highz_gr": {
        "max": 83.91304800491828,
        "mean": 68.67004299342771,
        "min": 56.5583901257584,
        "p16": 65.34173035412094,
        "p50": 68.5412835345324,
        "p84": 71.95693539812173,
        "sd": 3.3396809405245858
      },
      "h0_highz_mg": {
        "max": 83.37433490553151,
        "mean": 70.90488919331209,
        "min": 58.64372447147129,
        "p16": 67.83814956516136,
        "p50": 70.8071883723307,
        "p84": 73.95706982250319,
        "sd": 3.142768553804312
      },
      "h0_local_obs": {
        "max": 76.9299180706967,
        "mean": 72.99591353735806,
        "min": 68.57722737222306,
        "p16": 72.00513757230716,
        "p50": 72.99722455611828,
        "p84": 73.9908846251527,
        "sd": 1.001060547217263
      },
      "local_minus_highz_gr_sigma": 1.2408617390651453,
      "local_minus_highz_mg_sigma": 0.6340224570425035,
      "p_gr_above_local_ref": 0.09861,
      "p_gr_below_local_ref": 0.90139,
      "p_gr_below_planck_ref": 0.35997,
      "z_anchor": 0.35
    },
    {
      "apparent_gr_bias_vs_true": {
        "max": 9.66851364550108,
        "mean": -1.8318031158124841,
        "min": -10.302630855977341,
        "p16": -4.330772747840353,
        "p50": -2.0838978625049904,
        "p84": 0.7406855294304916,
        "sd": 2.5827451470977407
      },
      "delta_local_minus_highz_gr": {
        "max": 18.176985746479225,
        "mean": 4.133961663941736,
        "min": -14.302371097142924,
        "p16": 0.42665356778079405,
        "p50": 4.310787902462998,
        "p84": 7.888989574460938,
        "sd": 3.7887777095421313
      },
      "delta_local_minus_highz_mg": {
        "max": 15.217551834706242,
        "mean": 2.0883746292548055,
        "min": -11.993630132990802,
        "p16": -1.1424780166465962,
        "p50": 2.1992428979196674,
        "p84": 5.330210350035998,
        "sd": 3.307180995288065
      },
      "h0_highz_gr": {
        "max": 85.51392358222655,
        "mean": 68.86691869688083,
        "min": 55.597867321317445,
        "p16": 65.22857857944203,
        "p50": 68.6826362666149,
        "p84": 72.43241692614714,
        "sd": 3.6494623154256782
      },
      "h0_highz_mg": {
        "max": 83.50147100559909,
        "mean": 70.91250573156776,
        "min": 59.45802280343883,
        "p16": 67.83506954881778,
        "p50": 70.79493635640607,
        "p84": 73.98170473512187,
        "sd": 3.1513328548344264
      },
      "h0_local_obs": {
        "max": 77.12188622682224,
        "mean": 73.00088036082256,
        "min": 68.46215718037604,
        "p16": 72.005126287998,
        "p50": 73.00130747400654,
        "p84": 73.99691598146697,
        "sd": 0.9999500450669612
      },
      "local_minus_highz_gr_sigma": 1.0924876662618441,
      "local_minus_highz_mg_sigma": 0.631655777044318,
      "p_gr_above_local_ref": 0.12638,
      "p_gr_below_local_ref": 0.87362,
      "p_gr_below_planck_ref": 0.35692,
      "z_anchor": 0.5
    },
    {
      "apparent_gr_bias_vs_true": {
        "max": 11.958556642150072,
        "mean": -0.9810890137668923,
        "min": -10.31063121291696,
        "p16": -3.823583394126962,
        "p50": -1.2880846898734433,
        "p84": 1.9269688671060723,
        "sd": 2.9911186278225643
      },
      "delta_local_minus_highz_gr": {
        "max": 18.66513332106439,
        "mean": 3.2977327110316383,
        "min": -15.661045729530898,
        "p16": -0.7263832472109822,
        "p50": 3.5082379923428704,
        "p84": 7.362717006201567,
        "sd": 4.099726442138667
      },
      "delta_local_minus_highz_mg": {
        "max": 15.379524630414018,
        "mean": 2.103451107022371,
        "min": -12.460647589363433,
        "p16": -1.1124354194768187,
        "p50": 2.206636890142015,
        "p84": 5.3380912622943395,
        "sd": 3.308355890926671
      },
      "h0_highz_gr": {
        "max": 87.39879227071683,
        "mean": 69.70315557138423,
        "min": 55.99418883139706,
        "p16": 65.74496951494633,
        "p50": 69.4756220039888,
        "p84": 73.59975338572829,
        "sd": 3.9763873013776783
      },
      "h0_highz_mg": {
        "max": 83.67386897896364,
        "mean": 70.8974371753935,
        "min": 59.22735989316606,
        "p16": 67.81909500470925,
        "p50": 70.79059436739809,
        "p84": 73.96677444690948,
        "sd": 3.1538330558372625
      },
      "h0_local_obs": {
        "max": 77.66373981983074,
        "mean": 73.00088828241587,
        "min": 68.40519773825912,
        "p16": 72.01050756963669,
        "p50": 73.00082387503551,
        "p84": 73.99143105067036,
        "sd": 0.9976427358079002
      },
      "local_minus_highz_gr_sigma": 0.804285436949868,
      "local_minus_highz_mg_sigma": 0.6357575825728874,
      "p_gr_above_local_ref": 0.19534,
      "p_gr_below_local_ref": 0.80466,
      "p_gr_below_planck_ref": 0.29428,
      "z_anchor": 0.62
    }
  ],
  "draws_total": 1600,
  "draws_used": 1600,
  "h0_posterior_mg_truth": {
    "max": 81.34840392208962,
    "mean": 70.68931182042479,
    "min": 60.443182238538995,
    "p16": 67.69470401834123,