{
  "grid": {
    "logA_min": 18.69791399970987,
    "logA_max": 19.098581050632482,
    "n": 140
  },
  "weights": {
    "logA0_w": 18.89102301931431
  },
  "m": {
    "mean": -0.09784994023259387,
    "std": 0.16776677927398168,
    "p_gt0": 0.2425,
    "p_abs_lt_eps": 0.035625,
    "eps": 0.01
  },
  "slope": {
    "mean": -0.6939906012525277,
    "std": 0.35258614682887107,
    "p_gt0": 0.030625,
    "p_abs_lt_eps": 0.001875,
    "eps": 0.01
  }
}