{
  "apparent_gr_bias_vs_true": {
    "max": 5.046091900534229,
    "mean": -1.7846333181700769,
    "min": -6.35427424888357,
    "p16": -3.1166854890389857,
    "p50": -1.8713049612006145,
    "p84": -0.4642442859758443,
    "sd": 1.3531492077508194
  },
  "delta_local_minus_highz_gr": {
    "max": 16.327795355958095,
    "mean": 4.258111922123519,
    "min": -12.870897210153657,
    "p16": 1.1384049025641934,
    "p50": 4.327238035089906,
    "p84": 7.388990404848497,
    "sd": 3.200010088253456
  },
  "delta_local_minus_highz_mg": {
    "max": 15.069341139201,
    "mean": 2.47368612814046,
    "min": -13.285346236129001,
    "p16": -0.6698834553543371,
    "p50": 2.5338329174397742,
    "p84": 5.576216120076316,
    "sd": 3.2091026443518937
  },
  "h0_highz_gr": {
    "max": 84.92248353965401,
    "mean": 68.73682037141405,
    "min": 57.634044470745614,
    "p16": 65.7877961715077,
    "p50": 68.65573597078402,
    "p84": 71.70929312709957,
    "sd": 3.0373789535213715
  },
  "h0_highz_mg": {
    "max": 85.34531274564016,
    "mean": 70.52124616539712,
    "min": 58.88096424649673,
    "p16": 67.62359902429385,
    "p50": 70.42817949645537,
    "p84": 73.50583398065238,
    "sd": 3.045862119984001
  },
  "h0_local_obs": {
    "max": 77.14011714312001,
    "mean": 72.99493229353757,
    "min": 68.27910973718248,
    "p16": 71.99961446679313,
    "p50": 72.99626774844968,
    "p84": 73.99271107822833,
    "sd": 1.0019775360639596
  },
  "local_minus_highz_gr_sigma": 1.3315919670881204,
  "local_minus_highz_mg_sigma": 0.7716237431842506,
  "p_gr_above_local_ref": 0.08089,
  "p_gr_below_local_ref": 0.91911,
  "p_gr_below_planck_ref": 0.33335,
  "z_anchor": 0.2
}
