{
  "apparent_gr_bias_vs_true": {
    "max": 6.82197222754926,
    "mean": -2.4162213527112413,
    "min": -9.240801294775778,
    "p16": -4.350624643883242,
    "p50": -2.6056436827002116,
    "p84": -0.48609854602931224,
    "sd": 1.9921090099148966
  },
  "delta_local_minus_highz_gr": {
    "max": 17.363020598718293,
    "mean": 4.896527948676612,
    "min": -12.974763106233084,
    "p16": 1.5266665017575805,
    "p50": 5.038996629047915,
    "p84": 8.26420990324868,
    "sd": 3.432614193079765
  },
  "delta_local_minus_highz_mg": {
    "max": 15.612813662660152,
    "mean": 2.4780528939234023,
    "min": -12.795505308030954,
    "p16": -0.6472951355699353,
    "p50": 2.547431048977181,
    "p84": 5.5864165553571565,
    "sd": 3.211036060057715
  },
  "h0_highz_gr": {
    "max": 85.17696629560795,
    "mean": 68.1020398759878,
    "min": 57.03444319787159,
    "p16": 64.88748408451548,
    "p50": 67.94165061922389,
    "p84": 71.34950694670327,
    "sd": 3.281450007064363
  },
  "h0_highz_mg": {
    "max": 84.99770849740582,
    "mean": 70.520514930741,
    "min": 58.76407711777131,
    "p16": 67.61596623479873,
    "p50": 70.42778780456851,
    "p84": 73.49822773242757,
    "sd": 3.0537942010386954
  },
  "h0_local_obs": {
    "max": 77.42756787954093,
    "mean": 72.99856782466442,
    "min": 68.74682506368734,
    "p16": 72.00624656804733,
    "p50": 73.00073250157317,
    "p84": 73.98674887425582,
    "sd": 0.9974199866447111
  },
  "local_minus_highz_gr_sigma": 1.4273763346348636,
  "local_minus_highz_mg_sigma": 0.77117276305125,
  "p_gr_above_local_ref": 0.07076,
  "p_gr_below_local_ref": 0.92924,
  "p_gr_below_planck_ref": 0.43152,
  "z_anchor": 0.35
}
