{
  "apparent_gr_bias_vs_true": {
    "max": 9.882613259172288,
    "mean": -2.238713843080996,
    "min": -9.825981676004453,
    "p16": -4.628324604974855,
    "p50": -2.53163951420413,
    "p84": 0.16067806720062852,
    "sd": 2.51071139418824
  },
  "delta_local_minus_highz_gr": {
    "max": 17.392447370042866,
    "mean": 4.703991138051832,
    "min": -14.290001629987955,
    "p16": 1.0345526379632584,
    "p50": 4.907934407354595,
    "p84": 8.374357612306571,
    "sd": 3.7308255029939907
  },
  "delta_local_minus_highz_mg": {
    "max": 15.55220042421574,
    "mean": 2.4657565768751,
    "min": -12.343969182826939,
    "p16": -0.6643105238502391,
    "p50": 2.5362166014833676,
    "p84": 5.566003321436477,
    "sd": 3.204086018255598
  },
  "h0_highz_gr": {
    "max": 87.23944117636749,
    "mean": 68.2932704813322,
    "min": 57.35136336291448,
    "p16": 64.76625318101003,
    "p50": 68.0581846499417,
    "p84": 71.87083338076526,
    "sd": 3.5955760835230812
  },
  "h0_highz_mg": {
    "max": 85.2917478080706,
    "mean": 70.53150504250894,
    "min": 59.08675636049483,
    "p16": 67.62570879629583,
    "p50": 70.42530128102857,
    "p84": 73.5211692656506,
    "sd": 3.0482756356492646
  },
  "h0_local_obs": {
    "max": 77.4374964636915,
    "mean": 72.99726161938403,
    "min": 68.04800195999252,
    "p16": 72.00599331847685,
    "p50": 72.99677535248784,
    "p84": 73.98951581476821,
    "sd": 0.9978208588345245
  },
  "local_minus_highz_gr_sigma": 1.2604322491235775,
  "local_minus_highz_mg_sigma": 0.7686004627268548,
  "p_gr_above_local_ref": 0.0998,
  "p_gr_below_local_ref": 0.9002,
  "p_gr_below_planck_ref": 0.42405,
  "z_anchor": 0.5
}
