{
  "apparent_gr_bias_vs_true": {
    "max": 11.508539836471456,
    "mean": -1.3378834156603314,
    "min": -10.552445710388895,
    "p16": -4.0642133048310995,
    "p50": -1.657691433325951,
    "p84": 1.387817373697938,
    "sd": 2.8883522774043273
  },
  "delta_local_minus_highz_gr": {
    "max": 16.42998330083742,
    "mean": 3.8116854604835004,
    "min": -16.595569585387494,
    "p16": -0.17054673005228946,
    "p50": 4.073217520086999,
    "p84": 7.780013032876584,
    "sd": 4.052090420207798
  },
  "delta_local_minus_highz_mg": {
    "max": 15.079776318228816,
    "mean": 2.4744429035150985,
    "min": -12.338155590061689,
    "p16": -0.6707864330075375,
    "p50": 2.5533682504477113,
    "p84": 5.588320270417654,
    "sd": 3.219736225473838
  },
  "h0_highz_gr": {
    "max": 89.37005382918302,
    "mean": 69.1826250731562,
    "min": 57.267845008533804,
    "p16": 65.37492685582221,
    "p50": 68.90235370290756,
    "p84": 73.04781913055568,
    "sd": 3.9210516600015217
  },
  "h0_highz_mg": {
    "max": 85.033555591569,
    "mean": 70.51986763012461,
    "min": 58.610588617221616,
    "p16": 67.60179179879692,
    "p50": 70.42305634251613,
    "p84": 73.5278829297957,
    "sd": 3.053991108141453
  },
  "h0_local_obs": {
    "max": 77.38146344428426,
    "mean": 72.9943105336397,
    "min": 68.91127065316566,
    "p16": 72.0032436041073,
    "p50": 72.99544120484909,
    "p84": 73.98448555132501,
    "sd": 1.001563971283582
  },
  "local_minus_highz_gr_sigma": 0.941957035082244,
  "local_minus_highz_mg_sigma": 0.7700044888212931,
  "p_gr_above_local_ref": 0.16258,
  "p_gr_below_local_ref": 0.83742,
  "p_gr_below_planck_ref": 0.33598,
  "z_anchor": 0.62
}
