{
  "anchor_results": [
    {
      "apparent_gr_bias_vs_true": {
        "max": 5.046091900534229,
        "mean": -1.7846333181700769,
        "min": -6.35427424888357,
        "p16": -3.1166854890389857,
        "p50": -1.8713049612006145,
        "p84": -0.4642442859758443,
        "sd": 1.3531492077508194
      },
      "delta_local_minus_highz_gr": {
        "max": 16.327795355958095,
        "mean": 4.258111922123519,
        "min": -12.870897210153657,
        "p16": 1.1384049025641934,
        "p50": 4.327238035089906,
        "p84": 7.388990404848497,
        "sd": 3.200010088253456
      },
      "delta_local_minus_highz_mg": {
        "max": 15.069341139201,
        "mean": 2.47368612814046,
        "min": -13.285346236129001,
        "p16": -0.6698834553543371,
        "p50": 2.5338329174397742,
        "p84": 5.576216120076316,
        "sd": 3.2091026443518937
      },
      "h0_highz_gr": {
        "max": 84.92248353965401,
        "mean": 68.73682037141405,
        "min": 57.634044470745614,
        "p16": 65.7877961715077,
        "p50": 68.65573597078402,
        "p84": 71.70929312709957,
        "sd": 3.0373789535213715
      },
      "h0_highz_mg": {
        "max": 85.34531274564016,
        "mean": 70.52124616539712,
        "min": 58.88096424649673,
        "p16": 67.62359902429385,
        "p50": 70.42817949645537,
        "p84": 73.50583398065238,
        "sd": 3.045862119984001
      },
      "h0_local_obs": {
        "max": 77.14011714312001,
        "mean": 72.99493229353757,
        "min": 68.27910973718248,
        "p16": 71.99961446679313,
        "p50": 72.99626774844968,
        "p84": 73.99271107822833,
        "sd": 1.0019775360639596
      },
      "local_minus_highz_gr_sigma": 1.3315919670881204,
      "local_minus_highz_mg_sigma": 0.7716237431842506,
      "p_gr_above_local_ref": 0.08089,
      "p_gr_below_local_ref": 0.91911,
      "p_gr_below_planck_ref": 0.33335,
      "z_anchor": 0.2
    },
    {
      "apparent_gr_bias_vs_true": {
        "max": 6.82197222754926,
        "mean": -2.4162213527112413,
        "min": -9.240801294775778,
        "p16": -4.350624643883242,
        "p50": -2.6056436827002116,
        "p84": -0.48609854602931224,
        "sd": 1.9921090099148966
      },
      "delta_local_minus_highz_gr": {
        "max": 17.363020598718293,
        "mean": 4.896527948676612,
        "min": -12.974763106233084,
        "p16": 1.5266665017575805,
        "p50": 5.038996629047915,
        "p84": 8.26420990324868,
        "sd": 3.432614193079765
      },
      "delta_local_minus_highz_mg": {
        "max": 15.612813662660152,
        "mean": 2.4780528939234023,
        "min": -12.795505308030954,
        "p16": -0.6472951355699353,
        "p50": 2.547431048977181,
        "p84": 5.5864165553571565,
        "sd": 3.211036060057715
      },
      "h0_highz_gr": {
        "max": 85.17696629560795,
        "mean": 68.1020398759878,
        "min": 57.03444319787159,
        "p16": 64.88748408451548,
        "p50": 67.94165061922389,
        "p84": 71.34950694670327,
        "sd": 3.281450007064363
      },
      "h0_highz_mg": {
        "max": 84.99770849740582,
        "mean": 70.520514930741,
        "min": 58.76407711777131,
        "p16": 67.61596623479873,
        "p50": 70.42778780456851,
        "p84": 73.49822773242757,
        "sd": 3.0537942010386954
      },
      "h0_local_obs": {
        "max": 77.42756787954093,
        "mean": 72.99856782466442,
        "min": 68.74682506368734,
        "p16": 72.00624656804733,
        "p50": 73.00073250157317,
        "p84": 73.98674887425582,
        "sd": 0.9974199866447111
      },
      "local_minus_highz_gr_sigma": 1.4273763346348636,
      "local_minus_highz_mg_sigma": 0.77117276305125,
      "p_gr_above_local_ref": 0.07076,
      "p_gr_below_local_ref": 0.92924,
      "p_gr_below_planck_ref": 0.43152,
      "z_anchor": 0.35
    },
    {
      "apparent_gr_bias_vs_true": {
        "max": 9.882613259172288,
        "mean": -2.238713843080996,
        "min": -9.825981676004453,
        "p16": -4.628324604974855,
        "p50": -2.53163951420413,
        "p84": 0.16067806720062852,
        "sd": 2.51071139418824
      },
      "delta_local_minus_highz_gr": {
        "max": 17.392447370042866,
        "mean": 4.703991138051832,
        "min": -14.290001629987955,
        "p16": 1.0345526379632584,
        "p50": 4.907934407354595,
        "p84": 8.374357612306571,
        "sd": 3.7308255029939907
      },
      "delta_local_minus_highz_mg": {
        "max": 15.55220042421574,
        "mean": 2.4657565768751,
        "min": -12.343969182826939,
        "p16": -0.6643105238502391,
        "p50": 2.5362166014833676,
        "p84": 5.566003321436477,
        "sd": 3.204086018255598
      },
      "h0_highz_gr": {
        "max": 87.23944117636749,
        "mean": 68.2932704813322,
        "min": 57.35136336291448,
        "p16": 64.76625318101003,
        "p50": 68.0581846499417,
        "p84": 71.87083338076526,
        "sd": 3.5955760835230812
      },
      "h0_highz_mg": {
        "max": 85.2917478080706,
        "mean": 70.53150504250894,
        "min": 59.08675636049483,
        "p16": 67.62570879629583,
        "p50": 70.42530128102857,
        "p84": 73.5211692656506,
        "sd": 3.0482756356492646
      },
      "h0_local_obs": {
        "max": 77.4374964636915,
        "mean": 72.99726161938403,
        "min": 68.04800195999252,
        "p16": 72.00599331847685,
        "p50": 72.99677535248784,
        "p84": 73.98951581476821,
        "sd": 0.9978208588345245
      },
      "local_minus_highz_gr_sigma": 1.2604322491235775,
      "local_minus_highz_mg_sigma": 0.7686004627268548,
      "p_gr_above_local_ref": 0.0998,
      "p_gr_below_local_ref": 0.9002,
      "p_gr_below_planck_ref": 0.42405,
      "z_anchor": 0.5
    },
    {
      "apparent_gr_bias_vs_true": {
        "max": 11.508539836471456,
        "mean": -1.3378834156603314,
        "min": -10.552445710388895,
        "p16": -4.0642133048310995,
        "p50": -1.657691433325951,
        "p84": 1.387817373697938,
        "sd": 2.8883522774043273
      },
      "delta_local_minus_highz_gr": {
        "max": 16.42998330083742,
        "mean": 3.8116854604835004,
        "min": -16.595569585387494,
        "p16": -0.17054673005228946,
        "p50": 4.073217520086999,
        "p84": 7.780013032876584,
        "sd": 4.052090420207798
      },
      "delta_local_minus_highz_mg": {
        "max": 15.079776318228816,
        "mean": 2.4744429035150985,
        "min": -12.338155590061689,
        "p16": -0.6707864330075375,
        "p50": 2.5533682504477113,
        "p84": 5.588320270417654,
        "sd": 3.219736225473838
      },
      "h0_highz_gr": {
        "max": 89.37005382918302,
        "mean": 69.1826250731562,
        "min": 57.267845008533804,
        "p16": 65.37492685582221,
        "p50": 68.90235370290756,
        "p84": 73.04781913055568,
        "sd": 3.9210516600015217
      },
      "h0_highz_mg": {
        "max": 85.033555591569,
        "mean": 70.51986763012461,
        "min": 58.610588617221616,
        "p16": 67.60179179879692,
        "p50": 70.42305634251613,
        "p84": 73.5278829297957,
        "sd": 3.053991108141453
      },
      "h0_local_obs": {
        "max": 77.38146344428426,
        "mean": 72.9943105336397,
        "min": 68.91127065316566,
        "p16": 72.0032436041073,
        "p50": 72.99544120484909,
        "p84": 73.98448555132501,
        "sd": 1.001563971283582
      },
      "local_minus_highz_gr_sigma": 0.941957035082244,
      "local_minus_highz_mg_sigma": 0.7700044888212931,
      "p_gr_above_local_ref": 0.16258,
      "p_gr_below_local_ref": 0.83742,
      "p_gr_below_planck_ref": 0.33598,
      "z_anchor": 0.62
    }
  ],
  "draws_total": 1600,
  "draws_used": 1600,
  "h0_posterior_mg_truth": {
    "max": 83.06595172086378,
    "mean": 70.51873584122742,
    "min": 60.31514973881641,
    "p16": 67.70416163334278,