{
  "apparent_gr_bias_vs_true": {
    "max": 8.645084569306889,
    "mean": -2.435918970128133,
    "min": -9.941687428780185,
    "p16": -4.807764553724125,
    "p50": -2.71835224131722,
    "p84": -0.050706997300539854,
    "sd": 2.4910039228502825
  },
  "delta_local_minus_highz_gr": {
    "max": 17.24031808315287,
    "mean": 5.159397574081575,
    "min": -14.690748175279055,
    "p16": 1.4879845501343334,
    "p50": 5.359015968350889,
    "p84": 8.801173085996599,
    "sd": 3.7057772891075307
  },
  "delta_local_minus_highz_mg": {
    "max": 15.500286588417453,
    "mean": 2.935250489209212,
    "min": -12.78614838096641,
    "p16": -0.20017773667732905,
    "p50": 2.995549696403046,
    "p84": 6.029580559752551,
    "sd": 3.200888181252396
  },
  "h0_highz_gr": {
    "max": 87.03934085195012,
    "mean": 68.08553471945599,
    "min": 56.975984379869885,
    "p16": 64.5751863413667,
    "p50": 67.85580710703366,
    "p84": 71.64498812113759,
    "sd": 3.5672623902828073
  },
  "h0_highz_mg": {
    "max": 85.09611489047755,
    "mean": 70.30968180432835,
    "min": 58.70001879728027,
    "p16": 67.41981402105671,
    "p50": 70.2164436953334,
    "p84": 73.28614157855087,
    "sd": 3.0372121923092976
  },
  "h0_local_obs": {
    "max": 77.39011714312001,
    "mean": 73.24493229353757,
    "min": 68.52910973718248,
    "p16": 72.24961446679313,
    "p50": 73.24626774844968,
    "p84": 74.24271107822833,
    "sd": 1.0019775360639596
  },
  "local_minus_highz_gr_sigma": 1.3926343651264104,
  "local_minus_highz_mg_sigma": 0.9179536985550454,
  "p_gr_above_local_ref": 0.08981,
  "p_gr_below_local_ref": 0.91019,
  "p_gr_below_planck_ref": 0.44675,
  "z_anchor": 0.5
}
