{
  "apparent_gr_bias_vs_true": {
    "max": 11.0778906840778,
    "mean": -1.5327015979273015,
    "min": -10.599238438111222,
    "p16": -4.267600673241785,
    "p50": -1.8654807863678116,
    "p84": 1.2006239643897167,
    "sd": 2.88656954191029
  },
  "delta_local_minus_highz_gr": {
    "max": 17.401886693600247,
    "mean": 4.263008193892671,
    "min": -16.618269112401023,
    "p16": 0.30335448090046957,
    "p50": 4.51526280520595,
    "p84": 8.226572885850908,
    "sd": 4.043361054126128
  },
  "delta_local_minus_highz_mg": {
    "max": 16.043759111876604,
    "mean": 2.9396076776094997,
    "min": -12.296307452868362,
    "p16": -0.1765980176174287,
    "p50": 3.009027153181833,
    "p84": 6.040408823867431,
    "sd": 3.2027943239583903
  },
  "h0_highz_gr": {
    "max": 89.0704723017759,
    "mean": 68.98555963077173,
    "min": 57.241017086860396,
    "p16": 65.1780761950458,
    "p50": 68.7049682334667,
    "p84": 72.84824002834384,
    "sd": 3.9148118044111437
  },
  "h0_highz_mg": {
    "max": 84.74851064224323,
    "mean": 70.3089601470549,
    "min": 58.583131668554856,
    "p16": 67.41203449970227,
    "p50": 70.21655987779897,
    "p84": 73.2777510909383,
    "sd": 3.045116959505217
  },
  "h0_local_obs": {
    "max": 77.67756787954093,
    "mean": 73.24856782466442,
    "min": 68.99682506368734,
    "p16": 72.25624656804733,
    "p50": 73.25073250157317,
    "p84": 74.23674887425582,
    "sd": 0.9974199866447111
  },
  "local_minus_highz_gr_sigma": 1.0550658764208267,
  "local_minus_highz_mg_sigma": 0.9171624841574214,
  "p_gr_above_local_ref": 0.15215,
  "p_gr_below_local_ref": 0.84785,
  "p_gr_below_planck_ref": 0.35352,
  "z_anchor": 0.62
}
