{
  "apparent_gr_bias_vs_true": {
    "max": 8.426218241982127,
    "mean": -2.6337568969975806,
    "min": -8.820359250066161,
    "p16": -4.554382897007928,
    "p50": -2.82194034236138,
    "p84": -0.7032316189837068,
    "sd": 1.983025096752061
  },
  "delta_local_minus_highz_gr": {
    "max": 17.499538023891418,
    "mean": 5.361270255598487,
    "min": -12.462269291371385,
    "p16": 1.9795923590737556,
    "p50": 5.5187735539428004,
    "p84": 8.687672472231016,
    "sd": 3.403515736057731
  },
  "delta_local_minus_highz_mg": {
    "max": 15.74648920572897,
    "mean": 2.9395832642059085,
    "min": -12.284663744984954,
    "p16": -0.17804137572397566,
    "p50": 3.021995111168735,
    "p84": 6.012322805307687,
    "sd": 3.1967146677535414
  },
  "h0_highz_gr": {
    "max": 84.93966083758738,
    "mean": 67.88470808229866,
    "min": 56.76641687756037,
    "p16": 64.70471702545652,
    "p50": 67.70151370033622,
    "p84": 71.13662661417301,
    "sd": 3.2570712828114665
  },
  "h0_highz_mg": {
    "max": 84.76090245672489,
    "mean": 70.30639507369125,
    "min": 58.487922596516185,
    "p16": 67.41714131434018,
    "p50": 70.20007799127067,
    "p84": 73.27566156183316,
    "sd": 3.038951480617103
  },
  "h0_local_obs": {
    "max": 77.48499167458526,
    "mean": 73.24597833789714,
    "min": 68.8964914180217,
    "p16": 72.24956952552614,
    "p50": 73.24592261313653,
    "p84": 74.23945840448526,
    "sd": 0.9964338352235
  },
  "local_minus_highz_gr_sigma": 1.573545834573755,
  "local_minus_highz_mg_sigma": 0.9188339757017333,
  "p_gr_above_local_ref": 0.0617,
  "p_gr_below_local_ref": 0.9383,
  "p_gr_below_planck_ref": 0.46254,
  "z_anchor": 0.35
}
