{
  "apparent_gr_bias_vs_true": {
    "max": 4.5646193192865,
    "mean": -1.9963968261355278,
    "min": -6.658633603501144,
    "p16": -3.330408060655679,
    "p50": -2.0880357033450707,
    "p84": -0.664984106672657,
    "sd": 1.3570771539916548
  },
  "delta_local_minus_highz_gr": {
    "max": 16.345164557018634,
    "mean": 4.700082646178778,
    "min": -13.185166344705507,
    "p16": 1.564349165459069,
    "p50": 4.776078974274398,
    "p84": 7.847795083085062,
    "sd": 3.2048642836691577
  },
  "delta_local_minus_highz_mg": {
    "max": 15.119322508123823,
    "mean": 2.914107185277947,
    "min": -13.600627546212849,
    "p16": -0.2254254185602059,
    "p50": 2.9813841069892177,
    "p84": 6.001277830096715,
    "sd": 3.2063671400072415
  },
  "h0_highz_gr": {
    "max": 84.11699120367354,
    "mean": 68.54748154646467,
    "min": 56.65980805986905,
    "p16": 65.58182584322522,
    "p50": 68.4677268563108,
    "p84": 71.53108470790947,
    "sd": 3.0475769186295167
  },
  "h0_highz_mg": {
    "max": 84.53580986179703,
    "mean": 70.33345700736548,
    "min": 57.88565010876386,
    "p16": 67.4126032751847,
    "p50": 70.24304328532031,
    "p84": 73.32327712689097,
    "sd": 3.051165708950614
  },
  "h0_local_obs": {
    "max": 77.51746770200803,
    "mean": 73.24756419264344,
    "min": 69.05247473557367,
    "p16": 72.25216439042586,
    "p50": 73.24823197604482,
    "p84": 74.23820138095272,
    "sd": 0.9992457285933091
  },
  "local_minus_highz_gr_sigma": 1.465365018365566,
  "local_minus_highz_mg_sigma": 0.907578830626932,
  "p_gr_above_local_ref": 0.07322,
  "p_gr_below_local_ref": 0.92678,
  "p_gr_below_planck_ref": 0.35829,
  "z_anchor": 0.2
}
