{
  "anchor_results": [
    {
      "apparent_gr_bias_vs_true": {
        "max": 4.5646193192865,
        "mean": -1.9963968261355278,
        "min": -6.658633603501144,
        "p16": -3.330408060655679,
        "p50": -2.0880357033450707,
        "p84": -0.664984106672657,
        "sd": 1.3570771539916548
      },
      "delta_local_minus_highz_gr": {
        "max": 16.345164557018634,
        "mean": 4.700082646178778,
        "min": -13.185166344705507,
        "p16": 1.564349165459069,
        "p50": 4.776078974274398,
        "p84": 7.847795083085062,
        "sd": 3.2048642836691577
      },
      "delta_local_minus_highz_mg": {
        "max": 15.119322508123823,
        "mean": 2.914107185277947,
        "min": -13.600627546212849,
        "p16": -0.2254254185602059,
        "p50": 2.9813841069892177,
        "p84": 6.001277830096715,
        "sd": 3.2063671400072415
      },
      "h0_highz_gr": {
        "max": 84.11699120367354,
        "mean": 68.54748154646467,
        "min": 56.65980805986905,
        "p16": 65.58182584322522,
        "p50": 68.4677268563108,
        "p84": 71.53108470790947,
        "sd": 3.0475769186295167
      },
      "h0_highz_mg": {
        "max": 84.53580986179703,
        "mean": 70.33345700736548,
        "min": 57.88565010876386,
        "p16": 67.4126032751847,
        "p50": 70.24304328532031,
        "p84": 73.32327712689097,
        "sd": 3.051165708950614
      },
      "h0_local_obs": {
        "max": 77.51746770200803,
        "mean": 73.24756419264344,
        "min": 69.05247473557367,
        "p16": 72.25216439042586,
        "p50": 73.24823197604482,
        "p84": 74.23820138095272,
        "sd": 0.9992457285933091
      },
      "local_minus_highz_gr_sigma": 1.465365018365566,
      "local_minus_highz_mg_sigma": 0.907578830626932,
      "p_gr_above_local_ref": 0.07322,
      "p_gr_below_local_ref": 0.92678,
      "p_gr_below_planck_ref": 0.35829,
      "z_anchor": 0.2
    },
    {
      "apparent_gr_bias_vs_true": {
        "max": 8.426218241982127,
        "mean": -2.6337568969975806,
        "min": -8.820359250066161,
        "p16": -4.554382897007928,
        "p50": -2.82194034236138,
        "p84": -0.7032316189837068,
        "sd": 1.983025096752061
      },
      "delta_local_minus_highz_gr": {
        "max": 17.499538023891418,
        "mean": 5.361270255598487,
        "min": -12.462269291371385,
        "p16": 1.9795923590737556,
        "p50": 5.5187735539428004,
        "p84": 8.687672472231016,
        "sd": 3.403515736057731
      },
      "delta_local_minus_highz_mg": {
        "max": 15.74648920572897,
        "mean": 2.9395832642059085,
        "min": -12.284663744984954,
        "p16": -0.17804137572397566,
        "p50": 3.021995111168735,
        "p84": 6.012322805307687,
        "sd": 3.1967146677535414
      },
      "h0_highz_gr": {
        "max": 84.93966083758738,
        "mean": 67.88470808229866,
        "min": 56.76641687756037,
        "p16": 64.70471702545652,
        "p50": 67.70151370033622,
        "p84": 71.13662661417301,
        "sd": 3.2570712828114665
      },
      "h0_highz_mg": {
        "max": 84.76090245672489,
        "mean": 70.30639507369125,
        "min": 58.487922596516185,
        "p16": 67.41714131434018,
        "p50": 70.20007799127067,
        "p84": 73.27566156183316,
        "sd": 3.038951480617103
      },
      "h0_local_obs": {
        "max": 77.48499167458526,
        "mean": 73.24597833789714,
        "min": 68.8964914180217,
        "p16": 72.24956952552614,
        "p50": 73.24592261313653,
        "p84": 74.23945840448526,
        "sd": 0.9964338352235
      },
      "local_minus_highz_gr_sigma": 1.573545834573755,
      "local_minus_highz_mg_sigma": 0.9188339757017333,
      "p_gr_above_local_ref": 0.0617,
      "p_gr_below_local_ref": 0.9383,
      "p_gr_below_planck_ref": 0.46254,
      "z_anchor": 0.35
    },
    {
      "apparent_gr_bias_vs_true": {
        "max": 8.645084569306889,
        "mean": -2.435918970128133,
        "min": -9.941687428780185,
        "p16": -4.807764553724125,
        "p50": -2.71835224131722,
        "p84": -0.050706997300539854,
        "sd": 2.4910039228502825
      },
      "delta_local_minus_highz_gr": {
        "max": 17.24031808315287,
        "mean": 5.159397574081575,
        "min": -14.690748175279055,
        "p16": 1.4879845501343334,
        "p50": 5.359015968350889,
        "p84": 8.801173085996599,
        "sd": 3.7057772891075307
      },
      "delta_local_minus_highz_mg": {
        "max": 15.500286588417453,
        "mean": 2.935250489209212,
        "min": -12.78614838096641,
        "p16": -0.20017773667732905,
        "p50": 2.995549696403046,
        "p84": 6.029580559752551,
        "sd": 3.200888181252396
      },
      "h0_highz_gr": {
        "max": 87.03934085195012,
        "mean": 68.08553471945599,
        "min": 56.975984379869885,
        "p16": 64.5751863413667,
        "p50": 67.85580710703366,
        "p84": 71.64498812113759,
        "sd": 3.5672623902828073
      },
      "h0_highz_mg": {
        "max": 85.09611489047755,
        "mean": 70.30968180432835,
        "min": 58.70001879728027,
        "p16": 67.41981402105671,
        "p50": 70.2164436953334,
        "p84": 73.28614157855087,
        "sd": 3.0372121923092976
      },
      "h0_local_obs": {
        "max": 77.39011714312001,
        "mean": 73.24493229353757,
        "min": 68.52910973718248,
        "p16": 72.24961446679313,
        "p50": 73.24626774844968,
        "p84": 74.24271107822833,
        "sd": 1.0019775360639596
      },
      "local_minus_highz_gr_sigma": 1.3926343651264104,
      "local_minus_highz_mg_sigma": 0.9179536985550454,
      "p_gr_above_local_ref": 0.08981,
      "p_gr_below_local_ref": 0.91019,
      "p_gr_below_planck_ref": 0.44675,
      "z_anchor": 0.5
    },
    {
      "apparent_gr_bias_vs_true": {
        "max": 11.0778906840778,
        "mean": -1.5327015979273015,
        "min": -10.599238438111222,
        "p16": -4.267600673241785,
        "p50": -1.8654807863678116,
        "p84": 1.2006239643897167,
        "sd": 2.88656954191029
      },
      "delta_local_minus_highz_gr": {
        "max": 17.401886693600247,
        "mean": 4.263008193892671,
        "min": -16.618269112401023,
        "p16": 0.30335448090046957,
        "p50": 4.51526280520595,
        "p84": 8.226572885850908,
        "sd": 4.043361054126128
      },
      "delta_local_minus_highz_mg": {
        "max": 16.043759111876604,
        "mean": 2.9396076776094997,
        "min": -12.296307452868362,
        "p16": -0.1765980176174287,
        "p50": 3.009027153181833,
        "p84": 6.040408823867431,
        "sd": 3.2027943239583903
      },
      "h0_highz_gr": {
        "max": 89.0704723017759,
        "mean": 68.98555963077173,
        "min": 57.241017086860396,
        "p16": 65.1780761950458,
        "p50": 68.7049682334667,
        "p84": 72.84824002834384,
        "sd": 3.9148118044111437
      },
      "h0_highz_mg": {
        "max": 84.74851064224323,
        "mean": 70.3089601470549,
        "min": 58.583131668554856,
        "p16": 67.41203449970227,
        "p50": 70.21655987779897,
        "p84": 73.2777510909383,
        "sd": 3.045116959505217
      },
      "h0_local_obs": {
        "max": 77.67756787954093,
        "mean": 73.24856782466442,
        "min": 68.99682506368734,
        "p16": 72.25624656804733,
        "p50": 73.25073250157317,
        "p84": 74.23674887425582,
        "sd": 0.9974199866447111
      },
      "local_minus_highz_gr_sigma": 1.0550658764208267,
      "local_minus_highz_mg_sigma": 0.9171624841574214,
      "p_gr_above_local_ref": 0.15215,
      "p_gr_below_local_ref": 0.84785,
      "p_gr_below_planck_ref": 0.35352,
      "z_anchor": 0.62
    }
  ],
  "draws_total": 1600,
  "draws_used": 1600,
  "h0_posterior_mg_truth": {
    "max": 83.06595172086378,
    "mean": 70.51873584122742,
    "min": 60.31514973881641,
    "p16": 67.70416163334278,