{
  "apparent_gr_bias_vs_true": {
    "max": 5.027029243334326,
    "mean": -1.5497721996150329,
    "min": -6.352183609432274,
    "p16": -2.8613396166661205,
    "p50": -1.6496691948888582,
    "p84": -0.21230059127689033,
    "sd": 1.3414018305869286
  },
  "delta_local_minus_highz_gr": {
    "max": 16.190550894398356,
    "mean": 3.7176211850862915,
    "min": -9.788874363580632,
    "p16": 0.6975850201710847,
    "p50": 3.753918465018373,
    "p84": 6.790840889821827,
    "sd": 3.1166773674731316
  },
  "delta_local_minus_highz_mg": {
    "max": 15.065826697246074,
    "mean": 1.957754521938368,
    "min": -12.007586492567185,
    "p16": -1.085527173353462,
    "p50": 1.9927748998862143,
    "p84": 5.0467595245503505,
    "sd": 3.1366415769073885
  },
  "h0_highz_gr": {
    "max": 81.11231356847017,
    "mean": 69.03307338848525,
    "min": 57.77441821615067,
    "p16": 66.13205872896496,
    "p50": 68.99717431982424,
    "p84": 71.88836774484712,
    "sd": 2.9560916873703387
  },
  "h0_highz_mg": {
    "max": 83.21691572533808,
    "mean": 70.79294005163315,
    "min": 59.98017323954287,
    "p16": 67.83518667244297,
    "p50": 70.74808639489119,
    "p84": 73.66774312485039,
    "sd": 2.975706248788611
  },
  "h0_local_obs": {
    "max": 76.877235769036,
    "mean": 72.75069457357154,
    "min": 68.63252734656471,
    "p16": 71.7537641103512,
    "p50": 72.75113654667433,
    "p84": 73.73984538160266,
    "sd": 1.0009405729779168
  },
  "local_minus_highz_gr_sigma": 1.191295741042199,
  "local_minus_highz_mg_sigma": 0.623639648999213,
  "p_gr_above_local_ref": 0.08462,
  "p_gr_below_local_ref": 0.91538,
  "p_gr_below_planck_ref": 0.28885,
  "z_anchor": 0.2
}
