{
  "apparent_gr_bias_vs_true": {
    "max": 9.614343149972257,
    "mean": -1.9528882134333894,
    "min": -9.709731080899942,
    "p16": -4.37802718674043,
    "p50": -2.1922925016150927,
    "p84": 0.49999731731679314,
    "sd": 2.485599622540651
  },
  "delta_local_minus_highz_gr": {
    "max": 18.58596820287776,
    "mean": 4.096448767809394,
    "min": -13.810989534409245,
    "p16": 0.5273776139717,
    "p50": 4.245065900144844,
    "p84": 7.698257573729586,
    "sd": 3.629440006050184
  },
  "delta_local_minus_highz_mg": {
    "max": 14.536967272342508,
    "mean": 1.9274440164363544,
    "min": -11.543231566636152,
    "p16": -1.1485210569916062,
    "p50": 1.9731832978888164,
    "p84": 5.035433868197707,
    "sd": 3.141332216691858
  },
  "h0_highz_gr": {
    "max": 84.6651849452347,
    "mean": 68.65543581572825,
    "min": 55.860375789400614,
    "p16": 65.18135891457663,
    "p50": 68.47695435280463,
    "p84": 72.06431097460359,
    "sd": 3.4931227867862664
  },
  "h0_highz_mg": {
    "max": 82.96004600166499,
    "mean": 70.82444056710129,
    "min": 59.204628201257115,
    "p16": 67.85502511017428,
    "p50": 70.77882801930537,
    "p84": 73.71342538166266,
    "sd": 2.9821473552163664
  },
  "h0_local_obs": {
    "max": 77.35049403240285,
    "mean": 72.75188458353763,
    "min": 68.36056815046929,
    "p16": 71.7571391268684,
    "p50": 72.75090617149618,
    "p84": 73.75066412386865,
    "sd": 0.9998212019327932
  },
  "local_minus_highz_gr_sigma": 1.1274289864310445,
  "local_minus_highz_mg_sigma": 0.6127923227454629,
  "p_gr_above_local_ref": 0.10452,
  "p_gr_below_local_ref": 0.89548,
  "p_gr_below_planck_ref": 0.3741,
  "z_anchor": 0.5
}
