{
  "apparent_gr_bias_vs_true": {
    "max": 11.775335278720092,
    "mean": -1.0529401284581292,
    "min": -9.786043725384104,
    "p16": -3.9057673464300144,
    "p50": -1.2942327386134025,
    "p84": 1.7986333527626972,
    "sd": 2.907381900257344
  },
  "delta_local_minus_highz_gr": {
    "max": 17.67272904622523,
    "mean": 3.1940522611749853,
    "min": -15.791002585827712,
    "p16": -0.7471338901015087,
    "p50": 3.4062905175463314,
    "p84": 7.130269266320908,
    "sd": 3.9622462282752453
  },
  "delta_local_minus_highz_mg": {
    "max": 14.718837646124669,
    "mean": 1.9310488319771852,
    "min": -13.004797095685475,
    "p16": -1.1232364478625414,
    "p50": 1.9735423990217669,
    "p84": 5.038884788833845,
    "sd": 3.139477609781473
  },
  "h0_highz_gr": {
    "max": 87.17562155736051,
    "mean": 69.55387237567298,
    "min": 55.34643071797768,
    "p16": 65.72764436916313,
    "p50": 69.30084502583391,
    "p84": 73.35150386334433,
    "sd": 3.830481398711208
  },
  "h0_highz_mg": {
    "max": 83.14671679374642,
    "mean": 70.81687580487078,
    "min": 59.54111647395911,
    "p16": 67.86415812769492,
    "p50": 70.77003575928902,
    "p84": 73.66899698391134,
    "sd": 2.9706469483376674
  },
  "h0_local_obs": {
    "max": 77.0117774739953,
    "mean": 72.74792463684797,
    "min": 68.05464463468175,
    "p16": 71.75237531035499,
    "p50": 72.75099154180029,
    "p84": 73.74294170606774,
    "sd": 1.0035395306871042
  },
  "local_minus_highz_gr_sigma": 0.806810725206147,
  "local_minus_highz_mg_sigma": 0.6160736732899559,
  "p_gr_above_local_ref": 0.18303,
  "p_gr_below_local_ref": 0.81697,
  "p_gr_below_planck_ref": 0.30173,
  "z_anchor": 0.62
}
