{
  "apparent_gr_bias_vs_true": {
    "max": 6.924718134392691,
    "mean": -2.185587031821878,
    "min": -8.312016541991582,
    "p16": -4.095715487472369,
    "p50": -2.3685156112919685,
    "p84": -0.23001491862066167,
    "sd": 1.9705519274300192
  },
  "delta_local_minus_highz_gr": {
    "max": 18.63515614528808,
    "mean": 4.338041215331052,
    "min": -11.635028924150646,
    "p16": 1.1102413695402373,
    "p50": 4.424150763613724,
    "p84": 7.597485315998453,
    "sd": 3.3144094965170736
  },
  "delta_local_minus_highz_mg": {
    "max": 14.955244113559324,
    "mean": 1.942910621536658,
    "min": -11.584679074348003,
    "p16": -1.0992333804445025,
    "p50": 1.9808031527616023,
    "p84": 5.042098270856145,
    "sd": 3.137996622820943
  },
  "h0_highz_gr": {
    "max": 82.83111299747486,
    "mean": 68.41522561470745,
    "min": 56.11477109459187,
    "p16": 65.30362229164012,
    "p50": 68.33294067311991,
    "p84": 71.52213050048523,
    "sd": 3.161428197586139
  },
  "h0_highz_mg": {
    "max": 83.5808281844486,
    "mean": 70.81035620850184,
    "min": 59.66528338398912,
    "p16": 67.84411401006601,
    "p50": 70.76614803533957,
    "p84": 73.68157300570292,
    "sd": 2.974417654647323
  },
  "h0_local_obs": {
    "max": 76.75045094544075,
    "mean": 72.7532668300385,
    "min": 68.44463236050827,
    "p16": 71.7575778736398,
    "p50": 72.75323401609523,
    "p84": 73.74811070309677,
    "sd": 1.0013086390623103
  },
  "local_minus_highz_gr_sigma": 1.3082881240728244,
  "local_minus_highz_mg_sigma": 0.6191520522002327,
  "p_gr_above_local_ref": 0.07278,
  "p_gr_below_local_ref": 0.92722,
  "p_gr_below_planck_ref": 0.37995,
  "z_anchor": 0.35
}
