{
  "anchor_results": [
    {
      "apparent_gr_bias_vs_true": {
        "max": 5.027029243334326,
        "mean": -1.5497721996150329,
        "min": -6.352183609432274,
        "p16": -2.8613396166661205,
        "p50": -1.6496691948888582,
        "p84": -0.21230059127689033,
        "sd": 1.3414018305869286
      },
      "delta_local_minus_highz_gr": {
        "max": 16.190550894398356,
        "mean": 3.7176211850862915,
        "min": -9.788874363580632,
        "p16": 0.6975850201710847,
        "p50": 3.753918465018373,
        "p84": 6.790840889821827,
        "sd": 3.1166773674731316
      },
      "delta_local_minus_highz_mg": {
        "max": 15.065826697246074,
        "mean": 1.957754521938368,
        "min": -12.007586492567185,
        "p16": -1.085527173353462,
        "p50": 1.9927748998862143,
        "p84": 5.0467595245503505,
        "sd": 3.1366415769073885
      },
      "h0_highz_gr": {
        "max": 81.11231356847017,
        "mean": 69.03307338848525,
        "min": 57.77441821615067,
        "p16": 66.13205872896496,
        "p50": 68.99717431982424,
        "p84": 71.88836774484712,
        "sd": 2.9560916873703387
      },
      "h0_highz_mg": {
        "max": 83.21691572533808,
        "mean": 70.79294005163315,
        "min": 59.98017323954287,
        "p16": 67.83518667244297,
        "p50": 70.74808639489119,
        "p84": 73.66774312485039,
        "sd": 2.975706248788611
      },
      "h0_local_obs": {
        "max": 76.877235769036,
        "mean": 72.75069457357154,
        "min": 68.63252734656471,
        "p16": 71.7537641103512,
        "p50": 72.75113654667433,
        "p84": 73.73984538160266,
        "sd": 1.0009405729779168
      },
      "local_minus_highz_gr_sigma": 1.191295741042199,
      "local_minus_highz_mg_sigma": 0.623639648999213,
      "p_gr_above_local_ref": 0.08462,
      "p_gr_below_local_ref": 0.91538,
      "p_gr_below_planck_ref": 0.28885,
      "z_anchor": 0.2
    },
    {
      "apparent_gr_bias_vs_true": {
        "max": 6.924718134392691,
        "mean": -2.185587031821878,
        "min": -8.312016541991582,
        "p16": -4.095715487472369,
        "p50": -2.3685156112919685,
        "p84": -0.23001491862066167,
        "sd": 1.9705519274300192
      },
      "delta_local_minus_highz_gr": {
        "max": 18.63515614528808,
        "mean": 4.338041215331052,
        "min": -11.635028924150646,
        "p16": 1.1102413695402373,
        "p50": 4.424150763613724,
        "p84": 7.597485315998453,
        "sd": 3.3144094965170736
      },
      "delta_local_minus_highz_mg": {
        "max": 14.955244113559324,
        "mean": 1.942910621536658,
        "min": -11.584679074348003,
        "p16": -1.0992333804445025,
        "p50": 1.9808031527616023,
        "p84": 5.042098270856145,
        "sd": 3.137996622820943
      },
      "h0_highz_gr": {
        "max": 82.83111299747486,
        "mean": 68.41522561470745,
        "min": 56.11477109459187,
        "p16": 65.30362229164012,
        "p50": 68.33294067311991,
        "p84": 71.52213050048523,
        "sd": 3.161428197586139
      },
      "h0_highz_mg": {
        "max": 83.5808281844486,
        "mean": 70.81035620850184,
        "min": 59.66528338398912,
        "p16": 67.84411401006601,
        "p50": 70.76614803533957,
        "p84": 73.68157300570292,
        "sd": 2.974417654647323
      },
      "h0_local_obs": {
        "max": 76.75045094544075,
        "mean": 72.7532668300385,
        "min": 68.44463236050827,
        "p16": 71.7575778736398,
        "p50": 72.75323401609523,
        "p84": 73.74811070309677,
        "sd": 1.0013086390623103
      },
      "local_minus_highz_gr_sigma": 1.3082881240728244,
      "local_minus_highz_mg_sigma": 0.6191520522002327,
      "p_gr_above_local_ref": 0.07278,
      "p_gr_below_local_ref": 0.92722,
      "p_gr_below_planck_ref": 0.37995,
      "z_anchor": 0.35
    },
    {
      "apparent_gr_bias_vs_true": {
        "max": 9.614343149972257,
        "mean": -1.9528882134333894,
        "min": -9.709731080899942,
        "p16": -4.37802718674043,
        "p50": -2.1922925016150927,
        "p84": 0.49999731731679314,
        "sd": 2.485599622540651
      },
      "delta_local_minus_highz_gr": {
        "max": 18.58596820287776,
        "mean": 4.096448767809394,
        "min": -13.810989534409245,
        "p16": 0.5273776139717,
        "p50": 4.245065900144844,
        "p84": 7.698257573729586,
        "sd": 3.629440006050184
      },
      "delta_local_minus_highz_mg": {
        "max": 14.536967272342508,
        "mean": 1.9274440164363544,
        "min": -11.543231566636152,
        "p16": -1.1485210569916062,
        "p50": 1.9731832978888164,
        "p84": 5.035433868197707,
        "sd": 3.141332216691858
      },
      "h0_highz_gr": {
        "max": 84.6651849452347,
        "mean": 68.65543581572825,
        "min": 55.860375789400614,
        "p16": 65.18135891457663,
        "p50": 68.47695435280463,
        "p84": 72.06431097460359,
        "sd": 3.4931227867862664
      },
      "h0_highz_mg": {
        "max": 82.96004600166499,
        "mean": 70.82444056710129,
        "min": 59.204628201257115,
        "p16": 67.85502511017428,
        "p50": 70.77882801930537,
        "p84": 73.71342538166266,
        "sd": 2.9821473552163664
      },
      "h0_local_obs": {
        "max": 77.35049403240285,
        "mean": 72.75188458353763,
        "min": 68.36056815046929,
        "p16": 71.7571391268684,
        "p50": 72.75090617149618,
        "p84": 73.75066412386865,
        "sd": 0.9998212019327932
      },
      "local_minus_highz_gr_sigma": 1.1274289864310445,
      "local_minus_highz_mg_sigma": 0.6127923227454629,
      "p_gr_above_local_ref": 0.10452,
      "p_gr_below_local_ref": 0.89548,
      "p_gr_below_planck_ref": 0.3741,
      "z_anchor": 0.5
    },
    {
      "apparent_gr_bias_vs_true": {
        "max": 11.775335278720092,
        "mean": -1.0529401284581292,
        "min": -9.786043725384104,
        "p16": -3.9057673464300144,
        "p50": -1.2942327386134025,
        "p84": 1.7986333527626972,
        "sd": 2.907381900257344
      },
      "delta_local_minus_highz_gr": {
        "max": 17.67272904622523,
        "mean": 3.1940522611749853,
        "min": -15.791002585827712,
        "p16": -0.7471338901015087,
        "p50": 3.4062905175463314,
        "p84": 7.130269266320908,
        "sd": 3.9622462282752453
      },
      "delta_local_minus_highz_mg": {
        "max": 14.718837646124669,
        "mean": 1.9310488319771852,
        "min": -13.004797095685475,
        "p16": -1.1232364478625414,
        "p50": 1.9735423990217669,
        "p84": 5.038884788833845,
        "sd": 3.139477609781473
      },
      "h0_highz_gr": {
        "max": 87.17562155736051,
        "mean": 69.55387237567298,
        "min": 55.34643071797768,
        "p16": 65.72764436916313,
        "p50": 69.30084502583391,
        "p84": 73.35150386334433,
        "sd": 3.830481398711208
      },
      "h0_highz_mg": {
        "max": 83.14671679374642,
        "mean": 70.81687580487078,
        "min": 59.54111647395911,
        "p16": 67.86415812769492,
        "p50": 70.77003575928902,
        "p84": 73.66899698391134,
        "sd": 2.9706469483376674
      },
      "h0_local_obs": {
        "max": 77.0117774739953,
        "mean": 72.74792463684797,
        "min": 68.05464463468175,
        "p16": 71.75237531035499,
        "p50": 72.75099154180029,
        "p84": 73.74294170606774,
        "sd": 1.0035395306871042
      },
      "local_minus_highz_gr_sigma": 0.806810725206147,
      "local_minus_highz_mg_sigma": 0.6160736732899559,
      "p_gr_above_local_ref": 0.18303,
      "p_gr_below_local_ref": 0.81697,
      "p_gr_below_planck_ref": 0.30173,
      "z_anchor": 0.62
    }
  ],
  "draws_total": 1600,
  "draws_used": 1600,
  "h0_posterior_mg_truth": {
    "max": 81.06264119821896,
    "mean": 70.60034490571202,
    "min": 60.651398709331204,
    "p16": 67.71575777916435,