{
  "apparent_gr_bias_vs_true": {
    "max": 7.302551977956938,
    "mean": -2.441905848800359,
    "min": -9.034434143405463,
    "p16": -4.367230422412932,
    "p50": -2.642519623430772,
    "p84": -0.5294290583529396,
    "sd": 1.9914513220532828
  },
  "delta_local_minus_highz_gr": {
    "max": 17.739490026659134,
    "mean": 5.168516333903644,
    "min": -13.546016524782914,
    "p16": 1.7683027815887988,
    "p50": 5.316435718026582,
    "p84": 8.55144154430661,
    "sd": 3.4324890907113996
  },
  "delta_local_minus_highz_mg": {
    "max": 15.918222790326801,
    "mean": 2.7287929629429954,
    "min": -13.367481894701854,
    "p16": -0.4214975284112154,
    "p50": 2.810717890624936,
    "p84": 5.827401189539377,
    "sd": 3.20902704854689
  },
  "h0_highz_gr": {
    "max": 84.83334237915197,
    "mean": 68.0816490823037,
    "min": 57.239387475803206,
    "p16": 64.84354541504383,
    "p50": 67.91783742729771,
    "p84": 71.3538619204718,
    "sd": 3.2831587046484514
  },
  "h0_highz_mg": {
    "max": 84.65480774907091,
    "mean": 70.52137245326435,
    "min": 58.97523656244998,
    "p16": 67.60838492352212,
    "p50": 70.42651653964796,
    "p84": 73.50888814329497,
    "sd": 3.0499729582586053
  },
  "h0_local_obs": {
    "max": 78.13927316923778,
    "mean": 73.25016541620734,
    "min": 68.58165956527087,
    "p16": 72.2599543768204,
    "p50": 73.24694196783665,
    "p84": 74.24386361971717,
    "sd": 0.9991802339070518
  },
  "local_minus_highz_gr_sigma": 1.5059455369916717,
  "local_minus_highz_mg_sigma": 0.8501640796747489,
  "p_gr_above_local_ref": 0.071,
  "p_gr_below_local_ref": 0.929,
  "p_gr_below_planck_ref": 0.43542,
  "z_anchor": 0.35
}
