{
  "apparent_gr_bias_vs_true": {
    "max": 4.871520022199945,
    "mean": -1.7940818206590268,
    "min": -6.594925839951998,
    "p16": -3.113975420898779,
    "p50": -1.882238623329762,
    "p84": -0.47721345446016167,
    "sd": 1.3496002005380006
  },
  "delta_local_minus_highz_gr": {
    "max": 16.08624857910314,
    "mean": 4.516925130744416,
    "min": -11.190066209231986,
    "p16": 1.3642819430401516,
    "p50": 4.624584442645734,
    "p84": 7.645292255093661,
    "sd": 3.2091180664226684
  },
  "delta_local_minus_highz_mg": {
    "max": 14.45106858069299,
    "mean": 2.7260673982718338,
    "min": -11.609801489477093,
    "p16": -0.41195206844143,
    "p50": 2.8166527158378045,
    "p84": 5.815548215437625,
    "sd": 3.2105013958960242
  },
  "h0_highz_gr": {
    "max": 84.53920437139696,
    "mean": 68.72989382803618,
    "min": 57.91853917988206,
    "p16": 65.76967729642891,
    "p50": 68.6325584661809,
    "p84": 71.73642492712487,
    "sd": 3.049799175224231
  },
  "h0_highz_mg": {
    "max": 84.96012522968023,
    "mean": 70.52075156050877,
    "min": 59.171614034322815,
    "p16": 67.61982176389785,
    "p50": 70.42413947285746,
    "p84": 73.51711833305342,
    "sd": 3.0520816046931207
  },
  "h0_local_obs": {
    "max": 77.69034822668226,
    "mean": 73.2468189587806,
    "min": 69.11928749116186,
    "p16": 72.25383993601977,
    "p50": 73.2441751239578,
    "p84": 74.24258183715365,
    "sd": 1.0000084688606214
  },
  "local_minus_highz_gr_sigma": 1.4073347172262896,
  "local_minus_highz_mg_sigma": 0.8487850427970837,
  "p_gr_above_local_ref": 0.08132,
  "p_gr_below_local_ref": 0.91868,
  "p_gr_below_planck_ref": 0.3357,
  "z_anchor": 0.2
}
