{
  "apparent_gr_bias_vs_true": {
    "max": 11.372543676535514,
    "mean": -1.324373577582547,
    "min": -10.090886582951825,
    "p16": -4.084900102858065,
    "p50": -1.6570910003511727,
    "p84": 1.435774958075586,
    "sd": 2.9136972834802153
  },
  "delta_local_minus_highz_gr": {
    "max": 16.739366154716784,
    "mean": 4.059515465532846,
    "min": -16.799943367277066,
    "p16": 0.0504913234908293,
    "p50": 4.337505265798875,
    "p84": 8.031455765093936,
    "sd": 4.057951750671069
  },
  "delta_local_minus_highz_mg": {
    "max": 15.366632295596276,
    "mean": 2.7297066955551763,
    "min": -12.552839934231557,
    "p16": -0.40764236795606223,
    "p50": 2.800335639471186,
    "p84": 5.806318146185605,
    "sd": 3.2068555662434695
  },
  "h0_highz_gr": {
    "max": 88.98716576905083,
    "mean": 69.19337990943012,
    "min": 57.82564546765262,
    "p16": 65.37249659950933,
    "p50": 68.90776984134874,
    "p84": 73.07266724023994,
    "sd": 3.9328662522565523
  },
  "h0_highz_mg": {
    "max": 84.66924638785264,
    "mean": 70.5231886794078,
    "min": 59.1814676722138,
    "p16": 67.62952678428567,
    "p50": 70.41501191487606,
    "p84": 73.49538836755494,
    "sd": 3.0476205133183756
  },
  "h0_local_obs": {
    "max": 78.07069356629036,
    "mean": 73.25289537496296,
    "min": 69.20151283893088,
    "p16": 72.25662672636348,
    "p50": 73.25244025492742,
    "p84": 74.24905597441202,
    "sd": 1.0013793601203302
  },
  "local_minus_highz_gr_sigma": 1.0003712352845675,
  "local_minus_highz_mg_sigma": 0.851041427700376,
  "p_gr_above_local_ref": 0.16405,
  "p_gr_below_local_ref": 0.83595,
  "p_gr_below_planck_ref": 0.33609,
  "z_anchor": 0.62
}
