{
  "apparent_gr_bias_vs_true": {
    "max": 10.167482326906665,
    "mean": -2.2353202452940937,
    "min": -9.700444684618517,
    "p16": -4.6066512897747485,
    "p50": -2.538429662976192,
    "p84": 0.17212217249902717,
    "sd": 2.4948436350569057
  },
  "delta_local_minus_highz_gr": {
    "max": 17.174092965188315,
    "mean": 4.970820304560057,
    "min": -13.919436566821403,
    "p16": 1.2802229726842962,
    "p50": 5.209394245792929,
    "p84": 8.62401713662157,
    "sd": 3.727721520058974
  },
  "delta_local_minus_highz_mg": {
    "max": 15.43061494618739,
    "mean": 2.7380376465063323,
    "min": -13.063957207326325,
    "p16": -0.4067250367774591,
    "p50": 2.815967834895858,
    "p84": 5.8339695184510685,
    "sd": 3.224982214606892
  },
  "h0_highz_gr": {
    "max": 86.88783199969575,
    "mean": 68.2752772674508,
    "min": 57.216064845496355,
    "p16": 64.76602450403828,
    "p50": 68.0190754645385,
    "p84": 71.8375725363086,
    "sd": 3.587079343337795
  },
  "h0_highz_mg": {
    "max": 84.94798859985809,
    "mean": 70.50805992550453,
    "min": 58.94736384973561,
    "p16": 67.6024227181729,
    "p50": 70.41896821686058,
    "p84": 73.50482776088948,
    "sd": 3.0599923136710463
  },
  "h0_local_obs": {
    "max": 77.86343338390556,
    "mean": 73.24609757201087,
    "min": 69.00488874061283,
    "p16": 72.24987587832898,
    "p50": 73.24422394779744,
    "p84": 74.24667144734298,
    "sd": 1.0002042496883636
  },
  "local_minus_highz_gr_sigma": 1.3348566872814212,
  "local_minus_highz_mg_sigma": 0.8505210753500363,
  "p_gr_above_local_ref": 0.09864,
  "p_gr_below_local_ref": 0.90136,
  "p_gr_below_planck_ref": 0.42763,
  "z_anchor": 0.5
}
