{
  "anchor_results": [
    {
      "apparent_gr_bias_vs_true": {
        "max": 4.871520022199945,
        "mean": -1.7940818206590268,
        "min": -6.594925839951998,
        "p16": -3.113975420898779,
        "p50": -1.882238623329762,
        "p84": -0.47721345446016167,
        "sd": 1.3496002005380006
      },
      "delta_local_minus_highz_gr": {
        "max": 16.08624857910314,
        "mean": 4.516925130744416,
        "min": -11.190066209231986,
        "p16": 1.3642819430401516,
        "p50": 4.624584442645734,
        "p84": 7.645292255093661,
        "sd": 3.2091180664226684
      },
      "delta_local_minus_highz_mg": {
        "max": 14.45106858069299,
        "mean": 2.7260673982718338,
        "min": -11.609801489477093,
        "p16": -0.41195206844143,
        "p50": 2.8166527158378045,
        "p84": 5.815548215437625,
        "sd": 3.2105013958960242
      },
      "h0_highz_gr": {
        "max": 84.53920437139696,
        "mean": 68.72989382803618,
        "min": 57.91853917988206,
        "p16": 65.76967729642891,
        "p50": 68.6325584661809,
        "p84": 71.73642492712487,
        "sd": 3.049799175224231
      },
      "h0_highz_mg": {
        "max": 84.96012522968023,
        "mean": 70.52075156050877,
        "min": 59.171614034322815,
        "p16": 67.61982176389785,
        "p50": 70.42413947285746,
        "p84": 73.51711833305342,
        "sd": 3.0520816046931207
      },
      "h0_local_obs": {
        "max": 77.69034822668226,
        "mean": 73.2468189587806,
        "min": 69.11928749116186,
        "p16": 72.25383993601977,
        "p50": 73.2441751239578,
        "p84": 74.24258183715365,
        "sd": 1.0000084688606214
      },
      "local_minus_highz_gr_sigma": 1.4073347172262896,
      "local_minus_highz_mg_sigma": 0.8487850427970837,
      "p_gr_above_local_ref": 0.08132,
      "p_gr_below_local_ref": 0.91868,
      "p_gr_below_planck_ref": 0.3357,
      "z_anchor": 0.2
    },
    {
      "apparent_gr_bias_vs_true": {
        "max": 7.302551977956938,
        "mean": -2.441905848800359,
        "min": -9.034434143405463,
        "p16": -4.367230422412932,
        "p50": -2.642519623430772,
        "p84": -0.5294290583529396,
        "sd": 1.9914513220532828
      },
      "delta_local_minus_highz_gr": {
        "max": 17.739490026659134,
        "mean": 5.168516333903644,
        "min": -13.546016524782914,
        "p16": 1.7683027815887988,
        "p50": 5.316435718026582,
        "p84": 8.55144154430661,
        "sd": 3.4324890907113996
      },
      "delta_local_minus_highz_mg": {
        "max": 15.918222790326801,
        "mean": 2.7287929629429954,
        "min": -13.367481894701854,
        "p16": -0.4214975284112154,
        "p50": 2.810717890624936,
        "p84": 5.827401189539377,
        "sd": 3.20902704854689
      },
      "h0_highz_gr": {
        "max": 84.83334237915197,
        "mean": 68.0816490823037,
        "min": 57.239387475803206,
        "p16": 64.84354541504383,
        "p50": 67.91783742729771,
        "p84": 71.3538619204718,
        "sd": 3.2831587046484514
      },
      "h0_highz_mg": {
        "max": 84.65480774907091,
        "mean": 70.52137245326435,
        "min": 58.97523656244998,
        "p16": 67.60838492352212,
        "p50": 70.42651653964796,
        "p84": 73.50888814329497,
        "sd": 3.0499729582586053
      },
      "h0_local_obs": {
        "max": 78.13927316923778,
        "mean": 73.25016541620734,
        "min": 68.58165956527087,
        "p16": 72.2599543768204,
        "p50": 73.24694196783665,
        "p84": 74.24386361971717,
        "sd": 0.9991802339070518
      },
      "local_minus_highz_gr_sigma": 1.5059455369916717,
      "local_minus_highz_mg_sigma": 0.8501640796747489,
      "p_gr_above_local_ref": 0.071,
      "p_gr_below_local_ref": 0.929,
      "p_gr_below_planck_ref": 0.43542,
      "z_anchor": 0.35
    },
    {
      "apparent_gr_bias_vs_true": {
        "max": 10.167482326906665,
        "mean": -2.2353202452940937,
        "min": -9.700444684618517,
        "p16": -4.6066512897747485,
        "p50": -2.538429662976192,
        "p84": 0.17212217249902717,
        "sd": 2.4948436350569057
      },
      "delta_local_minus_highz_gr": {
        "max": 17.174092965188315,
        "mean": 4.970820304560057,
        "min": -13.919436566821403,
        "p16": 1.2802229726842962,
        "p50": 5.209394245792929,
        "p84": 8.62401713662157,
        "sd": 3.727721520058974
      },
      "delta_local_minus_highz_mg": {
        "max": 15.43061494618739,
        "mean": 2.7380376465063323,
        "min": -13.063957207326325,
        "p16": -0.4067250367774591,
        "p50": 2.815967834895858,
        "p84": 5.8339695184510685,
        "sd": 3.224982214606892
      },
      "h0_highz_gr": {
        "max": 86.88783199969575,
        "mean": 68.2752772674508,
        "min": 57.216064845496355,
        "p16": 64.76602450403828,
        "p50": 68.0190754645385,
        "p84": 71.8375725363086,
        "sd": 3.587079343337795
      },
      "h0_highz_mg": {
        "max": 84.94798859985809,
        "mean": 70.50805992550453,
        "min": 58.94736384973561,
        "p16": 67.6024227181729,
        "p50": 70.41896821686058,
        "p84": 73.50482776088948,
        "sd": 3.0599923136710463
      },
      "h0_local_obs": {
        "max": 77.86343338390556,
        "mean": 73.24609757201087,
        "min": 69.00488874061283,
        "p16": 72.24987587832898,
        "p50": 73.24422394779744,
        "p84": 74.24667144734298,
        "sd": 1.0002042496883636
      },
      "local_minus_highz_gr_sigma": 1.3348566872814212,
      "local_minus_highz_mg_sigma": 0.8505210753500363,
      "p_gr_above_local_ref": 0.09864,
      "p_gr_below_local_ref": 0.90136,
      "p_gr_below_planck_ref": 0.42763,
      "z_anchor": 0.5
    },
    {
      "apparent_gr_bias_vs_true": {
        "max": 11.372543676535514,
        "mean": -1.324373577582547,
        "min": -10.090886582951825,
        "p16": -4.084900102858065,
        "p50": -1.6570910003511727,
        "p84": 1.435774958075586,
        "sd": 2.9136972834802153
      },
      "delta_local_minus_highz_gr": {
        "max": 16.739366154716784,
        "mean": 4.059515465532846,
        "min": -16.799943367277066,
        "p16": 0.0504913234908293,
        "p50": 4.337505265798875,
        "p84": 8.031455765093936,
        "sd": 4.057951750671069
      },
      "delta_local_minus_highz_mg": {
        "max": 15.366632295596276,
        "mean": 2.7297066955551763,
        "min": -12.552839934231557,
        "p16": -0.40764236795606223,
        "p50": 2.800335639471186,
        "p84": 5.806318146185605,
        "sd": 3.2068555662434695
      },
      "h0_highz_gr": {
        "max": 88.98716576905083,
        "mean": 69.19337990943012,
        "min": 57.82564546765262,
        "p16": 65.37249659950933,
        "p50": 68.90776984134874,
        "p84": 73.07266724023994,
        "sd": 3.9328662522565523
      },
      "h0_highz_mg": {
        "max": 84.66924638785264,
        "mean": 70.5231886794078,
        "min": 59.1814676722138,
        "p16": 67.62952678428567,
        "p50": 70.41501191487606,
        "p84": 73.49538836755494,
        "sd": 3.0476205133183756
      },
      "h0_local_obs": {
        "max": 78.07069356629036,
        "mean": 73.25289537496296,
        "min": 69.20151283893088,
        "p16": 72.25662672636348,
        "p50": 73.25244025492742,
        "p84": 74.24905597441202,
        "sd": 1.0013793601203302
      },
      "local_minus_highz_gr_sigma": 1.0003712352845675,
      "local_minus_highz_mg_sigma": 0.851041427700376,
      "p_gr_above_local_ref": 0.16405,
      "p_gr_below_local_ref": 0.83595,
      "p_gr_below_planck_ref": 0.33609,
      "z_anchor": 0.62
    }
  ],
  "draws_total": 1600,
  "draws_used": 1600,
  "h0_posterior_mg_truth": {
    "max": 83.06595172086378,
    "mean": 70.51873584122742,
    "min": 60.31514973881641,
    "p16": 67.70416163334278,