{
  "apparent_gr_bias_vs_true": {
    "max": 8.89019855910108,
    "mean": -2.5412226386494448,
    "min": -9.560793103959227,
    "p16": -4.873463392547771,
    "p50": -2.8740631514382073,
    "p84": -0.04341100114363979,
    "sd": 2.4710638094474353
  },
  "delta_local_minus_highz_gr": {
    "max": 17.038314898579735,
    "mean": 4.5489968581530285,
    "min": -16.197899465837764,
    "p16": 0.9535209317911654,
    "p50": 4.8094848648523225,
    "p84": 8.091001220181571,
    "sd": 3.7303152492347738
  },
  "delta_local_minus_highz_mg": {
    "max": 13.480871484694198,
    "mean": 2.220515937004314,
    "min": -13.266898584218211,
    "p16": -0.889128183167814,
    "p50": 2.204753546882486,
    "p84": 5.401247231053302,
    "sd": 3.2120603475924896
  },
  "h0_highz_gr": {
    "max": 88.95977159905891,
    "mean": 68.44679305982186,
    "min": 56.77744937556717,
    "p16": 65.05936983458952,
    "p50": 68.15673131447416,
    "p84": 71.90506749492916,
    "sd": 3.5954785176737842
  },
  "h0_highz_mg": {
    "max": 85.98264302560042,
    "mean": 70.77527398097055,
    "min": 60.61733123277572,
    "p16": 67.7697556707518,
    "p50": 70.79738845315342,
    "p84": 73.70230657820855,
    "sd": 3.0536003675942585
  },
  "h0_local_obs": {
    "max": 77.80974725366946,
    "mean": 72.99578991797488,
    "min": 68.41192570780157,
    "p16": 71.99284471702705,
    "p50": 72.99792293894026,
    "p84": 73.99060396291996,
    "sd": 1.0047192659550654
  },
  "local_minus_highz_gr_sigma": 1.2189323044610472,
  "local_minus_highz_mg_sigma": 0.6910665970751169,
  "p_gr_above_local_ref": 0.109,
  "p_gr_below_local_ref": 0.891,
  "p_gr_below_planck_ref": 0.40417,
  "z_anchor": 0.5
}
