{
  "apparent_gr_bias_vs_true": {
    "max": 11.947627210520622,
    "mean": -1.6657800985854492,
    "min": -9.751585424074747,
    "p16": -4.3976571290212965,
    "p50": -2.092250941923055,
    "p84": 1.366880872243157,
    "sd": 2.913895475603494
  },
  "delta_local_minus_highz_gr": {
    "max": 17.624152979324037,
    "mean": 3.6787748333023873,
    "min": -20.10086027216971,
    "p16": -0.26817972941398915,
    "p50": 3.9831614430173516,
    "p84": 7.6041734874491675,
    "sd": 4.114639110836236
  },
  "delta_local_minus_highz_mg": {
    "max": 13.558030860258526,
    "mean": 2.228320974666027,
    "min": -13.244432511413379,
    "p16": -0.8818818505547966,
    "p50": 2.2263016033290057,
    "p84": 5.405160604726392,
    "sd": 3.220194233946327
  },
  "h0_highz_gr": {
    "max": 92.72916310340247,
    "mean": 69.3184395501158,
    "min": 56.834986012533676,
    "p16": 65.52338136707256,
    "p50": 68.99756791449317,
    "p84": 73.16813772561719,
    "sd": 3.9969208021682427
  },
  "h0_highz_mg": {
    "max": 85.81459710457843,
    "mean": 70.76889340875215,
    "min": 60.660619471828554,
    "p16": 67.75697761733724,
    "p50": 70.78704827393668,
    "p84": 73.70327393239977,
    "sd": 3.066369164026336
  },
  "h0_local_obs": {
    "max": 78.17654808703873,
    "mean": 72.99721438341818,
    "min": 68.51849497610009,
    "p16": 71.99819628150206,
    "p50": 72.99945548292021,
    "p84": 73.99188439147036,
    "sd": 0.999712696708147
  },
  "local_minus_highz_gr_sigma": 0.8928808463799416,
  "local_minus_highz_mg_sigma": 0.6908859870776997,
  "p_gr_above_local_ref": 0.16758,
  "p_gr_below_local_ref": 0.83242,
  "p_gr_below_planck_ref": 0.32533,
  "z_anchor": 0.62
}
