{
  "apparent_gr_bias_vs_true": {
    "max": 6.792480659149987,
    "mean": -2.7169040770632016,
    "min": -8.865608227946979,
    "p16": -4.57891309724412,
    "p50": -2.924920407987848,
    "p84": -0.7997620815076035,
    "sd": 1.9391118880656635
  },
  "delta_local_minus_highz_gr": {
    "max": 17.124655139671496,
    "mean": 4.7468564978673875,
    "min": -14.358357885982784,
    "p16": 1.4746017441505672,
    "p50": 4.944258169791198,
    "p84": 8.001435997626858,
    "sd": 3.3996421915330064
  },
  "delta_local_minus_highz_mg": {
    "max": 13.731807450254557,
    "mean": 2.244551895624254,
    "min": -13.91670869787852,
    "p16": -0.838515172974312,
    "p50": 2.229894009867742,
    "p84": 5.423723259363926,
    "sd": 3.2074592631372174
  },
  "h0_highz_gr": {
    "max": 85.3790510939147,
    "mean": 68.25128662691148,
    "min": 57.651999704323444,
    "p16": 65.16456867167842,
    "p50": 68.02808554567122,
    "p84": 71.38154185954582,
    "sd": 3.251146687104243
  },
  "h0_highz_mg": {
    "max": 84.93604081779087,
    "mean": 70.75359122915462,
    "min": 60.92629352909582,
    "p16": 67.7341484629887,
    "p50": 70.78901433538131,
    "p84": 73.67176618247873,
    "sd": 3.0526886063524468
  },
  "h0_local_obs": {
    "max": 77.48012648372155,
    "mean": 72.99814312477886,
    "min": 68.71756918497653,
    "p16": 71.99894526204558,
    "p50": 73.0004199420691,
    "p84": 73.99092507274027,
    "sd": 1.0030576810269582
  },
  "local_minus_highz_gr_sigma": 1.3955335183542352,
  "local_minus_highz_mg_sigma": 0.698735464534405,
  "p_gr_above_local_ref": 0.07875,
  "p_gr_below_local_ref": 0.92125,
  "p_gr_below_planck_ref": 0.41733,
  "z_anchor": 0.35
}
