{
  "apparent_gr_bias_vs_true": {
    "max": 4.5374555929657845,
    "mean": -2.0470532728908473,
    "min": -6.765532445279803,
    "p16": -3.327544281919046,
    "p50": -2.147819679949393,
    "p84": -0.7452480904118868,
    "sd": 1.3219111685030456
  },
  "delta_local_minus_highz_gr": {
    "max": 15.58449361592588,
    "mean": 4.0617086503087405,
    "min": -13.047636785679813,
    "p16": 0.9523882639440854,
    "p50": 4.162774719372223,
    "p84": 7.176522041944035,
    "sd": 3.1941790961117147
  },
  "delta_local_minus_highz_mg": {
    "max": 14.783913669046221,
    "mean": 2.2285981894807265,
    "min": -13.434808291693628,
    "p16": -0.8881184733048973,
    "p50": 2.222132952439445,
    "p84": 5.403221054165453,
    "sd": 3.203992035930878
  },
  "h0_highz_gr": {
    "max": 84.8750902964777,
    "mean": 68.94298784122097,
    "min": 58.80001321218206,
    "p16": 65.99386255112076,
    "p50": 68.83696670418803,
    "p84": 71.8804334243167,
    "sd": 3.034306424358048
  },
  "h0_highz_mg": {
    "max": 85.26352989478069,
    "mean": 70.77609830204898,
    "min": 60.32664180830986,
    "p16": 67.77786918424675,
    "p50": 70.79444444564558,
    "p84": 73.69976737697827,
    "sd": 3.0453892842592447
  },
  "h0_local_obs": {
    "max": 77.1365067274832,
    "mean": 73.00469649152971,
    "min": 68.69624133762012,
    "p16": 72.01859563297808,
    "p50": 73.00278188690547,
    "p84": 73.99574920396871,
    "sd": 0.996116995738255
  },
  "local_minus_highz_gr_sigma": 1.2713331789163866,
  "local_minus_highz_mg_sigma": 0.6952702158830106,
  "p_gr_above_local_ref": 0.08886,
  "p_gr_below_local_ref": 0.91114,
  "p_gr_below_planck_ref": 0.31014,
  "z_anchor": 0.2
}
