{
  "anchor_results": [
    {
      "apparent_gr_bias_vs_true": {
        "max": 4.5374555929657845,
        "mean": -2.0470532728908473,
        "min": -6.765532445279803,
        "p16": -3.327544281919046,
        "p50": -2.147819679949393,
        "p84": -0.7452480904118868,
        "sd": 1.3219111685030456
      },
      "delta_local_minus_highz_gr": {
        "max": 15.58449361592588,
        "mean": 4.0617086503087405,
        "min": -13.047636785679813,
        "p16": 0.9523882639440854,
        "p50": 4.162774719372223,
        "p84": 7.176522041944035,
        "sd": 3.1941790961117147
      },
      "delta_local_minus_highz_mg": {
        "max": 14.783913669046221,
        "mean": 2.2285981894807265,
        "min": -13.434808291693628,
        "p16": -0.8881184733048973,
        "p50": 2.222132952439445,
        "p84": 5.403221054165453,
        "sd": 3.203992035930878
      },
      "h0_highz_gr": {
        "max": 84.8750902964777,
        "mean": 68.94298784122097,
        "min": 58.80001321218206,
        "p16": 65.99386255112076,
        "p50": 68.83696670418803,
        "p84": 71.8804334243167,
        "sd": 3.034306424358048
      },
      "h0_highz_mg": {
        "max": 85.26352989478069,
        "mean": 70.77609830204898,
        "min": 60.32664180830986,
        "p16": 67.77786918424675,
        "p50": 70.79444444564558,
        "p84": 73.69976737697827,
        "sd": 3.0453892842592447
      },
      "h0_local_obs": {
        "max": 77.1365067274832,
        "mean": 73.00469649152971,
        "min": 68.69624133762012,
        "p16": 72.01859563297808,
        "p50": 73.00278188690547,
        "p84": 73.99574920396871,
        "sd": 0.996116995738255
      },
      "local_minus_highz_gr_sigma": 1.2713331789163866,
      "local_minus_highz_mg_sigma": 0.6952702158830106,
      "p_gr_above_local_ref": 0.08886,
      "p_gr_below_local_ref": 0.91114,
      "p_gr_below_planck_ref": 0.31014,
      "z_anchor": 0.2
    },
    {
      "apparent_gr_bias_vs_true": {
        "max": 6.792480659149987,
        "mean": -2.7169040770632016,
        "min": -8.865608227946979,
        "p16": -4.57891309724412,
        "p50": -2.924920407987848,
        "p84": -0.7997620815076035,
        "sd": 1.9391118880656635
      },
      "delta_local_minus_highz_gr": {
        "max": 17.124655139671496,
        "mean": 4.7468564978673875,
        "min": -14.358357885982784,
        "p16": 1.4746017441505672,
        "p50": 4.944258169791198,
        "p84": 8.001435997626858,
        "sd": 3.3996421915330064
      },
      "delta_local_minus_highz_mg": {
        "max": 13.731807450254557,
        "mean": 2.244551895624254,
        "min": -13.91670869787852,
        "p16": -0.838515172974312,
        "p50": 2.229894009867742,
        "p84": 5.423723259363926,
        "sd": 3.2074592631372174
      },
      "h0_highz_gr": {
        "max": 85.3790510939147,
        "mean": 68.25128662691148,
        "min": 57.651999704323444,
        "p16": 65.16456867167842,
        "p50": 68.02808554567122,
        "p84": 71.38154185954582,
        "sd": 3.251146687104243
      },
      "h0_highz_mg": {
        "max": 84.93604081779087,
        "mean": 70.75359122915462,
        "min": 60.92629352909582,
        "p16": 67.7341484629887,
        "p50": 70.78901433538131,
        "p84": 73.67176618247873,
        "sd": 3.0526886063524468
      },
      "h0_local_obs": {
        "max": 77.48012648372155,
        "mean": 72.99814312477886,
        "min": 68.71756918497653,
        "p16": 71.99894526204558,
        "p50": 73.0004199420691,
        "p84": 73.99092507274027,
        "sd": 1.0030576810269582
      },
      "local_minus_highz_gr_sigma": 1.3955335183542352,
      "local_minus_highz_mg_sigma": 0.698735464534405,
      "p_gr_above_local_ref": 0.07875,
      "p_gr_below_local_ref": 0.92125,
      "p_gr_below_planck_ref": 0.41733,
      "z_anchor": 0.35
    },
    {
      "apparent_gr_bias_vs_true": {
        "max": 8.89019855910108,
        "mean": -2.5412226386494448,
        "min": -9.560793103959227,
        "p16": -4.873463392547771,
        "p50": -2.8740631514382073,
        "p84": -0.04341100114363979,
        "sd": 2.4710638094474353
      },
      "delta_local_minus_highz_gr": {
        "max": 17.038314898579735,
        "mean": 4.5489968581530285,
        "min": -16.197899465837764,
        "p16": 0.9535209317911654,
        "p50": 4.8094848648523225,
        "p84": 8.091001220181571,
        "sd": 3.7303152492347738
      },
      "delta_local_minus_highz_mg": {
        "max": 13.480871484694198,
        "mean": 2.220515937004314,
        "min": -13.266898584218211,
        "p16": -0.889128183167814,
        "p50": 2.204753546882486,
        "p84": 5.401247231053302,
        "sd": 3.2120603475924896
      },
      "h0_highz_gr": {
        "max": 88.95977159905891,
        "mean": 68.44679305982186,
        "min": 56.77744937556717,
        "p16": 65.05936983458952,
        "p50": 68.15673131447416,
        "p84": 71.90506749492916,
        "sd": 3.5954785176737842
      },
      "h0_highz_mg": {
        "max": 85.98264302560042,
        "mean": 70.77527398097055,
        "min": 60.61733123277572,
        "p16": 67.7697556707518,
        "p50": 70.79738845315342,
        "p84": 73.70230657820855,
        "sd": 3.0536003675942585
      },
      "h0_local_obs": {
        "max": 77.80974725366946,
        "mean": 72.99578991797488,
        "min": 68.41192570780157,
        "p16": 71.99284471702705,
        "p50": 72.99792293894026,
        "p84": 73.99060396291996,
        "sd": 1.0047192659550654
      },
      "local_minus_highz_gr_sigma": 1.2189323044610472,
      "local_minus_highz_mg_sigma": 0.6910665970751169,
      "p_gr_above_local_ref": 0.109,
      "p_gr_below_local_ref": 0.891,
      "p_gr_below_planck_ref": 0.40417,
      "z_anchor": 0.5
    },
    {
      "apparent_gr_bias_vs_true": {
        "max": 11.947627210520622,
        "mean": -1.6657800985854492,
        "min": -9.751585424074747,
        "p16": -4.3976571290212965,
        "p50": -2.092250941923055,
        "p84": 1.366880872243157,
        "sd": 2.913895475603494
      },
      "delta_local_minus_highz_gr": {
        "max": 17.624152979324037,
        "mean": 3.6787748333023873,
        "min": -20.10086027216971,
        "p16": -0.26817972941398915,
        "p50": 3.9831614430173516,
        "p84": 7.6041734874491675,
        "sd": 4.114639110836236
      },
      "delta_local_minus_highz_mg": {
        "max": 13.558030860258526,
        "mean": 2.228320974666027,
        "min": -13.244432511413379,
        "p16": -0.8818818505547966,
        "p50": 2.2263016033290057,
        "p84": 5.405160604726392,
        "sd": 3.220194233946327
      },
      "h0_highz_gr": {
        "max": 92.72916310340247,
        "mean": 69.3184395501158,
        "min": 56.834986012533676,
        "p16": 65.52338136707256,
        "p50": 68.99756791449317,
        "p84": 73.16813772561719,
        "sd": 3.9969208021682427
      },
      "h0_highz_mg": {
        "max": 85.81459710457843,
        "mean": 70.76889340875215,
        "min": 60.660619471828554,
        "p16": 67.75697761733724,
        "p50": 70.78704827393668,
        "p84": 73.70327393239977,
        "sd": 3.066369164026336
      },
      "h0_local_obs": {
        "max": 78.17654808703873,
        "mean": 72.99721438341818,
        "min": 68.51849497610009,
        "p16": 71.99819628150206,
        "p50": 72.99945548292021,
        "p84": 73.99188439147036,
        "sd": 0.999712696708147
      },
      "local_minus_highz_gr_sigma": 0.8928808463799416,
      "local_minus_highz_mg_sigma": 0.6908859870776997,
      "p_gr_above_local_ref": 0.16758,
      "p_gr_below_local_ref": 0.83242,
      "p_gr_below_planck_ref": 0.32533,
      "z_anchor": 0.62
    }
  ],
  "draws_total": 1600,
  "draws_used": 1600,
  "h0_posterior_mg_truth": {
    "max": 83.833891578275,
    "mean": 70.9809853903875,
    "min": 62.52211725111513,
    "p16": 68.10255835254144,