{
  "apparent_gr_bias_vs_true": {
    "max": 14.290878662480438,
    "mean": -1.2810304480896337,
    "min": -10.919941984686417,
    "p16": -4.046087342133038,
    "p50": -1.6142994814988327,
    "p84": 1.5127824008597504,
    "sd": 2.896187820873885
  },
  "delta_local_minus_highz_gr": {
    "max": 19.71910333398197,
    "mean": 3.6599222685759223,
    "min": -18.838676901041993,
    "p16": -0.27483037915817243,
    "p50": 3.898432226780649,
    "p84": 7.581051809971303,
    "sd": 3.9926479483923205
  },
  "delta_local_minus_highz_mg": {
    "max": 15.866688614319465,
    "mean": 2.3760725200240134,
    "min": -11.629810251014462,
    "p16": -0.7099026750700005,
    "p50": 2.309492922743445,
    "p84": 5.514140961438898,
    "sd": 3.1803252411588936
  },
  "h0_highz_gr": {
    "max": 89.20765829322127,
    "mean": 69.3392088245826,
    "min": 55.473259238422834,
    "p16": 65.52426051073256,
    "p50": 69.06652946408735,
    "p84": 73.14936859467453,
    "sd": 3.8638634516145913
  },
  "h0_highz_mg": {
    "max": 83.33920729674753,
    "mean": 70.6230585731345,
    "min": 57.690801631382826,
    "p16": 67.61731064102275,
    "p50": 70.702112194985,
    "p84": 73.51932535239257,
    "sd": 3.018904997502189
  },
  "h0_local_obs": {
    "max": 77.55623939228924,
    "mean": 72.99913109315851,
    "min": 68.85968194942654,
    "p16": 72.00649072787031,
    "p50": 73.00123580323978,
    "p84": 73.98829869339282,
    "sd": 0.9992469166182215
  },
  "local_minus_highz_gr_sigma": 0.9170047746587807,
  "local_minus_highz_mg_sigma": 0.7471413655991002,
  "p_gr_above_local_ref": 0.16915,
  "p_gr_below_local_ref": 0.83085,
  "p_gr_below_planck_ref": 0.31562,
  "z_anchor": 0.62
}
