{
  "apparent_gr_bias_vs_true": {
    "max": 9.687261610914575,
    "mean": -2.153725534303327,
    "min": -9.714133907030984,
    "p16": -4.545274793854593,
    "p50": -2.448656028000542,
    "p84": 0.29711270911130505,
    "sd": 2.477219442434586
  },
  "delta_local_minus_highz_gr": {
    "max": 18.36715359792948,
    "mean": 4.556168111631014,
    "min": -14.187209695551104,
    "p16": 0.9841900331161049,
    "p50": 4.723959342764722,
    "p84": 8.151711696784087,
    "sd": 3.6574249308391082
  },
  "delta_local_minus_highz_mg": {
    "max": 15.566515797706813,
    "mean": 2.4020268309537296,
    "min": -11.028790448655045,
    "p16": -0.6826586114533825,
    "p50": 2.3427112348977914,
    "p84": 5.534449528945563,
    "sd": 3.1934032836161133
  },
  "h0_highz_gr": {
    "max": 85.45644768003773,
    "mean": 68.44785132897603,
    "min": 55.58564769570419,
    "p16": 64.97517973139622,
    "p50": 68.25535705871184,
    "p84": 71.883100277002,
    "sd": 3.515178803296699
  },
  "h0_highz_mg": {
    "max": 83.10327765254128,
    "mean": 70.60199260965331,
    "min": 58.83079830920785,
    "p16": 67.6088959111613,
    "p50": 70.68479154540347,
    "p84": 73.49852126343184,
    "sd": 3.0308924669220363
  },
  "h0_local_obs": {
    "max": 77.73970803695555,
    "mean": 73.00401944060704,
    "min": 68.70830300819907,
    "p16": 72.00727317909777,
    "p50": 73.00493555922303,
    "p84": 73.99915265097769,
    "sd": 0.9985491855086719
  },
  "local_minus_highz_gr_sigma": 1.246676285164163,
  "local_minus_highz_mg_sigma": 0.7526090354886369,
  "p_gr_above_local_ref": 0.10106,
  "p_gr_below_local_ref": 0.89894,
  "p_gr_below_planck_ref": 0.39679,
  "z_anchor": 0.5
}
