{
  "apparent_gr_bias_vs_true": {
    "max": 5.09930580200664,
    "mean": -1.726027099750946,
    "min": -6.147565381430631,
    "p16": -3.0443797628529747,
    "p50": -1.8155080744511878,
    "p84": -0.39694339250048116,
    "sd": 1.3369776821958776
  },
  "delta_local_minus_highz_gr": {
    "max": 17.040280688582158,
    "mean": 4.096759347142916,
    "min": -10.281306040074682,
    "p16": 1.0347690513543892,
    "p50": 4.129917557160901,
    "p84": 7.18019153896325,
    "sd": 3.1466919969932707
  },
  "delta_local_minus_highz_mg": {
    "max": 15.522389161972363,
    "mean": 2.372130430050026,
    "min": -12.028064415129109,
    "p16": -0.6948839584023279,
    "p50": 2.3187708477832203,
    "p84": 5.4987087131215855,
    "sd": 3.1804883969178577
  },
  "h0_highz_gr": {
    "max": 81.80366962856,
    "mean": 68.90166323837386,
    "min": 57.824553134428385,
    "p16": 65.95582851167359,
    "p50": 68.85864092963509,
    "p84": 71.79748887516494,
    "sd": 2.990819228186961
  },
  "h0_highz_mg": {
    "max": 82.91575610709651,
    "mean": 70.62629215546673,
    "min": 58.97163081363194,
    "p16": 67.6339813823713,
    "p50": 70.6986136292632,
    "p84": 73.52591042686979,
    "sd": 3.025151580742324
  },
  "h0_local_obs": {
    "max": 77.43041872948554,
    "mean": 72.99842258551676,
    "min": 68.66386200046969,
    "p16": 72.00743185390428,
    "p50": 72.99603872785218,
    "p84": 73.9907643997643,
    "sd": 0.9989120310394167
  },
  "local_minus_highz_gr_sigma": 1.2990864922611325,
  "local_minus_highz_mg_sigma": 0.7445134621936706,
  "p_gr_above_local_ref": 0.08346,
  "p_gr_below_local_ref": 0.91654,
  "p_gr_below_planck_ref": 0.30388,
  "z_anchor": 0.2
}
