{
  "apparent_gr_bias_vs_true": {
    "max": 6.78462288127416,
    "mean": -2.347164688014904,
    "min": -8.067109636583496,
    "p16": -4.258522637786905,
    "p50": -2.5428898510342606,
    "p84": -0.3859555385833033,
    "sd": 1.9602163673673783
  },
  "delta_local_minus_highz_gr": {
    "max": 18.060953381512398,
    "mean": 4.73184964451017,
    "min": -10.605822649713815,
    "p16": 1.467079264799458,
    "p50": 4.837211432403407,
    "p84": 8.0065178933398,
    "sd": 3.347045720357165
  },
  "delta_local_minus_highz_mg": {
    "max": 15.609114164635741,
    "mean": 2.3826395820387516,
    "min": -11.26779999506337,
    "p16": -0.6805068853729227,
    "p50": 2.3219801321276208,
    "p84": 5.516474125633204,
    "sd": 3.176698533720192
  },
  "h0_highz_gr": {
    "max": 82.37507480707062,
    "mean": 68.26759423744382,
    "min": 56.15132429906334,
    "p16": 65.10179697554476,
    "p50": 68.12166322577524,
    "p84": 71.36141103800666,
    "sd": 3.1966807437354765
  },
  "h0_highz_mg": {
    "max": 82.87552929569512,
    "mean": 70.61680429991524,
    "min": 58.60316351594,
    "p16": 67.64200064405284,
    "p50": 70.70367725419572,
    "p84": 73.50888871031178,
    "sd": 3.016401094863609
  },
  "h0_local_obs": {
    "max": 77.37908444591451,
    "mean": 72.999443881954,
    "min": 68.57271034787706,
    "p16": 72.00364578966047,
    "p50": 72.99946240248153,
    "p84": 73.99365999603573,
    "sd": 0.9979561794853614
  },
  "local_minus_highz_gr_sigma": 1.4127273633191915,
  "local_minus_highz_mg_sigma": 0.7497666903842589,
  "p_gr_above_local_ref": 0.0734,
  "p_gr_below_local_ref": 0.9266,
  "p_gr_below_planck_ref": 0.4004,
  "z_anchor": 0.35
}
