{
  "anchor_results": [
    {
      "apparent_gr_bias_vs_true": {
        "max": 5.09930580200664,
        "mean": -1.726027099750946,
        "min": -6.147565381430631,
        "p16": -3.0443797628529747,
        "p50": -1.8155080744511878,
        "p84": -0.39694339250048116,
        "sd": 1.3369776821958776
      },
      "delta_local_minus_highz_gr": {
        "max": 17.040280688582158,
        "mean": 4.096759347142916,
        "min": -10.281306040074682,
        "p16": 1.0347690513543892,
        "p50": 4.129917557160901,
        "p84": 7.18019153896325,
        "sd": 3.1466919969932707
      },
      "delta_local_minus_highz_mg": {
        "max": 15.522389161972363,
        "mean": 2.372130430050026,
        "min": -12.028064415129109,
        "p16": -0.6948839584023279,
        "p50": 2.3187708477832203,
        "p84": 5.4987087131215855,
        "sd": 3.1804883969178577
      },
      "h0_highz_gr": {
        "max": 81.80366962856,
        "mean": 68.90166323837386,
        "min": 57.824553134428385,
        "p16": 65.95582851167359,
        "p50": 68.85864092963509,
        "p84": 71.79748887516494,
        "sd": 2.990819228186961
      },
      "h0_highz_mg": {
        "max": 82.91575610709651,
        "mean": 70.62629215546673,
        "min": 58.97163081363194,
        "p16": 67.6339813823713,
        "p50": 70.6986136292632,
        "p84": 73.52591042686979,
        "sd": 3.025151580742324
      },
      "h0_local_obs": {
        "max": 77.43041872948554,
        "mean": 72.99842258551676,
        "min": 68.66386200046969,
        "p16": 72.00743185390428,
        "p50": 72.99603872785218,
        "p84": 73.9907643997643,
        "sd": 0.9989120310394167
      },
      "local_minus_highz_gr_sigma": 1.2990864922611325,
      "local_minus_highz_mg_sigma": 0.7445134621936706,
      "p_gr_above_local_ref": 0.08346,
      "p_gr_below_local_ref": 0.91654,
      "p_gr_below_planck_ref": 0.30388,
      "z_anchor": 0.2
    },
    {
      "apparent_gr_bias_vs_true": {
        "max": 6.78462288127416,
        "mean": -2.347164688014904,
        "min": -8.067109636583496,
        "p16": -4.258522637786905,
        "p50": -2.5428898510342606,
        "p84": -0.3859555385833033,
        "sd": 1.9602163673673783
      },
      "delta_local_minus_highz_gr": {
        "max": 18.060953381512398,
        "mean": 4.73184964451017,
        "min": -10.605822649713815,
        "p16": 1.467079264799458,
        "p50": 4.837211432403407,
        "p84": 8.0065178933398,
        "sd": 3.347045720357165
      },
      "delta_local_minus_highz_mg": {
        "max": 15.609114164635741,
        "mean": 2.3826395820387516,
        "min": -11.26779999506337,
        "p16": -0.6805068853729227,
        "p50": 2.3219801321276208,
        "p84": 5.516474125633204,
        "sd": 3.176698533720192
      },
      "h0_highz_gr": {
        "max": 82.37507480707062,
        "mean": 68.26759423744382,
        "min": 56.15132429906334,
        "p16": 65.10179697554476,
        "p50": 68.12166322577524,
        "p84": 71.36141103800666,
        "sd": 3.1966807437354765
      },
      "h0_highz_mg": {
        "max": 82.87552929569512,
        "mean": 70.61680429991524,
        "min": 58.60316351594,
        "p16": 67.64200064405284,
        "p50": 70.70367725419572,
        "p84": 73.50888871031178,
        "sd": 3.016401094863609
      },
      "h0_local_obs": {
        "max": 77.37908444591451,
        "mean": 72.999443881954,
        "min": 68.57271034787706,
        "p16": 72.00364578966047,
        "p50": 72.99946240248153,
        "p84": 73.99365999603573,
        "sd": 0.9979561794853614
      },
      "local_minus_highz_gr_sigma": 1.4127273633191915,
      "local_minus_highz_mg_sigma": 0.7497666903842589,
      "p_gr_above_local_ref": 0.0734,
      "p_gr_below_local_ref": 0.9266,
      "p_gr_below_planck_ref": 0.4004,
      "z_anchor": 0.35
    },
    {
      "apparent_gr_bias_vs_true": {
        "max": 9.687261610914575,
        "mean": -2.153725534303327,
        "min": -9.714133907030984,
        "p16": -4.545274793854593,
        "p50": -2.448656028000542,
        "p84": 0.29711270911130505,
        "sd": 2.477219442434586
      },
      "delta_local_minus_highz_gr": {
        "max": 18.36715359792948,
        "mean": 4.556168111631014,
        "min": -14.187209695551104,
        "p16": 0.9841900331161049,
        "p50": 4.723959342764722,
        "p84": 8.151711696784087,
        "sd": 3.6574249308391082
      },
      "delta_local_minus_highz_mg": {
        "max": 15.566515797706813,
        "mean": 2.4020268309537296,
        "min": -11.028790448655045,
        "p16": -0.6826586114533825,
        "p50": 2.3427112348977914,
        "p84": 5.534449528945563,
        "sd": 3.1934032836161133
      },
      "h0_highz_gr": {
        "max": 85.45644768003773,
        "mean": 68.44785132897603,
        "min": 55.58564769570419,
        "p16": 64.97517973139622,
        "p50": 68.25535705871184,
        "p84": 71.883100277002,
        "sd": 3.515178803296699
      },
      "h0_highz_mg": {
        "max": 83.10327765254128,
        "mean": 70.60199260965331,
        "min": 58.83079830920785,
        "p16": 67.6088959111613,
        "p50": 70.68479154540347,
        "p84": 73.49852126343184,
        "sd": 3.0308924669220363
      },
      "h0_local_obs": {
        "max": 77.73970803695555,
        "mean": 73.00401944060704,
        "min": 68.70830300819907,
        "p16": 72.00727317909777,
        "p50": 73.00493555922303,
        "p84": 73.99915265097769,
        "sd": 0.9985491855086719
      },
      "local_minus_highz_gr_sigma": 1.246676285164163,
      "local_minus_highz_mg_sigma": 0.7526090354886369,
      "p_gr_above_local_ref": 0.10106,
      "p_gr_below_local_ref": 0.89894,
      "p_gr_below_planck_ref": 0.39679,
      "z_anchor": 0.5
    },
    {
      "apparent_gr_bias_vs_true": {
        "max": 14.290878662480438,
        "mean": -1.2810304480896337,
        "min": -10.919941984686417,
        "p16": -4.046087342133038,
        "p50": -1.6142994814988327,
        "p84": 1.5127824008597504,
        "sd": 2.896187820873885
      },
      "delta_local_minus_highz_gr": {
        "max": 19.71910333398197,
        "mean": 3.6599222685759223,
        "min": -18.838676901041993,
        "p16": -0.27483037915817243,
        "p50": 3.898432226780649,
        "p84": 7.581051809971303,
        "sd": 3.9926479483923205
      },
      "delta_local_minus_highz_mg": {
        "max": 15.866688614319465,
        "mean": 2.3760725200240134,
        "min": -11.629810251014462,
        "p16": -0.7099026750700005,
        "p50": 2.309492922743445,
        "p84": 5.514140961438898,
        "sd": 3.1803252411588936
      },
      "h0_highz_gr": {
        "max": 89.20765829322127,
        "mean": 69.3392088245826,
        "min": 55.473259238422834,
        "p16": 65.52426051073256,
        "p50": 69.06652946408735,
        "p84": 73.14936859467453,
        "sd": 3.8638634516145913
      },
      "h0_highz_mg": {
        "max": 83.33920729674753,
        "mean": 70.6230585731345,
        "min": 57.690801631382826,
        "p16": 67.61731064102275,
        "p50": 70.702112194985,
        "p84": 73.51932535239257,
        "sd": 3.018904997502189
      },
      "h0_local_obs": {
        "max": 77.55623939228924,
        "mean": 72.99913109315851,
        "min": 68.85968194942654,
        "p16": 72.00649072787031,
        "p50": 73.00123580323978,
        "p84": 73.98829869339282,
        "sd": 0.9992469166182215
      },
      "local_minus_highz_gr_sigma": 0.9170047746587807,
      "local_minus_highz_mg_sigma": 0.7471413655991002,
      "p_gr_above_local_ref": 0.16915,
      "p_gr_below_local_ref": 0.83085,
      "p_gr_below_planck_ref": 0.31562,
      "z_anchor": 0.62
    }
  ],
  "draws_total": 1600,
  "draws_used": 1600,
  "h0_posterior_mg_truth": {
    "max": 81.12434628314327,
    "mean": 70.6139339829599,
    "min": 60.40119844002723,
    "p16": 67.71835091504013,