{
  "apparent_gr_bias_vs_true": {
    "max": 10.219982057694764,
    "mean": -2.178348079924,
    "min": -9.732364216919308,
    "p16": -4.601848937937834,
    "p50": -2.4070857590568124,
    "p84": 0.2819137896479259,
    "sd": 2.4782775820256386
  },
  "delta_local_minus_highz_gr": {
    "max": 20.13793240086556,
    "mean": 4.832126305360185,
    "min": -12.593924517328148,
    "p16": 1.2843204792352487,
    "p50": 4.973171330134527,
    "p84": 8.414153883031224,
    "sd": 3.6142077200025073
  },
  "delta_local_minus_highz_mg": {
    "max": 15.844006752629255,
    "mean": 2.6545286822541234,
    "min": -11.375615445086211,
    "p16": -0.39772043538455365,
    "p50": 2.6926561205957427,
    "p84": 5.759164738190483,
    "sd": 3.136182205344022
  },
  "h0_highz_gr": {
    "max": 84.45081286215193,
    "mean": 68.41621261786314,
    "min": 55.222854176419226,
    "p16": 64.95456653192906,
    "p50": 68.25372862304208,
    "p84": 71.81096455488685,
    "sd": 3.4750843867639745
  },
  "h0_highz_mg": {
    "max": 83.09159041341066,
    "mean": 70.5938102409692,
    "min": 59.4400527132494,
    "p16": 67.62822620472323,
    "p50": 70.55895386610668,
    "p84": 73.46617496109309,
    "sd": 2.9757398401405237
  },
  "h0_local_obs": {
    "max": 77.83752062173343,
    "mean": 73.24833892322333,
    "min": 68.76046800319604,
    "p16": 72.2514442950262,
    "p50": 73.24965021856714,
    "p84": 74.24155914904047,
    "sd": 0.9992857600892707
  },
  "local_minus_highz_gr_sigma": 1.3362795111039372,
  "local_minus_highz_mg_sigma": 0.8455873940084451,
  "p_gr_above_local_ref": 0.09283,
  "p_gr_below_local_ref": 0.90717,
  "p_gr_below_planck_ref": 0.40329,
  "z_anchor": 0.5
}
