{
  "apparent_gr_bias_vs_true": {
    "max": 7.1381537217079085,
    "mean": -2.3793469466057773,
    "min": -8.366923763199978,
    "p16": -4.299291491910228,
    "p50": -2.574818225512285,
    "p84": -0.4071437422132991,
    "sd": 1.9800386335603877
  },
  "delta_local_minus_highz_gr": {
    "max": 18.47084696233736,
    "mean": 5.038390394662864,
    "min": -10.70314540271535,
    "p16": 1.7981242539224747,
    "p50": 5.126604266946401,
    "p84": 8.31789050641516,
    "sd": 3.3201838694264056
  },
  "delta_local_minus_highz_mg": {
    "max": 16.803522047878076,
    "mean": 2.655700997162558,
    "min": -11.428695616261535,
    "p16": -0.3919518182048796,
    "p50": 2.682801665192052,
    "p84": 5.738604716526881,
    "sd": 3.121501279482913
  },
  "h0_highz_gr": {
    "max": 82.39228842324133,
    "mean": 68.21755965190543,
    "min": 55.876314956381655,
    "p16": 65.09391833104652,
    "p50": 68.14049267996127,
    "p84": 71.2993642910863,
    "sd": 3.1648842243900845
  },
  "h0_highz_mg": {
    "max": 82.96317375220897,
    "mean": 70.60024904940573,
    "min": 59.38445048526705,
    "p16": 67.64739967882892,
    "p50": 70.5716335920219,
    "p84": 73.44956113718547,
    "sd": 2.9568525786290536
  },
  "h0_local_obs": {
    "max": 78.06451100341963,
    "mean": 73.2559500465683,
    "min": 69.07022126001888,
    "p16": 72.26006584333592,
    "p50": 73.26029616962683,
    "p84": 74.24895003587466,
    "sd": 0.9983281680809303
  },
  "local_minus_highz_gr_sigma": 1.5179943342484994,
  "local_minus_highz_mg_sigma": 0.8508114661932169,
  "p_gr_above_local_ref": 0.06602,
  "p_gr_below_local_ref": 0.93398,
  "p_gr_below_planck_ref": 0.40352,
  "z_anchor": 0.35
}
