{
  "apparent_gr_bias_vs_true": {
    "max": 11.392827585204003,
    "mean": -1.2434543991877496,
    "min": -9.857405849006184,
    "p16": -4.120955661683764,
    "p50": -1.4863862225771314,
    "p84": 1.6144364566256848,
    "sd": 2.9149293543100825
  },
  "delta_local_minus_highz_gr": {
    "max": 18.858756557962394,
    "mean": 3.8917977084624518,
    "min": -14.235617166006747,
    "p16": -0.03930578186361344,
    "p50": 4.094106976090345,
    "p84": 7.843127858683455,
    "sd": 3.95536145038793
  },
  "delta_local_minus_highz_mg": {
    "max": 15.2185035961447,
    "mean": 2.649103883848159,
    "min": -10.400362800833292,
    "p16": -0.3827832246489345,
    "p50": 2.6942880390519264,
    "p84": 5.744956993723211,
    "sd": 3.1265277320829163
  },
  "h0_highz_gr": {
    "max": 86.39223236488414,
    "mean": 69.36008945703684,
    "min": 55.66754003679618,
    "p16": 65.53278146985731,
    "p50": 69.11443444721763,
    "p84": 73.17322222407888,
    "sd": 3.8270149809169345
  },
  "h0_highz_mg": {
    "max": 82.82191362130813,
    "mean": 70.60278328165113,
    "min": 59.1984994352737,
    "p16": 67.65290082160176,
    "p50": 70.56159393836073,
    "p84": 73.4683086481987,
    "sd": 2.9638012341092255
  },
  "h0_local_obs": {
    "max": 77.5216306776666,
    "mean": 73.25188716549928,
    "min": 67.5690100584767,
    "p16": 72.25497876217935,
    "p50": 73.24764890578214,
    "p84": 74.24934980468429,
    "sd": 1.0021482569244688
  },
  "local_minus_highz_gr_sigma": 0.9838932680149889,
  "local_minus_highz_mg_sigma": 0.8469117414363262,
  "p_gr_above_local_ref": 0.17072,
  "p_gr_below_local_ref": 0.82928,
  "p_gr_below_planck_ref": 0.32079,
  "z_anchor": 0.62
}
