{
  "apparent_gr_bias_vs_true": {
    "max": 4.988412372158052,
    "mean": -1.7617769615100562,
    "min": -6.175665541039521,
    "p16": -3.072426474854171,
    "p50": -1.8656314215445065,
    "p84": -0.42433391374876894,
    "sd": 1.344516800433475
  },
  "delta_local_minus_highz_gr": {
    "max": 17.020131838466057,
    "mean": 4.415004228744267,
    "min": -8.496168409123598,
    "p16": 1.4043964295530633,
    "p50": 4.436187528493875,
    "p84": 7.4854452187209235,
    "sd": 3.1146698561537827
  },
  "delta_local_minus_highz_mg": {
    "max": 14.819246778697867,
    "mean": 2.6551454712403273,
    "min": -10.730506542262162,
    "p16": -0.3634798998025553,
    "p50": 2.697914967282564,
    "p84": 5.7591111332296805,
    "sd": 3.133681836022003
  },
  "h0_highz_gr": {
    "max": 81.31335893479807,
    "mean": 68.83256256852499,
    "min": 57.00375364898392,
    "p16": 65.93899861383382,
    "p50": 68.8043239492635,
    "p84": 71.68973956163951,
    "sd": 2.9542149071953903
  },
  "h0_highz_mg": {
    "max": 83.54645091868731,
    "mean": 70.59242132602893,
    "min": 59.03415649210929,
    "p16": 67.65005539900693,
    "p50": 70.55583631640656,
    "p84": 73.4528374592199,
    "sd": 2.9719765264211455
  },
  "h0_local_obs": {
    "max": 77.60266400890598,
    "mean": 73.24756679726927,
    "min": 68.64826112919191,
    "p16": 72.2465765875123,
    "p50": 73.24913564198548,
    "p84": 74.24335351038994,
    "sd": 1.0036861406738944
  },
  "local_minus_highz_gr_sigma": 1.4155755579687468,
  "local_minus_highz_mg_sigma": 0.8467459970488161,
  "p_gr_above_local_ref": 0.07434,
  "p_gr_below_local_ref": 0.92566,
  "p_gr_below_planck_ref": 0.31433,
  "z_anchor": 0.2
}
