{
  "anchor_results": [
    {
      "apparent_gr_bias_vs_true": {
        "max": 4.988412372158052,
        "mean": -1.7617769615100562,
        "min": -6.175665541039521,
        "p16": -3.072426474854171,
        "p50": -1.8656314215445065,
        "p84": -0.42433391374876894,
        "sd": 1.344516800433475
      },
      "delta_local_minus_highz_gr": {
        "max": 17.020131838466057,
        "mean": 4.415004228744267,
        "min": -8.496168409123598,
        "p16": 1.4043964295530633,
        "p50": 4.436187528493875,
        "p84": 7.4854452187209235,
        "sd": 3.1146698561537827
      },
      "delta_local_minus_highz_mg": {
        "max": 14.819246778697867,
        "mean": 2.6551454712403273,
        "min": -10.730506542262162,
        "p16": -0.3634798998025553,
        "p50": 2.697914967282564,
        "p84": 5.7591111332296805,
        "sd": 3.133681836022003
      },
      "h0_highz_gr": {
        "max": 81.31335893479807,
        "mean": 68.83256256852499,
        "min": 57.00375364898392,
        "p16": 65.93899861383382,
        "p50": 68.8043239492635,
        "p84": 71.68973956163951,
        "sd": 2.9542149071953903
      },
      "h0_highz_mg": {
        "max": 83.54645091868731,
        "mean": 70.59242132602893,
        "min": 59.03415649210929,
        "p16": 67.65005539900693,
        "p50": 70.55583631640656,
        "p84": 73.4528374592199,
        "sd": 2.9719765264211455
      },
      "h0_local_obs": {
        "max": 77.60266400890598,
        "mean": 73.24756679726927,
        "min": 68.64826112919191,
        "p16": 72.2465765875123,
        "p50": 73.24913564198548,
        "p84": 74.24335351038994,
        "sd": 1.0036861406738944
      },
      "local_minus_highz_gr_sigma": 1.4155755579687468,
      "local_minus_highz_mg_sigma": 0.8467459970488161,
      "p_gr_above_local_ref": 0.07434,
      "p_gr_below_local_ref": 0.92566,
      "p_gr_below_planck_ref": 0.31433,
      "z_anchor": 0.2
    },
    {
      "apparent_gr_bias_vs_true": {
        "max": 7.1381537217079085,
        "mean": -2.3793469466057773,
        "min": -8.366923763199978,
        "p16": -4.299291491910228,
        "p50": -2.574818225512285,
        "p84": -0.4071437422132991,
        "sd": 1.9800386335603877
      },
      "delta_local_minus_highz_gr": {
        "max": 18.47084696233736,
        "mean": 5.038390394662864,
        "min": -10.70314540271535,
        "p16": 1.7981242539224747,
        "p50": 5.126604266946401,
        "p84": 8.31789050641516,
        "sd": 3.3201838694264056
      },
      "delta_local_minus_highz_mg": {
        "max": 16.803522047878076,
        "mean": 2.655700997162558,
        "min": -11.428695616261535,
        "p16": -0.3919518182048796,
        "p50": 2.682801665192052,
        "p84": 5.738604716526881,
        "sd": 3.121501279482913
      },
      "h0_highz_gr": {
        "max": 82.39228842324133,
        "mean": 68.21755965190543,
        "min": 55.876314956381655,
        "p16": 65.09391833104652,
        "p50": 68.14049267996127,
        "p84": 71.2993642910863,
        "sd": 3.1648842243900845
      },
      "h0_highz_mg": {
        "max": 82.96317375220897,
        "mean": 70.60024904940573,
        "min": 59.38445048526705,
        "p16": 67.64739967882892,
        "p50": 70.5716335920219,
        "p84": 73.44956113718547,
        "sd": 2.9568525786290536
      },
      "h0_local_obs": {
        "max": 78.06451100341963,
        "mean": 73.2559500465683,
        "min": 69.07022126001888,
        "p16": 72.26006584333592,
        "p50": 73.26029616962683,
        "p84": 74.24895003587466,
        "sd": 0.9983281680809303
      },
      "local_minus_highz_gr_sigma": 1.5179943342484994,
      "local_minus_highz_mg_sigma": 0.8508114661932169,
      "p_gr_above_local_ref": 0.06602,
      "p_gr_below_local_ref": 0.93398,
      "p_gr_below_planck_ref": 0.40352,
      "z_anchor": 0.35
    },
    {
      "apparent_gr_bias_vs_true": {
        "max": 10.219982057694764,
        "mean": -2.178348079924,
        "min": -9.732364216919308,
        "p16": -4.601848937937834,
        "p50": -2.4070857590568124,
        "p84": 0.2819137896479259,
        "sd": 2.4782775820256386
      },
      "delta_local_minus_highz_gr": {
        "max": 20.13793240086556,
        "mean": 4.832126305360185,
        "min": -12.593924517328148,
        "p16": 1.2843204792352487,
        "p50": 4.973171330134527,
        "p84": 8.414153883031224,
        "sd": 3.6142077200025073
      },
      "delta_local_minus_highz_mg": {
        "max": 15.844006752629255,
        "mean": 2.6545286822541234,
        "min": -11.375615445086211,
        "p16": -0.39772043538455365,
        "p50": 2.6926561205957427,
        "p84": 5.759164738190483,
        "sd": 3.136182205344022
      },
      "h0_highz_gr": {
        "max": 84.45081286215193,
        "mean": 68.41621261786314,
        "min": 55.222854176419226,
        "p16": 64.95456653192906,
        "p50": 68.25372862304208,
        "p84": 71.81096455488685,
        "sd": 3.4750843867639745
      },
      "h0_highz_mg": {
        "max": 83.09159041341066,
        "mean": 70.5938102409692,
        "min": 59.4400527132494,
        "p16": 67.62822620472323,
        "p50": 70.55895386610668,
        "p84": 73.46617496109309,
        "sd": 2.9757398401405237
      },
      "h0_local_obs": {
        "max": 77.83752062173343,
        "mean": 73.24833892322333,
        "min": 68.76046800319604,
        "p16": 72.2514442950262,
        "p50": 73.24965021856714,
        "p84": 74.24155914904047,
        "sd": 0.9992857600892707
      },
      "local_minus_highz_gr_sigma": 1.3362795111039372,
      "local_minus_highz_mg_sigma": 0.8455873940084451,
      "p_gr_above_local_ref": 0.09283,
      "p_gr_below_local_ref": 0.90717,
      "p_gr_below_planck_ref": 0.40329,
      "z_anchor": 0.5
    },
    {
      "apparent_gr_bias_vs_true": {
        "max": 11.392827585204003,
        "mean": -1.2434543991877496,
        "min": -9.857405849006184,
        "p16": -4.120955661683764,
        "p50": -1.4863862225771314,
        "p84": 1.6144364566256848,
        "sd": 2.9149293543100825
      },
      "delta_local_minus_highz_gr": {
        "max": 18.858756557962394,
        "mean": 3.8917977084624518,
        "min": -14.235617166006747,
        "p16": -0.03930578186361344,
        "p50": 4.094106976090345,
        "p84": 7.843127858683455,
        "sd": 3.95536145038793
      },
      "delta_local_minus_highz_mg": {
        "max": 15.2185035961447,
        "mean": 2.649103883848159,
        "min": -10.400362800833292,
        "p16": -0.3827832246489345,
        "p50": 2.6942880390519264,
        "p84": 5.744956993723211,
        "sd": 3.1265277320829163
      },
      "h0_highz_gr": {
        "max": 86.39223236488414,
        "mean": 69.36008945703684,
        "min": 55.66754003679618,
        "p16": 65.53278146985731,
        "p50": 69.11443444721763,
        "p84": 73.17322222407888,
        "sd": 3.8270149809169345
      },
      "h0_highz_mg": {
        "max": 82.82191362130813,
        "mean": 70.60278328165113,
        "min": 59.1984994352737,
        "p16": 67.65290082160176,
        "p50": 70.56159393836073,
        "p84": 73.4683086481987,
        "sd": 2.9638012341092255
      },
      "h0_local_obs": {
        "max": 77.5216306776666,
        "mean": 73.25188716549928,
        "min": 67.5690100584767,
        "p16": 72.25497876217935,
        "p50": 73.24764890578214,
        "p84": 74.24934980468429,
        "sd": 1.0021482569244688
      },
      "local_minus_highz_gr_sigma": 0.9838932680149889,
      "local_minus_highz_mg_sigma": 0.8469117414363262,
      "p_gr_above_local_ref": 0.17072,
      "p_gr_below_local_ref": 0.82928,
      "p_gr_below_planck_ref": 0.32079,
      "z_anchor": 0.62
    }
  ],
  "draws_total": 1600,
  "draws_used": 1600,
  "h0_posterior_mg_truth": {
    "max": 81.06264119821896,
    "mean": 70.60034490571202,
    "min": 60.651398709331204,
    "p16": 67.71575777916435,