{
  "grid": {
    "logA_min": 18.87058472328656,
    "logA_max": 18.904736609317965,
    "n": 140
  },
  "weights": {
    "logA0_w": 18.887591982762757
  },
  "m": {
    "mean": -0.09719077047236789,
    "std": 0.16650509153818524,
    "p_gt0": 0.2425,
    "p_abs_lt_eps": 0.025625,
    "eps": 0.01
  },
  "slope": {
    "mean": -0.7142595277047252,
    "std": 0.35404000489865745,
    "p_gt0": 0.028125,
    "p_abs_lt_eps": 0.00125,
    "eps": 0.01
  }
}