{
  "apparent_gr_bias_vs_true": {
    "max": 9.553293765271903,
    "mean": -2.3515722555555154,
    "min": -9.838050551576444,
    "p16": -4.726729650219493,
    "p50": -2.651203222667,
    "p84": 0.07850146286801858,
    "sd": 2.4663085846958808
  },
  "delta_local_minus_highz_gr": {
    "max": 18.935469488589582,
    "mean": 4.481204977958355,
    "min": -13.86471646393376,
    "p16": 0.9095584146085816,
    "p50": 4.652227106370795,
    "p84": 8.076892845404828,
    "sd": 3.652455104864538
  },
  "delta_local_minus_highz_mg": {
    "max": 15.656737984412743,
    "mean": 2.3407485100469603,
    "min": -11.388759888250334,
    "p16": -0.7422528338041655,
    "p50": 2.2756352284308576,
    "p84": 5.485672154835669,
    "sd": 3.1779166962863603
  },
  "h0_highz_gr": {
    "max": 86.08510400202526,
    "mean": 68.27016395178467,
    "min": 55.549381133106806,
    "p16": 64.80145434696891,
    "p50": 68.06307645732332,
    "p84": 71.70206956391392,
    "sd": 3.5130560449233994
  },
  "h0_highz_mg": {
    "max": 83.37768891653305,
    "mean": 70.41062041969606,
    "min": 58.79241446521246,
    "p16": 67.42745636975485,
    "p50": 70.50022590739113,
    "p84": 73.3125668805917,
    "sd": 3.0197184654126232
  },
  "h0_local_obs": {
    "max": 76.66905116415545,
    "mean": 72.75136892974301,
    "min": 68.18575696503498,
    "p16": 71.75557373927333,
    "p50": 72.75110977703612,
    "p84": 73.74695768423862,
    "sd": 1.0025312381590692
  },
  "local_minus_highz_gr_sigma": 1.226849973143131,
  "local_minus_highz_mg_sigma": 0.7358552689840668,
  "p_gr_above_local_ref": 0.09329,
  "p_gr_below_local_ref": 0.90671,
  "p_gr_below_planck_ref": 0.41738,
  "z_anchor": 0.5
}
