{
  "apparent_gr_bias_vs_true": {
    "max": 7.0526128920000986,
    "mean": -2.5487321474842566,
    "min": -8.397387754809273,
    "p16": -4.449929887725085,
    "p50": -2.7422168181522792,
    "p84": -0.612184705420937,
    "sd": 1.953937005559376
  },
  "delta_local_minus_highz_gr": {
    "max": 17.978232871173887,
    "mean": 4.683790571003965,
    "min": -10.931743692907858,
    "p16": 1.404136027646938,
    "p50": 4.793103729628783,
    "p84": 7.98486251470262,
    "sd": 3.359355572853369
  },
  "delta_local_minus_highz_mg": {
    "max": 15.476978058485223,
    "mean": 2.349246967813974,
    "min": -11.584327819307688,
    "p16": -0.7072456771883764,
    "p50": 2.284059359314412,
    "p84": 5.474454978601663,
    "sd": 3.1908361331750825
  },
  "h0_highz_gr": {
    "max": 83.49499332676702,
    "mean": 68.06306720722739,
    "min": 56.506201644946714,
    "p16": 64.9046048463871,
    "p50": 67.92785263989822,
    "p84": 71.15541771284956,
    "sd": 3.201307498481056
  },
  "h0_highz_mg": {
    "max": 83.05075031320195,
    "mean": 70.39761081041739,
    "min": 58.6233142039914,
    "p16": 67.40616822389006,
    "p50": 70.48647537084878,
    "p84": 73.2697990686938,
    "sd": 3.027168902185479
  },
  "h0_local_obs": {
    "max": 77.21789918179971,
    "mean": 72.74685777823136,
    "min": 68.28890215040542,
    "p16": 71.75086273890355,
    "p50": 72.74718914719706,
    "p84": 73.74170382408204,
    "sd": 1.0013876422649501
  },
  "local_minus_highz_gr_sigma": 1.396537741583022,
  "local_minus_highz_mg_sigma": 0.7368882890248855,
  "p_gr_above_local_ref": 0.06656,
  "p_gr_below_local_ref": 0.93344,
  "p_gr_below_planck_ref": 0.42848,
  "z_anchor": 0.35
}
