{
  "apparent_gr_bias_vs_true": {
    "max": 12.818815502673559,
    "mean": -1.4812767288740765,
    "min": -10.71300245356123,
    "p16": -4.247912699384248,
    "p50": -1.8151563800507304,
    "p84": 1.3202505801441125,
    "sd": 2.89911962467423
  },
  "delta_local_minus_highz_gr": {
    "max": 19.167321946022014,
    "mean": 3.6094141728645717,
    "min": -16.997650713117125,
    "p16": -0.30833047359896565,
    "p50": 3.8342956872959277,
    "p84": 7.5101393046184475,
    "sd": 3.9992820743417044
  },
  "delta_local_minus_highz_mg": {
    "max": 15.313571193981623,
    "mean": 2.33777024595421,
    "min": -12.833927887499726,
    "p16": -0.7547055537302276,
    "p50": 2.278703332623415,
    "p84": 5.474237464430208,
    "sd": 3.19460192100306
  },
  "h0_highz_gr": {
    "max": 88.06053716983502,
    "mean": 69.14236244438385,
    "min": 55.25582207258166,
    "p16": 65.34549990763166,
    "p50": 68.87189831710526,
    "p84": 72.93795909575168,
    "sd": 3.865658267700567
  },
  "h0_highz_mg": {
    "max": 83.6602117496907,
    "mean": 70.41400637129422,
    "min": 58.4187544261376,
    "p16": 67.42467301891803,
    "p50": 70.48772448710048,
    "p84": 73.30477278761,
    "sd": 3.0319889007583223
  },
  "h0_local_obs": {
    "max": 77.33714854669827,
    "mean": 72.75177661724842,
    "min": 68.54290365397331,
    "p16": 71.76173185408467,
    "p50": 72.74875213419648,
    "p84": 73.7482457670031,
    "sd": 0.9992777990240559
  },
  "local_minus_highz_gr_sigma": 0.9039562705263873,
  "local_minus_highz_mg_sigma": 0.7322371134003555,
  "p_gr_above_local_ref": 0.15661,
  "p_gr_below_local_ref": 0.84339,
  "p_gr_below_planck_ref": 0.33298,
  "z_anchor": 0.62
}
