{
  "apparent_gr_bias_vs_true": {
    "max": 4.58691892082598,
    "mean": -1.939251786273988,
    "min": -6.874116590250921,
    "p16": -3.2515433715592685,
    "p50": -2.0312805215254244,
    "p84": -0.6097671775813859,
    "sd": 1.3346932267186846
  },
  "delta_local_minus_highz_gr": {
    "max": 16.93456275642641,
    "mean": 4.086376165306784,
    "min": -10.0647990151366,
    "p16": 1.035745674671155,
    "p50": 4.108992225379303,
    "p84": 7.174240454615039,
    "sd": 3.151478578354302
  },
  "delta_local_minus_highz_mg": {
    "max": 15.433647983714131,
    "mean": 2.3589010406641457,
    "min": -10.844168682966156,
    "p16": -0.7105336945370135,
    "p50": 2.279906060794673,
    "p84": 5.490863444210494,
    "sd": 3.188217291167781
  },
  "h0_highz_gr": {
    "max": 81.46539454523646,
    "mean": 68.66842886450786,
    "min": 57.233293172523496,
    "p16": 65.74262212713768,
    "p50": 68.64060976344531,
    "p84": 71.53011630147844,
    "sd": 2.9847552272245284
  },
  "h0_highz_mg": {
    "max": 82.46609314426777,
    "mean": 70.3959039891505,
    "min": 58.73283944923376,
    "p16": 67.41696658133142,
    "p50": 70.48676218423654,
    "p84": 73.27836437873049,
    "sd": 3.025390726161332
  },
  "h0_local_obs": {
    "max": 76.85234254141658,
    "mean": 72.75480502981465,
    "min": 68.50903798307868,
    "p16": 71.76212791395528,
    "p50": 72.75582331987118,
    "p84": 73.74560249139533,
    "sd": 0.9990492589532936
  },
  "local_minus_highz_gr_sigma": 1.2981611419366819,
  "local_minus_highz_mg_sigma": 0.7403085465695851,
  "p_gr_above_local_ref": 0.07154,
  "p_gr_below_local_ref": 0.92846,
  "p_gr_below_planck_ref": 0.32977,
  "z_anchor": 0.2
}
