{
  "anchor_results": [
    {
      "apparent_gr_bias_vs_true": {
        "max": 4.58691892082598,
        "mean": -1.939251786273988,
        "min": -6.874116590250921,
        "p16": -3.2515433715592685,
        "p50": -2.0312805215254244,
        "p84": -0.6097671775813859,
        "sd": 1.3346932267186846
      },
      "delta_local_minus_highz_gr": {
        "max": 16.93456275642641,
        "mean": 4.086376165306784,
        "min": -10.0647990151366,
        "p16": 1.035745674671155,
        "p50": 4.108992225379303,
        "p84": 7.174240454615039,
        "sd": 3.151478578354302
      },
      "delta_local_minus_highz_mg": {
        "max": 15.433647983714131,
        "mean": 2.3589010406641457,
        "min": -10.844168682966156,
        "p16": -0.7105336945370135,
        "p50": 2.279906060794673,
        "p84": 5.490863444210494,
        "sd": 3.188217291167781
      },
      "h0_highz_gr": {
        "max": 81.46539454523646,
        "mean": 68.66842886450786,
        "min": 57.233293172523496,
        "p16": 65.74262212713768,
        "p50": 68.64060976344531,
        "p84": 71.53011630147844,
        "sd": 2.9847552272245284
      },
      "h0_highz_mg": {
        "max": 82.46609314426777,
        "mean": 70.3959039891505,
        "min": 58.73283944923376,
        "p16": 67.41696658133142,
        "p50": 70.48676218423654,
        "p84": 73.27836437873049,
        "sd": 3.025390726161332
      },
      "h0_local_obs": {
        "max": 76.85234254141658,
        "mean": 72.75480502981465,
        "min": 68.50903798307868,
        "p16": 71.76212791395528,
        "p50": 72.75582331987118,
        "p84": 73.74560249139533,
        "sd": 0.9990492589532936
      },
      "local_minus_highz_gr_sigma": 1.2981611419366819,
      "local_minus_highz_mg_sigma": 0.7403085465695851,
      "p_gr_above_local_ref": 0.07154,
      "p_gr_below_local_ref": 0.92846,
      "p_gr_below_planck_ref": 0.32977,
      "z_anchor": 0.2
    },
    {
      "apparent_gr_bias_vs_true": {
        "max": 7.0526128920000986,
        "mean": -2.5487321474842566,
        "min": -8.397387754809273,
        "p16": -4.449929887725085,
        "p50": -2.7422168181522792,
        "p84": -0.612184705420937,
        "sd": 1.953937005559376
      },
      "delta_local_minus_highz_gr": {
        "max": 17.978232871173887,
        "mean": 4.683790571003965,
        "min": -10.931743692907858,
        "p16": 1.404136027646938,
        "p50": 4.793103729628783,
        "p84": 7.98486251470262,
        "sd": 3.359355572853369
      },
      "delta_local_minus_highz_mg": {
        "max": 15.476978058485223,
        "mean": 2.349246967813974,
        "min": -11.584327819307688,
        "p16": -0.7072456771883764,
        "p50": 2.284059359314412,
        "p84": 5.474454978601663,
        "sd": 3.1908361331750825
      },
      "h0_highz_gr": {
        "max": 83.49499332676702,
        "mean": 68.06306720722739,
        "min": 56.506201644946714,
        "p16": 64.9046048463871,
        "p50": 67.92785263989822,
        "p84": 71.15541771284956,
        "sd": 3.201307498481056
      },
      "h0_highz_mg": {
        "max": 83.05075031320195,
        "mean": 70.39761081041739,
        "min": 58.6233142039914,
        "p16": 67.40616822389006,
        "p50": 70.48647537084878,
        "p84": 73.2697990686938,
        "sd": 3.027168902185479
      },
      "h0_local_obs": {
        "max": 77.21789918179971,
        "mean": 72.74685777823136,
        "min": 68.28890215040542,
        "p16": 71.75086273890355,
        "p50": 72.74718914719706,
        "p84": 73.74170382408204,
        "sd": 1.0013876422649501
      },
      "local_minus_highz_gr_sigma": 1.396537741583022,
      "local_minus_highz_mg_sigma": 0.7368882890248855,
      "p_gr_above_local_ref": 0.06656,
      "p_gr_below_local_ref": 0.93344,
      "p_gr_below_planck_ref": 0.42848,
      "z_anchor": 0.35
    },
    {
      "apparent_gr_bias_vs_true": {
        "max": 9.553293765271903,
        "mean": -2.3515722555555154,
        "min": -9.838050551576444,
        "p16": -4.726729650219493,
        "p50": -2.651203222667,
        "p84": 0.07850146286801858,
        "sd": 2.4663085846958808
      },
      "delta_local_minus_highz_gr": {
        "max": 18.935469488589582,
        "mean": 4.481204977958355,
        "min": -13.86471646393376,
        "p16": 0.9095584146085816,
        "p50": 4.652227106370795,
        "p84": 8.076892845404828,
        "sd": 3.652455104864538
      },
      "delta_local_minus_highz_mg": {
        "max": 15.656737984412743,
        "mean": 2.3407485100469603,
        "min": -11.388759888250334,
        "p16": -0.7422528338041655,
        "p50": 2.2756352284308576,
        "p84": 5.485672154835669,
        "sd": 3.1779166962863603
      },
      "h0_highz_gr": {
        "max": 86.08510400202526,
        "mean": 68.27016395178467,
        "min": 55.549381133106806,
        "p16": 64.80145434696891,
        "p50": 68.06307645732332,
        "p84": 71.70206956391392,
        "sd": 3.5130560449233994
      },
      "h0_highz_mg": {
        "max": 83.37768891653305,
        "mean": 70.41062041969606,
        "min": 58.79241446521246,
        "p16": 67.42745636975485,
        "p50": 70.50022590739113,
        "p84": 73.3125668805917,
        "sd": 3.0197184654126232
      },
      "h0_local_obs": {
        "max": 76.66905116415545,
        "mean": 72.75136892974301,
        "min": 68.18575696503498,
        "p16": 71.75557373927333,
        "p50": 72.75110977703612,
        "p84": 73.74695768423862,
        "sd": 1.0025312381590692
      },
      "local_minus_highz_gr_sigma": 1.226849973143131,
      "local_minus_highz_mg_sigma": 0.7358552689840668,
      "p_gr_above_local_ref": 0.09329,
      "p_gr_below_local_ref": 0.90671,
      "p_gr_below_planck_ref": 0.41738,
      "z_anchor": 0.5
    },
    {
      "apparent_gr_bias_vs_true": {
        "max": 12.818815502673559,
        "mean": -1.4812767288740765,
        "min": -10.71300245356123,
        "p16": -4.247912699384248,
        "p50": -1.8151563800507304,
        "p84": 1.3202505801441125,
        "sd": 2.89911962467423
      },
      "delta_local_minus_highz_gr": {
        "max": 19.167321946022014,
        "mean": 3.6094141728645717,
        "min": -16.997650713117125,
        "p16": -0.30833047359896565,
        "p50": 3.8342956872959277,
        "p84": 7.5101393046184475,
        "sd": 3.9992820743417044
      },
      "delta_local_minus_highz_mg": {
        "max": 15.313571193981623,
        "mean": 2.33777024595421,
        "min": -12.833927887499726,
        "p16": -0.7547055537302276,
        "p50": 2.278703332623415,
        "p84": 5.474237464430208,
        "sd": 3.19460192100306
      },
      "h0_highz_gr": {
        "max": 88.06053716983502,
        "mean": 69.14236244438385,
        "min": 55.25582207258166,
        "p16": 65.34549990763166,
        "p50": 68.87189831710526,
        "p84": 72.93795909575168,
        "sd": 3.865658267700567
      },
      "h0_highz_mg": {
        "max": 83.6602117496907,
        "mean": 70.41400637129422,
        "min": 58.4187544261376,
        "p16": 67.42467301891803,
        "p50": 70.48772448710048,
        "p84": 73.30477278761,
        "sd": 3.0319889007583223
      },
      "h0_local_obs": {
        "max": 77.33714854669827,
        "mean": 72.75177661724842,
        "min": 68.54290365397331,
        "p16": 71.76173185408467,
        "p50": 72.74875213419648,
        "p84": 73.7482457670031,
        "sd": 0.9992777990240559
      },
      "local_minus_highz_gr_sigma": 0.9039562705263873,
      "local_minus_highz_mg_sigma": 0.7322371134003555,
      "p_gr_above_local_ref": 0.15661,
      "p_gr_below_local_ref": 0.84339,
      "p_gr_below_planck_ref": 0.33298,
      "z_anchor": 0.62
    }
  ],
  "draws_total": 1600,
  "draws_used": 1600,
  "h0_posterior_mg_truth": {
    "max": 81.12434628314327,
    "mean": 70.6139339829599,
    "min": 60.40119844002723,
    "p16": 67.71835091504013,