{
  "grid": {
    "logA_min": 18.85485798833563,
    "logA_max": 18.943402589571914,
    "n": 140
  },
  "weights": {
    "logA0_w": 18.898571313020298
  },
  "m": {
    "mean": -0.0972433368440201,
    "std": 0.17554189025250144,
    "p_gt0": 0.26625,
    "p_abs_lt_eps": 0.034375,
    "eps": 0.01
  },
  "slope": {
    "mean": -0.6695360757301478,
    "std": 0.35935846608769506,
    "p_gt0": 0.03875,
    "p_abs_lt_eps": 0.00125,
    "eps": 0.01
  }
}