{
  "apparent_gr_bias_vs_true": {
    "max": 11.962193737313456,
    "mean": -1.2625528261682042,
    "min": -9.248145592950351,
    "p16": -3.9957688375379643,
    "p50": -1.6902517281372482,
    "p84": 1.7207656753739349,
    "sd": 2.913532290575438
  },
  "delta_local_minus_highz_gr": {
    "max": 16.880114711043255,
    "mean": 3.0278976134788866,
    "min": -20.452853195082398,
    "p16": -0.9366689132596184,
    "p50": 3.3490931411957803,
    "p84": 6.963969113962312,
    "sd": 4.122456798310577
  },
  "delta_local_minus_highz_mg": {
    "max": 13.470555277366003,
    "mean": 1.5512291508021727,
    "min": -13.518245470613536,
    "p16": -1.5628556605090018,
    "p50": 1.5465230710936524,
    "p84": 4.7321490381204585,
    "sd": 3.2292072154982074
  },
  "h0_highz_gr": {
    "max": 92.99793665282084,
    "mean": 69.72296062422527,
    "min": 57.10745966207951,
    "p16": 65.9051583798312,
    "p50": 69.40415140557548,
    "p84": 73.59643594977756,
    "sd": 4.005565476950269
  },
  "h0_highz_mg": {
    "max": 86.06332892835198,
    "mean": 71.19962908690198,
    "min": 61.17482665205615,
    "p16": 68.18283798562663,
    "p50": 71.22661888894335,
    "p84": 74.14718492950146,
    "sd": 3.0734330995423957
  },
  "h0_local_obs": {
    "max": 77.01036905685454,
    "mean": 72.75085823770415,
    "min": 68.35682339830089,
    "p16": 71.76096076491265,
    "p50": 72.7507864565624,
    "p84": 73.74082952252269,
    "sd": 0.9951251893394782
  },
  "local_minus_highz_gr_sigma": 0.733412579613216,
  "local_minus_highz_mg_sigma": 0.47995567751159074,
  "p_gr_above_local_ref": 0.18854,
  "p_gr_below_local_ref": 0.81146,
  "p_gr_below_planck_ref": 0.2849,
  "z_anchor": 0.62
}
