{
  "apparent_gr_bias_vs_true": {
    "max": 9.172431144200985,
    "mean": -2.1348464402472622,
    "min": -9.106331334705203,
    "p16": -4.461522016042778,
    "p50": -2.468479396158102,
    "p84": 0.3639742629220043,
    "sd": 2.4691032889124047
  },
  "delta_local_minus_highz_gr": {
    "max": 17.06634709532318,
    "mean": 3.9138035911466145,
    "min": -17.872676550818,
    "p16": 0.3243287309398983,
    "p50": 4.182228209496472,
    "p84": 7.482552522178234,
    "sd": 3.7460008633527266
  },
  "delta_local_minus_highz_mg": {
    "max": 12.58282389037052,
    "mean": 1.5649839069626674,
    "min": -14.894492389598199,
    "p16": -1.5526310939094412,
    "p50": 1.5692478539843435,
    "p84": 4.759780089971549,
    "sd": 3.2298909177164385
  },
  "h0_highz_gr": {
    "max": 89.30774812658832,
    "mean": 68.83930223669245,
    "min": 56.72186205845021,
    "p16": 65.43040774174807,
    "p50": 68.55777015958863,
    "p84": 72.29245396000357,
    "sd": 3.6143867190361374
  },
  "h0_highz_mg": {
    "max": 86.3189741673068,
    "mean": 71.1881219208764,
    "min": 60.64327932882401,
    "p16": 68.16214273491511,
    "p50": 71.21034377874591,
    "p84": 74.13279123282719,
    "sd": 3.074104610571371
  },
  "h0_local_obs": {
    "max": 77.03183470592842,
    "mean": 72.75310582783906,
    "min": 68.0955125382889,
    "p16": 71.7593371870641,
    "p50": 72.75311613133854,
    "p84": 73.75275027417024,
    "sd": 0.9985635048211319
  },
  "local_minus_highz_gr_sigma": 1.043633040499847,
  "local_minus_highz_mg_sigma": 0.48411579761837276,
  "p_gr_above_local_ref": 0.12633,
  "p_gr_below_local_ref": 0.87367,
  "p_gr_below_planck_ref": 0.35772,
  "z_anchor": 0.5
}
