{
  "apparent_gr_bias_vs_true": {
    "max": 4.461143252914852,
    "mean": -1.6142325698121485,
    "min": -6.749251414423981,
    "p16": -2.904477276231999,
    "p50": -1.714258157351992,
    "p84": -0.30966009690226926,
    "sd": 1.3317987465117855
  },
  "delta_local_minus_highz_gr": {
    "max": 16.029638670215846,
    "mean": 3.3934942539521935,
    "min": -13.452170630985847,
    "p16": 0.27582610188941714,
    "p50": 3.484391799990945,
    "p84": 6.539375122447661,
    "sd": 3.209660128075345
  },
  "delta_local_minus_highz_mg": {
    "max": 14.146056128558314,
    "mean": 1.5598026885919625,
    "min": -13.838093415762017,
    "p16": -1.5711383579017797,
    "p50": 1.5744284015568297,
    "p84": 4.749526899677571,
    "sd": 3.2220425134253663
  },
  "h0_highz_gr": {
    "max": 85.68103604731724,
    "mean": 69.355537831616,
    "min": 59.23331884548877,
    "p16": 66.37065801289651,
    "p50": 69.24723454668273,
    "p84": 72.3211169069847,
    "sd": 3.0513836171130615
  },
  "h0_highz_mg": {
    "max": 86.0731641394129,
    "mean": 71.18922939697624,
    "min": 60.95285508904337,
    "p16": 68.17675842317398,
    "p50": 71.20075795851218,
    "p84": 74.14369298949016,
    "sd": 3.0631923828579404
  },
  "h0_local_obs": {
    "max": 77.19130765827192,
    "mean": 72.7490320855682,
    "min": 68.48527915740685,
    "p16": 71.7549006353023,
    "p50": 72.74779535071099,
    "p84": 73.74008212567135,
    "sd": 0.9998011253671084
  },
  "local_minus_highz_gr_sigma": 1.056812512567143,
  "local_minus_highz_mg_sigma": 0.48406663720857557,
  "p_gr_above_local_ref": 0.11316,
  "p_gr_below_local_ref": 0.88684,
  "p_gr_below_planck_ref": 0.26459,
  "z_anchor": 0.2
}
