{
  "apparent_gr_bias_vs_true": {
    "max": 6.623094410755087,
    "mean": -2.300967467746066,
    "min": -8.147353104627058,
    "p16": -4.166783356178146,
    "p50": -2.510906764475102,
    "p84": -0.37402079260964993,
    "sd": 1.9470875349053172
  },
  "delta_local_minus_highz_gr": {
    "max": 16.250974243251008,
    "mean": 4.067003256702307,
    "min": -15.909857050220609,
    "p16": 0.744756205478331,
    "p50": 4.267214579335885,
    "p84": 7.361702228058176,
    "sd": 3.4328056810594028
  },
  "delta_local_minus_highz_mg": {
    "max": 13.151235901007034,
    "mean": 1.5564177513100006,
    "min": -15.467788140164146,
    "p16": -1.5712409820732107,
    "p50": 1.5467942890778446,
    "p84": 4.744303249987615,
    "sd": 3.223787610111116
  },
  "h0_highz_gr": {
    "max": 86.56742027578385,
    "mean": 68.68681910693924,
    "min": 57.248094135437455,
    "p16": 65.55372284471407,
    "p50": 68.46477454360495,
    "p84": 71.84411265519162,
    "sd": 3.2884701394665767
  },
  "h0_highz_mg": {
    "max": 86.1182438528986,
    "mean": 71.19740461233154,
    "min": 61.369464220200065,
    "p16": 68.1909303781297,
    "p50": 71.22484514660385,
    "p84": 74.1315794091405,
    "sd": 3.0691463377633896
  },
  "h0_local_obs": {
    "max": 77.50484005025669,
    "mean": 72.75382236364155,
    "min": 68.55804646832789,
    "p16": 71.76259967363485,
    "p50": 72.75278756312721,
    "p84": 73.7433282130919,
    "sd": 0.9989777724429502
  },
  "local_minus_highz_gr_sigma": 1.1832469067873235,
  "local_minus_highz_mg_sigma": 0.4821691468850834,
  "p_gr_above_local_ref": 0.09858,
  "p_gr_below_local_ref": 0.90142,
  "p_gr_below_planck_ref": 0.36035,
  "z_anchor": 0.35
}
