{
  "anchor_results": [
    {
      "apparent_gr_bias_vs_true": {
        "max": 4.461143252914852,
        "mean": -1.6142325698121485,
        "min": -6.749251414423981,
        "p16": -2.904477276231999,
        "p50": -1.714258157351992,
        "p84": -0.30966009690226926,
        "sd": 1.3317987465117855
      },
      "delta_local_minus_highz_gr": {
        "max": 16.029638670215846,
        "mean": 3.3934942539521935,
        "min": -13.452170630985847,
        "p16": 0.27582610188941714,
        "p50": 3.484391799990945,
        "p84": 6.539375122447661,
        "sd": 3.209660128075345
      },
      "delta_local_minus_highz_mg": {
        "max": 14.146056128558314,
        "mean": 1.5598026885919625,
        "min": -13.838093415762017,
        "p16": -1.5711383579017797,
        "p50": 1.5744284015568297,
        "p84": 4.749526899677571,
        "sd": 3.2220425134253663
      },
      "h0_highz_gr": {
        "max": 85.68103604731724,
        "mean": 69.355537831616,
        "min": 59.23331884548877,
        "p16": 66.37065801289651,
        "p50": 69.24723454668273,
        "p84": 72.3211169069847,
        "sd": 3.0513836171130615
      },
      "h0_highz_mg": {
        "max": 86.0731641394129,
        "mean": 71.18922939697624,
        "min": 60.95285508904337,
        "p16": 68.17675842317398,
        "p50": 71.20075795851218,
        "p84": 74.14369298949016,
        "sd": 3.0631923828579404
      },
      "h0_local_obs": {
        "max": 77.19130765827192,
        "mean": 72.7490320855682,
        "min": 68.48527915740685,
        "p16": 71.7549006353023,
        "p50": 72.74779535071099,
        "p84": 73.74008212567135,
        "sd": 0.9998011253671084
      },
      "local_minus_highz_gr_sigma": 1.056812512567143,
      "local_minus_highz_mg_sigma": 0.48406663720857557,
      "p_gr_above_local_ref": 0.11316,
      "p_gr_below_local_ref": 0.88684,
      "p_gr_below_planck_ref": 0.26459,
      "z_anchor": 0.2
    },
    {
      "apparent_gr_bias_vs_true": {
        "max": 6.623094410755087,
        "mean": -2.300967467746066,
        "min": -8.147353104627058,
        "p16": -4.166783356178146,
        "p50": -2.510906764475102,
        "p84": -0.37402079260964993,
        "sd": 1.9470875349053172
      },
      "delta_local_minus_highz_gr": {
        "max": 16.250974243251008,
        "mean": 4.067003256702307,
        "min": -15.909857050220609,
        "p16": 0.744756205478331,
        "p50": 4.267214579335885,
        "p84": 7.361702228058176,
        "sd": 3.4328056810594028
      },
      "delta_local_minus_highz_mg": {
        "max": 13.151235901007034,
        "mean": 1.5564177513100006,
        "min": -15.467788140164146,
        "p16": -1.5712409820732107,
        "p50": 1.5467942890778446,
        "p84": 4.744303249987615,
        "sd": 3.223787610111116
      },
      "h0_highz_gr": {
        "max": 86.56742027578385,
        "mean": 68.68681910693924,
        "min": 57.248094135437455,
        "p16": 65.55372284471407,
        "p50": 68.46477454360495,
        "p84": 71.84411265519162,
        "sd": 3.2884701394665767
      },
      "h0_highz_mg": {
        "max": 86.1182438528986,
        "mean": 71.19740461233154,
        "min": 61.369464220200065,
        "p16": 68.1909303781297,
        "p50": 71.22484514660385,
        "p84": 74.1315794091405,
        "sd": 3.0691463377633896
      },
      "h0_local_obs": {
        "max": 77.50484005025669,
        "mean": 72.75382236364155,
        "min": 68.55804646832789,
        "p16": 71.76259967363485,
        "p50": 72.75278756312721,
        "p84": 73.7433282130919,
        "sd": 0.9989777724429502
      },
      "local_minus_highz_gr_sigma": 1.1832469067873235,
      "local_minus_highz_mg_sigma": 0.4821691468850834,
      "p_gr_above_local_ref": 0.09858,
      "p_gr_below_local_ref": 0.90142,
      "p_gr_below_planck_ref": 0.36035,
      "z_anchor": 0.35
    },
    {
      "apparent_gr_bias_vs_true": {
        "max": 9.172431144200985,
        "mean": -2.1348464402472622,
        "min": -9.106331334705203,
        "p16": -4.461522016042778,
        "p50": -2.468479396158102,
        "p84": 0.3639742629220043,
        "sd": 2.4691032889124047
      },
      "delta_local_minus_highz_gr": {
        "max": 17.06634709532318,
        "mean": 3.9138035911466145,
        "min": -17.872676550818,
        "p16": 0.3243287309398983,
        "p50": 4.182228209496472,
        "p84": 7.482552522178234,
        "sd": 3.7460008633527266
      },
      "delta_local_minus_highz_mg": {
        "max": 12.58282389037052,
        "mean": 1.5649839069626674,
        "min": -14.894492389598199,
        "p16": -1.5526310939094412,
        "p50": 1.5692478539843435,
        "p84": 4.759780089971549,
        "sd": 3.2298909177164385
      },
      "h0_highz_gr": {
        "max": 89.30774812658832,
        "mean": 68.83930223669245,
        "min": 56.72186205845021,
        "p16": 65.43040774174807,
        "p50": 68.55777015958863,
        "p84": 72.29245396000357,
        "sd": 3.6143867190361374
      },
      "h0_highz_mg": {
        "max": 86.3189741673068,
        "mean": 71.1881219208764,
        "min": 60.64327932882401,
        "p16": 68.16214273491511,
        "p50": 71.21034377874591,
        "p84": 74.13279123282719,
        "sd": 3.074104610571371
      },
      "h0_local_obs": {
        "max": 77.03183470592842,
        "mean": 72.75310582783906,
        "min": 68.0955125382889,
        "p16": 71.7593371870641,
        "p50": 72.75311613133854,
        "p84": 73.75275027417024,
        "sd": 0.9985635048211319
      },
      "local_minus_highz_gr_sigma": 1.043633040499847,
      "local_minus_highz_mg_sigma": 0.48411579761837276,
      "p_gr_above_local_ref": 0.12633,
      "p_gr_below_local_ref": 0.87367,
      "p_gr_below_planck_ref": 0.35772,
      "z_anchor": 0.5
    },
    {
      "apparent_gr_bias_vs_true": {
        "max": 11.962193737313456,
        "mean": -1.2625528261682042,
        "min": -9.248145592950351,
        "p16": -3.9957688375379643,
        "p50": -1.6902517281372482,
        "p84": 1.7207656753739349,
        "sd": 2.913532290575438
      },
      "delta_local_minus_highz_gr": {
        "max": 16.880114711043255,
        "mean": 3.0278976134788866,
        "min": -20.452853195082398,
        "p16": -0.9366689132596184,
        "p50": 3.3490931411957803,
        "p84": 6.963969113962312,
        "sd": 4.122456798310577
      },
      "delta_local_minus_highz_mg": {
        "max": 13.470555277366003,
        "mean": 1.5512291508021727,
        "min": -13.518245470613536,
        "p16": -1.5628556605090018,
        "p50": 1.5465230710936524,
        "p84": 4.7321490381204585,
        "sd": 3.2292072154982074
      },
      "h0_highz_gr": {
        "max": 92.99793665282084,
        "mean": 69.72296062422527,
        "min": 57.10745966207951,
        "p16": 65.9051583798312,
        "p50": 69.40415140557548,
        "p84": 73.59643594977756,
        "sd": 4.005565476950269
      },
      "h0_highz_mg": {
        "max": 86.06332892835198,
        "mean": 71.19962908690198,
        "min": 61.17482665205615,
        "p16": 68.18283798562663,
        "p50": 71.22661888894335,
        "p84": 74.14718492950146,
        "sd": 3.0734330995423957
      },
      "h0_local_obs": {
        "max": 77.01036905685454,
        "mean": 72.75085823770415,
        "min": 68.35682339830089,
        "p16": 71.76096076491265,
        "p50": 72.7507864565624,
        "p84": 73.74082952252269,
        "sd": 0.9951251893394782
      },
      "local_minus_highz_gr_sigma": 0.733412579613216,
      "local_minus_highz_mg_sigma": 0.47995567751159074,
      "p_gr_above_local_ref": 0.18854,
      "p_gr_below_local_ref": 0.81146,
      "p_gr_below_planck_ref": 0.2849,
      "z_anchor": 0.62
    }
  ],
  "draws_total": 1600,
  "draws_used": 1600,
  "h0_posterior_mg_truth": {
    "max": 83.833891578275,
    "mean": 70.9809853903875,
    "min": 62.52211725111513,
    "p16": 68.10255835254144,