{
  "apparent_gr_bias_vs_true": {
    "max": 11.729040409584272,
    "mean": -1.4524436651427217,
    "min": -10.535694689969652,
    "p16": -4.3216503469444945,
    "p50": -1.702442130262213,
    "p84": 1.4107704281976379,
    "sd": 2.911175551230567
  },
  "delta_local_minus_highz_gr": {
    "max": 19.034954880120857,
    "mean": 4.0815434334358525,
    "min": -13.343516055020217,
    "p16": 0.17508481425626657,
    "p50": 4.281359973691636,
    "p84": 8.020272703752255,
    "sd": 3.946711121414124
  },
  "delta_local_minus_highz_mg": {
    "max": 14.79516571187871,
    "mean": 2.8407549834384245,
    "min": -10.127833669267247,
    "p16": -0.17976619444480546,
    "p50": 2.8879015281091682,
    "p84": 5.924259735676646,
    "sd": 3.1151722434206426
  },
  "h0_highz_gr": {
    "max": 85.99780285999587,
    "mean": 69.1649406612565,
    "min": 54.99532563622423,
    "p16": 65.35946117297755,
    "p50": 68.91150310911553,
    "p84": 72.94416697055587,
    "sd": 3.8195781886829896
  },
  "h0_highz_mg": {
    "max": 83.04705700610279,
    "mean": 70.40572911125392,
    "min": 58.86004376227828,
    "p16": 67.46509349789387,
    "p50": 70.35404933374244,
    "p84": 73.25503366839996,
    "sd": 2.951798584298578
  },
  "h0_local_obs": {
    "max": 77.40530296518325,
    "mean": 73.24648409469235,
    "min": 68.66947487154161,
    "p16": 72.2509324980056,
    "p50": 73.2459389408474,
    "p84": 74.24185714192322,
    "sd": 1.0000641661582077
  },
  "local_minus_highz_gr_sigma": 1.0337435690808705,
  "local_minus_highz_mg_sigma": 0.9114954697930673,
  "p_gr_above_local_ref": 0.15631,
  "p_gr_below_local_ref": 0.84369,
  "p_gr_below_planck_ref": 0.34147,
  "z_anchor": 0.62
}
