{
  "apparent_gr_bias_vs_true": {
    "max": 8.932701144734637,
    "mean": -2.3530256312193796,
    "min": -9.891782032841945,
    "p16": -4.773538259640411,
    "p50": -2.5805863778065117,
    "p84": 0.1024828360893379,
    "sd": 2.472782581511764
  },
  "delta_local_minus_highz_gr": {
    "max": 18.937658051272777,
    "mean": 5.013341178371538,
    "min": -12.31466161844925,
    "p16": 1.482744844507245,
    "p50": 5.159850954924266,
    "p84": 8.585243951970524,
    "sd": 3.6093217395528394
  },
  "delta_local_minus_highz_mg": {
    "max": 15.02244228809861,
    "mean": 2.8714261450385594,
    "min": -10.647731192092962,
    "p16": -0.15851261695608,
    "p50": 2.918234803244296,
    "p84": 5.948740039406073,
    "sd": 3.12538538223529
  },
  "h0_highz_gr": {
    "max": 84.7971457606785,
    "mean": 68.23339987350937,
    "min": 55.16222410464703,
    "p16": 64.7765646284719,
    "p50": 68.0507804583691,
    "p84": 71.6310651013951,
    "sd": 3.475167613292976
  },
  "h0_highz_mg": {
    "max": 83.03838540629684,
    "mean": 70.37531490684235,
    "min": 58.91465185938289,
    "p16": 67.43747917598402,
    "p50": 70.33214010696763,
    "p84": 73.24881133063413,
    "sd": 2.968337722731951
  },
  "h0_local_obs": {
    "max": 77.47747142831867,
    "mean": 73.2467410518809,
    "min": 68.98634764836122,
    "p16": 72.26066280694468,
    "p50": 73.24848138429766,
    "p84": 74.23865788508326,
    "sd": 0.9973318800970582
  },
  "local_minus_highz_gr_sigma": 1.3863621324019841,
  "local_minus_highz_mg_sigma": 0.9167277423642646,
  "p_gr_above_local_ref": 0.08497,
  "p_gr_below_local_ref": 0.91503,
  "p_gr_below_planck_ref": 0.42439,
  "z_anchor": 0.5
}
