{
  "apparent_gr_bias_vs_true": {
    "max": 4.2515959259675355,
    "mean": -1.9692220056020915,
    "min": -6.926647916613035,
    "p16": -3.285639481761119,
    "p50": -2.0713158829614216,
    "p84": -0.6278020343231046,
    "sd": 1.3467501945613727
  },
  "delta_local_minus_highz_gr": {
    "max": 17.661558802312832,
    "mean": 4.614419151230945,
    "min": -9.152756573803302,
    "p16": 1.5960260667713766,
    "p50": 4.650816303625909,
    "p84": 7.671393709160738,
    "sd": 3.1034591681767387
  },
  "delta_local_minus_highz_mg": {
    "max": 16.872238048842988,
    "mean": 2.8574938817904716,
    "min": -11.329416916041339,
    "p16": -0.1868346710643402,
    "p50": 2.905701380534069,
    "p84": 5.949288412142953,
    "sd": 3.1247379408055855
  },
  "h0_highz_gr": {
    "max": 81.59329770484192,
    "mean": 68.63607366446429,
    "min": 56.824832725021764,
    "p16": 65.76886751603354,
    "p50": 68.59689969436742,
    "p84": 71.47310485003392,
    "sd": 2.933862751149739
  },
  "h0_highz_mg": {
    "max": 82.99351491832485,
    "mean": 70.39299893390476,
    "min": 58.69836982357658,
    "p16": 67.45376676206175,
    "p50": 70.34294954372618,
    "p84": 73.26300661518226,
    "sd": 2.9564706121765765
  },
  "h0_local_obs": {
    "max": 77.98279998415269,
    "mean": 73.25049281569524,
    "min": 69.20734405646346,
    "p16": 72.25897997150123,
    "p50": 73.2482831700966,
    "p84": 74.24020237332904,
    "sd": 0.9980398280966261
  },
  "local_minus_highz_gr_sigma": 1.4887120373503224,
  "local_minus_highz_mg_sigma": 0.9155663303672378,
  "p_gr_above_local_ref": 0.06639,
  "p_gr_below_local_ref": 0.93361,
  "p_gr_below_planck_ref": 0.33888,
  "z_anchor": 0.2
}
