{
  "apparent_gr_bias_vs_true": {
    "max": 7.065864807046992,
    "mean": -2.5876396160750743,
    "min": -8.640897884597223,
    "p16": -4.50098596543305,
    "p50": -2.7855709534699287,
    "p84": -0.6240122718904603,
    "sd": 1.9755219732345461
  },
  "delta_local_minus_highz_gr": {
    "max": 18.192604657324168,
    "mean": 5.237247817017773,
    "min": -10.45099767718962,
    "p16": 1.991820760996191,
    "p50": 5.321417811187814,
    "p84": 8.513873794318801,
    "sd": 3.3232194836441393
  },
  "delta_local_minus_highz_mg": {
    "max": 16.023079174257653,
    "mean": 2.860452246162011,
    "min": -10.82734528318106,
    "p16": -0.17074173388382802,
    "p50": 2.8932229843551696,
    "p84": 5.954239610812157,
    "sd": 3.1192434379345135
  },
  "h0_highz_gr": {
    "max": 82.35559070672397,
    "mean": 68.01152809765499,
    "min": 55.9061331117714,
    "p16": 64.8891422164739,
    "p50": 67.92199471785523,
    "p84": 71.09988593028305,
    "sd": 3.1690958530658575
  },
  "h0_highz_mg": {
    "max": 82.57929991863958,
    "mean": 70.38832366851075,
    "min": 59.27913102495964,
    "p16": 67.44455380788715,
    "p50": 70.3442031178664,
    "p84": 73.23228655153244,
    "sd": 2.95689986831032
  },
  "h0_local_obs": {
    "max": 78.77389621925163,
    "mean": 73.24877591467276,
    "min": 68.98721983948838,
    "p16": 72.25387099063538,
    "p50": 73.24719595250397,
    "p84": 74.24540720746255,
    "sd": 1.0001967263593434
  },
  "local_minus_highz_gr_sigma": 1.5760002225984235,
  "local_minus_highz_mg_sigma": 0.9163948218232432,
  "p_gr_above_local_ref": 0.05981,
  "p_gr_below_local_ref": 0.94019,
  "p_gr_below_planck_ref": 0.43211,
  "z_anchor": 0.35
}
