{
  "anchor_results": [
    {
      "apparent_gr_bias_vs_true": {
        "max": 4.2515959259675355,
        "mean": -1.9692220056020915,
        "min": -6.926647916613035,
        "p16": -3.285639481761119,
        "p50": -2.0713158829614216,
        "p84": -0.6278020343231046,
        "sd": 1.3467501945613727
      },
      "delta_local_minus_highz_gr": {
        "max": 17.661558802312832,
        "mean": 4.614419151230945,
        "min": -9.152756573803302,
        "p16": 1.5960260667713766,
        "p50": 4.650816303625909,
        "p84": 7.671393709160738,
        "sd": 3.1034591681767387
      },
      "delta_local_minus_highz_mg": {
        "max": 16.872238048842988,
        "mean": 2.8574938817904716,
        "min": -11.329416916041339,
        "p16": -0.1868346710643402,
        "p50": 2.905701380534069,
        "p84": 5.949288412142953,
        "sd": 3.1247379408055855
      },
      "h0_highz_gr": {
        "max": 81.59329770484192,
        "mean": 68.63607366446429,
        "min": 56.824832725021764,
        "p16": 65.76886751603354,
        "p50": 68.59689969436742,
        "p84": 71.47310485003392,
        "sd": 2.933862751149739
      },
      "h0_highz_mg": {
        "max": 82.99351491832485,
        "mean": 70.39299893390476,
        "min": 58.69836982357658,
        "p16": 67.45376676206175,
        "p50": 70.34294954372618,
        "p84": 73.26300661518226,
        "sd": 2.9564706121765765
      },
      "h0_local_obs": {
        "max": 77.98279998415269,
        "mean": 73.25049281569524,
        "min": 69.20734405646346,
        "p16": 72.25897997150123,
        "p50": 73.2482831700966,
        "p84": 74.24020237332904,
        "sd": 0.9980398280966261
      },
      "local_minus_highz_gr_sigma": 1.4887120373503224,
      "local_minus_highz_mg_sigma": 0.9155663303672378,
      "p_gr_above_local_ref": 0.06639,
      "p_gr_below_local_ref": 0.93361,
      "p_gr_below_planck_ref": 0.33888,
      "z_anchor": 0.2
    },
    {
      "apparent_gr_bias_vs_true": {
        "max": 7.065864807046992,
        "mean": -2.5876396160750743,
        "min": -8.640897884597223,
        "p16": -4.50098596543305,
        "p50": -2.7855709534699287,
        "p84": -0.6240122718904603,
        "sd": 1.9755219732345461
      },
      "delta_local_minus_highz_gr": {
        "max": 18.192604657324168,
        "mean": 5.237247817017773,
        "min": -10.45099767718962,
        "p16": 1.991820760996191,
        "p50": 5.321417811187814,
        "p84": 8.513873794318801,
        "sd": 3.3232194836441393
      },
      "delta_local_minus_highz_mg": {
        "max": 16.023079174257653,
        "mean": 2.860452246162011,
        "min": -10.82734528318106,
        "p16": -0.17074173388382802,
        "p50": 2.8932229843551696,
        "p84": 5.954239610812157,
        "sd": 3.1192434379345135
      },
      "h0_highz_gr": {
        "max": 82.35559070672397,
        "mean": 68.01152809765499,
        "min": 55.9061331117714,
        "p16": 64.8891422164739,
        "p50": 67.92199471785523,
        "p84": 71.09988593028305,
        "sd": 3.1690958530658575
      },
      "h0_highz_mg": {
        "max": 82.57929991863958,
        "mean": 70.38832366851075,
        "min": 59.27913102495964,
        "p16": 67.44455380788715,
        "p50": 70.3442031178664,
        "p84": 73.23228655153244,
        "sd": 2.95689986831032
      },
      "h0_local_obs": {
        "max": 78.77389621925163,
        "mean": 73.24877591467276,
        "min": 68.98721983948838,
        "p16": 72.25387099063538,
        "p50": 73.24719595250397,
        "p84": 74.24540720746255,
        "sd": 1.0001967263593434
      },
      "local_minus_highz_gr_sigma": 1.5760002225984235,
      "local_minus_highz_mg_sigma": 0.9163948218232432,
      "p_gr_above_local_ref": 0.05981,
      "p_gr_below_local_ref": 0.94019,
      "p_gr_below_planck_ref": 0.43211,
      "z_anchor": 0.35
    },
    {
      "apparent_gr_bias_vs_true": {
        "max": 8.932701144734637,
        "mean": -2.3530256312193796,
        "min": -9.891782032841945,
        "p16": -4.773538259640411,
        "p50": -2.5805863778065117,
        "p84": 0.1024828360893379,
        "sd": 2.472782581511764
      },
      "delta_local_minus_highz_gr": {
        "max": 18.937658051272777,
        "mean": 5.013341178371538,
        "min": -12.31466161844925,
        "p16": 1.482744844507245,
        "p50": 5.159850954924266,
        "p84": 8.585243951970524,
        "sd": 3.6093217395528394
      },
      "delta_local_minus_highz_mg": {
        "max": 15.02244228809861,
        "mean": 2.8714261450385594,
        "min": -10.647731192092962,
        "p16": -0.15851261695608,
        "p50": 2.918234803244296,
        "p84": 5.948740039406073,
        "sd": 3.12538538223529
      },
      "h0_highz_gr": {
        "max": 84.7971457606785,
        "mean": 68.23339987350937,
        "min": 55.16222410464703,
        "p16": 64.7765646284719,
        "p50": 68.0507804583691,
        "p84": 71.6310651013951,
        "sd": 3.475167613292976
      },
      "h0_highz_mg": {
        "max": 83.03838540629684,
        "mean": 70.37531490684235,
        "min": 58.91465185938289,
        "p16": 67.43747917598402,
        "p50": 70.33214010696763,
        "p84": 73.24881133063413,
        "sd": 2.968337722731951
      },
      "h0_local_obs": {
        "max": 77.47747142831867,
        "mean": 73.2467410518809,
        "min": 68.98634764836122,
        "p16": 72.26066280694468,
        "p50": 73.24848138429766,
        "p84": 74.23865788508326,
        "sd": 0.9973318800970582
      },
      "local_minus_highz_gr_sigma": 1.3863621324019841,
      "local_minus_highz_mg_sigma": 0.9167277423642646,
      "p_gr_above_local_ref": 0.08497,
      "p_gr_below_local_ref": 0.91503,
      "p_gr_below_planck_ref": 0.42439,
      "z_anchor": 0.5
    },
    {
      "apparent_gr_bias_vs_true": {
        "max": 11.729040409584272,
        "mean": -1.4524436651427217,
        "min": -10.535694689969652,
        "p16": -4.3216503469444945,
        "p50": -1.702442130262213,
        "p84": 1.4107704281976379,
        "sd": 2.911175551230567
      },
      "delta_local_minus_highz_gr": {
        "max": 19.034954880120857,
        "mean": 4.0815434334358525,
        "min": -13.343516055020217,
        "p16": 0.17508481425626657,
        "p50": 4.281359973691636,
        "p84": 8.020272703752255,
        "sd": 3.946711121414124
      },
      "delta_local_minus_highz_mg": {
        "max": 14.79516571187871,
        "mean": 2.8407549834384245,
        "min": -10.127833669267247,
        "p16": -0.17976619444480546,
        "p50": 2.8879015281091682,
        "p84": 5.924259735676646,
        "sd": 3.1151722434206426
      },
      "h0_highz_gr": {
        "max": 85.99780285999587,
        "mean": 69.1649406612565,
        "min": 54.99532563622423,
        "p16": 65.35946117297755,
        "p50": 68.91150310911553,
        "p84": 72.94416697055587,
        "sd": 3.8195781886829896
      },
      "h0_highz_mg": {
        "max": 83.04705700610279,
        "mean": 70.40572911125392,
        "min": 58.86004376227828,
        "p16": 67.46509349789387,
        "p50": 70.35404933374244,
        "p84": 73.25503366839996,
        "sd": 2.951798584298578
      },
      "h0_local_obs": {
        "max": 77.40530296518325,
        "mean": 73.24648409469235,
        "min": 68.66947487154161,
        "p16": 72.2509324980056,
        "p50": 73.2459389408474,
        "p84": 74.24185714192322,
        "sd": 1.0000641661582077
      },
      "local_minus_highz_gr_sigma": 1.0337435690808705,
      "local_minus_highz_mg_sigma": 0.9114954697930673,
      "p_gr_above_local_ref": 0.15631,
      "p_gr_below_local_ref": 0.84369,
      "p_gr_below_planck_ref": 0.34147,
      "z_anchor": 0.62
    }
  ],
  "draws_total": 1600,
  "draws_used": 1600,
  "h0_posterior_mg_truth": {
    "max": 81.06264119821896,
    "mean": 70.60034490571202,
    "min": 60.651398709331204,
    "p16": 67.71575777916435,