{
  "apparent_gr_bias_vs_true": {
    "max": 12.375566495986334,
    "mean": -1.286143099712525,
    "min": -10.420476575260999,
    "p16": -4.058009979797386,
    "p50": -1.6283047862121904,
    "p84": 1.547484371532939,
    "sd": 2.901834565299808
  },
  "delta_local_minus_highz_gr": {
    "max": 18.653651725032027,
    "mean": 3.438585677040212,
    "min": -17.068772571115858,
    "p16": -0.5024697422208236,
    "p50": 3.664712720341903,
    "p84": 7.386486806424244,
    "sd": 4.004798671378699
  },
  "delta_local_minus_highz_mg": {
    "max": 15.316515797706813,
    "mean": 2.1520268309537296,
    "min": -11.278790448655059,
    "p16": -0.9326586114533921,
    "p50": 2.0927112348977914,
    "p84": 5.284449528945563,
    "sd": 3.1934032836161133
  },
  "h0_highz_gr": {
    "max": 88.08801055560248,
    "mean": 69.31543376356682,
    "min": 55.058403722240335,
    "p16": 65.47898145297478,
    "p50": 69.0505274519989,
    "p84": 73.14188748065287,
    "sd": 3.874478502385809
  },
  "h0_highz_mg": {
    "max": 83.1032776525413,
    "mean": 70.60199260965331,
    "min": 58.83079830920785,
    "p16": 67.6088959111613,
    "p50": 70.68479154540347,
    "p84": 73.49852126343184,
    "sd": 3.0308924669220367
  },
  "h0_local_obs": {
    "max": 77.48970803695555,
    "mean": 72.75401944060704,
    "min": 68.45830300819907,
    "p16": 71.75727317909777,
    "p50": 72.75493555922303,
    "p84": 73.74915265097769,
    "sd": 0.9985491855086719
  },
  "local_minus_highz_gr_sigma": 0.8593354051092191,
  "local_minus_highz_mg_sigma": 0.6742784121802148,
  "p_gr_above_local_ref": 0.16854,
  "p_gr_below_local_ref": 0.83146,
  "p_gr_below_planck_ref": 0.31814,
  "z_anchor": 0.62
}
