{
  "apparent_gr_bias_vs_true": {
    "max": 4.540366833065306,
    "mean": -1.7247858304322552,
    "min": -6.216129767577144,
    "p16": -3.042525063247972,
    "p50": -1.815535404662107,
    "p84": -0.39095162237516073,
    "sd": 1.3369807561237437
  },
  "delta_local_minus_highz_gr": {
    "max": 16.67143478611247,
    "mean": 3.85292327442275,
    "min": -12.392213671239432,
    "p16": 0.7936468793716114,
    "p50": 3.890045056142718,
    "p84": 6.942891252543007,
    "sd": 3.1630520846109764
  },
  "delta_local_minus_highz_mg": {
    "max": 15.132367598661553,
    "mean": 2.125899328434436,
    "min": -13.077096827903077,
    "p16": -0.9741167630993334,
    "p50": 2.0663040983725267,
    "p84": 5.269305707137831,
    "sd": 3.202788789090898
  },
  "h0_highz_gr": {
    "max": 83.21849753343041,
    "mean": 68.89885334282567,
    "min": 57.71088709597808,
    "p16": 65.96891812987278,
    "p50": 68.86240455884683,
    "p84": 71.77569692998132,
    "sd": 2.9963973458104256
  },
  "h0_highz_mg": {
    "max": 83.90338069009405,
    "mean": 70.62587728881398,
    "min": 58.60024811152065,
    "p16": 67.62808273007494,
    "p50": 70.69948642041214,
    "p84": 73.52485331602608,
    "sd": 3.040609072206296
  },
  "h0_local_obs": {
    "max": 77.33714854669827,
    "mean": 72.75177661724842,
    "min": 68.54290365397331,
    "p16": 71.76173185408467,
    "p50": 72.74875213419648,
    "p84": 73.7482457670031,
    "sd": 0.9992777990240559
  },
  "local_minus_highz_gr_sigma": 1.2197195087443582,
  "local_minus_highz_mg_sigma": 0.6641715675844158,
  "p_gr_above_local_ref": 0.08278,
  "p_gr_below_local_ref": 0.91722,
  "p_gr_below_planck_ref": 0.30365,
  "z_anchor": 0.2
}
