{
  "apparent_gr_bias_vs_true": {
    "max": 7.40779221846924,
    "mean": -2.341661968805485,
    "min": -8.421357302719784,
    "p16": -4.253449518087465,
    "p50": -2.5294840568112775,
    "p84": -0.386097450353622,
    "sd": 1.9581940465457086
  },
  "delta_local_minus_highz_gr": {
    "max": 17.759715609278302,
    "mean": 4.462394216197454,
    "min": -11.417964892659384,
    "p16": 1.2046028939469802,
    "p50": 4.567441729727797,
    "p84": 7.740317160233549,
    "sd": 3.349009481477005
  },
  "delta_local_minus_highz_mg": {
    "max": 15.272389161972342,
    "mean": 2.122130430050026,
    "min": -12.278064415129094,
    "p16": -0.9448839584023301,
    "p50": 2.0687708477832203,
    "p84": 5.248708713121597,
    "sd": 3.1804883969178577
  },
  "h0_highz_gr": {
    "max": 83.9396024552226,
    "mean": 68.28602836931931,
    "min": 56.85694091209179,
    "p16": 65.13809593836133,
    "p50": 68.1346253024249,
    "p84": 71.40518001405056,
    "sd": 3.203732550606483
  },
  "h0_highz_mg": {
    "max": 82.91575610709651,
    "mean": 70.62629215546674,
    "min": 58.97163081363195,
    "p16": 67.63398138237132,
    "p50": 70.6986136292632,
    "p84": 73.52591042686977,
    "sd": 3.0251515807423237
  },
  "h0_local_obs": {
    "max": 77.18041872948554,
    "mean": 72.74842258551676,
    "min": 68.41386200046969,
    "p16": 71.75743185390428,
    "p50": 72.74603872785218,
    "p84": 73.7407643997643,
    "sd": 0.9989120310394167
  },
  "local_minus_highz_gr_sigma": 1.3296076262743861,
  "local_minus_highz_mg_sigma": 0.6660488199503257,
  "p_gr_above_local_ref": 0.07449,
  "p_gr_below_local_ref": 0.92551,
  "p_gr_below_planck_ref": 0.40081,
  "z_anchor": 0.35
}
