{
  "apparent_gr_bias_vs_true": {
    "max": 9.731191520006817,
    "mean": -2.1506252612004486,
    "min": -9.687573039033772,
    "p16": -4.539092762372854,
    "p50": -2.4496856894746983,
    "p84": 0.2837927054254781,
    "sd": 2.4764131148034934
  },
  "delta_local_minus_highz_gr": {
    "max": 18.59170827354898,
    "mean": 4.285310217695716,
    "min": -13.636455520942675,
    "p16": 0.7144898020308653,
    "p50": 4.464306398612493,
    "p84": 7.853787349163265,
    "sd": 3.6460798268087364
  },
  "delta_local_minus_highz_mg": {
    "max": 15.359114164635749,
    "mean": 2.1326395820387516,
    "min": -11.517799995063356,
    "p16": -0.9305068853729108,
    "p50": 2.0719801321276208,
    "p84": 5.266474125633204,
    "sd": 3.176698533720192
  },
  "h0_highz_gr": {
    "max": 85.08257820856899,
    "mean": 68.46413366425828,
    "min": 55.37056940702676,
    "p16": 64.9997597108712,
    "p50": 68.25409272624768,
    "p84": 71.88812385457102,
    "sd": 3.5085990373992613
  },
  "h0_highz_mg": {
    "max": 82.8755292956951,
    "mean": 70.61680429991524,
    "min": 58.60316351593999,
    "p16": 67.64200064405284,
    "p50": 70.70367725419572,
    "p84": 73.50888871031177,
    "sd": 3.016401094863609
  },
  "h0_local_obs": {
    "max": 77.12908444591451,
    "mean": 72.749443881954,
    "min": 68.32271034787706,
    "p16": 71.75364578966047,
    "p50": 72.74946240248153,
    "p84": 73.74365999603573,
    "sd": 0.9979561794853614
  },
  "local_minus_highz_gr_sigma": 1.1745969785247172,
  "local_minus_highz_mg_sigma": 0.6710969352063999,
  "p_gr_above_local_ref": 0.10151,
  "p_gr_below_local_ref": 0.89849,
  "p_gr_below_planck_ref": 0.39428,
  "z_anchor": 0.5
}
