{
  "anchor_results": [
    {
      "apparent_gr_bias_vs_true": {
        "max": 4.540366833065306,
        "mean": -1.7247858304322552,
        "min": -6.216129767577144,
        "p16": -3.042525063247972,
        "p50": -1.815535404662107,
        "p84": -0.39095162237516073,
        "sd": 1.3369807561237437
      },
      "delta_local_minus_highz_gr": {
        "max": 16.67143478611247,
        "mean": 3.85292327442275,
        "min": -12.392213671239432,
        "p16": 0.7936468793716114,
        "p50": 3.890045056142718,
        "p84": 6.942891252543007,
        "sd": 3.1630520846109764
      },
      "delta_local_minus_highz_mg": {
        "max": 15.132367598661553,
        "mean": 2.125899328434436,
        "min": -13.077096827903077,
        "p16": -0.9741167630993334,
        "p50": 2.0663040983725267,
        "p84": 5.269305707137831,
        "sd": 3.202788789090898
      },
      "h0_highz_gr": {
        "max": 83.21849753343041,
        "mean": 68.89885334282567,
        "min": 57.71088709597808,
        "p16": 65.96891812987278,
        "p50": 68.86240455884683,
        "p84": 71.77569692998132,
        "sd": 2.9963973458104256
      },
      "h0_highz_mg": {
        "max": 83.90338069009405,
        "mean": 70.62587728881398,
        "min": 58.60024811152065,
        "p16": 67.62808273007494,
        "p50": 70.69948642041214,
        "p84": 73.52485331602608,
        "sd": 3.040609072206296
      },
      "h0_local_obs": {
        "max": 77.33714854669827,
        "mean": 72.75177661724842,
        "min": 68.54290365397331,
        "p16": 71.76173185408467,
        "p50": 72.74875213419648,
        "p84": 73.7482457670031,
        "sd": 0.9992777990240559
      },
      "local_minus_highz_gr_sigma": 1.2197195087443582,
      "local_minus_highz_mg_sigma": 0.6641715675844158,
      "p_gr_above_local_ref": 0.08278,
      "p_gr_below_local_ref": 0.91722,
      "p_gr_below_planck_ref": 0.30365,
      "z_anchor": 0.2
    },
    {
      "apparent_gr_bias_vs_true": {
        "max": 7.40779221846924,
        "mean": -2.341661968805485,
        "min": -8.421357302719784,
        "p16": -4.253449518087465,
        "p50": -2.5294840568112775,
        "p84": -0.386097450353622,
        "sd": 1.9581940465457086
      },
      "delta_local_minus_highz_gr": {
        "max": 17.759715609278302,
        "mean": 4.462394216197454,
        "min": -11.417964892659384,
        "p16": 1.2046028939469802,
        "p50": 4.567441729727797,
        "p84": 7.740317160233549,
        "sd": 3.349009481477005
      },
      "delta_local_minus_highz_mg": {
        "max": 15.272389161972342,
        "mean": 2.122130430050026,
        "min": -12.278064415129094,
        "p16": -0.9448839584023301,
        "p50": 2.0687708477832203,
        "p84": 5.248708713121597,
        "sd": 3.1804883969178577
      },
      "h0_highz_gr": {
        "max": 83.9396024552226,
        "mean": 68.28602836931931,
        "min": 56.85694091209179,
        "p16": 65.13809593836133,
        "p50": 68.1346253024249,
        "p84": 71.40518001405056,
        "sd": 3.203732550606483
      },
      "h0_highz_mg": {
        "max": 82.91575610709651,
        "mean": 70.62629215546674,
        "min": 58.97163081363195,
        "p16": 67.63398138237132,
        "p50": 70.6986136292632,
        "p84": 73.52591042686977,
        "sd": 3.0251515807423237
      },
      "h0_local_obs": {
        "max": 77.18041872948554,
        "mean": 72.74842258551676,
        "min": 68.41386200046969,
        "p16": 71.75743185390428,
        "p50": 72.74603872785218,
        "p84": 73.7407643997643,
        "sd": 0.9989120310394167
      },
      "local_minus_highz_gr_sigma": 1.3296076262743861,
      "local_minus_highz_mg_sigma": 0.6660488199503257,
      "p_gr_above_local_ref": 0.07449,
      "p_gr_below_local_ref": 0.92551,
      "p_gr_below_planck_ref": 0.40081,
      "z_anchor": 0.35
    },
    {
      "apparent_gr_bias_vs_true": {
        "max": 9.731191520006817,
        "mean": -2.1506252612004486,
        "min": -9.687573039033772,
        "p16": -4.539092762372854,
        "p50": -2.4496856894746983,
        "p84": 0.2837927054254781,
        "sd": 2.4764131148034934
      },
      "delta_local_minus_highz_gr": {
        "max": 18.59170827354898,
        "mean": 4.285310217695716,
        "min": -13.636455520942675,
        "p16": 0.7144898020308653,
        "p50": 4.464306398612493,
        "p84": 7.853787349163265,
        "sd": 3.6460798268087364
      },
      "delta_local_minus_highz_mg": {
        "max": 15.359114164635749,
        "mean": 2.1326395820387516,
        "min": -11.517799995063356,
        "p16": -0.9305068853729108,
        "p50": 2.0719801321276208,
        "p84": 5.266474125633204,
        "sd": 3.176698533720192
      },
      "h0_highz_gr": {
        "max": 85.08257820856899,
        "mean": 68.46413366425828,
        "min": 55.37056940702676,
        "p16": 64.9997597108712,
        "p50": 68.25409272624768,
        "p84": 71.88812385457102,
        "sd": 3.5085990373992613
      },
      "h0_highz_mg": {
        "max": 82.8755292956951,
        "mean": 70.61680429991524,
        "min": 58.60316351593999,
        "p16": 67.64200064405284,
        "p50": 70.70367725419572,
        "p84": 73.50888871031177,
        "sd": 3.016401094863609
      },
      "h0_local_obs": {
        "max": 77.12908444591451,
        "mean": 72.749443881954,
        "min": 68.32271034787706,
        "p16": 71.75364578966047,
        "p50": 72.74946240248153,
        "p84": 73.74365999603573,
        "sd": 0.9979561794853614
      },
      "local_minus_highz_gr_sigma": 1.1745969785247172,
      "local_minus_highz_mg_sigma": 0.6710969352063999,
      "p_gr_above_local_ref": 0.10151,
      "p_gr_below_local_ref": 0.89849,
      "p_gr_below_planck_ref": 0.39428,
      "z_anchor": 0.5
    },
    {
      "apparent_gr_bias_vs_true": {
        "max": 12.375566495986334,
        "mean": -1.286143099712525,
        "min": -10.420476575260999,
        "p16": -4.058009979797386,
        "p50": -1.6283047862121904,
        "p84": 1.547484371532939,
        "sd": 2.901834565299808
      },
      "delta_local_minus_highz_gr": {
        "max": 18.653651725032027,
        "mean": 3.438585677040212,
        "min": -17.068772571115858,
        "p16": -0.5024697422208236,
        "p50": 3.664712720341903,
        "p84": 7.386486806424244,
        "sd": 4.004798671378699
      },
      "delta_local_minus_highz_mg": {
        "max": 15.316515797706813,
        "mean": 2.1520268309537296,
        "min": -11.278790448655059,
        "p16": -0.9326586114533921,
        "p50": 2.0927112348977914,
        "p84": 5.284449528945563,
        "sd": 3.1934032836161133
      },
      "h0_highz_gr": {
        "max": 88.08801055560248,
        "mean": 69.31543376356682,
        "min": 55.058403722240335,
        "p16": 65.47898145297478,
        "p50": 69.0505274519989,
        "p84": 73.14188748065287,
        "sd": 3.874478502385809
      },
      "h0_highz_mg": {
        "max": 83.1032776525413,
        "mean": 70.60199260965331,
        "min": 58.83079830920785,
        "p16": 67.6088959111613,
        "p50": 70.68479154540347,
        "p84": 73.49852126343184,
        "sd": 3.0308924669220367
      },
      "h0_local_obs": {
        "max": 77.48970803695555,
        "mean": 72.75401944060704,
        "min": 68.45830300819907,
        "p16": 71.75727317909777,
        "p50": 72.75493555922303,
        "p84": 73.74915265097769,
        "sd": 0.9985491855086719
      },
      "local_minus_highz_gr_sigma": 0.8593354051092191,
      "local_minus_highz_mg_sigma": 0.6742784121802148,
      "p_gr_above_local_ref": 0.16854,
      "p_gr_below_local_ref": 0.83146,
      "p_gr_below_planck_ref": 0.31814,
      "z_anchor": 0.62
    }
  ],
  "draws_total": 1600,
  "draws_used": 1600,
  "h0_posterior_mg_truth": {
    "max": 81.12434628314327,
    "mean": 70.6139339829599,
    "min": 60.40119844002723,
    "p16": 67.71835091504013,