{
  "created_utc": "2026-02-10T05:50:00Z",
  "dominant_transfer_term": "beta_ia_sn",
  "draws_effective": 512,
  "elapsed_sec": 0.4949367046356201,
  "logZ_no_transfer": 15.90476395462971,
  "logZ_transfer_model": 15.416016534041155,
  "log_bayes_factor_transfer_vs_no_transfer": -0.48874742058855425,
  "o3_delta_lpd_metadata": 3.669945265,
  "parameter_posteriors": {
    "beta_bao": {
      "mean": -0.00552367710238081,
      "p16": -0.022270677727829133,
      "p50": -0.005080260082570449,
      "p84": 0.01113570037484502,
      "sd": 0.018947972457351685
    },
    "beta_cc": {
      "mean": -0.026352875112630687,
      "p16": -0.1562584460093188,
      "p50": -0.014904090550637145,
      "p84": 0.10633998164644945,
      "sd": 0.14642614135678506
    },
    "beta_ia": {
      "mean": -0.03133916734216091,
      "p16": -0.07052275247310204,
      "p50": -0.038834224767767954,
      "p84": 0.012869260824305655,
      "sd": 0.042026874507013146
    },
    "delta_h0_ladder": {
      "mean": 0.5451050432410107,
      "p16": -0.3689301683769654,
      "p50": 0.5062094451142444,
      "p84": 1.389200091751982,
      "sd": 0.9315099634614015
    }
  },
  "relief_posterior": {
    "mean": 0.8545339379433012,
    "p16": 0.8320272250437255,
    "p50": 0.8592657755824259,
    "p84": 0.8765355704720715,
    "sd": 0.11052641982152356
  },
  "relief_sensitivity_weighted": {
    "beta_bao": {
      "weighted_corr": 0.06508136115049004,
      "weighted_slope": 0.07532485126969428
    },
    "beta_cc": {
      "weighted_corr": -0.4137110778127533,
      "weighted_slope": -0.061961644006512565
    },
    "beta_ia": {
      "weighted_corr": -0.2806340041588544,
      "weighted_slope": -0.14643928504534387
    },
    "delta_h0_ladder": {
      "weighted_corr": 0.39668257622300734,
      "weighted_slope": 0.009338992372847243
    }
  },
  "term_dominance_mean_abs_loglike_delta": {
    "beta_bao_bao": 0.3479850208598788,
    "beta_cc_cc": 0.2808491052028698,
    "beta_ia_sn": 1.0048257676503534,
    "delta_h0_ladder_local": 0.9255273839648467
  },
  "theta_samples_evaluated": 512
}
