{
  "apparent_gr_bias_vs_true": {
    "max": 5.161779695806871,
    "mean": -1.590760577886459,
    "min": -6.500272214289367,
    "p16": -2.9180932612999415,
    "p50": -1.692568826897606,
    "p84": -0.2669553661857634,
    "sd": 1.3585036550157932
  },
  "delta_local_minus_highz_gr": {
    "max": 16.511407391658665,
    "mean": 3.817371062989744,
    "min": -13.6960369269636,
    "p16": 0.6456922528669253,
    "p50": 3.907623578475075,
    "p84": 6.968284227366857,
    "sd": 3.217527934395548
  },
  "delta_local_minus_highz_mg": {
    "max": 15.237277341110357,
    "mean": 2.017222298149691,
    "min": -14.116679749864446,
    "p16": -1.1407660420034984,
    "p50": 2.0994873588408964,
    "p84": 5.124339414579102,
    "sd": 3.2172604533948674
  },
  "h0_highz_gr": {
    "max": 84.48336278133266,
    "mean": 68.93279435321759,
    "min": 57.90343396053938,
    "p16": 65.94990651825042,
    "p50": 68.84313861497458,
    "p84": 71.93206016504656,
    "sd": 3.0582467870650674
  },
  "h0_highz_mg": {
    "max": 84.9040056042335,
    "mean": 70.73294311805765,
    "min": 59.156182011666424,
    "p16": 67.81230514975897,
    "p50": 70.63821560185914,
    "p84": 73.72942221690532,
    "sd": 3.0586378491268125
  },
  "h0_local_obs": {
    "max": 77.63927316923778,
    "mean": 72.75016541620734,
    "min": 68.08165956527087,
    "p16": 71.7599543768204,
    "p50": 72.74694196783665,
    "p84": 73.74386361971717,
    "sd": 0.9991802339070518
  },
  "local_minus_highz_gr_sigma": 1.1864076140476842,
  "local_minus_highz_mg_sigma": 0.6268637280508973,
  "p_gr_above_local_ref": 0.09168,
  "p_gr_below_local_ref": 0.90832,
  "p_gr_below_planck_ref": 0.3124,
  "z_anchor": 0.2
}
