{
  "apparent_gr_bias_vs_true": {
    "max": 7.9260160333058,
    "mean": -2.2281825255410497,
    "min": -8.41860172586128,
    "p16": -4.152421312531982,
    "p50": -2.4294351358089656,
    "p84": -0.3098467102714072,
    "sd": 1.9908863391538743
  },
  "delta_local_minus_highz_gr": {
    "max": 16.502229305481386,
    "mean": 4.463682584807013,
    "min": -12.908469513801307,
    "p16": 1.0475945259354011,
    "p50": 4.624600988174457,
    "p84": 7.839689910376296,
    "sd": 3.4388043835939794
  },
  "delta_local_minus_highz_mg": {
    "max": 14.749669496970931,
    "mean": 2.0265058539681045,
    "min": -13.807407393218924,
    "p16": -1.125865766201531,
    "p50": 2.104067556273627,
    "p84": 5.130309897494447,
    "sd": 3.2332474128370174
  },
  "h0_highz_gr": {
    "max": 85.37686494667565,
    "mean": 68.28241498720385,
    "min": 57.38795474212262,
    "p16": 65.05638695016164,
    "p50": 68.10178652107045,
    "p84": 71.56686017751069,
    "sd": 3.2860414601264196
  },
  "h0_highz_mg": {
    "max": 85.19718645502067,
    "mean": 70.71959171804275,
    "min": 59.128309298952054,
    "p16": 67.80551765645566,
    "p50": 70.62937959892054,
    "p84": 73.72465840008607,
    "sd": 3.068686353677672
  },
  "h0_local_obs": {
    "max": 77.36343338390556,
    "mean": 72.74609757201087,
    "min": 68.50488874061283,
    "p16": 71.74987587832898,
    "p50": 72.74422394779744,
    "p84": 73.74667144734298,
    "sd": 1.0002042496883636
  },
  "local_minus_highz_gr_sigma": 1.299534602282757,
  "local_minus_highz_mg_sigma": 0.6278847723373562,
  "p_gr_above_local_ref": 0.07812,
  "p_gr_below_local_ref": 0.92188,
  "p_gr_below_planck_ref": 0.40995,
  "z_anchor": 0.35
}
