{
  "apparent_gr_bias_vs_true": {
    "max": 9.438405318077344,
    "mean": -2.009017471390533,
    "min": -9.37047218774417,
    "p16": -4.412248394367717,
    "p50": -2.294598006794807,
    "p84": 0.4195323073938966,
    "sd": 2.5217556323778
  },
  "delta_local_minus_highz_gr": {
    "max": 16.45085682653057,
    "mean": 4.244159359340833,
    "min": -15.209496555845973,
    "p16": 0.5324508565540629,
    "p50": 4.479997161495049,
    "p84": 7.909135224531907,
    "sd": 3.74100430681121
  },
  "delta_local_minus_highz_mg": {
    "max": 14.685686846379838,
    "mean": 2.018153435094146,
    "min": -13.302037789394149,
    "p16": -1.127892075556403,
    "p50": 2.0892068908034815,
    "p84": 5.102464251548558,
    "sd": 3.2150664397136595
  },
  "h0_highz_gr": {
    "max": 86.85761297796006,
    "mean": 68.50873601562215,
    "min": 57.61892401497324,
    "p16": 64.97241162814814,
    "p50": 68.25707691162246,
    "p84": 72.08927735664089,
    "sd": 3.6043656404618893
  },
  "h0_highz_mg": {
    "max": 84.91844424301523,
    "mean": 70.73474193986884,
    "min": 59.362413121430244,
    "p16": 67.83261908364025,
    "p50": 70.62643095823408,
    "p84": 73.71549289777234,
    "sd": 3.0562656794779137
  },
  "h0_local_obs": {
    "max": 77.57069356629036,
    "mean": 72.75289537496296,
    "min": 68.70151283893088,
    "p16": 71.75662672636348,
    "p50": 72.75244025492742,
    "p84": 73.74905597441202,
    "sd": 1.0013793601203302
  },
  "local_minus_highz_gr_sigma": 1.1346457586537269,
  "local_minus_highz_mg_sigma": 0.6275928023493385,
  "p_gr_above_local_ref": 0.11079,
  "p_gr_below_local_ref": 0.88921,
  "p_gr_below_planck_ref": 0.39981,
  "z_anchor": 0.5
}
