{
  "apparent_gr_bias_vs_true": {
    "max": 11.757878791937813,
    "mean": -1.1361716002024258,
    "min": -11.478702011140882,
    "p16": -3.886300130499602,
    "p50": -1.4692124829245472,
    "p84": 1.6050993014559922,
    "sd": 2.9088487800047527
  },
  "delta_local_minus_highz_gr": {
    "max": 16.899290051444176,
    "mean": 3.377213729853295,
    "min": -17.39719951064086,
    "p16": -0.6393071925545547,
    "p50": 3.6343786392363384,
    "p84": 7.376159465520962,
    "sd": 4.062960059396742
  },
  "delta_local_minus_highz_mg": {
    "max": 14.610855496553505,
    "mean": 2.0328754945818543,
    "min": -13.05901988270709,
    "p16": -1.1049758627869681,
    "p50": 2.0875846232608595,
    "p84": 5.119383580214848,
    "sd": 3.2052602671609023
  },
  "h0_highz_gr": {
    "max": 89.40470527722925,
    "mean": 69.37423744604109,
    "min": 57.83258388763327,
    "p16": 65.53806578925982,
    "p50": 69.10376649479491,
    "p84": 73.2737687663123,
    "sd": 3.938249165979294
  },
  "h0_highz_mg": {
    "max": 85.06652564929549,
    "mean": 70.71857568131254,
    "min": 59.18856877544334,
    "p16": 67.82246791797103,
    "p50": 70.6211885224447,
    "p84": 73.71294572850677,
    "sd": 3.0481002508346764
  },
  "h0_local_obs": {
    "max": 77.72905950211586,
    "mean": 72.75145117589439,
    "min": 68.13829978562767,
    "p16": 71.75997598672977,
    "p50": 72.75093365970606,
    "p84": 73.74594835353577,
    "sd": 0.9993335250472251
  },
  "local_minus_highz_gr_sigma": 0.8311655888756869,
  "local_minus_highz_mg_sigma": 0.6337001095432125,
  "p_gr_above_local_ref": 0.17547,
  "p_gr_below_local_ref": 0.82453,
  "p_gr_below_planck_ref": 0.31733,
  "z_anchor": 0.62
}
