{
  "anchor_results": [
    {
      "apparent_gr_bias_vs_true": {
        "max": 5.161779695806871,
        "mean": -1.590760577886459,
        "min": -6.500272214289367,
        "p16": -2.9180932612999415,
        "p50": -1.692568826897606,
        "p84": -0.2669553661857634,
        "sd": 1.3585036550157932
      },
      "delta_local_minus_highz_gr": {
        "max": 16.511407391658665,
        "mean": 3.817371062989744,
        "min": -13.6960369269636,
        "p16": 0.6456922528669253,
        "p50": 3.907623578475075,
        "p84": 6.968284227366857,
        "sd": 3.217527934395548
      },
      "delta_local_minus_highz_mg": {
        "max": 15.237277341110357,
        "mean": 2.017222298149691,
        "min": -14.116679749864446,
        "p16": -1.1407660420034984,
        "p50": 2.0994873588408964,
        "p84": 5.124339414579102,
        "sd": 3.2172604533948674
      },
      "h0_highz_gr": {
        "max": 84.48336278133266,
        "mean": 68.93279435321759,
        "min": 57.90343396053938,
        "p16": 65.94990651825042,
        "p50": 68.84313861497458,
        "p84": 71.93206016504656,
        "sd": 3.0582467870650674
      },
      "h0_highz_mg": {
        "max": 84.9040056042335,
        "mean": 70.73294311805765,
        "min": 59.156182011666424,
        "p16": 67.81230514975897,
        "p50": 70.63821560185914,
        "p84": 73.72942221690532,
        "sd": 3.0586378491268125
      },
      "h0_local_obs": {
        "max": 77.63927316923778,
        "mean": 72.75016541620734,
        "min": 68.08165956527087,
        "p16": 71.7599543768204,
        "p50": 72.74694196783665,
        "p84": 73.74386361971717,
        "sd": 0.9991802339070518
      },
      "local_minus_highz_gr_sigma": 1.1864076140476842,
      "local_minus_highz_mg_sigma": 0.6268637280508973,
      "p_gr_above_local_ref": 0.09168,
      "p_gr_below_local_ref": 0.90832,
      "p_gr_below_planck_ref": 0.3124,
      "z_anchor": 0.2
    },
    {
      "apparent_gr_bias_vs_true": {
        "max": 7.9260160333058,
        "mean": -2.2281825255410497,
        "min": -8.41860172586128,
        "p16": -4.152421312531982,
        "p50": -2.4294351358089656,
        "p84": -0.3098467102714072,
        "sd": 1.9908863391538743
      },
      "delta_local_minus_highz_gr": {
        "max": 16.502229305481386,
        "mean": 4.463682584807013,
        "min": -12.908469513801307,
        "p16": 1.0475945259354011,
        "p50": 4.624600988174457,
        "p84": 7.839689910376296,
        "sd": 3.4388043835939794
      },
      "delta_local_minus_highz_mg": {
        "max": 14.749669496970931,
        "mean": 2.0265058539681045,
        "min": -13.807407393218924,
        "p16": -1.125865766201531,
        "p50": 2.104067556273627,
        "p84": 5.130309897494447,
        "sd": 3.2332474128370174
      },
      "h0_highz_gr": {
        "max": 85.37686494667565,
        "mean": 68.28241498720385,
        "min": 57.38795474212262,
        "p16": 65.05638695016164,
        "p50": 68.10178652107045,
        "p84": 71.56686017751069,
        "sd": 3.2860414601264196
      },
      "h0_highz_mg": {
        "max": 85.19718645502067,
        "mean": 70.71959171804275,
        "min": 59.128309298952054,
        "p16": 67.80551765645566,
        "p50": 70.62937959892054,
        "p84": 73.72465840008607,
        "sd": 3.068686353677672
      },
      "h0_local_obs": {
        "max": 77.36343338390556,
        "mean": 72.74609757201087,
        "min": 68.50488874061283,
        "p16": 71.74987587832898,
        "p50": 72.74422394779744,
        "p84": 73.74667144734298,
        "sd": 1.0002042496883636
      },
      "local_minus_highz_gr_sigma": 1.299534602282757,
      "local_minus_highz_mg_sigma": 0.6278847723373562,
      "p_gr_above_local_ref": 0.07812,
      "p_gr_below_local_ref": 0.92188,
      "p_gr_below_planck_ref": 0.40995,
      "z_anchor": 0.35
    },
    {
      "apparent_gr_bias_vs_true": {
        "max": 9.438405318077344,
        "mean": -2.009017471390533,
        "min": -9.37047218774417,
        "p16": -4.412248394367717,
        "p50": -2.294598006794807,
        "p84": 0.4195323073938966,
        "sd": 2.5217556323778
      },
      "delta_local_minus_highz_gr": {
        "max": 16.45085682653057,
        "mean": 4.244159359340833,
        "min": -15.209496555845973,
        "p16": 0.5324508565540629,
        "p50": 4.479997161495049,
        "p84": 7.909135224531907,
        "sd": 3.74100430681121
      },
      "delta_local_minus_highz_mg": {
        "max": 14.685686846379838,
        "mean": 2.018153435094146,
        "min": -13.302037789394149,
        "p16": -1.127892075556403,
        "p50": 2.0892068908034815,
        "p84": 5.102464251548558,
        "sd": 3.2150664397136595
      },
      "h0_highz_gr": {
        "max": 86.85761297796006,
        "mean": 68.50873601562215,
        "min": 57.61892401497324,
        "p16": 64.97241162814814,
        "p50": 68.25707691162246,
        "p84": 72.08927735664089,
        "sd": 3.6043656404618893
      },
      "h0_highz_mg": {
        "max": 84.91844424301523,
        "mean": 70.73474193986884,
        "min": 59.362413121430244,
        "p16": 67.83261908364025,
        "p50": 70.62643095823408,
        "p84": 73.71549289777234,
        "sd": 3.0562656794779137
      },
      "h0_local_obs": {
        "max": 77.57069356629036,
        "mean": 72.75289537496296,
        "min": 68.70151283893088,
        "p16": 71.75662672636348,
        "p50": 72.75244025492742,
        "p84": 73.74905597441202,
        "sd": 1.0013793601203302
      },
      "local_minus_highz_gr_sigma": 1.1346457586537269,
      "local_minus_highz_mg_sigma": 0.6275928023493385,
      "p_gr_above_local_ref": 0.11079,
      "p_gr_below_local_ref": 0.88921,
      "p_gr_below_planck_ref": 0.39981,
      "z_anchor": 0.5
    },
    {
      "apparent_gr_bias_vs_true": {
        "max": 11.757878791937813,
        "mean": -1.1361716002024258,
        "min": -11.478702011140882,
        "p16": -3.886300130499602,
        "p50": -1.4692124829245472,
        "p84": 1.6050993014559922,
        "sd": 2.9088487800047527
      },
      "delta_local_minus_highz_gr": {
        "max": 16.899290051444176,
        "mean": 3.377213729853295,
        "min": -17.39719951064086,
        "p16": -0.6393071925545547,
        "p50": 3.6343786392363384,
        "p84": 7.376159465520962,
        "sd": 4.062960059396742
      },
      "delta_local_minus_highz_mg": {
        "max": 14.610855496553505,
        "mean": 2.0328754945818543,
        "min": -13.05901988270709,
        "p16": -1.1049758627869681,
        "p50": 2.0875846232608595,
        "p84": 5.119383580214848,
        "sd": 3.2052602671609023
      },
      "h0_highz_gr": {
        "max": 89.40470527722925,
        "mean": 69.37423744604109,
        "min": 57.83258388763327,
        "p16": 65.53806578925982,
        "p50": 69.10376649479491,
        "p84": 73.2737687663123,
        "sd": 3.938249165979294
      },
      "h0_highz_mg": {
        "max": 85.06652564929549,
        "mean": 70.71857568131254,
        "min": 59.18856877544334,
        "p16": 67.82246791797103,
        "p50": 70.6211885224447,
        "p84": 73.71294572850677,
        "sd": 3.0481002508346764
      },
      "h0_local_obs": {
        "max": 77.72905950211586,
        "mean": 72.75145117589439,
        "min": 68.13829978562767,
        "p16": 71.75997598672977,
        "p50": 72.75093365970606,
        "p84": 73.74594835353577,
        "sd": 0.9993335250472251
      },
      "local_minus_highz_gr_sigma": 0.8311655888756869,
      "local_minus_highz_mg_sigma": 0.6337001095432125,
      "p_gr_above_local_ref": 0.17547,
      "p_gr_below_local_ref": 0.82453,
      "p_gr_below_planck_ref": 0.31733,
      "z_anchor": 0.62
    }
  ],
  "draws_total": 1600,
  "draws_used": 1600,
  "h0_posterior_mg_truth": {
    "max": 83.06595172086378,
    "mean": 70.51873584122742,
    "min": 60.31514973881641,
    "p16": 67.70416163334278,