{
  "apparent_gr_bias_vs_true": {
    "max": 4.7587142631197565,
    "mean": -1.9679175432674867,
    "min": -6.4459292691367835,
    "p16": -3.2781725011676643,
    "p50": -2.068297836674617,
    "p84": -0.6306060264734156,
    "sd": 1.3440828213016764
  },
  "delta_local_minus_highz_gr": {
    "max": 17.045226380280695,
    "mean": 4.3642998854521124,
    "min": -9.363542356798604,
    "p16": 1.3645632927616327,
    "p50": 4.4082380279727005,
    "p84": 7.417223878552195,
    "sd": 3.115028579121273
  },
  "delta_local_minus_highz_mg": {
    "max": 16.43009195308308,
    "mean": 2.6109213213579543,
    "min": -11.38544830786087,
    "p16": -0.4397294817504991,
    "p50": 2.655457912343465,
    "p84": 5.71116886589075,
    "sd": 3.140448089249846
  },
  "h0_highz_gr": {
    "max": 80.82281990229335,
    "mean": 68.63199423384619,
    "min": 57.29217091667124,
    "p16": 65.75931046891606,
    "p50": 68.596240986886,
    "p84": 71.46845757146,
    "sd": 2.946960576454461
  },
  "h0_highz_mg": {
    "max": 83.04244031403722,
    "mean": 70.38537279794033,
    "min": 59.128532036210004,
    "p16": 67.43585002237799,
    "p50": 70.33886907386066,
    "p84": 73.26060115346561,
    "sd": 2.9744884977620334
  },
  "h0_local_obs": {
    "max": 77.56977841719676,
    "mean": 72.99629411929828,
    "min": 68.56975586141611,
    "p16": 71.99835521480766,
    "p50": 72.99607273195866,
    "p84": 73.98973381452393,
    "sd": 1.0004092691641961
  },
  "local_minus_highz_gr_sigma": 1.4024076256796691,
  "local_minus_highz_mg_sigma": 0.8320108422445959,
  "p_gr_above_local_ref": 0.06675,
  "p_gr_below_local_ref": 0.93325,
  "p_gr_below_planck_ref": 0.34008,
  "z_anchor": 0.2
}
