{
  "apparent_gr_bias_vs_true": {
    "max": 9.523542760988121,
    "mean": -2.374816982989206,
    "min": -9.762098194051816,
    "p16": -4.788267168650657,
    "p50": -2.6006241118475373,
    "p84": 0.058271750533436265,
    "sd": 2.4725726933807843
  },
  "delta_local_minus_highz_gr": {
    "max": 19.931173750306016,
    "mean": 4.783715372313238,
    "min": -13.0927641710866,
    "p16": 1.250435160507493,
    "p50": 4.934562941811556,
    "p84": 8.355192118307945,
    "sd": 3.604958934741366
  },
  "delta_local_minus_highz_mg": {
    "max": 15.716769944800184,
    "mean": 2.622176216056809,
    "min": -11.555867895153611,
    "p16": -0.4221484492538502,
    "p50": 2.6750109125105865,
    "p84": 5.706664774283898,
    "sd": 3.1324952065093936
  },
  "h0_highz_gr": {
    "max": 84.85094860288865,
    "mean": 68.21545900569518,
    "min": 55.1862580714366,
    "p16": 64.7685331682156,
    "p50": 68.0379513340734,
    "p84": 71.59478414967427,
    "sd": 3.4612981697440213
  },
  "h0_highz_mg": {
    "max": 82.48560144351033,
    "mean": 70.3769981619516,
    "min": 58.842859594684796,
    "p16": 67.42508926014115,
    "p50": 70.33288069798508,
    "p84": 73.24517022892795,
    "sd": 2.9647322750010625
  },
  "h0_local_obs": {
    "max": 77.14969026097279,
    "mean": 72.99917437800842,
    "min": 68.67673008957533,
    "p16": 72.00244290274196,
    "p50": 72.9976821964095,
    "p84": 73.99442519778057,
    "sd": 0.9981795278773128
  },
  "local_minus_highz_gr_sigma": 1.3277557733877579,
  "local_minus_highz_mg_sigma": 0.8380666706614437,
  "p_gr_above_local_ref": 0.08365,
  "p_gr_below_local_ref": 0.91635,
  "p_gr_below_planck_ref": 0.42528,
  "z_anchor": 0.5
}
