{
  "apparent_gr_bias_vs_true": {
    "max": 6.647621472399464,
    "mean": -2.603107828309009,
    "min": -8.514909656475808,
    "p16": -4.50771427442422,
    "p50": -2.7832805761548727,
    "p84": -0.6497828092859638,
    "sd": 1.9585205174842168
  },
  "delta_local_minus_highz_gr": {
    "max": 19.592950927805703,
    "mean": 4.9826070660761195,
    "min": -10.657421171614672,
    "p16": 1.7509114923457652,
    "p50": 5.06666433614344,
    "p84": 8.253842820503285,
    "sd": 3.315374928872563
  },
  "delta_local_minus_highz_mg": {
    "max": 15.854949265051637,
    "mean": 2.5924233674886152,
    "min": -10.786751521865597,
    "p16": -0.4407736697847753,
    "p50": 2.6399891717809325,
    "p84": 5.688135037586913,
    "sd": 3.12346622796707
  },
  "h0_highz_gr": {
    "max": 82.4354826550503,
    "mean": 68.00849030922735,
    "min": 55.96804748851838,
    "p16": 64.88795137025744,
    "p50": 67.92598426337068,
    "p84": 71.08641560992095,
    "sd": 3.163750274614549
  },
  "h0_highz_mg": {
    "max": 83.01071082863291,
    "mean": 70.39867400781486,
    "min": 59.067702165735454,
    "p16": 67.4316699817118,
    "p50": 70.37158548812758,
    "p84": 73.2565228239359,
    "sd": 2.964332498411386
  },
  "h0_local_obs": {
    "max": 77.8821300605287,
    "mean": 72.99109737530347,
    "min": 68.5845419275901,
    "p16": 71.99828742236865,
    "p50": 72.99004484579757,
    "p84": 73.98428291075298,
    "sd": 0.9985308764079617
  },
  "local_minus_highz_gr_sigma": 1.5016768123392825,
  "local_minus_highz_mg_sigma": 0.8286577677813995,
  "p_gr_above_local_ref": 0.05833,
  "p_gr_below_local_ref": 0.94167,
  "p_gr_below_planck_ref": 0.43086,
  "z_anchor": 0.35
}
