{
  "apparent_gr_bias_vs_true": {
    "max": 10.705758651981043,
    "mean": -1.4578408648361691,
    "min": -10.286478325220777,
    "p16": -4.303588979669953,
    "p50": -1.6967642096398237,
    "p84": 1.3826774831469149,
    "sd": 2.8947061613680405
  },
  "delta_local_minus_highz_gr": {
    "max": 19.30598892956172,
    "mean": 3.864185994941085,
    "min": -14.51593037345279,
    "p16": -0.038858451336348576,
    "p50": 4.072044422866341,
    "p84": 7.761581243008373,
    "sd": 3.9382455004282875
  },
  "delta_local_minus_highz_mg": {
    "max": 15.4057253771523,
    "mean": 2.6204656459508047,
    "min": -10.991509272340053,
    "p16": -0.417117325650907,
    "p50": 2.6714881164217985,
    "p84": 5.686281859789742,
    "sd": 3.119110145636307
  },
  "h0_highz_gr": {
    "max": 86.28201812990282,
    "mean": 69.13767146824986,
    "min": 55.13360738768581,
    "p16": 65.35227190241542,
    "p50": 68.88131499650069,
    "p84": 72.90472026371944,
    "sd": 3.814029726351835
  },
  "h0_highz_mg": {
    "max": 82.77512338717335,
    "mean": 70.38139181724014,
    "min": 59.189881592774704,
    "p16": 67.44642882520749,
    "p50": 70.3320415589709,
    "p84": 73.24411704803839,
    "sd": 2.9604025345673524
  },
  "h0_local_obs": {
    "max": 77.16739204494982,
    "mean": 73.00185746319094,
    "min": 68.75402997099631,
    "p16": 72.01152328014278,
    "p50": 73.00650251371354,
    "p84": 73.98996199739936,
    "sd": 0.9973255957572121
  },
  "local_minus_highz_gr_sigma": 0.9800250993355978,
  "local_minus_highz_mg_sigma": 0.8386195055882714,
  "p_gr_above_local_ref": 0.1541,
  "p_gr_below_local_ref": 0.8459,
  "p_gr_below_planck_ref": 0.34169,
  "z_anchor": 0.62
}
