{
  "anchor_results": [
    {
      "apparent_gr_bias_vs_true": {
        "max": 4.7587142631197565,
        "mean": -1.9679175432674867,
        "min": -6.4459292691367835,
        "p16": -3.2781725011676643,
        "p50": -2.068297836674617,
        "p84": -0.6306060264734156,
        "sd": 1.3440828213016764
      },
      "delta_local_minus_highz_gr": {
        "max": 17.045226380280695,
        "mean": 4.3642998854521124,
        "min": -9.363542356798604,
        "p16": 1.3645632927616327,
        "p50": 4.4082380279727005,
        "p84": 7.417223878552195,
        "sd": 3.115028579121273
      },
      "delta_local_minus_highz_mg": {
        "max": 16.43009195308308,
        "mean": 2.6109213213579543,
        "min": -11.38544830786087,
        "p16": -0.4397294817504991,
        "p50": 2.655457912343465,
        "p84": 5.71116886589075,
        "sd": 3.140448089249846
      },
      "h0_highz_gr": {
        "max": 80.82281990229335,
        "mean": 68.63199423384619,
        "min": 57.29217091667124,
        "p16": 65.75931046891606,
        "p50": 68.596240986886,
        "p84": 71.46845757146,
        "sd": 2.946960576454461
      },
      "h0_highz_mg": {
        "max": 83.04244031403722,
        "mean": 70.38537279794033,
        "min": 59.128532036210004,
        "p16": 67.43585002237799,
        "p50": 70.33886907386066,
        "p84": 73.26060115346561,
        "sd": 2.9744884977620334
      },
      "h0_local_obs": {
        "max": 77.56977841719676,
        "mean": 72.99629411929828,
        "min": 68.56975586141611,
        "p16": 71.99835521480766,
        "p50": 72.99607273195866,
        "p84": 73.98973381452393,
        "sd": 1.0004092691641961
      },
      "local_minus_highz_gr_sigma": 1.4024076256796691,
      "local_minus_highz_mg_sigma": 0.8320108422445959,
      "p_gr_above_local_ref": 0.06675,
      "p_gr_below_local_ref": 0.93325,
      "p_gr_below_planck_ref": 0.34008,
      "z_anchor": 0.2
    },
    {
      "apparent_gr_bias_vs_true": {
        "max": 6.647621472399464,
        "mean": -2.603107828309009,
        "min": -8.514909656475808,
        "p16": -4.50771427442422,
        "p50": -2.7832805761548727,
        "p84": -0.6497828092859638,
        "sd": 1.9585205174842168
      },
      "delta_local_minus_highz_gr": {
        "max": 19.592950927805703,
        "mean": 4.9826070660761195,
        "min": -10.657421171614672,
        "p16": 1.7509114923457652,
        "p50": 5.06666433614344,
        "p84": 8.253842820503285,
        "sd": 3.315374928872563
      },
      "delta_local_minus_highz_mg": {
        "max": 15.854949265051637,
        "mean": 2.5924233674886152,
        "min": -10.786751521865597,
        "p16": -0.4407736697847753,
        "p50": 2.6399891717809325,
        "p84": 5.688135037586913,
        "sd": 3.12346622796707
      },
      "h0_highz_gr": {
        "max": 82.4354826550503,
        "mean": 68.00849030922735,
        "min": 55.96804748851838,
        "p16": 64.88795137025744,
        "p50": 67.92598426337068,
        "p84": 71.08641560992095,
        "sd": 3.163750274614549
      },
      "h0_highz_mg": {
        "max": 83.01071082863291,
        "mean": 70.39867400781486,
        "min": 59.067702165735454,
        "p16": 67.4316699817118,
        "p50": 70.37158548812758,
        "p84": 73.2565228239359,
        "sd": 2.964332498411386
      },
      "h0_local_obs": {
        "max": 77.8821300605287,
        "mean": 72.99109737530347,
        "min": 68.5845419275901,
        "p16": 71.99828742236865,
        "p50": 72.99004484579757,
        "p84": 73.98428291075298,
        "sd": 0.9985308764079617
      },
      "local_minus_highz_gr_sigma": 1.5016768123392825,
      "local_minus_highz_mg_sigma": 0.8286577677813995,
      "p_gr_above_local_ref": 0.05833,
      "p_gr_below_local_ref": 0.94167,
      "p_gr_below_planck_ref": 0.43086,
      "z_anchor": 0.35
    },
    {
      "apparent_gr_bias_vs_true": {
        "max": 9.523542760988121,
        "mean": -2.374816982989206,
        "min": -9.762098194051816,
        "p16": -4.788267168650657,
        "p50": -2.6006241118475373,
        "p84": 0.058271750533436265,
        "sd": 2.4725726933807843
      },
      "delta_local_minus_highz_gr": {
        "max": 19.931173750306016,
        "mean": 4.783715372313238,
        "min": -13.0927641710866,
        "p16": 1.250435160507493,
        "p50": 4.934562941811556,
        "p84": 8.355192118307945,
        "sd": 3.604958934741366
      },
      "delta_local_minus_highz_mg": {
        "max": 15.716769944800184,
        "mean": 2.622176216056809,
        "min": -11.555867895153611,
        "p16": -0.4221484492538502,
        "p50": 2.6750109125105865,
        "p84": 5.706664774283898,
        "sd": 3.1324952065093936
      },
      "h0_highz_gr": {
        "max": 84.85094860288865,
        "mean": 68.21545900569518,
        "min": 55.1862580714366,
        "p16": 64.7685331682156,
        "p50": 68.0379513340734,
        "p84": 71.59478414967427,
        "sd": 3.4612981697440213
      },
      "h0_highz_mg": {
        "max": 82.48560144351033,
        "mean": 70.3769981619516,
        "min": 58.842859594684796,
        "p16": 67.42508926014115,
        "p50": 70.33288069798508,
        "p84": 73.24517022892795,
        "sd": 2.9647322750010625
      },
      "h0_local_obs": {
        "max": 77.14969026097279,
        "mean": 72.99917437800842,
        "min": 68.67673008957533,
        "p16": 72.00244290274196,
        "p50": 72.9976821964095,
        "p84": 73.99442519778057,
        "sd": 0.9981795278773128
      },
      "local_minus_highz_gr_sigma": 1.3277557733877579,
      "local_minus_highz_mg_sigma": 0.8380666706614437,
      "p_gr_above_local_ref": 0.08365,
      "p_gr_below_local_ref": 0.91635,
      "p_gr_below_planck_ref": 0.42528,
      "z_anchor": 0.5
    },
    {
      "apparent_gr_bias_vs_true": {
        "max": 10.705758651981043,
        "mean": -1.4578408648361691,
        "min": -10.286478325220777,
        "p16": -4.303588979669953,
        "p50": -1.6967642096398237,
        "p84": 1.3826774831469149,
        "sd": 2.8947061613680405
      },
      "delta_local_minus_highz_gr": {
        "max": 19.30598892956172,
        "mean": 3.864185994941085,
        "min": -14.51593037345279,
        "p16": -0.038858451336348576,
        "p50": 4.072044422866341,
        "p84": 7.761581243008373,
        "sd": 3.9382455004282875
      },
      "delta_local_minus_highz_mg": {
        "max": 15.4057253771523,
        "mean": 2.6204656459508047,
        "min": -10.991509272340053,
        "p16": -0.417117325650907,
        "p50": 2.6714881164217985,
        "p84": 5.686281859789742,
        "sd": 3.119110145636307
      },
      "h0_highz_gr": {
        "max": 86.28201812990282,
        "mean": 69.13767146824986,
        "min": 55.13360738768581,
        "p16": 65.35227190241542,
        "p50": 68.88131499650069,
        "p84": 72.90472026371944,
        "sd": 3.814029726351835
      },
      "h0_highz_mg": {
        "max": 82.77512338717335,
        "mean": 70.38139181724014,
        "min": 59.189881592774704,
        "p16": 67.44642882520749,
        "p50": 70.3320415589709,
        "p84": 73.24411704803839,
        "sd": 2.9604025345673524
      },
      "h0_local_obs": {
        "max": 77.16739204494982,
        "mean": 73.00185746319094,
        "min": 68.75402997099631,
        "p16": 72.01152328014278,
        "p50": 73.00650251371354,
        "p84": 73.98996199739936,
        "sd": 0.9973255957572121
      },
      "local_minus_highz_gr_sigma": 0.9800250993355978,
      "local_minus_highz_mg_sigma": 0.8386195055882714,
      "p_gr_above_local_ref": 0.1541,
      "p_gr_below_local_ref": 0.8459,
      "p_gr_below_planck_ref": 0.34169,
      "z_anchor": 0.62
    }
  ],
  "draws_total": 1600,
  "draws_used": 1600,
  "h0_posterior_mg_truth": {
    "max": 81.06264119821896,
    "mean": 70.60034490571202,
    "min": 60.651398709331204,
    "p16": 67.71575777916435,