{
  "apparent_gr_bias_vs_true": {
    "max": 4.937930148267476,
    "mean": -1.9923796208388922,
    "min": -6.893110132837478,
    "p16": -3.3229989808396136,
    "p50": -2.083823423176817,
    "p84": -0.6784409008678579,
    "sd": 1.3533607708646296
  },
  "delta_local_minus_highz_gr": {
    "max": 16.6898584113276,
    "mean": 4.468914271962189,
    "min": -14.0553006754824,
    "p16": 1.35019293298715,
    "p50": 4.544511390643322,
    "p84": 7.597880974402043,
    "sd": 3.19801205673442
  },
  "delta_local_minus_highz_mg": {
    "max": 15.422408036381086,
    "mean": 2.684920496677338,
    "min": -14.477341145782503,
    "p16": -0.4247449299252872,
    "p50": 2.7459746569614296,
    "p84": 5.784070257116309,
    "sd": 3.2014539403570645
  },
  "h0_highz_gr": {
    "max": 84.76407113018159,
    "mean": 68.52872039428195,
    "min": 57.892884752382706,
    "p16": 65.581140639701,
    "p50": 68.44367028207608,
    "p84": 71.50793043969524,
    "sd": 3.0398709098013574
  },
  "h0_highz_mg": {
    "max": 85.1861116004817,
    "mean": 70.3127141695668,
    "min": 59.145404570069076,
    "p16": 67.39234286391324,
    "p50": 70.2311017632436,
    "p84": 73.2825799087918,
    "sd": 3.0450537338397075
  },
  "h0_local_obs": {
    "max": 77.37287139361277,
    "mean": 72.99763466624414,
    "min": 68.85438716728822,
    "p16": 72.00777303618575,
    "p50": 72.99862569656469,
    "p84": 73.9917022560448,
    "sd": 1.0005848859414486
  },
  "local_minus_highz_gr_sigma": 1.3964801281673893,
  "local_minus_highz_mg_sigma": 0.8377153604210646,
  "p_gr_above_local_ref": 0.07187,
  "p_gr_below_local_ref": 0.92813,
  "p_gr_below_planck_ref": 0.36092,
  "z_anchor": 0.2
}
