{
  "apparent_gr_bias_vs_true": {
    "max": 6.7389328384778935,
    "mean": -2.632984895350847,
    "min": -8.980195563573858,
    "p16": -4.550375462069292,
    "p50": -2.822184128371898,
    "p84": -0.7131600273006276,
    "sd": 1.9878914083713572
  },
  "delta_local_minus_highz_gr": {
    "max": 18.701733571616188,
    "mean": 5.102724028754758,
    "min": -12.700985897044006,
    "p16": 1.7181284762591589,
    "p50": 5.24577046904745,
    "p84": 8.445599347052621,
    "sd": 3.413495775014566
  },
  "delta_local_minus_highz_mg": {
    "max": 15.22147805231804,
    "mean": 2.681208967470476,
    "min": -12.526071574231693,
    "p16": -0.4483071387532584,
    "p50": 2.760453999306222,
    "p84": 5.754335063497089,
    "sd": 3.194968110907024
  },
  "h0_highz_gr": {
    "max": 84.32040775513494,
    "mean": 67.89805469183217,
    "min": 57.047454951402806,
    "p16": 64.68586223583013,
    "p50": 67.72760575168826,
    "p84": 71.15365909381298,
    "sd": 3.269793169429502
  },
  "h0_highz_mg": {
    "max": 84.14295261326907,
    "mean": 70.31956975311644,
    "min": 58.77748346742731,
    "p16": 67.41610039180681,
    "p50": 70.22571215619078,
    "p84": 73.2946960941509,
    "sd": 3.042246689938905
  },
  "h0_local_obs": {
    "max": 77.17122971193074,
    "mean": 73.00077872058691,
    "min": 68.76541535178848,
    "p16": 72.01243086101275,
    "p50": 72.99615935152909,
    "p84": 73.9896763733235,
    "sd": 0.9965293812329682
  },
  "local_minus_highz_gr_sigma": 1.4923341734323976,
  "local_minus_highz_mg_sigma": 0.8372539811640309,
  "p_gr_above_local_ref": 0.06357,
  "p_gr_below_local_ref": 0.93643,
  "p_gr_below_planck_ref": 0.45899,
  "z_anchor": 0.35
}
