{
  "apparent_gr_bias_vs_true": {
    "max": 11.4072402971846,
    "mean": -1.5460601119226205,
    "min": -10.575327556656376,
    "p16": -4.27852466641811,
    "p50": -1.8894299632272578,
    "p84": 1.2081981482888517,
    "sd": 2.9002098351367573
  },
  "delta_local_minus_highz_gr": {
    "max": 16.51483136025258,
    "mean": 4.036180457424431,
    "min": -16.929020635746937,
    "p16": 0.04019521830387253,
    "p50": 4.3040452161116605,
    "p84": 7.984925917305214,
    "sd": 4.047627099980105
  },
  "delta_local_minus_highz_mg": {
    "max": 15.142654053623474,
    "mean": 2.7015191829751695,
    "min": -12.666498114302257,
    "p16": -0.41039817000152023,
    "p50": 2.758806924498181,
    "p84": 5.80094786981127,
    "sd": 3.201490730931717
  },
  "h0_highz_gr": {
    "max": 88.76574020784176,
    "mean": 68.96161757879078,
    "min": 57.87219981564589,
    "p16": 65.15555968932546,
    "p50": 68.66225120395325,
    "p84": 72.85612047755073,
    "sd": 3.9257128037902387
  },
  "h0_highz_mg": {
    "max": 84.45856504704854,
    "mean": 70.29627885324005,
    "min": 59.22911356736089,
    "p16": 67.38912315741017,
    "p50": 70.21585858563526,
    "p84": 73.26709456053256,
    "sd": 3.0457054079073074
  },
  "h0_local_obs": {
    "max": 77.74694544579623,
    "mean": 72.99779803621522,
    "min": 69.04350378610027,
    "p16": 72.00593473119444,
    "p50": 73.00027112071882,
    "p84": 73.9949685380608,
    "sd": 0.9986753320887094
  },
  "local_minus_highz_gr_sigma": 0.9963229358232898,
  "local_minus_highz_mg_sigma": 0.842731477148763,
  "p_gr_above_local_ref": 0.15202,
  "p_gr_below_local_ref": 0.84798,
  "p_gr_below_planck_ref": 0.36029,
  "z_anchor": 0.62
}
