{
  "apparent_gr_bias_vs_true": {
    "max": 9.529389443880632,
    "mean": -2.442058398794715,
    "min": -9.978391311303113,
    "p16": -4.810185165509202,
    "p50": -2.7237995435584423,
    "p84": -0.030761304796985606,
    "sd": 2.4937866859676263
  },
  "delta_local_minus_highz_gr": {
    "max": 17.739309675132603,
    "mean": 4.932509101503528,
    "min": -14.541435241746044,
    "p16": 1.2488815115725345,
    "p50": 5.1553661988497055,
    "p84": 8.588762243416634,
    "sd": 3.712298120647113
  },
  "delta_local_minus_highz_mg": {
    "max": 15.332373945025111,
    "mean": 2.7014632345056984,
    "min": -12.628005558655829,
    "p16": -0.43639914294864524,
    "p50": 2.764303263604674,
    "p84": 5.819523195945412,
    "sd": 3.2063184436598062
  },
  "h0_highz_gr": {
    "max": 86.44582780861792,
    "mean": 68.06528739083866,
    "min": 57.40329375034814,
    "p16": 64.54896381211591,
    "p50": 67.81111688208244,
    "p84": 71.63320903738301,
    "sd": 3.5757034993172545
  },
  "h0_highz_mg": {
    "max": 84.51585252141503,
    "mean": 70.2963332578365,
    "min": 59.140258107795624,
    "p16": 67.38629082218804,
    "p50": 70.21202507307422,
    "p84": 73.2771324619884,
    "sd": 3.045223823198995
  },
  "h0_local_obs": {
    "max": 77.20753827362776,
    "mean": 72.99779649234219,
    "min": 68.75000012456398,
    "p16": 72.00438569242996,
    "p50": 73.00119848242969,
    "p84": 73.99260057115106,
    "sd": 0.9978616181989073
  },
  "local_minus_highz_gr_sigma": 1.3284774420558456,
  "local_minus_highz_mg_sigma": 0.8428343231103503,
  "p_gr_above_local_ref": 0.09011,
  "p_gr_below_local_ref": 0.90989,
  "p_gr_below_planck_ref": 0.45194,
  "z_anchor": 0.5
}
