{
  "anchor_results": [
    {
      "apparent_gr_bias_vs_true": {
        "max": 4.937930148267476,
        "mean": -1.9923796208388922,
        "min": -6.893110132837478,
        "p16": -3.3229989808396136,
        "p50": -2.083823423176817,
        "p84": -0.6784409008678579,
        "sd": 1.3533607708646296
      },
      "delta_local_minus_highz_gr": {
        "max": 16.6898584113276,
        "mean": 4.468914271962189,
        "min": -14.0553006754824,
        "p16": 1.35019293298715,
        "p50": 4.544511390643322,
        "p84": 7.597880974402043,
        "sd": 3.19801205673442
      },
      "delta_local_minus_highz_mg": {
        "max": 15.422408036381086,
        "mean": 2.684920496677338,
        "min": -14.477341145782503,
        "p16": -0.4247449299252872,
        "p50": 2.7459746569614296,
        "p84": 5.784070257116309,
        "sd": 3.2014539403570645
      },
      "h0_highz_gr": {
        "max": 84.76407113018159,
        "mean": 68.52872039428195,
        "min": 57.892884752382706,
        "p16": 65.581140639701,
        "p50": 68.44367028207608,
        "p84": 71.50793043969524,
        "sd": 3.0398709098013574
      },
      "h0_highz_mg": {
        "max": 85.1861116004817,
        "mean": 70.3127141695668,
        "min": 59.145404570069076,
        "p16": 67.39234286391324,
        "p50": 70.2311017632436,
        "p84": 73.2825799087918,
        "sd": 3.0450537338397075
      },
      "h0_local_obs": {
        "max": 77.37287139361277,
        "mean": 72.99763466624414,
        "min": 68.85438716728822,
        "p16": 72.00777303618575,
        "p50": 72.99862569656469,
        "p84": 73.9917022560448,
        "sd": 1.0005848859414486
      },
      "local_minus_highz_gr_sigma": 1.3964801281673893,
      "local_minus_highz_mg_sigma": 0.8377153604210646,
      "p_gr_above_local_ref": 0.07187,
      "p_gr_below_local_ref": 0.92813,
      "p_gr_below_planck_ref": 0.36092,
      "z_anchor": 0.2
    },
    {
      "apparent_gr_bias_vs_true": {
        "max": 6.7389328384778935,
        "mean": -2.632984895350847,
        "min": -8.980195563573858,
        "p16": -4.550375462069292,
        "p50": -2.822184128371898,
        "p84": -0.7131600273006276,
        "sd": 1.9878914083713572
      },
      "delta_local_minus_highz_gr": {
        "max": 18.701733571616188,
        "mean": 5.102724028754758,
        "min": -12.700985897044006,
        "p16": 1.7181284762591589,
        "p50": 5.24577046904745,
        "p84": 8.445599347052621,
        "sd": 3.413495775014566
      },
      "delta_local_minus_highz_mg": {
        "max": 15.22147805231804,
        "mean": 2.681208967470476,
        "min": -12.526071574231693,
        "p16": -0.4483071387532584,
        "p50": 2.760453999306222,
        "p84": 5.754335063497089,
        "sd": 3.194968110907024
      },
      "h0_highz_gr": {
        "max": 84.32040775513494,
        "mean": 67.89805469183217,
        "min": 57.047454951402806,
        "p16": 64.68586223583013,
        "p50": 67.72760575168826,
        "p84": 71.15365909381298,
        "sd": 3.269793169429502
      },
      "h0_highz_mg": {
        "max": 84.14295261326907,
        "mean": 70.31956975311644,
        "min": 58.77748346742731,
        "p16": 67.41610039180681,
        "p50": 70.22571215619078,
        "p84": 73.2946960941509,
        "sd": 3.042246689938905
      },
      "h0_local_obs": {
        "max": 77.17122971193074,
        "mean": 73.00077872058691,
        "min": 68.76541535178848,
        "p16": 72.01243086101275,
        "p50": 72.99615935152909,
        "p84": 73.9896763733235,
        "sd": 0.9965293812329682
      },
      "local_minus_highz_gr_sigma": 1.4923341734323976,
      "local_minus_highz_mg_sigma": 0.8372539811640309,
      "p_gr_above_local_ref": 0.06357,
      "p_gr_below_local_ref": 0.93643,
      "p_gr_below_planck_ref": 0.45899,
      "z_anchor": 0.35
    },
    {
      "apparent_gr_bias_vs_true": {
        "max": 9.529389443880632,
        "mean": -2.442058398794715,
        "min": -9.978391311303113,
        "p16": -4.810185165509202,
        "p50": -2.7237995435584423,
        "p84": -0.030761304796985606,
        "sd": 2.4937866859676263
      },
      "delta_local_minus_highz_gr": {
        "max": 17.739309675132603,
        "mean": 4.932509101503528,
        "min": -14.541435241746044,
        "p16": 1.2488815115725345,
        "p50": 5.1553661988497055,
        "p84": 8.588762243416634,
        "sd": 3.712298120647113
      },
      "delta_local_minus_highz_mg": {
        "max": 15.332373945025111,
        "mean": 2.7014632345056984,
        "min": -12.628005558655829,
        "p16": -0.43639914294864524,
        "p50": 2.764303263604674,
        "p84": 5.819523195945412,
        "sd": 3.2063184436598062
      },
      "h0_highz_gr": {
        "max": 86.44582780861792,
        "mean": 68.06528739083866,
        "min": 57.40329375034814,
        "p16": 64.54896381211591,
        "p50": 67.81111688208244,
        "p84": 71.63320903738301,
        "sd": 3.5757034993172545
      },
      "h0_highz_mg": {
        "max": 84.51585252141503,
        "mean": 70.2963332578365,
        "min": 59.140258107795624,
        "p16": 67.38629082218804,
        "p50": 70.21202507307422,
        "p84": 73.2771324619884,
        "sd": 3.045223823198995
      },
      "h0_local_obs": {
        "max": 77.20753827362776,
        "mean": 72.99779649234219,
        "min": 68.75000012456398,
        "p16": 72.00438569242996,
        "p50": 73.00119848242969,
        "p84": 73.99260057115106,
        "sd": 0.9978616181989073
      },
      "local_minus_highz_gr_sigma": 1.3284774420558456,
      "local_minus_highz_mg_sigma": 0.8428343231103503,
      "p_gr_above_local_ref": 0.09011,
      "p_gr_below_local_ref": 0.90989,
      "p_gr_below_planck_ref": 0.45194,
      "z_anchor": 0.5
    },
    {
      "apparent_gr_bias_vs_true": {
        "max": 11.4072402971846,
        "mean": -1.5460601119226205,
        "min": -10.575327556656376,
        "p16": -4.27852466641811,
        "p50": -1.8894299632272578,
        "p84": 1.2081981482888517,
        "sd": 2.9002098351367573
      },
      "delta_local_minus_highz_gr": {
        "max": 16.51483136025258,
        "mean": 4.036180457424431,
        "min": -16.929020635746937,
        "p16": 0.04019521830387253,
        "p50": 4.3040452161116605,
        "p84": 7.984925917305214,
        "sd": 4.047627099980105
      },
      "delta_local_minus_highz_mg": {
        "max": 15.142654053623474,
        "mean": 2.7015191829751695,
        "min": -12.666498114302257,
        "p16": -0.41039817000152023,
        "p50": 2.758806924498181,
        "p84": 5.80094786981127,
        "sd": 3.201490730931717
      },
      "h0_highz_gr": {
        "max": 88.76574020784176,
        "mean": 68.96161757879078,
        "min": 57.87219981564589,
        "p16": 65.15555968932546,
        "p50": 68.66225120395325,
        "p84": 72.85612047755073,
        "sd": 3.9257128037902387
      },
      "h0_highz_mg": {
        "max": 84.45856504704854,
        "mean": 70.29627885324005,
        "min": 59.22911356736089,
        "p16": 67.38912315741017,
        "p50": 70.21585858563526,
        "p84": 73.26709456053256,
        "sd": 3.0457054079073074
      },
      "h0_local_obs": {
        "max": 77.74694544579623,
        "mean": 72.99779803621522,
        "min": 69.04350378610027,
        "p16": 72.00593473119444,
        "p50": 73.00027112071882,
        "p84": 73.9949685380608,
        "sd": 0.9986753320887094
      },
      "local_minus_highz_gr_sigma": 0.9963229358232898,
      "local_minus_highz_mg_sigma": 0.842731477148763,
      "p_gr_above_local_ref": 0.15202,
      "p_gr_below_local_ref": 0.84798,
      "p_gr_below_planck_ref": 0.36029,
      "z_anchor": 0.62
    }
  ],
  "draws_total": 1600,
  "draws_used": 1600,
  "h0_posterior_mg_truth": {
    "max": 83.06595172086378,
    "mean": 70.51873584122742,
    "min": 60.31514973881641,
    "p16": 67.70416163334278,