{
  "apparent_gr_bias_vs_true": {
    "max": 11.99377644980919,
    "mean": -1.3495026609811809,
    "min": -10.856089181069109,
    "p16": -4.075897010667389,
    "p50": -1.6785941600568322,
    "p84": 1.3820168573051026,
    "sd": 2.88139491935015
  },
  "delta_local_minus_highz_gr": {
    "max": 17.286048673007834,
    "mean": 4.094281210170268,
    "min": -17.352935187192188,
    "p16": 0.10724743615662818,
    "p50": 4.356404251260244,
    "p84": 8.036370010367651,
    "sd": 4.039583240645952
  },
  "delta_local_minus_highz_mg": {
    "max": 15.921923233728819,
    "mean": 2.7466794317183467,
    "min": -13.001143124518322,
    "p16": -0.3854360780354795,
    "p50": 2.825441904160506,
    "p84": 5.8521553770074695,
    "sd": 3.2089823166852485
  },
  "h0_highz_gr": {
    "max": 89.68524131317567,
    "mean": 69.15638763026912,
    "min": 57.762509157865225,
    "p16": 65.35786101113773,
    "p50": 68.86826324665316,
    "p84": 73.03456655361788,
    "sd": 3.9167259512993913
  },
  "h0_highz_mg": {
    "max": 85.3334492505018,
    "mean": 70.50398940872105,
    "min": 59.11685102251785,
    "p16": 67.58770716717585,
    "p50": 70.41337175571272,
    "p84": 73.48972963836637,
    "sd": 3.0530426637131374
  },
  "h0_local_obs": {
    "max": 77.81595277913465,
    "mean": 73.25066884043939,
    "min": 68.70864684762287,
    "p16": 72.2550274807726,
    "p50": 73.24889914143074,
    "p84": 74.24645093084672,
    "sd": 1.0007101568192098
  },
  "local_minus_highz_gr_sigma": 1.0128421801353054,
  "local_minus_highz_mg_sigma": 0.8549596605495019,
  "p_gr_above_local_ref": 0.16196,
  "p_gr_below_local_ref": 0.83804,
  "p_gr_below_planck_ref": 0.33883,
  "z_anchor": 0.62
}
