{
  "apparent_gr_bias_vs_true": {
    "max": 7.414236989367197,
    "mean": -2.4354245038638123,
    "min": -8.959817501550148,
    "p16": -4.369509545740964,
    "p50": -2.6280583069844923,
    "p84": -0.5187900541296957,
    "sd": 1.9978847122418264
  },
  "delta_local_minus_highz_gr": {
    "max": 17.545390830607943,
    "mean": 5.15070179883465,
    "min": -12.273693708478817,
    "p16": 1.7820194223688548,
    "p50": 5.281194979619627,
    "p84": 8.538977597407419,
    "sd": 3.4256490160948663
  },
  "delta_local_minus_highz_mg": {
    "max": 15.802200424215734,
    "mean": 2.7157565768751,
    "min": -12.093969182826939,
    "p16": -0.4143105238502369,
    "p50": 2.786216601483382,
    "p84": 5.816003321436477,
    "sd": 3.2040860182555986
  },
  "h0_highz_gr": {
    "max": 85.47162572698358,
    "mean": 68.09655982054939,
    "min": 57.17484557892739,
    "p16": 64.87858496945307,
    "p50": 67.93059355801864,
    "p84": 71.34559185618987,
    "sd": 3.27924773337597
  },
  "h0_highz_mg": {
    "max": 85.2917478080706,
    "mean": 70.53150504250894,
    "min": 59.08675636049484,
    "p16": 67.62570879629583,
    "p50": 70.42530128102855,
    "p84": 73.5211692656506,
    "sd": 3.048275635649265
  },
  "h0_local_obs": {
    "max": 77.6874964636915,
    "mean": 73.24726161938403,
    "min": 68.29800195999252,
    "p16": 72.25599331847685,
    "p50": 73.24677535248784,
    "p84": 74.23951581476821,
    "sd": 0.9978208588345245
  },
  "local_minus_highz_gr_sigma": 1.5023925969815553,
  "local_minus_highz_mg_sigma": 0.8465279100198189,
  "p_gr_above_local_ref": 0.07028,
  "p_gr_below_local_ref": 0.92972,
  "p_gr_below_planck_ref": 0.43226,
  "z_anchor": 0.35
}
