{
  "apparent_gr_bias_vs_true": {
    "max": 9.175516704267963,
    "mean": -2.2288353895860635,
    "min": -10.166498534911916,
    "p16": -4.603032503767293,
    "p50": -2.5087447581944957,
    "p84": 0.1545851222021035,
    "sd": 2.493777022414662
  },
  "delta_local_minus_highz_gr": {
    "max": 17.070441456545716,
    "mean": 4.952637434409233,
    "min": -13.994540623025827,
    "p16": 1.2651535536282221,
    "p50": 5.177459757560122,
    "p84": 8.62641483522033,
    "sd": 3.731663879277556
  },
  "delta_local_minus_highz_mg": {
    "max": 15.329776318228824,
    "mean": 2.7244429035150985,
    "min": -12.088155590061689,
    "p16": -0.42078643300753754,
    "p50": 2.8033682504477113,
    "p84": 5.8383202704176655,
    "sd": 3.219736225473838
  },
  "h0_highz_gr": {
    "max": 86.97535297015118,
    "mean": 68.29167309923047,
    "min": 56.889180786847064,
    "p16": 64.76622954223623,
    "p50": 68.04295734648872,
    "p84": 71.86586642621857,
    "sd": 3.589054771934662
  },
  "h0_highz_mg": {
    "max": 85.033555591569,
    "mean": 70.51986763012461,
    "min": 58.61058861722161,
    "p16": 67.60179179879692,
    "p50": 70.42305634251613,
    "p84": 73.52788292979568,
    "sd": 3.053991108141453
  },
  "h0_local_obs": {
    "max": 77.63146344428426,
    "mean": 73.2443105336397,
    "min": 69.16127065316566,
    "p16": 72.2532436041073,
    "p50": 73.24544120484909,
    "p84": 74.23448555132501,
    "sd": 1.001563971283582
  },
  "local_minus_highz_gr_sigma": 1.3292946118472362,
  "local_minus_highz_mg_sigma": 0.8478002310192091,
  "p_gr_above_local_ref": 0.09978,
  "p_gr_below_local_ref": 0.90022,
  "p_gr_below_planck_ref": 0.42408,
  "z_anchor": 0.5
}
