{
  "apparent_gr_bias_vs_true": {
    "max": 5.220798835274572,
    "mean": -1.778375224145081,
    "min": -6.931891754730799,
    "p16": -3.1068184553560654,
    "p50": -1.866988493100834,
    "p84": -0.44539041288361586,
    "sd": 1.3576718183381256
  },
  "delta_local_minus_highz_gr": {
    "max": 17.122060086727316,
    "mean": 4.508681820110452,
    "min": -12.124398249677185,
    "p16": 1.3795765767666042,
    "p50": 4.589598641493815,
    "p84": 7.648242892134664,
    "sd": 3.209925602280451
  },
  "delta_local_minus_highz_mg": {
    "max": 15.862813662660145,
    "mean": 2.7280528939234023,
    "min": -12.545505308030968,
    "p16": -0.39729513556994506,
    "p50": 2.797431048977174,
    "p84": 5.8364165553571565,
    "sd": 3.211036060057715
  },
  "h0_highz_gr": {
    "max": 84.57660143905206,
    "mean": 68.73988600455395,
    "min": 57.51963265597273,
    "p16": 65.78469137370836,
    "p50": 68.66307150555647,
    "p84": 71.71289146872117,
    "sd": 3.049527242815727
  },
  "h0_highz_mg": {
    "max": 84.99770849740584,
    "mean": 70.520514930741,
    "min": 58.76407711777131,
    "p16": 67.61596623479875,
    "p50": 70.42778780456851,
    "p84": 73.49822773242757,
    "sd": 3.0537942010386954
  },
  "h0_local_obs": {
    "max": 77.67756787954093,
    "mean": 73.24856782466442,
    "min": 68.99682506368734,
    "p16": 72.25624656804733,
    "p50": 73.25073250157317,
    "p84": 74.23674887425582,
    "sd": 0.9974199866447111
  },
  "local_minus_highz_gr_sigma": 1.40487945970251,
  "local_minus_highz_mg_sigma": 0.8489730356909392,
  "p_gr_above_local_ref": 0.08059,
  "p_gr_below_local_ref": 0.91941,
  "p_gr_below_planck_ref": 0.33375,
  "z_anchor": 0.2
}
