{
  "anchor_results": [
    {
      "apparent_gr_bias_vs_true": {
        "max": 5.220798835274572,
        "mean": -1.778375224145081,
        "min": -6.931891754730799,
        "p16": -3.1068184553560654,
        "p50": -1.866988493100834,
        "p84": -0.44539041288361586,
        "sd": 1.3576718183381256
      },
      "delta_local_minus_highz_gr": {
        "max": 17.122060086727316,
        "mean": 4.508681820110452,
        "min": -12.124398249677185,
        "p16": 1.3795765767666042,
        "p50": 4.589598641493815,
        "p84": 7.648242892134664,
        "sd": 3.209925602280451
      },
      "delta_local_minus_highz_mg": {
        "max": 15.862813662660145,
        "mean": 2.7280528939234023,
        "min": -12.545505308030968,
        "p16": -0.39729513556994506,
        "p50": 2.797431048977174,
        "p84": 5.8364165553571565,
        "sd": 3.211036060057715
      },
      "h0_highz_gr": {
        "max": 84.57660143905206,
        "mean": 68.73988600455395,
        "min": 57.51963265597273,
        "p16": 65.78469137370836,
        "p50": 68.66307150555647,
        "p84": 71.71289146872117,
        "sd": 3.049527242815727
      },
      "h0_highz_mg": {
        "max": 84.99770849740584,
        "mean": 70.520514930741,
        "min": 58.76407711777131,
        "p16": 67.61596623479875,
        "p50": 70.42778780456851,
        "p84": 73.49822773242757,
        "sd": 3.0537942010386954
      },
      "h0_local_obs": {
        "max": 77.67756787954093,
        "mean": 73.24856782466442,
        "min": 68.99682506368734,
        "p16": 72.25624656804733,
        "p50": 73.25073250157317,
        "p84": 74.23674887425582,
        "sd": 0.9974199866447111
      },
      "local_minus_highz_gr_sigma": 1.40487945970251,
      "local_minus_highz_mg_sigma": 0.8489730356909392,
      "p_gr_above_local_ref": 0.08059,
      "p_gr_below_local_ref": 0.91941,
      "p_gr_below_planck_ref": 0.33375,
      "z_anchor": 0.2
    },
    {
      "apparent_gr_bias_vs_true": {
        "max": 7.414236989367197,
        "mean": -2.4354245038638123,
        "min": -8.959817501550148,
        "p16": -4.369509545740964,
        "p50": -2.6280583069844923,
        "p84": -0.5187900541296957,
        "sd": 1.9978847122418264
      },
      "delta_local_minus_highz_gr": {
        "max": 17.545390830607943,
        "mean": 5.15070179883465,
        "min": -12.273693708478817,
        "p16": 1.7820194223688548,
        "p50": 5.281194979619627,
        "p84": 8.538977597407419,
        "sd": 3.4256490160948663
      },
      "delta_local_minus_highz_mg": {
        "max": 15.802200424215734,
        "mean": 2.7157565768751,
        "min": -12.093969182826939,
        "p16": -0.4143105238502369,
        "p50": 2.786216601483382,
        "p84": 5.816003321436477,
        "sd": 3.2040860182555986
      },
      "h0_highz_gr": {
        "max": 85.47162572698358,
        "mean": 68.09655982054939,
        "min": 57.17484557892739,
        "p16": 64.87858496945307,
        "p50": 67.93059355801864,
        "p84": 71.34559185618987,
        "sd": 3.27924773337597
      },
      "h0_highz_mg": {
        "max": 85.2917478080706,
        "mean": 70.53150504250894,
        "min": 59.08675636049484,
        "p16": 67.62570879629583,
        "p50": 70.42530128102855,
        "p84": 73.5211692656506,
        "sd": 3.048275635649265
      },
      "h0_local_obs": {
        "max": 77.6874964636915,
        "mean": 73.24726161938403,
        "min": 68.29800195999252,
        "p16": 72.25599331847685,
        "p50": 73.24677535248784,
        "p84": 74.23951581476821,
        "sd": 0.9978208588345245
      },
      "local_minus_highz_gr_sigma": 1.5023925969815553,
      "local_minus_highz_mg_sigma": 0.8465279100198189,
      "p_gr_above_local_ref": 0.07028,
      "p_gr_below_local_ref": 0.92972,
      "p_gr_below_planck_ref": 0.43226,
      "z_anchor": 0.35
    },
    {
      "apparent_gr_bias_vs_true": {
        "max": 9.175516704267963,
        "mean": -2.2288353895860635,
        "min": -10.166498534911916,
        "p16": -4.603032503767293,
        "p50": -2.5087447581944957,
        "p84": 0.1545851222021035,
        "sd": 2.493777022414662
      },
      "delta_local_minus_highz_gr": {
        "max": 17.070441456545716,
        "mean": 4.952637434409233,
        "min": -13.994540623025827,
        "p16": 1.2651535536282221,
        "p50": 5.177459757560122,
        "p84": 8.62641483522033,
        "sd": 3.731663879277556
      },
      "delta_local_minus_highz_mg": {
        "max": 15.329776318228824,
        "mean": 2.7244429035150985,
        "min": -12.088155590061689,
        "p16": -0.42078643300753754,
        "p50": 2.8033682504477113,
        "p84": 5.8383202704176655,
        "sd": 3.219736225473838
      },
      "h0_highz_gr": {
        "max": 86.97535297015118,
        "mean": 68.29167309923047,
        "min": 56.889180786847064,
        "p16": 64.76622954223623,
        "p50": 68.04295734648872,
        "p84": 71.86586642621857,
        "sd": 3.589054771934662
      },
      "h0_highz_mg": {
        "max": 85.033555591569,
        "mean": 70.51986763012461,
        "min": 58.61058861722161,
        "p16": 67.60179179879692,
        "p50": 70.42305634251613,
        "p84": 73.52788292979568,
        "sd": 3.053991108141453
      },
      "h0_local_obs": {
        "max": 77.63146344428426,
        "mean": 73.2443105336397,
        "min": 69.16127065316566,
        "p16": 72.2532436041073,
        "p50": 73.24544120484909,
        "p84": 74.23448555132501,
        "sd": 1.001563971283582
      },
      "local_minus_highz_gr_sigma": 1.3292946118472362,
      "local_minus_highz_mg_sigma": 0.8478002310192091,
      "p_gr_above_local_ref": 0.09978,
      "p_gr_below_local_ref": 0.90022,
      "p_gr_below_planck_ref": 0.42408,
      "z_anchor": 0.5
    },
    {
      "apparent_gr_bias_vs_true": {
        "max": 11.99377644980919,
        "mean": -1.3495026609811809,
        "min": -10.856089181069109,
        "p16": -4.075897010667389,
        "p50": -1.6785941600568322,
        "p84": 1.3820168573051026,
        "sd": 2.88139491935015
      },
      "delta_local_minus_highz_gr": {
        "max": 17.286048673007834,
        "mean": 4.094281210170268,
        "min": -17.352935187192188,
        "p16": 0.10724743615662818,
        "p50": 4.356404251260244,
        "p84": 8.036370010367651,
        "sd": 4.039583240645952
      },
      "delta_local_minus_highz_mg": {
        "max": 15.921923233728819,
        "mean": 2.7466794317183467,
        "min": -13.001143124518322,
        "p16": -0.3854360780354795,
        "p50": 2.825441904160506,
        "p84": 5.8521553770074695,
        "sd": 3.2089823166852485
      },
      "h0_highz_gr": {
        "max": 89.68524131317567,
        "mean": 69.15638763026912,
        "min": 57.762509157865225,
        "p16": 65.35786101113773,
        "p50": 68.86826324665316,
        "p84": 73.03456655361788,
        "sd": 3.9167259512993913
      },
      "h0_highz_mg": {
        "max": 85.3334492505018,
        "mean": 70.50398940872105,
        "min": 59.11685102251785,
        "p16": 67.58770716717585,
        "p50": 70.41337175571272,
        "p84": 73.48972963836637,
        "sd": 3.0530426637131374
      },
      "h0_local_obs": {
        "max": 77.81595277913465,
        "mean": 73.25066884043939,
        "min": 68.70864684762287,
        "p16": 72.2550274807726,
        "p50": 73.24889914143074,
        "p84": 74.24645093084672,
        "sd": 1.0007101568192098
      },
      "local_minus_highz_gr_sigma": 1.0128421801353054,
      "local_minus_highz_mg_sigma": 0.8549596605495019,
      "p_gr_above_local_ref": 0.16196,
      "p_gr_below_local_ref": 0.83804,
      "p_gr_below_planck_ref": 0.33883,
      "z_anchor": 0.62
    }
  ],
  "draws_total": 1600,
  "draws_used": 1600,
  "h0_posterior_mg_truth": {
    "max": 83.06595172086378,
    "mean": 70.51873584122742,
    "min": 60.31514973881641,
    "p16": 67.70416163334278,