{
  "apparent_gr_bias_vs_true": {
    "max": 8.100927751391822,
    "mean": -2.123717878529172,
    "min": -9.328692496142466,
    "p16": -4.4539160029760225,
    "p50": -2.434869438371443,
    "p84": 0.35556417290193454,
    "sd": 2.4619144035172082
  },
  "delta_local_minus_highz_gr": {
    "max": 17.588546422248882,
    "mean": 4.133953194856925,
    "min": -18.244757716814604,
    "p16": 0.5414474111028409,
    "p50": 4.410274630675353,
    "p84": 7.693335763537827,
    "sd": 3.7284280216677805
  },
  "delta_local_minus_highz_mg": {
    "max": 13.682309703842648,
    "mean": 1.795184667100932,
    "min": -15.280398393730337,
    "p16": -1.3197538433996931,
    "p50": 1.7991460188095303,
    "p84": 4.97824685493399,
    "sd": 3.2098589456032265
  },
  "h0_highz_gr": {
    "max": 89.49021658138157,
    "mean": 68.86179491834147,
    "min": 57.15150096293061,
    "p16": 65.46298324030894,
    "p50": 68.5735874645552,
    "p84": 72.34222698041829,
    "sd": 3.5951333186759484
  },
  "h0_highz_mg": {
    "max": 86.49533613103388,
    "mean": 71.20056344609746,
    "min": 61.22192063818743,
    "p16": 68.17825583491965,
    "p50": 71.22635020652277,
    "p84": 74.13758286182238,
    "sd": 3.0555221533755557
  },
  "h0_local_obs": {
    "max": 77.2123770356485,
    "mean": 72.9957481131984,
    "min": 68.75311384029918,
    "p16": 72.00206032747388,
    "p50": 72.9945251154696,
    "p84": 73.99534404960964,
    "sd": 0.9996393057898991
  },
  "local_minus_highz_gr_sigma": 1.1078174693621747,
  "local_minus_highz_mg_sigma": 0.5583780655699373,
  "p_gr_above_local_ref": 0.12884,
  "p_gr_below_local_ref": 0.87116,
  "p_gr_below_planck_ref": 0.35485,
  "z_anchor": 0.5
}
