{
  "apparent_gr_bias_vs_true": {
    "max": 4.783370197065111,
    "mean": -1.6242467159342562,
    "min": -6.78502995003268,
    "p16": -2.9153802400729707,
    "p50": -1.7246403565804762,
    "p84": -0.31658480968829156,
    "sd": 1.3263787445183175
  },
  "delta_local_minus_highz_gr": {
    "max": 15.391137543017237,
    "mean": 3.6465859599428896,
    "min": -13.572753380188729,
    "p16": 0.5358608558238996,
    "p50": 3.7261530815939636,
    "p84": 6.773037424079907,
    "sd": 3.210500912245498
  },
  "delta_local_minus_highz_mg": {
    "max": 14.317156165262176,
    "mean": 1.8110623783910693,
    "min": -14.117463424947871,
    "p16": -1.3117868058807238,
    "p50": 1.8125815607476738,
    "p84": 5.015147851627385,
    "sd": 3.2298027419340225
  },
  "h0_highz_gr": {
    "max": 85.42528669646542,
    "mean": 69.35332823505293,
    "min": 59.220140246995264,
    "p16": 66.3826365425684,
    "p50": 69.24979022303705,
    "p84": 72.30425722665224,
    "sd": 3.0490436401569654
  },
  "h0_highz_mg": {
    "max": 85.81624432529837,
    "mean": 71.18885181660475,
    "min": 60.51752856474018,
    "p16": 68.15799217618265,
    "p50": 71.21992026838535,
    "p84": 74.13999989821824,
    "sd": 3.0678419503546075
  },
  "h0_local_obs": {
    "max": 77.60641876964661,
    "mean": 72.99991419499581,
    "min": 68.71515801740142,
    "p16": 72.00613131466366,
    "p50": 73.00216289639275,
    "p84": 73.98803520447626,
    "sd": 1.0017683001075874
  },
  "local_minus_highz_gr_sigma": 1.1364180397155246,
  "local_minus_highz_mg_sigma": 0.5612722110093695,
  "p_gr_above_local_ref": 0.11309,
  "p_gr_below_local_ref": 0.88691,
  "p_gr_below_planck_ref": 0.26311,
  "z_anchor": 0.2
}
