{
  "apparent_gr_bias_vs_true": {
    "max": 12.096452643697404,
    "mean": -1.2632938371005051,
    "min": -9.73639737667719,
    "p16": -4.003479854858003,
    "p50": -1.6890941407938413,
    "p84": 1.742653943347131,
    "sd": 2.9122616029098967
  },
  "delta_local_minus_highz_gr": {
    "max": 16.395199255090773,
    "mean": 3.2850298418168804,
    "min": -22.88953501160381,
    "p16": -0.6738767652174499,
    "p50": 3.6052252254483292,
    "p84": 7.219247862078663,
    "sd": 4.118044686145571
  },
  "delta_local_minus_highz_mg": {
    "max": 13.005919717759333,
    "mean": 1.8084858989925217,
    "min": -15.923279879273736,
    "p16": -1.2999467120818673,
    "p50": 1.8121985811066494,
    "p84": 4.989267622142848,
    "sd": 3.212274643817888
  },
  "h0_highz_gr": {
    "max": 93.42235051275983,
    "mean": 69.7145312725183,
    "min": 57.187972663207475,
    "p16": 65.91882858165077,
    "p50": 69.39023009508719,
    "p84": 73.55573087894257,
    "sd": 3.991622356941234
  },
  "h0_highz_mg": {
    "max": 86.45609538042976,
    "mean": 71.19107521534266,
    "min": 61.063221803594324,
    "p16": 68.1900855751915,
    "p50": 71.20519375009533,
    "p84": 74.11299739432503,
    "sd": 3.050067030839626
  },
  "h0_local_obs": {
    "max": 78.17433675029584,
    "mean": 72.99956111433517,
    "min": 68.6408153057205,
    "p16": 72.00660368839961,
    "p50": 73.00203540747106,
    "p84": 73.99109945586315,
    "sd": 0.9972751922315883
  },
  "local_minus_highz_gr_sigma": 0.7983103061836317,
  "local_minus_highz_mg_sigma": 0.5634238113561141,
  "p_gr_above_local_ref": 0.1862,
  "p_gr_below_local_ref": 0.8138,
  "p_gr_below_planck_ref": 0.28532,
  "z_anchor": 0.62
}
