{
  "apparent_gr_bias_vs_true": {
    "max": 6.691108462536562,
    "mean": -2.3028097087734998,
    "min": -8.35976672249926,
    "p16": -4.154976348913744,
    "p50": -2.5080802193651195,
    "p84": -0.3949247530436071,
    "sd": 1.9385004620424517
  },
  "delta_local_minus_highz_gr": {
    "max": 16.955320195107014,
    "mean": 4.3363375407199065,
    "min": -14.545532181342509,
    "p16": 1.0481572355800268,
    "p50": 4.52733316911285,
    "p84": 7.605270091397483,
    "sd": 3.413608780631932
  },
  "delta_local_minus_highz_mg": {
    "max": 13.843787440100982,
    "mean": 1.821772459729029,
    "min": -14.102114483829354,
    "p16": -1.2928303010357558,
    "p50": 1.8131303678861102,
    "p84": 5.010169169462066,
    "sd": 3.223410454133001
  },
  "h0_highz_gr": {
    "max": 86.49445413764782,
    "mean": 68.6681931264111,
    "min": 57.5162944014491,
    "p16": 65.57286701744661,
    "p50": 68.45514410182591,
    "p84": 71.79098737792829,
    "sd": 3.264447319608766
  },
  "h0_highz_mg": {
    "max": 86.0456563175766,
    "mean": 71.18275820740197,
    "min": 61.21335715755016,
    "p16": 68.16871206070661,
    "p50": 71.21902292940884,
    "p84": 74.1088741604235,
    "sd": 3.0617352139767497
  },
  "h0_local_obs": {
    "max": 77.26463634865941,
    "mean": 73.00453066713101,
    "min": 68.27874047346438,
    "p16": 72.00517753311526,
    "p50": 73.00533253384083,
    "p84": 73.99676943042938,
    "sd": 1.00362038389197
  },
  "local_minus_highz_gr_sigma": 1.270096823234086,
  "local_minus_highz_mg_sigma": 0.565609054075598,
  "p_gr_above_local_ref": 0.09735,
  "p_gr_below_local_ref": 0.90265,
  "p_gr_below_planck_ref": 0.36024,
  "z_anchor": 0.35
}
