{
  "anchor_results": [
    {
      "apparent_gr_bias_vs_true": {
        "max": 4.783370197065111,
        "mean": -1.6242467159342562,
        "min": -6.78502995003268,
        "p16": -2.9153802400729707,
        "p50": -1.7246403565804762,
        "p84": -0.31658480968829156,
        "sd": 1.3263787445183175
      },
      "delta_local_minus_highz_gr": {
        "max": 15.391137543017237,
        "mean": 3.6465859599428896,
        "min": -13.572753380188729,
        "p16": 0.5358608558238996,
        "p50": 3.7261530815939636,
        "p84": 6.773037424079907,
        "sd": 3.210500912245498
      },
      "delta_local_minus_highz_mg": {
        "max": 14.317156165262176,
        "mean": 1.8110623783910693,
        "min": -14.117463424947871,
        "p16": -1.3117868058807238,
        "p50": 1.8125815607476738,
        "p84": 5.015147851627385,
        "sd": 3.2298027419340225
      },
      "h0_highz_gr": {
        "max": 85.42528669646542,
        "mean": 69.35332823505293,
        "min": 59.220140246995264,
        "p16": 66.3826365425684,
        "p50": 69.24979022303705,
        "p84": 72.30425722665224,
        "sd": 3.0490436401569654
      },
      "h0_highz_mg": {
        "max": 85.81624432529837,
        "mean": 71.18885181660475,
        "min": 60.51752856474018,
        "p16": 68.15799217618265,
        "p50": 71.21992026838535,
        "p84": 74.13999989821824,
        "sd": 3.0678419503546075
      },
      "h0_local_obs": {
        "max": 77.60641876964661,
        "mean": 72.99991419499581,
        "min": 68.71515801740142,
        "p16": 72.00613131466366,
        "p50": 73.00216289639275,
        "p84": 73.98803520447626,
        "sd": 1.0017683001075874
      },
      "local_minus_highz_gr_sigma": 1.1364180397155246,
      "local_minus_highz_mg_sigma": 0.5612722110093695,
      "p_gr_above_local_ref": 0.11309,
      "p_gr_below_local_ref": 0.88691,
      "p_gr_below_planck_ref": 0.26311,
      "z_anchor": 0.2
    },
    {
      "apparent_gr_bias_vs_true": {
        "max": 6.691108462536562,
        "mean": -2.3028097087734998,
        "min": -8.35976672249926,
        "p16": -4.154976348913744,
        "p50": -2.5080802193651195,
        "p84": -0.3949247530436071,
        "sd": 1.9385004620424517
      },
      "delta_local_minus_highz_gr": {
        "max": 16.955320195107014,
        "mean": 4.3363375407199065,
        "min": -14.545532181342509,
        "p16": 1.0481572355800268,
        "p50": 4.52733316911285,
        "p84": 7.605270091397483,
        "sd": 3.413608780631932
      },
      "delta_local_minus_highz_mg": {
        "max": 13.843787440100982,
        "mean": 1.821772459729029,
        "min": -14.102114483829354,
        "p16": -1.2928303010357558,
        "p50": 1.8131303678861102,
        "p84": 5.010169169462066,
        "sd": 3.223410454133001
      },
      "h0_highz_gr": {
        "max": 86.49445413764782,
        "mean": 68.6681931264111,
        "min": 57.5162944014491,
        "p16": 65.57286701744661,
        "p50": 68.45514410182591,
        "p84": 71.79098737792829,
        "sd": 3.264447319608766
      },
      "h0_highz_mg": {
        "max": 86.0456563175766,
        "mean": 71.18275820740197,
        "min": 61.21335715755016,
        "p16": 68.16871206070661,
        "p50": 71.21902292940884,
        "p84": 74.1088741604235,
        "sd": 3.0617352139767497
      },
      "h0_local_obs": {
        "max": 77.26463634865941,
        "mean": 73.00453066713101,
        "min": 68.27874047346438,
        "p16": 72.00517753311526,
        "p50": 73.00533253384083,
        "p84": 73.99676943042938,
        "sd": 1.00362038389197
      },
      "local_minus_highz_gr_sigma": 1.270096823234086,
      "local_minus_highz_mg_sigma": 0.565609054075598,
      "p_gr_above_local_ref": 0.09735,
      "p_gr_below_local_ref": 0.90265,
      "p_gr_below_planck_ref": 0.36024,
      "z_anchor": 0.35
    },
    {
      "apparent_gr_bias_vs_true": {
        "max": 8.100927751391822,
        "mean": -2.123717878529172,
        "min": -9.328692496142466,
        "p16": -4.4539160029760225,
        "p50": -2.434869438371443,
        "p84": 0.35556417290193454,
        "sd": 2.4619144035172082
      },
      "delta_local_minus_highz_gr": {
        "max": 17.588546422248882,
        "mean": 4.133953194856925,
        "min": -18.244757716814604,
        "p16": 0.5414474111028409,
        "p50": 4.410274630675353,
        "p84": 7.693335763537827,
        "sd": 3.7284280216677805
      },
      "delta_local_minus_highz_mg": {
        "max": 13.682309703842648,
        "mean": 1.795184667100932,
        "min": -15.280398393730337,
        "p16": -1.3197538433996931,
        "p50": 1.7991460188095303,
        "p84": 4.97824685493399,
        "sd": 3.2098589456032265
      },
      "h0_highz_gr": {
        "max": 89.49021658138157,
        "mean": 68.86179491834147,
        "min": 57.15150096293061,
        "p16": 65.46298324030894,
        "p50": 68.5735874645552,
        "p84": 72.34222698041829,
        "sd": 3.5951333186759484
      },
      "h0_highz_mg": {
        "max": 86.49533613103388,
        "mean": 71.20056344609746,
        "min": 61.22192063818743,
        "p16": 68.17825583491965,
        "p50": 71.22635020652277,
        "p84": 74.13758286182238,
        "sd": 3.0555221533755557
      },
      "h0_local_obs": {
        "max": 77.2123770356485,
        "mean": 72.9957481131984,
        "min": 68.75311384029918,
        "p16": 72.00206032747388,
        "p50": 72.9945251154696,
        "p84": 73.99534404960964,
        "sd": 0.9996393057898991
      },
      "local_minus_highz_gr_sigma": 1.1078174693621747,
      "local_minus_highz_mg_sigma": 0.5583780655699373,
      "p_gr_above_local_ref": 0.12884,
      "p_gr_below_local_ref": 0.87116,
      "p_gr_below_planck_ref": 0.35485,
      "z_anchor": 0.5
    },
    {
      "apparent_gr_bias_vs_true": {
        "max": 12.096452643697404,
        "mean": -1.2632938371005051,
        "min": -9.73639737667719,
        "p16": -4.003479854858003,
        "p50": -1.6890941407938413,
        "p84": 1.742653943347131,
        "sd": 2.9122616029098967
      },
      "delta_local_minus_highz_gr": {
        "max": 16.395199255090773,
        "mean": 3.2850298418168804,
        "min": -22.88953501160381,
        "p16": -0.6738767652174499,
        "p50": 3.6052252254483292,
        "p84": 7.219247862078663,
        "sd": 4.118044686145571
      },
      "delta_local_minus_highz_mg": {
        "max": 13.005919717759333,
        "mean": 1.8084858989925217,
        "min": -15.923279879273736,
        "p16": -1.2999467120818673,
        "p50": 1.8121985811066494,
        "p84": 4.989267622142848,
        "sd": 3.212274643817888
      },
      "h0_highz_gr": {
        "max": 93.42235051275983,
        "mean": 69.7145312725183,
        "min": 57.187972663207475,
        "p16": 65.91882858165077,
        "p50": 69.39023009508719,
        "p84": 73.55573087894257,
        "sd": 3.991622356941234
      },
      "h0_highz_mg": {
        "max": 86.45609538042976,
        "mean": 71.19107521534266,
        "min": 61.063221803594324,
        "p16": 68.1900855751915,
        "p50": 71.20519375009533,
        "p84": 74.11299739432503,
        "sd": 3.050067030839626
      },
      "h0_local_obs": {
        "max": 78.17433675029584,
        "mean": 72.99956111433517,
        "min": 68.6408153057205,
        "p16": 72.00660368839961,
        "p50": 73.00203540747106,
        "p84": 73.99109945586315,
        "sd": 0.9972751922315883
      },
      "local_minus_highz_gr_sigma": 0.7983103061836317,
      "local_minus_highz_mg_sigma": 0.5634238113561141,
      "p_gr_above_local_ref": 0.1862,
      "p_gr_below_local_ref": 0.8138,
      "p_gr_below_planck_ref": 0.28532,
      "z_anchor": 0.62
    }
  ],
  "draws_total": 1600,
  "draws_used": 1600,
  "h0_posterior_mg_truth": {
    "max": 83.833891578275,
    "mean": 70.9809853903875,
    "min": 62.52211725111513,
    "p16": 68.10255835254144,