{
  "apparent_gr_bias_vs_true": {
    "max": 6.1614556198557295,
    "mean": -2.3505659898615727,
    "min": -8.318911797692039,
    "p16": -4.2616319295960565,
    "p50": -2.5467075370007493,
    "p84": -0.3965636010094107,
    "sd": 1.953973239759802
  },
  "delta_local_minus_highz_gr": {
    "max": 18.33395354655721,
    "mean": 4.965696192004334,
    "min": -9.930582292730278,
    "p16": 1.7081611467467264,
    "p50": 5.053308109352287,
    "p84": 8.260805839773331,
    "sd": 3.349121911317147
  },
  "delta_local_minus_highz_mg": {
    "max": 15.866349168924359,
    "mean": 2.613421981464292,
    "min": -10.8209469235358,
    "p16": -0.4563963254292935,
    "p50": 2.5505330404083892,
    "p84": 5.753728054021969,
    "sd": 3.180499355121099
  },
  "h0_highz_gr": {
    "max": 82.51097721483393,
    "mean": 68.28019216814563,
    "min": 56.06980860673383,
    "p16": 65.13872742498361,
    "p50": 68.1510254130227,
    "p84": 71.37539475668503,
    "sd": 3.1938043241232035
  },
  "h0_highz_mg": {
    "max": 82.88393149288262,
    "mean": 70.63246637868568,
    "min": 58.51808845303928,
    "p16": 67.64089952298885,
    "p50": 70.71956534366518,
    "p84": 73.52934273156336,
    "sd": 3.018443353454286
  },
  "h0_local_obs": {
    "max": 77.61333149805793,
    "mean": 73.24588836014998,
    "min": 68.81074206461489,
    "p16": 72.25258999775473,
    "p50": 73.24464206723832,
    "p84": 74.23764294955156,
    "sd": 0.9996947124620688
  },
  "local_minus_highz_gr_sigma": 1.483759966316646,
  "local_minus_highz_mg_sigma": 0.8218876951169928,
  "p_gr_above_local_ref": 0.07347,
  "p_gr_below_local_ref": 0.92653,
  "p_gr_below_planck_ref": 0.39852,
  "z_anchor": 0.35
}
