{
  "apparent_gr_bias_vs_true": {
    "max": 4.546845885146652,
    "mean": -1.734295334054366,
    "min": -6.219724496895395,
    "p16": -3.049873399848614,
    "p50": -1.8260487304709656,
    "p84": -0.39564056834121003,
    "sd": 1.336334105176322
  },
  "delta_local_minus_highz_gr": {
    "max": 16.297026518851403,
    "mean": 4.374440185469182,
    "min": -10.370831582357368,
    "p16": 1.2985120526043301,
    "p50": 4.395804215975637,
    "p84": 7.486240950899299,
    "sd": 3.157877668968929
  },
  "delta_local_minus_highz_mg": {
    "max": 15.199506288383525,
    "mean": 2.6395942958021044,
    "min": -11.04384079654956,
    "p16": -0.4500170149749988,
    "p50": 2.573973508961764,
    "p84": 5.788946851178028,
    "sd": 3.1933185253760685
  },
  "h0_highz_gr": {
    "max": 82.36091580340296,
    "mean": 68.87628962635556,
    "min": 57.45429052453891,
    "p16": 65.91241312350732,
    "p50": 68.84665837154601,
    "p84": 71.77301990726255,
    "sd": 2.997693445786891
  },
  "h0_highz_mg": {
    "max": 83.39069960597273,
    "mean": 70.61113551602264,
    "min": 58.959627063140594,
    "p16": 67.60159294189886,
    "p50": 70.69506278528122,
    "p84": 73.53168892189834,
    "sd": 3.036113824226892
  },
  "h0_local_obs": {
    "max": 77.45970141931328,
    "mean": 73.25072981182474,
    "min": 68.86889907967077,
    "p16": 72.2535633712721,
    "p50": 73.25163125382252,
    "p84": 74.24488469057219,
    "sd": 1.0006168796312096
  },
  "local_minus_highz_gr_sigma": 1.3842772837568162,
  "local_minus_highz_mg_sigma": 0.825761261148918,
  "p_gr_above_local_ref": 0.08317,
  "p_gr_below_local_ref": 0.91683,
  "p_gr_below_planck_ref": 0.30637,
  "z_anchor": 0.2
}
