{
  "apparent_gr_bias_vs_true": {
    "max": 10.071475110602606,
    "mean": -2.1529533876719467,
    "min": -10.47866843517582,
    "p16": -4.550685488763961,
    "p50": -2.4543802847630403,
    "p84": 0.2924878939131075,
    "sd": 2.4930786451483558
  },
  "delta_local_minus_highz_gr": {
    "max": 18.62240388801043,
    "mean": 4.7891972956011015,
    "min": -13.876444783853785,
    "p16": 1.2038377418181465,
    "p50": 4.981509360204861,
    "p84": 8.36874348812098,
    "sd": 3.6611568679371853
  },
  "delta_local_minus_highz_mg": {
    "max": 16.216423139722565,
    "mean": 2.6370692148235415,
    "min": -10.405671540506432,
    "p16": -0.4411965724021758,
    "p50": 2.5869361375773465,
    "p84": 5.748420795650006,
    "sd": 3.1782423248107166
  },
  "h0_highz_gr": {
    "max": 85.81486020448607,
    "mean": 68.4594803798501,
    "min": 55.58347564991347,
    "p16": 65.00039458887706,
    "p50": 68.24774610913663,
    "p84": 71.88467697638157,
    "sd": 3.5201203338027276
  },
  "h0_highz_mg": {
    "max": 83.32000287484689,
    "mean": 70.61160846062766,
    "min": 58.828499457019745,
    "p16": 67.63724231303186,
    "p50": 70.69285297454945,
    "p84": 73.5090180949734,
    "sd": 3.016633593899675
  },
  "h0_local_obs": {
    "max": 77.58132634114993,
    "mean": 73.2486776754512,
    "min": 68.65401127683735,
    "p16": 72.24813265503569,
    "p50": 73.24872264956193,
    "p84": 74.25061267074538,
    "sd": 1.0061764235289097
  },
  "local_minus_highz_gr_sigma": 1.308736502337522,
  "local_minus_highz_mg_sigma": 0.8297727336388333,
  "p_gr_above_local_ref": 0.10177,
  "p_gr_below_local_ref": 0.89823,
  "p_gr_below_planck_ref": 0.3972,
  "z_anchor": 0.5
}
