{
  "apparent_gr_bias_vs_true": {
    "max": 12.244403307649932,
    "mean": -1.2747105986992164,
    "min": -10.541412362243861,
    "p16": -4.055779006615973,
    "p50": -1.6152636199654538,
    "p84": 1.5521345481316746,
    "sd": 2.9225629866560596
  },
  "delta_local_minus_highz_gr": {
    "max": 19.848693354710235,
    "mean": 3.9268774845711865,
    "min": -17.543346958310693,
    "p16": -0.0285158649643148,
    "p50": 4.162029811716302,
    "p84": 7.893534179387598,
    "sd": 4.022388897007465
  },
  "delta_local_minus_highz_mg": {
    "max": 15.972123579709994,
    "mean": 2.650890718054853,
    "min": -11.593553571821445,
    "p16": -0.4326542192666335,
    "p50": 2.5819080507077956,
    "p84": 5.8053050391258205,
    "sd": 3.1950334299632006
  },
  "h0_highz_gr": {
    "max": 88.17468797459563,
    "mean": 69.32791811145285,
    "min": 55.462879237323406,
    "p16": 65.45730468742146,
    "p50": 69.05644207604492,
    "p84": 73.18222285803256,
    "sd": 3.8973193767961165
  },
  "h0_highz_mg": {
    "max": 83.23554824472679,
    "mean": 70.60390487796917,
    "min": 59.07902373412832,
    "p16": 67.59639913730815,
    "p50": 70.7015037669922,
    "p84": 73.50159063669906,
    "sd": 3.0327920868151783
  },
  "h0_local_obs": {
    "max": 77.61701744588895,
    "mean": 73.25479559602402,
    "min": 68.91918248247944,
    "p16": 72.25588993572794,
    "p50": 73.24879420351134,
    "p84": 74.25455666005894,
    "sd": 1.0000560851772262
  },
  "local_minus_highz_gr_sigma": 0.9759689959555123,
  "local_minus_highz_mg_sigma": 0.8301144742471283,
  "p_gr_above_local_ref": 0.17102,
  "p_gr_below_local_ref": 0.82898,
  "p_gr_below_planck_ref": 0.31936,
  "z_anchor": 0.62
}
