{
  "anchor_results": [
    {
      "apparent_gr_bias_vs_true": {
        "max": 4.546845885146652,
        "mean": -1.734295334054366,
        "min": -6.219724496895395,
        "p16": -3.049873399848614,
        "p50": -1.8260487304709656,
        "p84": -0.39564056834121003,
        "sd": 1.336334105176322
      },
      "delta_local_minus_highz_gr": {
        "max": 16.297026518851403,
        "mean": 4.374440185469182,
        "min": -10.370831582357368,
        "p16": 1.2985120526043301,
        "p50": 4.395804215975637,
        "p84": 7.486240950899299,
        "sd": 3.157877668968929
      },
      "delta_local_minus_highz_mg": {
        "max": 15.199506288383525,
        "mean": 2.6395942958021044,
        "min": -11.04384079654956,
        "p16": -0.4500170149749988,
        "p50": 2.573973508961764,
        "p84": 5.788946851178028,
        "sd": 3.1933185253760685
      },
      "h0_highz_gr": {
        "max": 82.36091580340296,
        "mean": 68.87628962635556,
        "min": 57.45429052453891,
        "p16": 65.91241312350732,
        "p50": 68.84665837154601,
        "p84": 71.77301990726255,
        "sd": 2.997693445786891
      },
      "h0_highz_mg": {
        "max": 83.39069960597273,
        "mean": 70.61113551602264,
        "min": 58.959627063140594,
        "p16": 67.60159294189886,
        "p50": 70.69506278528122,
        "p84": 73.53168892189834,
        "sd": 3.036113824226892
      },
      "h0_local_obs": {
        "max": 77.45970141931328,
        "mean": 73.25072981182474,
        "min": 68.86889907967077,
        "p16": 72.2535633712721,
        "p50": 73.25163125382252,
        "p84": 74.24488469057219,
        "sd": 1.0006168796312096
      },
      "local_minus_highz_gr_sigma": 1.3842772837568162,
      "local_minus_highz_mg_sigma": 0.825761261148918,
      "p_gr_above_local_ref": 0.08317,
      "p_gr_below_local_ref": 0.91683,
      "p_gr_below_planck_ref": 0.30637,
      "z_anchor": 0.2
    },
    {
      "apparent_gr_bias_vs_true": {
        "max": 6.1614556198557295,
        "mean": -2.3505659898615727,
        "min": -8.318911797692039,
        "p16": -4.2616319295960565,
        "p50": -2.5467075370007493,
        "p84": -0.3965636010094107,
        "sd": 1.953973239759802
      },
      "delta_local_minus_highz_gr": {
        "max": 18.33395354655721,
        "mean": 4.965696192004334,
        "min": -9.930582292730278,
        "p16": 1.7081611467467264,
        "p50": 5.053308109352287,
        "p84": 8.260805839773331,
        "sd": 3.349121911317147
      },
      "delta_local_minus_highz_mg": {
        "max": 15.866349168924359,
        "mean": 2.613421981464292,
        "min": -10.8209469235358,
        "p16": -0.4563963254292935,
        "p50": 2.5505330404083892,
        "p84": 5.753728054021969,
        "sd": 3.180499355121099
      },
      "h0_highz_gr": {
        "max": 82.51097721483393,
        "mean": 68.28019216814563,
        "min": 56.06980860673383,
        "p16": 65.13872742498361,
        "p50": 68.1510254130227,
        "p84": 71.37539475668503,
        "sd": 3.1938043241232035
      },
      "h0_highz_mg": {
        "max": 82.88393149288262,
        "mean": 70.63246637868568,
        "min": 58.51808845303928,
        "p16": 67.64089952298885,
        "p50": 70.71956534366518,
        "p84": 73.52934273156336,
        "sd": 3.018443353454286
      },
      "h0_local_obs": {
        "max": 77.61333149805793,
        "mean": 73.24588836014998,
        "min": 68.81074206461489,
        "p16": 72.25258999775473,
        "p50": 73.24464206723832,
        "p84": 74.23764294955156,
        "sd": 0.9996947124620688
      },
      "local_minus_highz_gr_sigma": 1.483759966316646,
      "local_minus_highz_mg_sigma": 0.8218876951169928,
      "p_gr_above_local_ref": 0.07347,
      "p_gr_below_local_ref": 0.92653,
      "p_gr_below_planck_ref": 0.39852,
      "z_anchor": 0.35
    },
    {
      "apparent_gr_bias_vs_true": {
        "max": 10.071475110602606,
        "mean": -2.1529533876719467,
        "min": -10.47866843517582,
        "p16": -4.550685488763961,
        "p50": -2.4543802847630403,
        "p84": 0.2924878939131075,
        "sd": 2.4930786451483558
      },
      "delta_local_minus_highz_gr": {
        "max": 18.62240388801043,
        "mean": 4.7891972956011015,
        "min": -13.876444783853785,
        "p16": 1.2038377418181465,
        "p50": 4.981509360204861,
        "p84": 8.36874348812098,
        "sd": 3.6611568679371853
      },
      "delta_local_minus_highz_mg": {
        "max": 16.216423139722565,
        "mean": 2.6370692148235415,
        "min": -10.405671540506432,
        "p16": -0.4411965724021758,
        "p50": 2.5869361375773465,
        "p84": 5.748420795650006,
        "sd": 3.1782423248107166
      },
      "h0_highz_gr": {
        "max": 85.81486020448607,
        "mean": 68.4594803798501,
        "min": 55.58347564991347,
        "p16": 65.00039458887706,
        "p50": 68.24774610913663,
        "p84": 71.88467697638157,
        "sd": 3.5201203338027276
      },
      "h0_highz_mg": {
        "max": 83.32000287484689,
        "mean": 70.61160846062766,
        "min": 58.828499457019745,
        "p16": 67.63724231303186,
        "p50": 70.69285297454945,
        "p84": 73.5090180949734,
        "sd": 3.016633593899675
      },
      "h0_local_obs": {
        "max": 77.58132634114993,
        "mean": 73.2486776754512,
        "min": 68.65401127683735,
        "p16": 72.24813265503569,
        "p50": 73.24872264956193,
        "p84": 74.25061267074538,
        "sd": 1.0061764235289097
      },
      "local_minus_highz_gr_sigma": 1.308736502337522,
      "local_minus_highz_mg_sigma": 0.8297727336388333,
      "p_gr_above_local_ref": 0.10177,
      "p_gr_below_local_ref": 0.89823,
      "p_gr_below_planck_ref": 0.3972,
      "z_anchor": 0.5
    },
    {
      "apparent_gr_bias_vs_true": {
        "max": 12.244403307649932,
        "mean": -1.2747105986992164,
        "min": -10.541412362243861,
        "p16": -4.055779006615973,
        "p50": -1.6152636199654538,
        "p84": 1.5521345481316746,
        "sd": 2.9225629866560596
      },
      "delta_local_minus_highz_gr": {
        "max": 19.848693354710235,
        "mean": 3.9268774845711865,
        "min": -17.543346958310693,
        "p16": -0.0285158649643148,
        "p50": 4.162029811716302,
        "p84": 7.893534179387598,
        "sd": 4.022388897007465
      },
      "delta_local_minus_highz_mg": {
        "max": 15.972123579709994,
        "mean": 2.650890718054853,
        "min": -11.593553571821445,
        "p16": -0.4326542192666335,
        "p50": 2.5819080507077956,
        "p84": 5.8053050391258205,
        "sd": 3.1950334299632006
      },
      "h0_highz_gr": {
        "max": 88.17468797459563,
        "mean": 69.32791811145285,
        "min": 55.462879237323406,
        "p16": 65.45730468742146,
        "p50": 69.05644207604492,
        "p84": 73.18222285803256,
        "sd": 3.8973193767961165
      },
      "h0_highz_mg": {
        "max": 83.23554824472679,
        "mean": 70.60390487796917,
        "min": 59.07902373412832,
        "p16": 67.59639913730815,
        "p50": 70.7015037669922,
        "p84": 73.50159063669906,
        "sd": 3.0327920868151783
      },
      "h0_local_obs": {
        "max": 77.61701744588895,
        "mean": 73.25479559602402,
        "min": 68.91918248247944,
        "p16": 72.25588993572794,
        "p50": 73.24879420351134,
        "p84": 74.25455666005894,
        "sd": 1.0000560851772262
      },
      "local_minus_highz_gr_sigma": 0.9759689959555123,
      "local_minus_highz_mg_sigma": 0.8301144742471283,
      "p_gr_above_local_ref": 0.17102,
      "p_gr_below_local_ref": 0.82898,
      "p_gr_below_planck_ref": 0.31936,
      "z_anchor": 0.62
    }
  ],
  "draws_total": 1600,
  "draws_used": 1600,
  "h0_posterior_mg_truth": {
    "max": 81.12434628314327,
    "mean": 70.6139339829599,
    "min": 60.40119844002723,
    "p16": 67.71835091504013,