{
  "apparent_gr_bias_vs_true": {
    "max": 4.9209175383032004,
    "mean": -1.7650168109855904,
    "min": -6.737183598287032,
    "p16": -3.0770862856879004,
    "p50": -1.8617988352815544,
    "p84": -0.43716249361727627,
    "sd": 1.3422557695535555
  },
  "delta_local_minus_highz_gr": {
    "max": 17.698620393946662,
    "mean": 3.923915200309622,
    "min": -9.9458496806798,
    "p16": 0.9050496732766027,
    "p50": 3.9733067412551932,
    "p84": 6.994456946477855,
    "sd": 3.118815113104125
  },
  "delta_local_minus_highz_mg": {
    "max": 15.283484359569172,
    "mean": 2.1604053880907554,
    "min": -12.049055818748286,
    "p16": -0.8906025755319752,
    "p50": 2.2137532446165906,
    "p84": 5.252232912524666,
    "sd": 3.1404735170518077
  },
  "h0_highz_gr": {
    "max": 81.41348350779352,
    "mean": 68.8252591776988,
    "min": 57.16881142779595,
    "p16": 65.9250660187723,
    "p50": 68.78607337624896,
    "p84": 71.68429386112697,
    "sd": 2.9504691664288085
  },
  "h0_highz_mg": {
    "max": 82.728789367105,
    "mean": 70.58876898991765,
    "min": 59.02481379081279,
    "p16": 67.62867411030547,
    "p50": 70.54479664741754,
    "p84": 73.4647993368255,
    "sd": 2.9731461247068682
  },
  "h0_local_obs": {
    "max": 76.89969026097279,
    "mean": 72.74917437800842,
    "min": 68.42673008957533,
    "p16": 71.75244290274196,
    "p50": 72.7476821964095,
    "p84": 73.74442519778057,
    "sd": 0.9981795278773128
  },
  "local_minus_highz_gr_sigma": 1.2595512414569683,
  "local_minus_highz_mg_sigma": 0.688726155986425,
  "p_gr_above_local_ref": 0.07504,
  "p_gr_below_local_ref": 0.92496,
  "p_gr_below_planck_ref": 0.31525,
  "z_anchor": 0.2
}
