{
  "apparent_gr_bias_vs_true": {
    "max": 9.826707016497892,
    "mean": -2.1615130942601737,
    "min": -9.716750850962526,
    "p16": -4.588286220784189,
    "p50": -2.3937926516655708,
    "p84": 0.287405140179254,
    "sd": 2.4835188082050017
  },
  "delta_local_minus_highz_gr": {
    "max": 18.344978618741663,
    "mean": 4.314740361494383,
    "min": -12.631809499225255,
    "p16": 0.7424263101948929,
    "p50": 4.459127179763918,
    "p84": 7.895371774416941,
    "sd": 3.616753825548942
  },
  "delta_local_minus_highz_mg": {
    "max": 14.31924677869786,
    "mean": 2.155145471240328,
    "min": -11.230506542262148,
    "p16": -0.8634798998025696,
    "p50": 2.197914967282564,
    "p84": 5.259111133229692,
    "sd": 3.133681836022003
  },
  "h0_highz_gr": {
    "max": 84.58287599781795,
    "mean": 68.43282643577488,
    "min": 55.19671438160886,
    "p16": 64.9566037748377,
    "p50": 68.25190542520775,
    "p84": 71.84099559407068,
    "sd": 3.4808216762000375
  },
  "h0_highz_mg": {
    "max": 83.54645091868731,
    "mean": 70.59242132602893,
    "min": 59.03415649210928,
    "p16": 67.65005539900693,
    "p50": 70.55583631640656,
    "p84": 73.4528374592199,
    "sd": 2.9719765264211455
  },
  "h0_local_obs": {
    "max": 77.10266400890598,
    "mean": 72.74756679726927,
    "min": 68.14826112919191,
    "p16": 71.7465765875123,
    "p50": 72.74913564198548,
    "p84": 73.74335351038994,
    "sd": 1.0036861406738944
  },
  "local_minus_highz_gr_sigma": 1.1913846057897974,
  "local_minus_highz_mg_sigma": 0.6872922107646958,
  "p_gr_above_local_ref": 0.09368,
  "p_gr_below_local_ref": 0.90632,
  "p_gr_below_planck_ref": 0.40136,
  "z_anchor": 0.5
}
