{
  "apparent_gr_bias_vs_true": {
    "max": 11.618403942341004,
    "mean": -1.2397453189997658,
    "min": -9.84087139430909,
    "p16": -4.123547114760856,
    "p50": -1.4920021047308154,
    "p84": 1.6369591731599245,
    "sd": 2.934006106294207
  },
  "delta_local_minus_highz_gr": {
    "max": 18.546863494119677,
    "mean": 3.3987887670568524,
    "min": -15.137994242690908,
    "p16": -0.5189754920254455,
    "p50": 3.6110809368889036,
    "p84": 7.340168463361843,
    "sd": 3.9631293113077857
  },
  "delta_local_minus_highz_mg": {
    "max": 16.30352204787807,
    "mean": 2.155700997162558,
    "min": -11.928695616261535,
    "p16": -0.8919518182048819,
    "p50": 2.182801665192059,
    "p84": 5.238604716526881,
    "sd": 3.121501279482913
  },
  "h0_highz_gr": {
    "max": 86.39122531463889,
    "mean": 69.35716127951144,
    "min": 55.308771482673635,
    "p16": 65.52994202829484,
    "p50": 69.10654449591138,
    "p84": 73.15744980759881,
    "sd": 3.8334158274310584
  },
  "h0_highz_mg": {
    "max": 82.96317375220896,
    "mean": 70.60024904940573,
    "min": 59.38445048526705,
    "p16": 67.6473996788289,
    "p50": 70.5716335920219,
    "p84": 73.44956113718547,
    "sd": 2.9568525786290536
  },
  "h0_local_obs": {
    "max": 77.56451100341963,
    "mean": 72.7559500465683,
    "min": 68.57022126001888,
    "p16": 71.76006584333592,
    "p50": 72.76029616962683,
    "p84": 73.74895003587466,
    "sd": 0.9983281680809303
  },
  "local_minus_highz_gr_sigma": 0.8579114225125456,
  "local_minus_highz_mg_sigma": 0.6906256118552757,
  "p_gr_above_local_ref": 0.16971,
  "p_gr_below_local_ref": 0.83029,
  "p_gr_below_planck_ref": 0.32095,
  "z_anchor": 0.62
}
