{
  "apparent_gr_bias_vs_true": {
    "max": 6.840335283431074,
    "mean": -2.389129634706191,
    "min": -8.738782190876265,
    "p16": -4.294558106439544,
    "p50": -2.5732130233339525,
    "p84": -0.429238138296384,
    "sd": 1.9608228002256696
  },
  "delta_local_minus_highz_gr": {
    "max": 18.30815328408451,
    "mean": 4.545474764811108,
    "min": -11.030854098425749,
    "p16": 1.314581049170791,
    "p50": 4.628793518871014,
    "p84": 7.809660923922987,
    "sd": 3.317527232057566
  },
  "delta_local_minus_highz_mg": {
    "max": 14.973771181024304,
    "mean": 2.1586791089515462,
    "min": -11.482704685921775,
    "p16": -0.8873049247863287,
    "p50": 2.2098839574484828,
    "p84": 5.232323016858333,
    "sd": 3.127076606287887
  },
  "h0_highz_gr": {
    "max": 82.53046626270965,
    "mean": 68.20638269837985,
    "min": 55.871446313892484,
    "p16": 65.09509268388213,
    "p50": 68.11663634422655,
    "p84": 71.28964297321048,
    "sd": 3.1686141535186185
  },
  "h0_highz_mg": {
    "max": 83.01831131076803,
    "mean": 70.5931783542394,
    "min": 59.37183578890271,
    "p16": 67.64973000426639,
    "p50": 70.5439582987866,
    "p84": 73.46375167865165,
    "sd": 2.968806339715825
  },
  "h0_local_obs": {
    "max": 76.91739204494982,
    "mean": 72.75185746319094,
    "min": 68.50402997099631,
    "p16": 71.76152328014278,
    "p50": 72.75650251371354,
    "p84": 73.73996199739936,
    "sd": 0.9973255957572121
  },
  "local_minus_highz_gr_sigma": 1.368019977506073,
  "local_minus_highz_mg_sigma": 0.6890793602270218,
  "p_gr_above_local_ref": 0.06556,
  "p_gr_below_local_ref": 0.93444,
  "p_gr_below_planck_ref": 0.40819,
  "z_anchor": 0.35
}
