{
  "anchor_results": [
    {
      "apparent_gr_bias_vs_true": {
        "max": 4.9209175383032004,
        "mean": -1.7650168109855904,
        "min": -6.737183598287032,
        "p16": -3.0770862856879004,
        "p50": -1.8617988352815544,
        "p84": -0.43716249361727627,
        "sd": 1.3422557695535555
      },
      "delta_local_minus_highz_gr": {
        "max": 17.698620393946662,
        "mean": 3.923915200309622,
        "min": -9.9458496806798,
        "p16": 0.9050496732766027,
        "p50": 3.9733067412551932,
        "p84": 6.994456946477855,
        "sd": 3.118815113104125
      },
      "delta_local_minus_highz_mg": {
        "max": 15.283484359569172,
        "mean": 2.1604053880907554,
        "min": -12.049055818748286,
        "p16": -0.8906025755319752,
        "p50": 2.2137532446165906,
        "p84": 5.252232912524666,
        "sd": 3.1404735170518077
      },
      "h0_highz_gr": {
        "max": 81.41348350779352,
        "mean": 68.8252591776988,
        "min": 57.16881142779595,
        "p16": 65.9250660187723,
        "p50": 68.78607337624896,
        "p84": 71.68429386112697,
        "sd": 2.9504691664288085
      },
      "h0_highz_mg": {
        "max": 82.728789367105,
        "mean": 70.58876898991765,
        "min": 59.02481379081279,
        "p16": 67.62867411030547,
        "p50": 70.54479664741754,
        "p84": 73.4647993368255,
        "sd": 2.9731461247068682
      },
      "h0_local_obs": {
        "max": 76.89969026097279,
        "mean": 72.74917437800842,
        "min": 68.42673008957533,
        "p16": 71.75244290274196,
        "p50": 72.7476821964095,
        "p84": 73.74442519778057,
        "sd": 0.9981795278773128
      },
      "local_minus_highz_gr_sigma": 1.2595512414569683,
      "local_minus_highz_mg_sigma": 0.688726155986425,
      "p_gr_above_local_ref": 0.07504,
      "p_gr_below_local_ref": 0.92496,
      "p_gr_below_planck_ref": 0.31525,
      "z_anchor": 0.2
    },
    {
      "apparent_gr_bias_vs_true": {
        "max": 6.840335283431074,
        "mean": -2.389129634706191,
        "min": -8.738782190876265,
        "p16": -4.294558106439544,
        "p50": -2.5732130233339525,
        "p84": -0.429238138296384,
        "sd": 1.9608228002256696
      },
      "delta_local_minus_highz_gr": {
        "max": 18.30815328408451,
        "mean": 4.545474764811108,
        "min": -11.030854098425749,
        "p16": 1.314581049170791,
        "p50": 4.628793518871014,
        "p84": 7.809660923922987,
        "sd": 3.317527232057566
      },
      "delta_local_minus_highz_mg": {
        "max": 14.973771181024304,
        "mean": 2.1586791089515462,
        "min": -11.482704685921775,
        "p16": -0.8873049247863287,
        "p50": 2.2098839574484828,
        "p84": 5.232323016858333,
        "sd": 3.127076606287887
      },
      "h0_highz_gr": {
        "max": 82.53046626270965,
        "mean": 68.20638269837985,
        "min": 55.871446313892484,
        "p16": 65.09509268388213,
        "p50": 68.11663634422655,
        "p84": 71.28964297321048,
        "sd": 3.1686141535186185
      },
      "h0_highz_mg": {
        "max": 83.01831131076803,
        "mean": 70.5931783542394,
        "min": 59.37183578890271,
        "p16": 67.64973000426639,
        "p50": 70.5439582987866,
        "p84": 73.46375167865165,
        "sd": 2.968806339715825
      },
      "h0_local_obs": {
        "max": 76.91739204494982,
        "mean": 72.75185746319094,
        "min": 68.50402997099631,
        "p16": 71.76152328014278,
        "p50": 72.75650251371354,
        "p84": 73.73996199739936,
        "sd": 0.9973255957572121
      },
      "local_minus_highz_gr_sigma": 1.368019977506073,
      "local_minus_highz_mg_sigma": 0.6890793602270218,
      "p_gr_above_local_ref": 0.06556,
      "p_gr_below_local_ref": 0.93444,
      "p_gr_below_planck_ref": 0.40819,
      "z_anchor": 0.35
    },
    {
      "apparent_gr_bias_vs_true": {
        "max": 9.826707016497892,
        "mean": -2.1615130942601737,
        "min": -9.716750850962526,
        "p16": -4.588286220784189,
        "p50": -2.3937926516655708,
        "p84": 0.287405140179254,
        "sd": 2.4835188082050017
      },
      "delta_local_minus_highz_gr": {
        "max": 18.344978618741663,
        "mean": 4.314740361494383,
        "min": -12.631809499225255,
        "p16": 0.7424263101948929,
        "p50": 4.459127179763918,
        "p84": 7.895371774416941,
        "sd": 3.616753825548942
      },
      "delta_local_minus_highz_mg": {
        "max": 14.31924677869786,
        "mean": 2.155145471240328,
        "min": -11.230506542262148,
        "p16": -0.8634798998025696,
        "p50": 2.197914967282564,
        "p84": 5.259111133229692,
        "sd": 3.133681836022003
      },
      "h0_highz_gr": {
        "max": 84.58287599781795,
        "mean": 68.43282643577488,
        "min": 55.19671438160886,
        "p16": 64.9566037748377,
        "p50": 68.25190542520775,
        "p84": 71.84099559407068,
        "sd": 3.4808216762000375
      },
      "h0_highz_mg": {
        "max": 83.54645091868731,
        "mean": 70.59242132602893,
        "min": 59.03415649210928,
        "p16": 67.65005539900693,
        "p50": 70.55583631640656,
        "p84": 73.4528374592199,
        "sd": 2.9719765264211455
      },
      "h0_local_obs": {
        "max": 77.10266400890598,
        "mean": 72.74756679726927,
        "min": 68.14826112919191,
        "p16": 71.7465765875123,
        "p50": 72.74913564198548,
        "p84": 73.74335351038994,
        "sd": 1.0036861406738944
      },
      "local_minus_highz_gr_sigma": 1.1913846057897974,
      "local_minus_highz_mg_sigma": 0.6872922107646958,
      "p_gr_above_local_ref": 0.09368,
      "p_gr_below_local_ref": 0.90632,
      "p_gr_below_planck_ref": 0.40136,
      "z_anchor": 0.5
    },
    {
      "apparent_gr_bias_vs_true": {
        "max": 11.618403942341004,
        "mean": -1.2397453189997658,
        "min": -9.84087139430909,
        "p16": -4.123547114760856,
        "p50": -1.4920021047308154,
        "p84": 1.6369591731599245,
        "sd": 2.934006106294207
      },
      "delta_local_minus_highz_gr": {
        "max": 18.546863494119677,
        "mean": 3.3987887670568524,
        "min": -15.137994242690908,
        "p16": -0.5189754920254455,
        "p50": 3.6110809368889036,
        "p84": 7.340168463361843,
        "sd": 3.9631293113077857
      },
      "delta_local_minus_highz_mg": {
        "max": 16.30352204787807,
        "mean": 2.155700997162558,
        "min": -11.928695616261535,
        "p16": -0.8919518182048819,
        "p50": 2.182801665192059,
        "p84": 5.238604716526881,
        "sd": 3.121501279482913
      },
      "h0_highz_gr": {
        "max": 86.39122531463889,
        "mean": 69.35716127951144,
        "min": 55.308771482673635,
        "p16": 65.52994202829484,
        "p50": 69.10654449591138,
        "p84": 73.15744980759881,
        "sd": 3.8334158274310584
      },
      "h0_highz_mg": {
        "max": 82.96317375220896,
        "mean": 70.60024904940573,
        "min": 59.38445048526705,
        "p16": 67.6473996788289,
        "p50": 70.5716335920219,
        "p84": 73.44956113718547,
        "sd": 2.9568525786290536
      },
      "h0_local_obs": {
        "max": 77.56451100341963,
        "mean": 72.7559500465683,
        "min": 68.57022126001888,
        "p16": 71.76006584333592,
        "p50": 72.76029616962683,
        "p84": 73.74895003587466,
        "sd": 0.9983281680809303
      },
      "local_minus_highz_gr_sigma": 0.8579114225125456,
      "local_minus_highz_mg_sigma": 0.6906256118552757,
      "p_gr_above_local_ref": 0.16971,
      "p_gr_below_local_ref": 0.83029,
      "p_gr_below_planck_ref": 0.32095,
      "z_anchor": 0.62
    }
  ],
  "draws_total": 1600,
  "draws_used": 1600,
  "h0_posterior_mg_truth": {
    "max": 81.06264119821896,
    "mean": 70.60034490571202,
    "min": 60.651398709331204,
    "p16": 67.71575777916435,