{
  "apparent_gr_bias_vs_true": {
    "max": 4.393370431583634,
    "mean": -1.5243246415462604,
    "min": -5.975197716279965,
    "p16": -2.8399942432631486,
    "p50": -1.6198229377552522,
    "p84": -0.19311040502932164,
    "sd": 1.335773995309545
  },
  "delta_local_minus_highz_gr": {
    "max": 16.695628129440436,
    "mean": 3.639454843689021,
    "min": -10.15403078589243,
    "p16": 0.5640300354154999,
    "p50": 3.6533006063496742,
    "p84": 6.742594714235102,
    "sd": 3.1549873172388367
  },
  "delta_local_minus_highz_mg": {
    "max": 15.185145573604288,
    "mean": 1.9015297069902777,
    "min": -11.560867921200042,
    "p16": -1.1753463185230373,
    "p50": 1.8387868263939708,
    "p84": 5.0496896029434115,
    "sd": 3.188621850499157
  },
  "h0_highz_gr": {
    "max": 82.36016929746856,
    "mean": 69.10643351646095,
    "min": 57.200602292133134,
    "p16": 66.16467550227917,
    "p50": 69.07010150933257,
    "p84": 71.99275907244328,
    "sd": 2.990362692560279
  },
  "h0_highz_mg": {
    "max": 83.12385249054685,
    "mean": 70.8443586531597,
    "min": 58.699292048359354,
    "p16": 67.84453716756778,
    "p50": 70.93230974605754,
    "p84": 73.74985875810478,
    "sd": 3.0270002827337206
  },
  "h0_local_obs": {
    "max": 77.11333149805793,
    "mean": 72.74588836014998,
    "min": 68.31074206461489,
    "p16": 71.75258999775473,
    "p50": 72.74464206723832,
    "p84": 73.73764294955156,
    "sd": 0.9996947124620688
  },
  "local_minus_highz_gr_sigma": 1.1542332473708008,
  "local_minus_highz_mg_sigma": 0.5964827734460315,
  "p_gr_above_local_ref": 0.09317,
  "p_gr_below_local_ref": 0.90683,
  "p_gr_below_planck_ref": 0.27803,
  "z_anchor": 0.2
}
