{
  "apparent_gr_bias_vs_true": {
    "max": 9.80019398737798,
    "mean": -1.9379353986342682,
    "min": -9.730967400682204,
    "p16": -4.341707288026006,
    "p50": -2.23281626072513,
    "p84": 0.5195212894950858,
    "sd": 2.496686973355037
  },
  "delta_local_minus_highz_gr": {
    "max": 18.635681197268042,
    "mean": 4.090102284506239,
    "min": -15.668922650919157,
    "p16": 0.4914027506428761,
    "p50": 4.27511338896214,
    "p84": 7.725549287284685,
    "sd": 3.6813928784695853
  },
  "delta_local_minus_highz_mg": {
    "max": 15.29091998438993,
    "mean": 1.9390828319244047,
    "min": -12.336722512224767,
    "p16": -1.151667997496304,
    "p50": 1.8697052280677866,
    "p84": 5.101679209094265,
    "sd": 3.2032085043458665
  },
  "h0_highz_gr": {
    "max": 85.79176205245376,
    "mean": 68.6646933115178,
    "min": 56.16520477300313,
    "p16": 65.16707289334656,
    "p50": 68.46097030525581,
    "p84": 72.13637002580141,
    "sd": 3.54311576755075
  },
  "h0_highz_mg": {
    "max": 83.47871718513012,
    "mean": 70.81571276409962,
    "min": 59.26051741951135,
    "p16": 67.79970445087301,
    "p50": 70.91405868182724,
    "p84": 73.72141533073018,
    "sd": 3.0413965657123256
  },
  "h0_local_obs": {
    "max": 77.11701744588895,
    "mean": 72.75479559602402,
    "min": 68.41918248247944,
    "p16": 71.75588993572794,
    "p50": 72.74879420351134,
    "p84": 73.75455666005894,
    "sd": 1.0000560851772262
  },
  "local_minus_highz_gr_sigma": 1.1109786824527095,
  "local_minus_highz_mg_sigma": 0.6056649712399009,
  "p_gr_above_local_ref": 0.1122,
  "p_gr_below_local_ref": 0.8878,
  "p_gr_below_planck_ref": 0.3724,
  "z_anchor": 0.5
}
