{
  "apparent_gr_bias_vs_true": {
    "max": 12.373317938916244,
    "mean": -1.06907285445707,
    "min": -9.899170712306542,
    "p16": -3.8438083932979605,
    "p50": -1.4107619126301145,
    "p84": 1.7566768830578756,
    "sd": 2.915386167215403
  },
  "delta_local_minus_highz_gr": {
    "max": 18.54063985302146,
    "mean": 3.189407150028895,
    "min": -17.48513245778939,
    "p16": -0.7784366556489676,
    "p50": 3.440649187649626,
    "p84": 7.124575897258256,
    "sd": 4.009425948776623
  },
  "delta_local_minus_highz_mg": {
    "max": 15.239029001845218,
    "mean": 1.9128431175362628,
    "min": -12.353670393001082,
    "p16": -1.1583942059017387,
    "p50": 1.855108996486365,
    "p84": 5.040795120738702,
    "sd": 3.183718014210726
  },
  "h0_highz_gr": {
    "max": 88.81247318552505,
    "mean": 69.55827909257685,
    "min": 54.90179211012483,
    "p16": 65.71895786812023,
    "p50": 69.26018346999047,
    "p84": 73.4023845193964,
    "sd": 3.886460983952368
  },
  "h0_highz_mg": {
    "max": 83.1559262659703,
    "mean": 70.83484312506948,
    "min": 58.66345625890563,
    "p16": 67.862065770804,
    "p50": 70.90567199912553,
    "p84": 73.73393658470788,
    "sd": 3.02596292927742
  },
  "h0_local_obs": {
    "max": 77.04400034387733,
    "mean": 72.74768624260575,
    "min": 68.71382961201324,
    "p16": 71.75022207215044,
    "p50": 72.7473689713776,
    "p84": 73.74463201890403,
    "sd": 0.9999150148060622
  },
  "local_minus_highz_gr_sigma": 0.7947586725280887,
  "local_minus_highz_mg_sigma": 0.6002170804016342,
  "p_gr_above_local_ref": 0.18563,
  "p_gr_below_local_ref": 0.81437,
  "p_gr_below_planck_ref": 0.29576,
  "z_anchor": 0.62
}
