{
  "apparent_gr_bias_vs_true": {
    "max": 7.343930571306814,
    "mean": -2.1471637369114718,
    "min": -8.874350509170384,
    "p16": -4.067375990047655,
    "p50": -2.3441609697636707,
    "p84": -0.1906380506555207,
    "sd": 1.9725746160906548
  },
  "delta_local_minus_highz_gr": {
    "max": 17.16104046642652,
    "mean": 4.283407644840627,
    "min": -11.821159467094361,
    "p16": 1.0095867490649124,
    "p50": 4.402938714421623,
    "p84": 7.574954403395552,
    "sd": 3.3637735838328586
  },
  "delta_local_minus_highz_mg": {
    "max": 15.534929454339519,
    "mean": 1.9252319135209828,
    "min": -11.148840480909755,
    "p16": -1.1601704828778583,
    "p50": 1.8747388344063225,
    "p84": 5.044939119713325,
    "sd": 3.186361272641208
  },
  "h0_highz_gr": {
    "max": 83.24316436210593,
    "mean": 68.46527003061058,
    "min": 56.54085503391128,
    "p16": 65.31500424380786,
    "p50": 68.31924240201809,
    "p84": 71.57590546641077,
    "sd": 3.2103264148113535
  },
  "h0_highz_mg": {
    "max": 83.56337591369632,
    "mean": 70.82344576193022,
    "min": 59.00970305233983,
    "p16": 67.84076251804392,
    "p50": 70.90464764503011,
    "p84": 73.72918491802355,
    "sd": 3.0251916511580217
  },
  "h0_local_obs": {
    "max": 77.08132634114993,
    "mean": 72.7486776754512,
    "min": 68.15401127683735,
    "p16": 71.74813265503569,
    "p50": 72.74872264956193,
    "p84": 73.75061267074538,
    "sd": 1.0061764235289097
  },
  "local_minus_highz_gr_sigma": 1.2738877414327778,
  "local_minus_highz_mg_sigma": 0.6042433180741068,
  "p_gr_above_local_ref": 0.08207,
  "p_gr_below_local_ref": 0.91793,
  "p_gr_below_planck_ref": 0.3759,
  "z_anchor": 0.35
}
