{
  "anchor_results": [
    {
      "apparent_gr_bias_vs_true": {
        "max": 4.393370431583634,
        "mean": -1.5243246415462604,
        "min": -5.975197716279965,
        "p16": -2.8399942432631486,
        "p50": -1.6198229377552522,
        "p84": -0.19311040502932164,
        "sd": 1.335773995309545
      },
      "delta_local_minus_highz_gr": {
        "max": 16.695628129440436,
        "mean": 3.639454843689021,
        "min": -10.15403078589243,
        "p16": 0.5640300354154999,
        "p50": 3.6533006063496742,
        "p84": 6.742594714235102,
        "sd": 3.1549873172388367
      },
      "delta_local_minus_highz_mg": {
        "max": 15.185145573604288,
        "mean": 1.9015297069902777,
        "min": -11.560867921200042,
        "p16": -1.1753463185230373,
        "p50": 1.8387868263939708,
        "p84": 5.0496896029434115,
        "sd": 3.188621850499157
      },
      "h0_highz_gr": {
        "max": 82.36016929746856,
        "mean": 69.10643351646095,
        "min": 57.200602292133134,
        "p16": 66.16467550227917,
        "p50": 69.07010150933257,
        "p84": 71.99275907244328,
        "sd": 2.990362692560279
      },
      "h0_highz_mg": {
        "max": 83.12385249054685,
        "mean": 70.8443586531597,
        "min": 58.699292048359354,
        "p16": 67.84453716756778,
        "p50": 70.93230974605754,
        "p84": 73.74985875810478,
        "sd": 3.0270002827337206
      },
      "h0_local_obs": {
        "max": 77.11333149805793,
        "mean": 72.74588836014998,
        "min": 68.31074206461489,
        "p16": 71.75258999775473,
        "p50": 72.74464206723832,
        "p84": 73.73764294955156,
        "sd": 0.9996947124620688
      },
      "local_minus_highz_gr_sigma": 1.1542332473708008,
      "local_minus_highz_mg_sigma": 0.5964827734460315,
      "p_gr_above_local_ref": 0.09317,
      "p_gr_below_local_ref": 0.90683,
      "p_gr_below_planck_ref": 0.27803,
      "z_anchor": 0.2
    },
    {
      "apparent_gr_bias_vs_true": {
        "max": 7.343930571306814,
        "mean": -2.1471637369114718,
        "min": -8.874350509170384,
        "p16": -4.067375990047655,
        "p50": -2.3441609697636707,
        "p84": -0.1906380506555207,
        "sd": 1.9725746160906548
      },
      "delta_local_minus_highz_gr": {
        "max": 17.16104046642652,
        "mean": 4.283407644840627,
        "min": -11.821159467094361,
        "p16": 1.0095867490649124,
        "p50": 4.402938714421623,
        "p84": 7.574954403395552,
        "sd": 3.3637735838328586
      },
      "delta_local_minus_highz_mg": {
        "max": 15.534929454339519,
        "mean": 1.9252319135209828,
        "min": -11.148840480909755,
        "p16": -1.1601704828778583,
        "p50": 1.8747388344063225,
        "p84": 5.044939119713325,
        "sd": 3.186361272641208
      },
      "h0_highz_gr": {
        "max": 83.24316436210593,
        "mean": 68.46527003061058,
        "min": 56.54085503391128,
        "p16": 65.31500424380786,
        "p50": 68.31924240201809,
        "p84": 71.57590546641077,
        "sd": 3.2103264148113535
      },
      "h0_highz_mg": {
        "max": 83.56337591369632,
        "mean": 70.82344576193022,
        "min": 59.00970305233983,
        "p16": 67.84076251804392,
        "p50": 70.90464764503011,
        "p84": 73.72918491802355,
        "sd": 3.0251916511580217
      },
      "h0_local_obs": {
        "max": 77.08132634114993,
        "mean": 72.7486776754512,
        "min": 68.15401127683735,
        "p16": 71.74813265503569,
        "p50": 72.74872264956193,
        "p84": 73.75061267074538,
        "sd": 1.0061764235289097
      },
      "local_minus_highz_gr_sigma": 1.2738877414327778,
      "local_minus_highz_mg_sigma": 0.6042433180741068,
      "p_gr_above_local_ref": 0.08207,
      "p_gr_below_local_ref": 0.91793,
      "p_gr_below_planck_ref": 0.3759,
      "z_anchor": 0.35
    },
    {
      "apparent_gr_bias_vs_true": {
        "max": 9.80019398737798,
        "mean": -1.9379353986342682,
        "min": -9.730967400682204,
        "p16": -4.341707288026006,
        "p50": -2.23281626072513,
        "p84": 0.5195212894950858,
        "sd": 2.496686973355037
      },
      "delta_local_minus_highz_gr": {
        "max": 18.635681197268042,
        "mean": 4.090102284506239,
        "min": -15.668922650919157,
        "p16": 0.4914027506428761,
        "p50": 4.27511338896214,
        "p84": 7.725549287284685,
        "sd": 3.6813928784695853
      },
      "delta_local_minus_highz_mg": {
        "max": 15.29091998438993,
        "mean": 1.9390828319244047,
        "min": -12.336722512224767,
        "p16": -1.151667997496304,
        "p50": 1.8697052280677866,
        "p84": 5.101679209094265,
        "sd": 3.2032085043458665
      },
      "h0_highz_gr": {
        "max": 85.79176205245376,
        "mean": 68.6646933115178,
        "min": 56.16520477300313,
        "p16": 65.16707289334656,
        "p50": 68.46097030525581,
        "p84": 72.13637002580141,
        "sd": 3.54311576755075
      },
      "h0_highz_mg": {
        "max": 83.47871718513012,
        "mean": 70.81571276409962,
        "min": 59.26051741951135,
        "p16": 67.79970445087301,
        "p50": 70.91405868182724,
        "p84": 73.72141533073018,
        "sd": 3.0413965657123256
      },
      "h0_local_obs": {
        "max": 77.11701744588895,
        "mean": 72.75479559602402,
        "min": 68.41918248247944,
        "p16": 71.75588993572794,
        "p50": 72.74879420351134,
        "p84": 73.75455666005894,
        "sd": 1.0000560851772262
      },
      "local_minus_highz_gr_sigma": 1.1109786824527095,
      "local_minus_highz_mg_sigma": 0.6056649712399009,
      "p_gr_above_local_ref": 0.1122,
      "p_gr_below_local_ref": 0.8878,
      "p_gr_below_planck_ref": 0.3724,
      "z_anchor": 0.5
    },
    {
      "apparent_gr_bias_vs_true": {
        "max": 12.373317938916244,
        "mean": -1.06907285445707,
        "min": -9.899170712306542,
        "p16": -3.8438083932979605,
        "p50": -1.4107619126301145,
        "p84": 1.7566768830578756,
        "sd": 2.915386167215403
      },
      "delta_local_minus_highz_gr": {
        "max": 18.54063985302146,
        "mean": 3.189407150028895,
        "min": -17.48513245778939,
        "p16": -0.7784366556489676,
        "p50": 3.440649187649626,
        "p84": 7.124575897258256,
        "sd": 4.009425948776623
      },
      "delta_local_minus_highz_mg": {
        "max": 15.239029001845218,
        "mean": 1.9128431175362628,
        "min": -12.353670393001082,
        "p16": -1.1583942059017387,
        "p50": 1.855108996486365,
        "p84": 5.040795120738702,
        "sd": 3.183718014210726
      },
      "h0_highz_gr": {
        "max": 88.81247318552505,
        "mean": 69.55827909257685,
        "min": 54.90179211012483,
        "p16": 65.71895786812023,
        "p50": 69.26018346999047,
        "p84": 73.4023845193964,
        "sd": 3.886460983952368
      },
      "h0_highz_mg": {
        "max": 83.1559262659703,
        "mean": 70.83484312506948,
        "min": 58.66345625890563,
        "p16": 67.862065770804,
        "p50": 70.90567199912553,
        "p84": 73.73393658470788,
        "sd": 3.02596292927742
      },
      "h0_local_obs": {
        "max": 77.04400034387733,
        "mean": 72.74768624260575,
        "min": 68.71382961201324,
        "p16": 71.75022207215044,
        "p50": 72.7473689713776,
        "p84": 73.74463201890403,
        "sd": 0.9999150148060622
      },
      "local_minus_highz_gr_sigma": 0.7947586725280887,
      "local_minus_highz_mg_sigma": 0.6002170804016342,
      "p_gr_above_local_ref": 0.18563,
      "p_gr_below_local_ref": 0.81437,
      "p_gr_below_planck_ref": 0.29576,
      "z_anchor": 0.62
    }
  ],
  "draws_total": 1600,
  "draws_used": 1600,
  "h0_posterior_mg_truth": {
    "max": 81.12434628314327,
    "mean": 70.6139339829599,
    "min": 60.40119844002723,
    "p16": 67.71835091504013,