{
  "apparent_gr_bias_vs_true": {
    "max": 6.7774252956881185,
    "mean": -2.553990708715195,
    "min": -8.301488642051297,
    "p16": -4.464773087546663,
    "p50": -2.7502652487590495,
    "p84": -0.5902165652260943,
    "sd": 1.9627846019107085
  },
  "delta_local_minus_highz_gr": {
    "max": 17.67254276279902,
    "mean": 4.9305521678520146,
    "min": -10.815052605960119,
    "p16": 1.6745991812682388,
    "p50": 5.0331012090668565,
    "p84": 8.221026955518393,
    "sd": 3.35184182094784
  },
  "delta_local_minus_highz_mg": {
    "max": 15.506656165478432,
    "mean": 2.587065930616969,
    "min": -11.46349360612794,
    "p16": -0.5012216882160413,
    "p50": 2.5210980330169335,
    "p84": 5.741324744051535,
    "sd": 3.1899517514141262
  },
  "h0_highz_gr": {
    "max": 82.59427599351488,
    "mean": 68.06655712054408,
    "min": 56.657097425165695,
    "p16": 64.92132217886214,
    "p50": 67.93655157710202,
    "p84": 71.15972226183234,
    "sd": 3.1991092870523197
  },
  "h0_highz_mg": {
    "max": 83.05730399980264,
    "mean": 70.41004335777913,
    "min": 58.98223158010357,
    "p16": 67.41233939731363,
    "p50": 70.50873205267442,
    "p84": 73.30367412531494,
    "sd": 3.025878227536401
  },
  "h0_local_obs": {
    "max": 77.07411341591536,
    "mean": 72.99710928839609,
    "min": 68.33005416953847,
    "p16": 72.00488252659453,
    "p50": 72.99678848249016,
    "p84": 73.99144617028279,
    "sd": 0.9987024216771418
  },
  "local_minus_highz_gr_sigma": 1.4710334395891767,
  "local_minus_highz_mg_sigma": 0.8117970220748814,
  "p_gr_above_local_ref": 0.06702,
  "p_gr_below_local_ref": 0.93298,
  "p_gr_below_planck_ref": 0.42715,
  "z_anchor": 0.35
}
