{
  "apparent_gr_bias_vs_true": {
    "max": 9.890274828581866,
    "mean": -2.3553124271383084,
    "min": -10.0268765553461,
    "p16": -4.731720021264334,
    "p50": -2.658465686042586,
    "p84": 0.07873450779948868,
    "sd": 2.472216355385922
  },
  "delta_local_minus_highz_gr": {
    "max": 18.744100443504976,
    "mean": 4.730462011314434,
    "min": -14.016500515726861,
    "p16": 1.1535959943346359,
    "p50": 4.917765977559142,
    "p84": 8.30872194380491,
    "sd": 3.6596970833742057
  },
  "delta_local_minus_highz_mg": {
    "max": 15.531478815091972,
    "mean": 2.5876316664736883,
    "min": -11.268042275191675,
    "p16": -0.4835855656360593,
    "p50": 2.5244839448259455,
    "p84": 5.717735225372989,
    "sd": 3.1783886802853094
  },
  "h0_highz_gr": {
    "max": 85.06788705749902,
    "mean": 68.26799359782345,
    "min": 55.745500850172576,
    "p16": 64.80197651455194,
    "p50": 68.04323945366846,
    "p84": 71.70508653946533,
    "sd": 3.523404859210514
  },
  "h0_highz_mg": {
    "max": 82.91234870923299,
    "mean": 70.4108239426642,
    "min": 58.92069444150094,
    "p16": 67.43609990649998,
    "p50": 70.48923636569072,
    "p84": 73.29113959510973,
    "sd": 3.02199170491009
  },
  "h0_local_obs": {
    "max": 77.24484969586331,
    "mean": 72.99845560913788,
    "min": 68.75225316909265,
    "p16": 72.00590868453286,
    "p50": 72.99733825274063,
    "p84": 73.99130196750883,
    "sd": 0.9969319306484026
  },
  "local_minus_highz_gr_sigma": 1.2915708289428445,
  "local_minus_highz_mg_sigma": 0.8129158069141493,
  "p_gr_above_local_ref": 0.09309,
  "p_gr_below_local_ref": 0.90691,
  "p_gr_below_planck_ref": 0.42042,
  "z_anchor": 0.5
}
