{
  "apparent_gr_bias_vs_true": {
    "max": 12.460954164648626,
    "mean": -1.5075372068061017,
    "min": -10.862621811369245,
    "p16": -4.263077242113047,
    "p50": -1.8399544251113085,
    "p84": 1.291617923621281,
    "sd": 2.8856361472137073
  },
  "delta_local_minus_highz_gr": {
    "max": 19.61810374403906,
    "mean": 3.8668718736609957,
    "min": -15.794179985152766,
    "p16": -0.07805070602641365,
    "p50": 4.110422404835781,
    "p84": 7.775263631190972,
    "sd": 3.9941673438240906
  },
  "delta_local_minus_highz_mg": {
    "max": 15.817610763539548,
    "mean": 2.572096729172125,
    "min": -12.407879846824343,
    "p16": -0.5046256690616053,
    "p50": 2.505151828875519,
    "p84": 5.7183451181234854,
    "sd": 3.1831119650241297
  },
  "h0_highz_gr": {
    "max": 88.00772106739099,
    "mean": 69.13713841918079,
    "min": 55.18576383504795,
    "p16": 65.32493938242054,
    "p50": 68.84703328649246,
    "p84": 72.97002957082046,
    "sd": 3.869408999994126
  },
  "h0_highz_mg": {
    "max": 83.07326084023235,
    "mean": 70.43191356366967,
    "min": 58.95261803610744,
    "p16": 67.44699174839306,
    "p50": 70.51872328380136,
    "p84": 73.33070213682859,
    "sd": 3.026587417694684
  },
  "h0_local_obs": {
    "max": 77.42496257963853,
    "mean": 73.0040102928418,
    "min": 68.82853361551967,
    "p16": 72.0050678544036,
    "p50": 73.00276082639445,
    "p84": 73.99860094240732,
    "sd": 1.0041374716464284
  },
  "local_minus_highz_gr_sigma": 0.9675550839975997,
  "local_minus_highz_mg_sigma": 0.8069293230755162,
  "p_gr_above_local_ref": 0.15819,
  "p_gr_below_local_ref": 0.84181,
  "p_gr_below_planck_ref": 0.33506,
  "z_anchor": 0.62
}
