{
  "apparent_gr_bias_vs_true": {
    "max": 4.2825554868257,
    "mean": -1.9376310600013733,
    "min": -6.78789772816755,
    "p16": -3.2564925366922153,
    "p50": -2.0294756851947184,
    "p84": -0.5991509464237526,
    "sd": 1.3391935619352442
  },
  "delta_local_minus_highz_gr": {
    "max": 17.17503006465371,
    "mean": 4.324266105922723,
    "min": -10.001666152662281,
    "p16": 1.2368985226987337,
    "p50": 4.3643394554647585,
    "p84": 7.417277923249062,
    "sd": 3.1557672714295655
  },
  "delta_local_minus_highz_mg": {
    "max": 15.82200841145351,
    "mean": 2.597311187819836,
    "min": -10.96015693395718,
    "p16": -0.5083625338244496,
    "p50": 2.5448041161028385,
    "p84": 5.7339228021834705,
    "sd": 3.1948362637860868
  },
  "h0_highz_gr": {
    "max": 81.68406726570959,
    "mean": 68.67662217649315,
    "min": 57.177585980059675,
    "p16": 65.7400995640031,
    "p50": 68.63841563931446,
    "p84": 71.58033130791493,
    "sd": 2.992658696254521
  },
  "h0_highz_mg": {
    "max": 82.81373382240217,
    "mean": 70.40357709459605,
    "min": 58.29731233882325,
    "p16": 67.41069181834125,
    "p50": 70.47905846247619,
    "p84": 73.32556029400685,
    "sd": 3.0334902405211417
  },
  "h0_local_obs": {
    "max": 77.66373981983074,
    "mean": 73.00088828241587,
    "min": 68.40519773825912,
    "p16": 72.01050756963669,
    "p50": 73.00082387503551,
    "p84": 73.99143105067036,
    "sd": 0.9976427358079002
  },
  "local_minus_highz_gr_sigma": 1.3704709532799342,
  "local_minus_highz_mg_sigma": 0.8131674476985076,
  "p_gr_above_local_ref": 0.07386,
  "p_gr_below_local_ref": 0.92614,
  "p_gr_below_planck_ref": 0.32914,
  "z_anchor": 0.2
}
