{
  "anchor_results": [
    {
      "apparent_gr_bias_vs_true": {
        "max": 4.2825554868257,
        "mean": -1.9376310600013733,
        "min": -6.78789772816755,
        "p16": -3.2564925366922153,
        "p50": -2.0294756851947184,
        "p84": -0.5991509464237526,
        "sd": 1.3391935619352442
      },
      "delta_local_minus_highz_gr": {
        "max": 17.17503006465371,
        "mean": 4.324266105922723,
        "min": -10.001666152662281,
        "p16": 1.2368985226987337,
        "p50": 4.3643394554647585,
        "p84": 7.417277923249062,
        "sd": 3.1557672714295655
      },
      "delta_local_minus_highz_mg": {
        "max": 15.82200841145351,
        "mean": 2.597311187819836,
        "min": -10.96015693395718,
        "p16": -0.5083625338244496,
        "p50": 2.5448041161028385,
        "p84": 5.7339228021834705,
        "sd": 3.1948362637860868
      },
      "h0_highz_gr": {
        "max": 81.68406726570959,
        "mean": 68.67662217649315,
        "min": 57.177585980059675,
        "p16": 65.7400995640031,
        "p50": 68.63841563931446,
        "p84": 71.58033130791493,
        "sd": 2.992658696254521
      },
      "h0_highz_mg": {
        "max": 82.81373382240217,
        "mean": 70.40357709459605,
        "min": 58.29731233882325,
        "p16": 67.41069181834125,
        "p50": 70.47905846247619,
        "p84": 73.32556029400685,
        "sd": 3.0334902405211417
      },
      "h0_local_obs": {
        "max": 77.66373981983074,
        "mean": 73.00088828241587,
        "min": 68.40519773825912,
        "p16": 72.01050756963669,
        "p50": 73.00082387503551,
        "p84": 73.99143105067036,
        "sd": 0.9976427358079002
      },
      "local_minus_highz_gr_sigma": 1.3704709532799342,
      "local_minus_highz_mg_sigma": 0.8131674476985076,
      "p_gr_above_local_ref": 0.07386,
      "p_gr_below_local_ref": 0.92614,
      "p_gr_below_planck_ref": 0.32914,
      "z_anchor": 0.2
    },
    {
      "apparent_gr_bias_vs_true": {
        "max": 6.7774252956881185,
        "mean": -2.553990708715195,
        "min": -8.301488642051297,
        "p16": -4.464773087546663,
        "p50": -2.7502652487590495,
        "p84": -0.5902165652260943,
        "sd": 1.9627846019107085
      },
      "delta_local_minus_highz_gr": {
        "max": 17.67254276279902,
        "mean": 4.9305521678520146,
        "min": -10.815052605960119,
        "p16": 1.6745991812682388,
        "p50": 5.0331012090668565,
        "p84": 8.221026955518393,
        "sd": 3.35184182094784
      },
      "delta_local_minus_highz_mg": {
        "max": 15.506656165478432,
        "mean": 2.587065930616969,
        "min": -11.46349360612794,
        "p16": -0.5012216882160413,
        "p50": 2.5210980330169335,
        "p84": 5.741324744051535,
        "sd": 3.1899517514141262
      },
      "h0_highz_gr": {
        "max": 82.59427599351488,
        "mean": 68.06655712054408,
        "min": 56.657097425165695,
        "p16": 64.92132217886214,
        "p50": 67.93655157710202,
        "p84": 71.15972226183234,
        "sd": 3.1991092870523197
      },
      "h0_highz_mg": {
        "max": 83.05730399980264,
        "mean": 70.41004335777913,
        "min": 58.98223158010357,
        "p16": 67.41233939731363,
        "p50": 70.50873205267442,
        "p84": 73.30367412531494,
        "sd": 3.025878227536401
      },
      "h0_local_obs": {
        "max": 77.07411341591536,
        "mean": 72.99710928839609,
        "min": 68.33005416953847,
        "p16": 72.00488252659453,
        "p50": 72.99678848249016,
        "p84": 73.99144617028279,
        "sd": 0.9987024216771418
      },
      "local_minus_highz_gr_sigma": 1.4710334395891767,
      "local_minus_highz_mg_sigma": 0.8117970220748814,
      "p_gr_above_local_ref": 0.06702,
      "p_gr_below_local_ref": 0.93298,
      "p_gr_below_planck_ref": 0.42715,
      "z_anchor": 0.35
    },
    {
      "apparent_gr_bias_vs_true": {
        "max": 9.890274828581866,
        "mean": -2.3553124271383084,
        "min": -10.0268765553461,
        "p16": -4.731720021264334,
        "p50": -2.658465686042586,
        "p84": 0.07873450779948868,
        "sd": 2.472216355385922
      },
      "delta_local_minus_highz_gr": {
        "max": 18.744100443504976,
        "mean": 4.730462011314434,
        "min": -14.016500515726861,
        "p16": 1.1535959943346359,
        "p50": 4.917765977559142,
        "p84": 8.30872194380491,
        "sd": 3.6596970833742057
      },
      "delta_local_minus_highz_mg": {
        "max": 15.531478815091972,
        "mean": 2.5876316664736883,
        "min": -11.268042275191675,
        "p16": -0.4835855656360593,
        "p50": 2.5244839448259455,
        "p84": 5.717735225372989,
        "sd": 3.1783886802853094
      },
      "h0_highz_gr": {
        "max": 85.06788705749902,
        "mean": 68.26799359782345,
        "min": 55.745500850172576,
        "p16": 64.80197651455194,
        "p50": 68.04323945366846,
        "p84": 71.70508653946533,
        "sd": 3.523404859210514
      },
      "h0_highz_mg": {
        "max": 82.91234870923299,
        "mean": 70.4108239426642,
        "min": 58.92069444150094,
        "p16": 67.43609990649998,
        "p50": 70.48923636569072,
        "p84": 73.29113959510973,
        "sd": 3.02199170491009
      },
      "h0_local_obs": {
        "max": 77.24484969586331,
        "mean": 72.99845560913788,
        "min": 68.75225316909265,
        "p16": 72.00590868453286,
        "p50": 72.99733825274063,
        "p84": 73.99130196750883,
        "sd": 0.9969319306484026
      },
      "local_minus_highz_gr_sigma": 1.2915708289428445,
      "local_minus_highz_mg_sigma": 0.8129158069141493,
      "p_gr_above_local_ref": 0.09309,
      "p_gr_below_local_ref": 0.90691,
      "p_gr_below_planck_ref": 0.42042,
      "z_anchor": 0.5
    },
    {
      "apparent_gr_bias_vs_true": {
        "max": 12.460954164648626,
        "mean": -1.5075372068061017,
        "min": -10.862621811369245,
        "p16": -4.263077242113047,
        "p50": -1.8399544251113085,
        "p84": 1.291617923621281,
        "sd": 2.8856361472137073
      },
      "delta_local_minus_highz_gr": {
        "max": 19.61810374403906,
        "mean": 3.8668718736609957,
        "min": -15.794179985152766,
        "p16": -0.07805070602641365,
        "p50": 4.110422404835781,
        "p84": 7.775263631190972,
        "sd": 3.9941673438240906
      },
      "delta_local_minus_highz_mg": {
        "max": 15.817610763539548,
        "mean": 2.572096729172125,
        "min": -12.407879846824343,
        "p16": -0.5046256690616053,
        "p50": 2.505151828875519,
        "p84": 5.7183451181234854,
        "sd": 3.1831119650241297
      },
      "h0_highz_gr": {
        "max": 88.00772106739099,
        "mean": 69.13713841918079,
        "min": 55.18576383504795,
        "p16": 65.32493938242054,
        "p50": 68.84703328649246,
        "p84": 72.97002957082046,
        "sd": 3.869408999994126
      },
      "h0_highz_mg": {
        "max": 83.07326084023235,
        "mean": 70.43191356366967,
        "min": 58.95261803610744,
        "p16": 67.44699174839306,
        "p50": 70.51872328380136,
        "p84": 73.33070213682859,
        "sd": 3.026587417694684
      },
      "h0_local_obs": {
        "max": 77.42496257963853,
        "mean": 73.0040102928418,
        "min": 68.82853361551967,
        "p16": 72.0050678544036,
        "p50": 73.00276082639445,
        "p84": 73.99860094240732,
        "sd": 1.0041374716464284
      },
      "local_minus_highz_gr_sigma": 0.9675550839975997,
      "local_minus_highz_mg_sigma": 0.8069293230755162,
      "p_gr_above_local_ref": 0.15819,
      "p_gr_below_local_ref": 0.84181,
      "p_gr_below_planck_ref": 0.33506,
      "z_anchor": 0.62
    }
  ],
  "draws_total": 1600,
  "draws_used": 1600,
  "h0_posterior_mg_truth": {
    "max": 81.12434628314327,
    "mean": 70.6139339829599,
    "min": 60.40119844002723,
    "p16": 67.71835091504013,