{
  "apparent_gr_bias_vs_true": {
    "max": 6.936694499539328,
    "mean": -2.5934951372831976,
    "min": -8.790002416987775,
    "p16": -4.505153659310019,
    "p50": -2.7717240143467308,
    "p84": -0.6290476171359163,
    "sd": 1.9589269650169463
  },
  "delta_local_minus_highz_gr": {
    "max": 18.19759038569972,
    "mean": 4.737578677639024,
    "min": -10.845943778393078,
    "p16": 1.5013801944886558,
    "p50": 4.815502756537647,
    "p84": 8.015801625579732,
    "sd": 3.309950550296728
  },
  "delta_local_minus_highz_mg": {
    "max": 14.690190005170635,
    "mean": 2.3555877159731895,
    "min": -11.71002455236605,
    "p16": -0.6818154927957658,
    "p50": 2.3828798579554444,
    "p84": 5.4552311582883295,
    "sd": 3.122447621235115
  },
  "h0_highz_gr": {
    "max": 81.99742616661726,
    "mean": 68.01198243669616,
    "min": 56.204514789524104,
    "p16": 64.89433002455682,
    "p50": 67.93901641309904,
    "p84": 71.09247029902438,
    "sd": 3.1551187571456025
  },
  "h0_highz_mg": {
    "max": 82.7801934980686,
    "mean": 70.393973398362,
    "min": 59.22661541335371,
    "p16": 67.4454274403055,
    "p50": 70.35949675938492,
    "p84": 73.25358365903418,
    "sd": 2.955276608835838
  },
  "h0_local_obs": {
    "max": 77.92433675029584,
    "mean": 72.74956111433517,
    "min": 68.3908153057205,
    "p16": 71.75660368839961,
    "p50": 72.75203540747106,
    "p84": 73.74109945586315,
    "sd": 0.9972751922315883
  },
  "local_minus_highz_gr_sigma": 1.431379249012893,
  "local_minus_highz_mg_sigma": 0.7550247679058181,
  "p_gr_above_local_ref": 0.05848,
  "p_gr_below_local_ref": 0.94152,
  "p_gr_below_planck_ref": 0.42933,
  "z_anchor": 0.35
}
