{
  "apparent_gr_bias_vs_true": {
    "max": 9.041844725687625,
    "mean": -2.3717515310165265,
    "min": -10.04241795532311,
    "p16": -4.800009981000529,
    "p50": -2.601338367993783,
    "p84": 0.1011438854705366,
    "sd": 2.489695730554294
  },
  "delta_local_minus_highz_gr": {
    "max": 18.551215581180884,
    "mean": 4.51694867664538,
    "min": -13.088357747594273,
    "p16": 0.9733577204967497,
    "p50": 4.659006479214597,
    "p84": 8.105126874681181,
    "sd": 3.6087531994161006
  },
  "delta_local_minus_highz_mg": {
    "max": 16.372238048842988,
    "mean": 2.3574938817904716,
    "min": -11.829416916041339,
    "p16": -0.6868346710643521,
    "p50": 2.405701380534069,
    "p84": 5.449288412142953,
    "sd": 3.1247379408055864
  },
  "h0_highz_gr": {
    "max": 85.28724241911024,
    "mean": 68.23354413904985,
    "min": 55.023465314579944,
    "p16": 64.78512262280803,
    "p50": 68.07143585255812,
    "p84": 71.61656600480504,
    "sd": 3.463500709752581
  },
  "h0_highz_mg": {
    "max": 82.99351491832485,
    "mean": 70.39299893390476,
    "min": 58.698369823576584,
    "p16": 67.45376676206176,
    "p50": 70.34294954372618,
    "p84": 73.26300661518226,
    "sd": 2.956470612176577
  },
  "h0_local_obs": {
    "max": 77.48279998415269,
    "mean": 72.75049281569524,
    "min": 68.70734405646346,
    "p16": 71.75897997150123,
    "p50": 72.7482831700966,
    "p84": 73.74020237332904,
    "sd": 0.9980398280966261
  },
  "local_minus_highz_gr_sigma": 1.2529767875381945,
  "local_minus_highz_mg_sigma": 0.7553619050486515,
  "p_gr_above_local_ref": 0.08413,
  "p_gr_below_local_ref": 0.91587,
  "p_gr_below_planck_ref": 0.42416,
  "z_anchor": 0.5
}
