{
  "apparent_gr_bias_vs_true": {
    "max": 11.850723518233849,
    "mean": -1.457243175429594,
    "min": -10.435623222144947,
    "p16": -4.32284832141299,
    "p50": -1.7181243519849758,
    "p84": 1.4016745029950086,
    "sd": 2.9182985380453808
  },
  "delta_local_minus_highz_gr": {
    "max": 18.264709089537412,
    "mean": 3.606851376372294,
    "min": -14.948153432813186,
    "p16": -0.3070330123560393,
    "p50": 3.820913328166064,
    "p84": 7.5543734817547525,
    "sd": 3.9557925312200046
  },
  "delta_local_minus_highz_mg": {
    "max": 15.52307917425766,
    "mean": 2.3604522461620117,
    "min": -11.327345283181046,
    "p16": -0.6707417338838161,
    "p50": 2.3932229843551767,
    "p84": 5.454239610812168,
    "sd": 3.1192434379345135
  },
  "h0_highz_gr": {
    "max": 86.35274646234754,
    "mean": 69.14192453830047,
    "min": 55.33828677092724,
    "p16": 65.31937042296175,
    "p50": 68.88497572123978,
    "p84": 72.94064303370047,
    "sd": 3.826930196210121
  },
  "h0_highz_mg": {
    "max": 82.57929991863956,
    "mean": 70.38832366851075,
    "min": 59.27913102495964,
    "p16": 67.44455380788715,
    "p50": 70.3442031178664,
    "p84": 73.23228655153245,
    "sd": 2.95689986831032
  },
  "h0_local_obs": {
    "max": 78.27389621925163,
    "mean": 72.74877591467276,
    "min": 68.48721983948838,
    "p16": 71.75387099063538,
    "p50": 72.74719595250397,
    "p84": 73.74540720746255,
    "sd": 1.0001967263593434
  },
  "local_minus_highz_gr_sigma": 0.9118743188739517,
  "local_minus_highz_mg_sigma": 0.7562112663989552,
  "p_gr_above_local_ref": 0.15587,
  "p_gr_below_local_ref": 0.84413,
  "p_gr_below_planck_ref": 0.34424,
  "z_anchor": 0.62
}
