{
  "apparent_gr_bias_vs_true": {
    "max": 4.840167927853699,
    "mean": -1.963828306931157,
    "min": -6.677678255998472,
    "p16": -3.272317717487457,
    "p50": -2.0648726814113516,
    "p84": -0.6229585798604955,
    "sd": 1.3391475204155545
  },
  "delta_local_minus_highz_gr": {
    "max": 17.77249056157013,
    "mean": 4.105345990240345,
    "min": -9.49209511424624,
    "p16": 1.105198545334323,
    "p50": 4.142445442638461,
    "p84": 7.172794377606256,
    "sd": 3.101107104884011
  },
  "delta_local_minus_highz_mg": {
    "max": 15.34676145395747,
    "mean": 2.3509823827999403,
    "min": -11.695134058146465,
    "p16": -0.6736697420517305,
    "p50": 2.3919231954996576,
    "p84": 5.432225696599276,
    "sd": 3.12070655254038
  },
  "h0_highz_gr": {
    "max": 80.77108823672458,
    "mean": 68.64040212295806,
    "min": 57.419560618567125,
    "p16": 65.75970588871988,
    "p50": 68.60946798726357,
    "p84": 71.48078849509177,
    "sd": 2.935941744836196
  },
  "h0_highz_mg": {
    "max": 82.42302177594448,
    "mean": 70.39476573039846,
    "min": 59.43986970910987,
    "p16": 67.45122816614114,
    "p50": 70.35889154788343,
    "p84": 73.24774685077102,
    "sd": 2.956194812012996
  },
  "h0_local_obs": {
    "max": 76.9623770356485,
    "mean": 72.7457481131984,
    "min": 68.50311384029918,
    "p16": 71.75206032747388,
    "p50": 72.7445251154696,
    "p84": 73.74534404960964,
    "sd": 0.9996393057898991
  },
  "local_minus_highz_gr_sigma": 1.3236335996658068,
  "local_minus_highz_mg_sigma": 0.7533386247794464,
  "p_gr_above_local_ref": 0.0659,
  "p_gr_below_local_ref": 0.9341,
  "p_gr_below_planck_ref": 0.33782,
  "z_anchor": 0.2
}
