{
  "anchor_results": [
    {
      "apparent_gr_bias_vs_true": {
        "max": 4.840167927853699,
        "mean": -1.963828306931157,
        "min": -6.677678255998472,
        "p16": -3.272317717487457,
        "p50": -2.0648726814113516,
        "p84": -0.6229585798604955,
        "sd": 1.3391475204155545
      },
      "delta_local_minus_highz_gr": {
        "max": 17.77249056157013,
        "mean": 4.105345990240345,
        "min": -9.49209511424624,
        "p16": 1.105198545334323,
        "p50": 4.142445442638461,
        "p84": 7.172794377606256,
        "sd": 3.101107104884011
      },
      "delta_local_minus_highz_mg": {
        "max": 15.34676145395747,
        "mean": 2.3509823827999403,
        "min": -11.695134058146465,
        "p16": -0.6736697420517305,
        "p50": 2.3919231954996576,
        "p84": 5.432225696599276,
        "sd": 3.12070655254038
      },
      "h0_highz_gr": {
        "max": 80.77108823672458,
        "mean": 68.64040212295806,
        "min": 57.419560618567125,
        "p16": 65.75970588871988,
        "p50": 68.60946798726357,
        "p84": 71.48078849509177,
        "sd": 2.935941744836196
      },
      "h0_highz_mg": {
        "max": 82.42302177594448,
        "mean": 70.39476573039846,
        "min": 59.43986970910987,
        "p16": 67.45122816614114,
        "p50": 70.35889154788343,
        "p84": 73.24774685077102,
        "sd": 2.956194812012996
      },
      "h0_local_obs": {
        "max": 76.9623770356485,
        "mean": 72.7457481131984,
        "min": 68.50311384029918,
        "p16": 71.75206032747388,
        "p50": 72.7445251154696,
        "p84": 73.74534404960964,
        "sd": 0.9996393057898991
      },
      "local_minus_highz_gr_sigma": 1.3236335996658068,
      "local_minus_highz_mg_sigma": 0.7533386247794464,
      "p_gr_above_local_ref": 0.0659,
      "p_gr_below_local_ref": 0.9341,
      "p_gr_below_planck_ref": 0.33782,
      "z_anchor": 0.2
    },
    {
      "apparent_gr_bias_vs_true": {
        "max": 6.936694499539328,
        "mean": -2.5934951372831976,
        "min": -8.790002416987775,
        "p16": -4.505153659310019,
        "p50": -2.7717240143467308,
        "p84": -0.6290476171359163,
        "sd": 1.9589269650169463
      },
      "delta_local_minus_highz_gr": {
        "max": 18.19759038569972,
        "mean": 4.737578677639024,
        "min": -10.845943778393078,
        "p16": 1.5013801944886558,
        "p50": 4.815502756537647,
        "p84": 8.015801625579732,
        "sd": 3.309950550296728
      },
      "delta_local_minus_highz_mg": {
        "max": 14.690190005170635,
        "mean": 2.3555877159731895,
        "min": -11.71002455236605,
        "p16": -0.6818154927957658,
        "p50": 2.3828798579554444,
        "p84": 5.4552311582883295,
        "sd": 3.122447621235115
      },
      "h0_highz_gr": {
        "max": 81.99742616661726,
        "mean": 68.01198243669616,
        "min": 56.204514789524104,
        "p16": 64.89433002455682,
        "p50": 67.93901641309904,
        "p84": 71.09247029902438,
        "sd": 3.1551187571456025
      },
      "h0_highz_mg": {
        "max": 82.7801934980686,
        "mean": 70.393973398362,
        "min": 59.22661541335371,
        "p16": 67.4454274403055,
        "p50": 70.35949675938492,
        "p84": 73.25358365903418,
        "sd": 2.955276608835838
      },
      "h0_local_obs": {
        "max": 77.92433675029584,
        "mean": 72.74956111433517,
        "min": 68.3908153057205,
        "p16": 71.75660368839961,
        "p50": 72.75203540747106,
        "p84": 73.74109945586315,
        "sd": 0.9972751922315883
      },
      "local_minus_highz_gr_sigma": 1.431379249012893,
      "local_minus_highz_mg_sigma": 0.7550247679058181,
      "p_gr_above_local_ref": 0.05848,
      "p_gr_below_local_ref": 0.94152,
      "p_gr_below_planck_ref": 0.42933,
      "z_anchor": 0.35
    },
    {
      "apparent_gr_bias_vs_true": {
        "max": 9.041844725687625,
        "mean": -2.3717515310165265,
        "min": -10.04241795532311,
        "p16": -4.800009981000529,
        "p50": -2.601338367993783,
        "p84": 0.1011438854705366,
        "sd": 2.489695730554294
      },
      "delta_local_minus_highz_gr": {
        "max": 18.551215581180884,
        "mean": 4.51694867664538,
        "min": -13.088357747594273,
        "p16": 0.9733577204967497,
        "p50": 4.659006479214597,
        "p84": 8.105126874681181,
        "sd": 3.6087531994161006
      },
      "delta_local_minus_highz_mg": {
        "max": 16.372238048842988,
        "mean": 2.3574938817904716,
        "min": -11.829416916041339,
        "p16": -0.6868346710643521,
        "p50": 2.405701380534069,
        "p84": 5.449288412142953,
        "sd": 3.1247379408055864
      },
      "h0_highz_gr": {
        "max": 85.28724241911024,
        "mean": 68.23354413904985,
        "min": 55.023465314579944,
        "p16": 64.78512262280803,
        "p50": 68.07143585255812,
        "p84": 71.61656600480504,
        "sd": 3.463500709752581
      },
      "h0_highz_mg": {
        "max": 82.99351491832485,
        "mean": 70.39299893390476,
        "min": 58.698369823576584,
        "p16": 67.45376676206176,
        "p50": 70.34294954372618,
        "p84": 73.26300661518226,
        "sd": 2.956470612176577
      },
      "h0_local_obs": {
        "max": 77.48279998415269,
        "mean": 72.75049281569524,
        "min": 68.70734405646346,
        "p16": 71.75897997150123,
        "p50": 72.7482831700966,
        "p84": 73.74020237332904,
        "sd": 0.9980398280966261
      },
      "local_minus_highz_gr_sigma": 1.2529767875381945,
      "local_minus_highz_mg_sigma": 0.7553619050486515,
      "p_gr_above_local_ref": 0.08413,
      "p_gr_below_local_ref": 0.91587,
      "p_gr_below_planck_ref": 0.42416,
      "z_anchor": 0.5
    },
    {
      "apparent_gr_bias_vs_true": {
        "max": 11.850723518233849,
        "mean": -1.457243175429594,
        "min": -10.435623222144947,
        "p16": -4.32284832141299,
        "p50": -1.7181243519849758,
        "p84": 1.4016745029950086,
        "sd": 2.9182985380453808
      },
      "delta_local_minus_highz_gr": {
        "max": 18.264709089537412,
        "mean": 3.606851376372294,
        "min": -14.948153432813186,
        "p16": -0.3070330123560393,
        "p50": 3.820913328166064,
        "p84": 7.5543734817547525,
        "sd": 3.9557925312200046
      },
      "delta_local_minus_highz_mg": {
        "max": 15.52307917425766,
        "mean": 2.3604522461620117,
        "min": -11.327345283181046,
        "p16": -0.6707417338838161,
        "p50": 2.3932229843551767,
        "p84": 5.454239610812168,
        "sd": 3.1192434379345135
      },
      "h0_highz_gr": {
        "max": 86.35274646234754,
        "mean": 69.14192453830047,
        "min": 55.33828677092724,
        "p16": 65.31937042296175,
        "p50": 68.88497572123978,
        "p84": 72.94064303370047,
        "sd": 3.826930196210121
      },
      "h0_highz_mg": {
        "max": 82.57929991863956,
        "mean": 70.38832366851075,
        "min": 59.27913102495964,
        "p16": 67.44455380788715,
        "p50": 70.3442031178664,
        "p84": 73.23228655153245,
        "sd": 2.95689986831032
      },
      "h0_local_obs": {
        "max": 78.27389621925163,
        "mean": 72.74877591467276,
        "min": 68.48721983948838,
        "p16": 71.75387099063538,
        "p50": 72.74719595250397,
        "p84": 73.74540720746255,
        "sd": 1.0001967263593434
      },
      "local_minus_highz_gr_sigma": 0.9118743188739517,
      "local_minus_highz_mg_sigma": 0.7562112663989552,
      "p_gr_above_local_ref": 0.15587,
      "p_gr_below_local_ref": 0.84413,
      "p_gr_below_planck_ref": 0.34424,
      "z_anchor": 0.62
    }
  ],
  "draws_total": 1600,
  "draws_used": 1600,
  "h0_posterior_mg_truth": {
    "max": 81.06264119821896,
    "mean": 70.60034490571202,
    "min": 60.651398709331204,
    "p16": 67.71575777916435,