{
  "apparent_gr_bias_vs_true": {
    "max": 5.270170090092606,
    "mean": -1.5858131032973959,
    "min": -6.582123252828524,
    "p16": -2.918244120794632,
    "p50": -1.6773250231257677,
    "p84": -0.25632880092681715,
    "sd": 1.363143232838556
  },
  "delta_local_minus_highz_gr": {
    "max": 16.37928499047404,
    "mean": 3.801090398268232,
    "min": -12.419728948000753,
    "p16": 0.6754921893885893,
    "p50": 3.8692169733885535,
    "p84": 6.953225541693702,
    "sd": 3.209759114309782
  },
  "delta_local_minus_highz_mg": {
    "max": 15.121254974999289,
    "mean": 2.004160623901868,
    "min": -12.84316703798953,
    "p16": -1.1346514418555558,
    "p50": 2.0757625903884644,
    "p84": 5.112884487767771,
    "sd": 3.212317170457135
  },
  "h0_highz_gr": {
    "max": 85.11714722638304,
    "mean": 68.9461712211158,
    "min": 58.01259210837438,
    "p16": 65.97187599834807,
    "p50": 68.86033622020308,
    "p84": 71.94473343937501,
    "sd": 3.053881563538586
  },
  "h0_highz_mg": {
    "max": 85.54094566323317,
    "mean": 70.74310099548217,
    "min": 59.26770180971128,
    "p16": 67.82996360237831,
    "p50": 70.6361927013815,
    "p84": 73.74165481912857,
    "sd": 3.056937147371083
  },
  "h0_local_obs": {
    "max": 77.1874964636915,
    "mean": 72.74726161938403,
    "min": 67.79800195999252,
    "p16": 71.75599331847685,
    "p50": 72.74677535248784,
    "p84": 73.73951581476821,
    "sd": 0.9978208588345245
  },
  "local_minus_highz_gr_sigma": 1.182872914975009,
  "local_minus_highz_mg_sigma": 0.6231177422865058,
  "p_gr_above_local_ref": 0.09109,
  "p_gr_below_local_ref": 0.90891,
  "p_gr_below_planck_ref": 0.30857,
  "z_anchor": 0.2
}
