{
  "apparent_gr_bias_vs_true": {
    "max": 6.963588367088988,
    "mean": -2.2218272426851295,
    "min": -8.473600797985696,
    "p16": -4.154152524203,
    "p50": -2.409537847663678,
    "p84": -0.30080606161670614,
    "sd": 1.9884825577653147
  },
  "delta_local_minus_highz_gr": {
    "max": 16.636912348025994,
    "mean": 4.445629287508299,
    "min": -13.013941911774992,
    "p16": 1.0328365921317186,
    "p50": 4.594786164710321,
    "p84": 7.827959951317531,
    "sd": 3.443883499043844
  },
  "delta_local_minus_highz_mg": {
    "max": 14.648830869012372,
    "mean": 2.0128813780486565,
    "min": -12.837353445224267,
    "p16": -1.1412835192880812,
    "p50": 2.091836086327845,
    "p84": 5.13457669857211,
    "sd": 3.2279690875896128
  },
  "h0_highz_gr": {
    "max": 85.4626123967872,
    "mean": 68.29868124613141,
    "min": 57.061091991759426,
    "p16": 65.05315605189821,
    "p50": 68.12695330475519,
    "p84": 71.57653209752672,
    "sd": 3.288956476842522
  },
  "h0_highz_mg": {
    "max": 85.28275344673158,
    "mean": 70.73142915559103,
    "min": 58.79153406643806,
    "p16": 67.80507606802145,
    "p50": 70.63422231139651,
    "p84": 73.74810123187684,
    "sd": 3.0626562628462777
  },
  "h0_local_obs": {
    "max": 77.13146344428426,
    "mean": 72.7443105336397,
    "min": 68.66127065316566,
    "p16": 71.7532436041073,
    "p50": 72.74544120484909,
    "p84": 73.73448555132501,
    "sd": 1.001563971283582
  },
  "local_minus_highz_gr_sigma": 1.293228640756989,
  "local_minus_highz_mg_sigma": 0.624773158745949,
  "p_gr_above_local_ref": 0.07936,
  "p_gr_below_local_ref": 0.92064,
  "p_gr_below_planck_ref": 0.40712,
  "z_anchor": 0.35
}
