{
  "apparent_gr_bias_vs_true": {
    "max": 10.389487706740098,
    "mean": -2.0335620604377995,
    "min": -10.27797606872786,
    "p16": -4.40647444397971,
    "p50": -2.315217496895471,
    "p84": 0.350077684130094,
    "sd": 2.493850431431854
  },
  "delta_local_minus_highz_gr": {
    "max": 16.995111702956017,
    "mean": 4.278340609626887,
    "min": -15.704677225481504,
    "p16": 0.5888416213913342,
    "p50": 4.5024065213838895,
    "p84": 7.941245178101369,
    "sd": 3.7288287154549784
  },
  "delta_local_minus_highz_mg": {
    "max": 15.240977784512388,
    "mean": 2.0351617608446033,
    "min": -13.750340979680914,
    "p16": -1.1043691262052169,
    "p50": 2.114350441801534,
    "p84": 5.148107520617037,
    "sd": 3.2172167002891645
  },
  "h0_highz_gr": {
    "max": 87.53698335146498,
    "mean": 68.47232823081251,
    "min": 57.55620517264253,
    "p16": 64.95342799217389,
    "p50": 68.21592339675361,
    "p84": 72.05219587170738,
    "sd": 3.594859577242183
  },
  "h0_highz_mg": {
    "max": 85.58264710566439,
    "mean": 70.7155070795948,
    "min": 59.29779647173429,
    "p16": 67.7913562333627,
    "p50": 70.62422837894849,
    "p84": 73.71012028607639,
    "sd": 3.061708484066573
  },
  "h0_local_obs": {
    "max": 77.31595277913465,
    "mean": 72.75066884043939,
    "min": 68.20864684762287,
    "p16": 71.7550274807726,
    "p50": 72.74889914143074,
    "p84": 73.74645093084672,
    "sd": 1.0007101568192098
  },
  "local_minus_highz_gr_sigma": 1.1465914671517805,
  "local_minus_highz_mg_sigma": 0.6318654084257905,
  "p_gr_above_local_ref": 0.10909,
  "p_gr_below_local_ref": 0.89091,
  "p_gr_below_planck_ref": 0.40505,
  "z_anchor": 0.5
}
