{
  "apparent_gr_bias_vs_true": {
    "max": 11.782698735677627,
    "mean": -1.1419586841336629,
    "min": -10.335745616155478,
    "p16": -3.8892002464306996,
    "p50": -1.4771412647711202,
    "p84": 1.6268357549811354,
    "sd": 2.9016684230640397
  },
  "delta_local_minus_highz_gr": {
    "max": 16.632360955031338,
    "mean": 3.376373280887576,
    "min": -17.60446389166735,
    "p16": -0.6330425594861537,
    "p50": 3.640801449453811,
    "p84": 7.374633387710047,
    "sd": 4.0668917023763145
  },
  "delta_local_minus_highz_mg": {
    "max": 15.271751713898816,
    "mean": 2.0211867021724554,
    "min": -13.299229354655381,
    "p16": -1.1443751089066023,
    "p50": 2.088148303137139,
    "p84": 5.11408699222915,
    "sd": 3.224324762202337
  },
  "h0_highz_gr": {
    "max": 89.99072537480976,
    "mean": 69.37520778245411,
    "min": 57.607087098221584,
    "p16": 65.5387126134802,
    "p50": 69.09388438516918,
    "p84": 73.27949357684913,
    "sd": 3.938404168164197
  },
  "h0_highz_mg": {
    "max": 85.62411032570883,
    "mean": 70.73039436116925,
    "min": 59.24711464630272,
    "p16": 67.8231732155122,
    "p50": 70.63603499457301,
    "p84": 73.73927547489626,
    "sd": 3.0599533840941566
  },
  "h0_local_obs": {
    "max": 76.98187188662732,
    "mean": 72.7515810633417,
    "min": 68.56929930832953,
    "p16": 71.75602329866427,
    "p50": 72.75249653275225,
    "p84": 73.74625187478071,
    "sd": 0.9973996779876214
  },
  "local_minus_highz_gr_sigma": 0.830928023148179,
  "local_minus_highz_mg_sigma": 0.627851720606459,
  "p_gr_above_local_ref": 0.17578,
  "p_gr_below_local_ref": 0.82422,
  "p_gr_below_planck_ref": 0.31674,
  "z_anchor": 0.62
}
