{
  "anchor_results": [
    {
      "apparent_gr_bias_vs_true": {
        "max": 5.270170090092606,
        "mean": -1.5858131032973959,
        "min": -6.582123252828524,
        "p16": -2.918244120794632,
        "p50": -1.6773250231257677,
        "p84": -0.25632880092681715,
        "sd": 1.363143232838556
      },
      "delta_local_minus_highz_gr": {
        "max": 16.37928499047404,
        "mean": 3.801090398268232,
        "min": -12.419728948000753,
        "p16": 0.6754921893885893,
        "p50": 3.8692169733885535,
        "p84": 6.953225541693702,
        "sd": 3.209759114309782
      },
      "delta_local_minus_highz_mg": {
        "max": 15.121254974999289,
        "mean": 2.004160623901868,
        "min": -12.84316703798953,
        "p16": -1.1346514418555558,
        "p50": 2.0757625903884644,
        "p84": 5.112884487767771,
        "sd": 3.212317170457135
      },
      "h0_highz_gr": {
        "max": 85.11714722638304,
        "mean": 68.9461712211158,
        "min": 58.01259210837438,
        "p16": 65.97187599834807,
        "p50": 68.86033622020308,
        "p84": 71.94473343937501,
        "sd": 3.053881563538586
      },
      "h0_highz_mg": {
        "max": 85.54094566323317,
        "mean": 70.74310099548217,
        "min": 59.26770180971128,
        "p16": 67.82996360237831,
        "p50": 70.6361927013815,
        "p84": 73.74165481912857,
        "sd": 3.056937147371083
      },
      "h0_local_obs": {
        "max": 77.1874964636915,
        "mean": 72.74726161938403,
        "min": 67.79800195999252,
        "p16": 71.75599331847685,
        "p50": 72.74677535248784,
        "p84": 73.73951581476821,
        "sd": 0.9978208588345245
      },
      "local_minus_highz_gr_sigma": 1.182872914975009,
      "local_minus_highz_mg_sigma": 0.6231177422865058,
      "p_gr_above_local_ref": 0.09109,
      "p_gr_below_local_ref": 0.90891,
      "p_gr_below_planck_ref": 0.30857,
      "z_anchor": 0.2
    },
    {
      "apparent_gr_bias_vs_true": {
        "max": 6.963588367088988,
        "mean": -2.2218272426851295,
        "min": -8.473600797985696,
        "p16": -4.154152524203,
        "p50": -2.409537847663678,
        "p84": -0.30080606161670614,
        "sd": 1.9884825577653147
      },
      "delta_local_minus_highz_gr": {
        "max": 16.636912348025994,
        "mean": 4.445629287508299,
        "min": -13.013941911774992,
        "p16": 1.0328365921317186,
        "p50": 4.594786164710321,
        "p84": 7.827959951317531,
        "sd": 3.443883499043844
      },
      "delta_local_minus_highz_mg": {
        "max": 14.648830869012372,
        "mean": 2.0128813780486565,
        "min": -12.837353445224267,
        "p16": -1.1412835192880812,
        "p50": 2.091836086327845,
        "p84": 5.13457669857211,
        "sd": 3.2279690875896128
      },
      "h0_highz_gr": {
        "max": 85.4626123967872,
        "mean": 68.29868124613141,
        "min": 57.061091991759426,
        "p16": 65.05315605189821,
        "p50": 68.12695330475519,
        "p84": 71.57653209752672,
        "sd": 3.288956476842522
      },
      "h0_highz_mg": {
        "max": 85.28275344673158,
        "mean": 70.73142915559103,
        "min": 58.79153406643806,
        "p16": 67.80507606802145,
        "p50": 70.63422231139651,
        "p84": 73.74810123187684,
        "sd": 3.0626562628462777
      },
      "h0_local_obs": {
        "max": 77.13146344428426,
        "mean": 72.7443105336397,
        "min": 68.66127065316566,
        "p16": 71.7532436041073,
        "p50": 72.74544120484909,
        "p84": 73.73448555132501,
        "sd": 1.001563971283582
      },
      "local_minus_highz_gr_sigma": 1.293228640756989,
      "local_minus_highz_mg_sigma": 0.624773158745949,
      "p_gr_above_local_ref": 0.07936,
      "p_gr_below_local_ref": 0.92064,
      "p_gr_below_planck_ref": 0.40712,
      "z_anchor": 0.35
    },
    {
      "apparent_gr_bias_vs_true": {
        "max": 10.389487706740098,
        "mean": -2.0335620604377995,
        "min": -10.27797606872786,
        "p16": -4.40647444397971,
        "p50": -2.315217496895471,
        "p84": 0.350077684130094,
        "sd": 2.493850431431854
      },
      "delta_local_minus_highz_gr": {
        "max": 16.995111702956017,
        "mean": 4.278340609626887,
        "min": -15.704677225481504,
        "p16": 0.5888416213913342,
        "p50": 4.5024065213838895,
        "p84": 7.941245178101369,
        "sd": 3.7288287154549784
      },
      "delta_local_minus_highz_mg": {
        "max": 15.240977784512388,
        "mean": 2.0351617608446033,
        "min": -13.750340979680914,
        "p16": -1.1043691262052169,
        "p50": 2.114350441801534,
        "p84": 5.148107520617037,
        "sd": 3.2172167002891645
      },
      "h0_highz_gr": {
        "max": 87.53698335146498,
        "mean": 68.47232823081251,
        "min": 57.55620517264253,
        "p16": 64.95342799217389,
        "p50": 68.21592339675361,
        "p84": 72.05219587170738,
        "sd": 3.594859577242183
      },
      "h0_highz_mg": {
        "max": 85.58264710566439,
        "mean": 70.7155070795948,
        "min": 59.29779647173429,
        "p16": 67.7913562333627,
        "p50": 70.62422837894849,
        "p84": 73.71012028607639,
        "sd": 3.061708484066573
      },
      "h0_local_obs": {
        "max": 77.31595277913465,
        "mean": 72.75066884043939,
        "min": 68.20864684762287,
        "p16": 71.7550274807726,
        "p50": 72.74889914143074,
        "p84": 73.74645093084672,
        "sd": 1.0007101568192098
      },
      "local_minus_highz_gr_sigma": 1.1465914671517805,
      "local_minus_highz_mg_sigma": 0.6318654084257905,
      "p_gr_above_local_ref": 0.10909,
      "p_gr_below_local_ref": 0.89091,
      "p_gr_below_planck_ref": 0.40505,
      "z_anchor": 0.5
    },
    {
      "apparent_gr_bias_vs_true": {
        "max": 11.782698735677627,
        "mean": -1.1419586841336629,
        "min": -10.335745616155478,
        "p16": -3.8892002464306996,
        "p50": -1.4771412647711202,
        "p84": 1.6268357549811354,
        "sd": 2.9016684230640397
      },
      "delta_local_minus_highz_gr": {
        "max": 16.632360955031338,
        "mean": 3.376373280887576,
        "min": -17.60446389166735,
        "p16": -0.6330425594861537,
        "p50": 3.640801449453811,
        "p84": 7.374633387710047,
        "sd": 4.0668917023763145
      },
      "delta_local_minus_highz_mg": {
        "max": 15.271751713898816,
        "mean": 2.0211867021724554,
        "min": -13.299229354655381,
        "p16": -1.1443751089066023,
        "p50": 2.088148303137139,
        "p84": 5.11408699222915,
        "sd": 3.224324762202337
      },
      "h0_highz_gr": {
        "max": 89.99072537480976,
        "mean": 69.37520778245411,
        "min": 57.607087098221584,
        "p16": 65.5387126134802,
        "p50": 69.09388438516918,
        "p84": 73.27949357684913,
        "sd": 3.938404168164197
      },
      "h0_highz_mg": {
        "max": 85.62411032570883,
        "mean": 70.73039436116925,
        "min": 59.24711464630272,
        "p16": 67.8231732155122,
        "p50": 70.63603499457301,
        "p84": 73.73927547489626,
        "sd": 3.0599533840941566
      },
      "h0_local_obs": {
        "max": 76.98187188662732,
        "mean": 72.7515810633417,
        "min": 68.56929930832953,
        "p16": 71.75602329866427,
        "p50": 72.75249653275225,
        "p84": 73.74625187478071,
        "sd": 0.9973996779876214
      },
      "local_minus_highz_gr_sigma": 0.830928023148179,
      "local_minus_highz_mg_sigma": 0.627851720606459,
      "p_gr_above_local_ref": 0.17578,
      "p_gr_below_local_ref": 0.82422,
      "p_gr_below_planck_ref": 0.31674,
      "z_anchor": 0.62
    }
  ],
  "draws_total": 1600,
  "draws_used": 1600,
  "h0_posterior_mg_truth": {
    "max": 83.06595172086378,
    "mean": 70.51873584122742,
    "min": 60.31514973881641,
    "p16": 67.70416163334278,