{
  "apparent_gr_bias_vs_true": {
    "max": 8.977327239065275,
    "mean": -2.217107142197333,
    "min": -10.019539147223156,
    "p16": -4.602174483576395,
    "p50": -2.506689219661723,
    "p84": 0.18370547862711506,
    "sd": 2.501655506739057
  },
  "delta_local_minus_highz_gr": {
    "max": 17.109258280708318,
    "mean": 4.4474137381627035,
    "min": -14.986484094552736,
    "p16": 0.7869446722316531,
    "p50": 4.666856878090883,
    "p84": 8.10222492075186,
    "sd": 3.732995348471127
  },
  "delta_local_minus_highz_mg": {
    "max": 15.362813662660152,
    "mean": 2.2280528939234023,
    "min": -13.045505308030954,
    "p16": -0.8972951355699331,
    "p50": 2.297431048977181,
    "p84": 5.336416555357154,
    "sd": 3.211036060057715
  },
  "h0_highz_gr": {
    "max": 86.9386872839276,
    "mean": 68.3011540865017,
    "min": 57.03816129126582,
    "p16": 64.78938189118983,
    "p50": 68.05246072368882,
    "p84": 71.8773421690312,
    "sd": 3.5935464467649516
  },
  "h0_highz_mg": {
    "max": 84.99770849740582,
    "mean": 70.520514930741,
    "min": 58.76407711777131,
    "p16": 67.61596623479875,
    "p50": 70.42778780456851,
    "p84": 73.49822773242755,
    "sd": 3.0537942010386954
  },
  "h0_local_obs": {
    "max": 77.17756787954093,
    "mean": 72.74856782466442,
    "min": 68.49682506368734,
    "p16": 71.75624656804733,
    "p50": 72.75073250157317,
    "p84": 73.73674887425582,
    "sd": 0.9974199866447111
  },
  "local_minus_highz_gr_sigma": 1.1923071544854227,
  "local_minus_highz_mg_sigma": 0.693372490411561,
  "p_gr_above_local_ref": 0.10066,
  "p_gr_below_local_ref": 0.89934,
  "p_gr_below_planck_ref": 0.42244,
  "z_anchor": 0.5
}
