{
  "apparent_gr_bias_vs_true": {
    "max": 11.72365006336534,
    "mean": -1.3456616207336216,
    "min": -10.214018802612571,
    "p16": -4.090841940078525,
    "p50": -1.6824488059778204,
    "p84": 1.3988375717266992,
    "sd": 2.9081436564367955
  },
  "delta_local_minus_highz_gr": {
    "max": 16.65901207562741,
    "mean": 3.5609389157044586,
    "min": -16.939925342071092,
    "p16": -0.42541679052575426,
    "p50": 3.818359770089927,
    "p84": 7.541857105502771,
    "sd": 4.060402183195132
  },
  "delta_local_minus_highz_mg": {
    "max": 15.30220042421574,
    "mean": 2.2157565768751004,
    "min": -12.593969182826939,
    "p16": -0.9143105238502391,
    "p50": 2.2862166014833747,
    "p84": 5.316003321436477,
    "sd": 3.2040860182555986
  },
  "h0_highz_gr": {
    "max": 89.64141320168598,
    "mean": 69.18632270367958,
    "min": 57.294987385210234,
    "p16": 65.35375701410187,
    "p50": 68.90426168918646,
    "p84": 73.05215183928188,
    "sd": 3.935047820139604
  },
  "h0_highz_mg": {
    "max": 85.29174780807058,
    "mean": 70.53150504250894,
    "min": 59.08675636049483,
    "p16": 67.62570879629581,
    "p50": 70.42530128102857,
    "p84": 73.5211692656506,
    "sd": 3.048275635649265
  },
  "h0_local_obs": {
    "max": 77.1874964636915,
    "mean": 72.74726161938403,
    "min": 67.79800195999252,
    "p16": 71.75599331847685,
    "p50": 72.74677535248784,
    "p84": 73.73951581476821,
    "sd": 0.9978208588345245
  },
  "local_minus_highz_gr_sigma": 0.8770519114678955,
  "local_minus_highz_mg_sigma": 0.6906730154338905,
  "p_gr_above_local_ref": 0.16319,
  "p_gr_below_local_ref": 0.83681,
  "p_gr_below_planck_ref": 0.33691,
  "z_anchor": 0.62
}
