{
  "apparent_gr_bias_vs_true": {
    "max": 6.252298717700313,
    "mean": -1.787461722987094,
    "min": -6.601221062593851,
    "p16": -3.1170148315079684,
    "p50": -1.8747471628294363,
    "p84": -0.46057836932981716,
    "sd": 1.3554827878919589
  },
  "delta_local_minus_highz_gr": {
    "max": 16.330666744545482,
    "mean": 4.014975081587999,
    "min": -12.615401352875452,
    "p16": 0.8840614070883686,
    "p50": 4.115862381663845,
    "p84": 7.122403280587309,
    "sd": 3.195475149911668
  },
  "delta_local_minus_highz_mg": {
    "max": 15.065543756512518,
    "mean": 2.2280278692680193,
    "min": -13.03386160014756,
    "p16": -0.897993337656199,
    "p50": 2.3112994907921802,
    "p84": 5.30887044101531,
    "sd": 3.2049416457996256
  },
  "h0_highz_gr": {
    "max": 84.5889318603428,
    "mean": 68.73100325630915,
    "min": 57.42643982256525,
    "p16": 65.79317439544973,
    "p50": 68.62306292617703,
    "p84": 71.72526643388152,
    "sd": 3.0385888037826714
  },
  "h0_highz_mg": {
    "max": 85.01010031188748,
    "mean": 70.51795046862914,
    "min": 58.66886804573264,
    "p16": 67.62062673968478,
    "p50": 70.41129988631317,
    "p84": 73.49558110096929,
    "sd": 3.047609982671543
  },
  "h0_local_obs": {
    "max": 76.98499167458526,
    "mean": 72.74597833789714,
    "min": 68.3964914180217,
    "p16": 71.74956952552614,
    "p50": 72.74592261313653,
    "p84": 73.73945840448526,
    "sd": 0.9964338352235
  },
  "local_minus_highz_gr_sigma": 1.2551074344118958,
  "local_minus_highz_mg_sigma": 0.6946350452044895,
  "p_gr_above_local_ref": 0.08034,
  "p_gr_below_local_ref": 0.91966,
  "p_gr_below_planck_ref": 0.33647,
  "z_anchor": 0.2
}
