{
  "apparent_gr_bias_vs_true": {
    "max": 6.64321398474079,
    "mean": -2.425777938596556,
    "min": -8.669520929825723,
    "p16": -4.355222231538698,
    "p50": -2.6161049716885003,
    "p84": -0.514210665127424,
    "sd": 1.9860142604501312
  },
  "delta_local_minus_highz_gr": {
    "max": 16.568446998692714,
    "mean": 4.649256542549999,
    "min": -13.711769828157557,
    "p16": 1.2824173683997147,
    "p50": 4.778651692414861,
    "p84": 8.010047191538515,
    "sd": 3.4175911629928186
  },
  "delta_local_minus_highz_mg": {
    "max": 14.819341139200993,
    "mean": 2.22368612814046,
    "min": -13.535346236128987,
    "p16": -0.9198834553543349,
    "p50": 2.2838329174397742,
    "p84": 5.326216120076316,
    "sd": 3.2091026443518937
  },
  "h0_highz_gr": {
    "max": 85.52530363151354,
    "mean": 68.09567575098757,
    "min": 57.14788992639743,
    "p16": 64.88857149821946,
    "p50": 67.93928797885054,
    "p84": 71.3360398709548,
    "sd": 3.2664105047760956
  },
  "h0_highz_mg": {
    "max": 85.34531274564016,
    "mean": 70.52124616539712,
    "min": 58.88096424649672,
    "p16": 67.62359902429387,
    "p50": 70.42817949645539,
    "p84": 73.50583398065238,
    "sd": 3.045862119984001
  },
  "h0_local_obs": {
    "max": 76.89011714312001,
    "mean": 72.74493229353757,
    "min": 68.02910973718248,
    "p16": 71.74961446679313,
    "p50": 72.74626774844968,
    "p84": 73.74271107822833,
    "sd": 1.0019775360639596
  },
  "local_minus_highz_gr_sigma": 1.3610013253979847,
  "local_minus_highz_mg_sigma": 0.693640552996304,
  "p_gr_above_local_ref": 0.06985,
  "p_gr_below_local_ref": 0.93015,
  "p_gr_below_planck_ref": 0.4317,
  "z_anchor": 0.35
}
