{
  "anchor_results": [
    {
      "apparent_gr_bias_vs_true": {
        "max": 6.252298717700313,
        "mean": -1.787461722987094,
        "min": -6.601221062593851,
        "p16": -3.1170148315079684,
        "p50": -1.8747471628294363,
        "p84": -0.46057836932981716,
        "sd": 1.3554827878919589
      },
      "delta_local_minus_highz_gr": {
        "max": 16.330666744545482,
        "mean": 4.014975081587999,
        "min": -12.615401352875452,
        "p16": 0.8840614070883686,
        "p50": 4.115862381663845,
        "p84": 7.122403280587309,
        "sd": 3.195475149911668
      },
      "delta_local_minus_highz_mg": {
        "max": 15.065543756512518,
        "mean": 2.2280278692680193,
        "min": -13.03386160014756,
        "p16": -0.897993337656199,
        "p50": 2.3112994907921802,
        "p84": 5.30887044101531,
        "sd": 3.2049416457996256
      },
      "h0_highz_gr": {
        "max": 84.5889318603428,
        "mean": 68.73100325630915,
        "min": 57.42643982256525,
        "p16": 65.79317439544973,
        "p50": 68.62306292617703,
        "p84": 71.72526643388152,
        "sd": 3.0385888037826714
      },
      "h0_highz_mg": {
        "max": 85.01010031188748,
        "mean": 70.51795046862914,
        "min": 58.66886804573264,
        "p16": 67.62062673968478,
        "p50": 70.41129988631317,
        "p84": 73.49558110096929,
        "sd": 3.047609982671543
      },
      "h0_local_obs": {
        "max": 76.98499167458526,
        "mean": 72.74597833789714,
        "min": 68.3964914180217,
        "p16": 71.74956952552614,
        "p50": 72.74592261313653,
        "p84": 73.73945840448526,
        "sd": 0.9964338352235
      },
      "local_minus_highz_gr_sigma": 1.2551074344118958,
      "local_minus_highz_mg_sigma": 0.6946350452044895,
      "p_gr_above_local_ref": 0.08034,
      "p_gr_below_local_ref": 0.91966,
      "p_gr_below_planck_ref": 0.33647,
      "z_anchor": 0.2
    },
    {
      "apparent_gr_bias_vs_true": {
        "max": 6.64321398474079,
        "mean": -2.425777938596556,
        "min": -8.669520929825723,
        "p16": -4.355222231538698,
        "p50": -2.6161049716885003,
        "p84": -0.514210665127424,
        "sd": 1.9860142604501312
      },
      "delta_local_minus_highz_gr": {
        "max": 16.568446998692714,
        "mean": 4.649256542549999,
        "min": -13.711769828157557,
        "p16": 1.2824173683997147,
        "p50": 4.778651692414861,
        "p84": 8.010047191538515,
        "sd": 3.4175911629928186
      },
      "delta_local_minus_highz_mg": {
        "max": 14.819341139200993,
        "mean": 2.22368612814046,
        "min": -13.535346236128987,
        "p16": -0.9198834553543349,
        "p50": 2.2838329174397742,
        "p84": 5.326216120076316,
        "sd": 3.2091026443518937
      },
      "h0_highz_gr": {
        "max": 85.52530363151354,
        "mean": 68.09567575098757,
        "min": 57.14788992639743,
        "p16": 64.88857149821946,
        "p50": 67.93928797885054,
        "p84": 71.3360398709548,
        "sd": 3.2664105047760956
      },
      "h0_highz_mg": {
        "max": 85.34531274564016,
        "mean": 70.52124616539712,
        "min": 58.88096424649672,
        "p16": 67.62359902429387,
        "p50": 70.42817949645539,
        "p84": 73.50583398065238,
        "sd": 3.045862119984001
      },
      "h0_local_obs": {
        "max": 76.89011714312001,
        "mean": 72.74493229353757,
        "min": 68.02910973718248,
        "p16": 71.74961446679313,
        "p50": 72.74626774844968,
        "p84": 73.74271107822833,
        "sd": 1.0019775360639596
      },
      "local_minus_highz_gr_sigma": 1.3610013253979847,
      "local_minus_highz_mg_sigma": 0.693640552996304,
      "p_gr_above_local_ref": 0.06985,
      "p_gr_below_local_ref": 0.93015,
      "p_gr_below_planck_ref": 0.4317,
      "z_anchor": 0.35
    },
    {
      "apparent_gr_bias_vs_true": {
        "max": 8.977327239065275,
        "mean": -2.217107142197333,
        "min": -10.019539147223156,
        "p16": -4.602174483576395,
        "p50": -2.506689219661723,
        "p84": 0.18370547862711506,
        "sd": 2.501655506739057
      },
      "delta_local_minus_highz_gr": {
        "max": 17.109258280708318,
        "mean": 4.4474137381627035,
        "min": -14.986484094552736,
        "p16": 0.7869446722316531,
        "p50": 4.666856878090883,
        "p84": 8.10222492075186,
        "sd": 3.732995348471127
      },
      "delta_local_minus_highz_mg": {
        "max": 15.362813662660152,
        "mean": 2.2280528939234023,
        "min": -13.045505308030954,
        "p16": -0.8972951355699331,
        "p50": 2.297431048977181,
        "p84": 5.336416555357154,
        "sd": 3.211036060057715
      },
      "h0_highz_gr": {
        "max": 86.9386872839276,
        "mean": 68.3011540865017,
        "min": 57.03816129126582,
        "p16": 64.78938189118983,
        "p50": 68.05246072368882,
        "p84": 71.8773421690312,
        "sd": 3.5935464467649516
      },
      "h0_highz_mg": {
        "max": 84.99770849740582,
        "mean": 70.520514930741,
        "min": 58.76407711777131,
        "p16": 67.61596623479875,
        "p50": 70.42778780456851,
        "p84": 73.49822773242755,
        "sd": 3.0537942010386954
      },
      "h0_local_obs": {
        "max": 77.17756787954093,
        "mean": 72.74856782466442,
        "min": 68.49682506368734,
        "p16": 71.75624656804733,
        "p50": 72.75073250157317,
        "p84": 73.73674887425582,
        "sd": 0.9974199866447111
      },
      "local_minus_highz_gr_sigma": 1.1923071544854227,
      "local_minus_highz_mg_sigma": 0.693372490411561,
      "p_gr_above_local_ref": 0.10066,
      "p_gr_below_local_ref": 0.89934,
      "p_gr_below_planck_ref": 0.42244,
      "z_anchor": 0.5
    },
    {
      "apparent_gr_bias_vs_true": {
        "max": 11.72365006336534,
        "mean": -1.3456616207336216,
        "min": -10.214018802612571,
        "p16": -4.090841940078525,
        "p50": -1.6824488059778204,
        "p84": 1.3988375717266992,
        "sd": 2.9081436564367955
      },
      "delta_local_minus_highz_gr": {
        "max": 16.65901207562741,
        "mean": 3.5609389157044586,
        "min": -16.939925342071092,
        "p16": -0.42541679052575426,
        "p50": 3.818359770089927,
        "p84": 7.541857105502771,
        "sd": 4.060402183195132
      },
      "delta_local_minus_highz_mg": {
        "max": 15.30220042421574,
        "mean": 2.2157565768751004,
        "min": -12.593969182826939,
        "p16": -0.9143105238502391,
        "p50": 2.2862166014833747,
        "p84": 5.316003321436477,
        "sd": 3.2040860182555986
      },
      "h0_highz_gr": {
        "max": 89.64141320168598,
        "mean": 69.18632270367958,
        "min": 57.294987385210234,
        "p16": 65.35375701410187,
        "p50": 68.90426168918646,
        "p84": 73.05215183928188,
        "sd": 3.935047820139604
      },
      "h0_highz_mg": {
        "max": 85.29174780807058,
        "mean": 70.53150504250894,
        "min": 59.08675636049483,
        "p16": 67.62570879629581,
        "p50": 70.42530128102857,
        "p84": 73.5211692656506,
        "sd": 3.048275635649265
      },
      "h0_local_obs": {
        "max": 77.1874964636915,
        "mean": 72.74726161938403,
        "min": 67.79800195999252,
        "p16": 71.75599331847685,
        "p50": 72.74677535248784,
        "p84": 73.73951581476821,
        "sd": 0.9978208588345245
      },
      "local_minus_highz_gr_sigma": 0.8770519114678955,
      "local_minus_highz_mg_sigma": 0.6906730154338905,
      "p_gr_above_local_ref": 0.16319,
      "p_gr_below_local_ref": 0.83681,
      "p_gr_below_planck_ref": 0.33691,
      "z_anchor": 0.62
    }
  ],
  "draws_total": 1600,
  "draws_used": 1600,
  "h0_posterior_mg_truth": {
    "max": 83.06595172086378,
    "mean": 70.51873584122742,
    "min": 60.31514973881641,
    "p16": 67.70416163334278,