{
  "apparent_gr_bias_vs_true": {
    "max": 4.675880520000852,
    "mean": -1.9980791735015937,
    "min": -6.853490402525594,
    "p16": -3.319384951984051,
    "p50": -2.087064257165977,
    "p84": -0.681690602677142,
    "sd": 1.3501578259585396
  },
  "delta_local_minus_highz_gr": {
    "max": 16.034495082739014,
    "mean": 4.477211591033365,
    "min": -12.430830294670159,
    "p16": 1.3431071424761023,
    "p50": 4.564404268815764,
    "p84": 7.586622888856013,
    "sd": 3.1928824862759964
  },
  "delta_local_minus_highz_mg": {
    "max": 14.759384128224958,
    "mean": 2.692261728460415,
    "min": -12.84781876040877,
    "p16": -0.4298503511842551,
    "p50": 2.763322129767616,
    "p84": 5.786317726917296,
    "sd": 3.2048006642197935
  },
  "h0_highz_gr": {
    "max": 83.77910229078469,
    "mean": 68.5247916041711,
    "min": 57.83402534294849,
    "p16": 65.5628042359484,
    "p50": 68.43959207421912,
    "p84": 71.49614002574504,
    "sd": 3.0362387599108827
  },
  "h0_highz_mg": {
    "max": 84.19623859937255,
    "mean": 70.30974146674404,
    "min": 59.08527172993455,
    "p16": 67.40533336438946,
    "p50": 70.21387573273037,
    "p84": 73.28888414529506,
    "sd": 3.046709609107773
  },
  "h0_local_obs": {
    "max": 77.35677086261614,
    "mean": 73.00200319520447,
    "min": 68.67111153627442,
    "p16": 72.01414844207171,
    "p50": 73.0050380557415,
    "p84": 73.99009372444704,
    "sd": 0.9967132902786981
  },
  "local_minus_highz_gr_sigma": 1.4005829054968457,
  "local_minus_highz_mg_sigma": 0.8395937506955764,
  "p_gr_above_local_ref": 0.07127,
  "p_gr_below_local_ref": 0.92873,
  "p_gr_below_planck_ref": 0.35995,
  "z_anchor": 0.2
}
