{
  "apparent_gr_bias_vs_true": {
    "max": 6.900714194988552,
    "mean": -2.63912641599512,
    "min": -8.715505647226259,
    "p16": -4.570997075669759,
    "p50": -2.8319525114662767,
    "p84": -0.7155939086949112,
    "sd": 1.9910299348343101
  },
  "delta_local_minus_highz_gr": {
    "max": 17.166293938747813,
    "mean": 5.0928122360383705,
    "min": -14.02748200339471,
    "p16": 1.7041116182674312,
    "p50": 5.233672914508219,
    "p84": 8.470022238895487,
    "sd": 3.427674858624004
  },
  "delta_local_minus_highz_mg": {
    "max": 14.869322508123823,
    "mean": 2.664107185277947,
    "min": -13.850627546212834,
    "p16": -0.475425418560194,
    "p50": 2.7313841069892106,
    "p84": 5.751277830096712,
    "sd": 3.2063671400072415
  },
  "h0_highz_gr": {
    "max": 84.7140935286505,
    "mean": 67.90475195660507,
    "min": 56.18187139199939,
    "p16": 64.68065191991288,
    "p50": 67.73526293088119,
    "p84": 71.15968715936324,
    "sd": 3.280200871443851
  },
  "h0_highz_mg": {
    "max": 84.53580986179702,
    "mean": 70.33345700736548,
    "min": 57.88565010876386,
    "p16": 67.4126032751847,
    "p50": 70.24304328532033,
    "p84": 73.32327712689097,
    "sd": 3.051165708950614
  },
  "h0_local_obs": {
    "max": 77.26746770200803,
    "mean": 72.99756419264344,
    "min": 68.80247473557367,
    "p16": 72.00216439042586,
    "p50": 72.99823197604482,
    "p84": 73.98820138095272,
    "sd": 0.9992457285933091
  },
  "local_minus_highz_gr_sigma": 1.4851120280793841,
  "local_minus_highz_mg_sigma": 0.8297180337410099,
  "p_gr_above_local_ref": 0.06453,
  "p_gr_below_local_ref": 0.93547,
  "p_gr_below_planck_ref": 0.45696,
  "z_anchor": 0.35
}
