{
  "apparent_gr_bias_vs_true": {
    "max": 10.92565332190749,
    "mean": -2.438793960931393,
    "min": -10.09342174939195,
    "p16": -4.806563358024383,
    "p50": -2.7248452009715365,
    "p84": -0.033194710438120285,
    "sd": 2.490229254910867
  },
  "delta_local_minus_highz_gr": {
    "max": 17.245769596852845,
    "mean": 4.916307319532299,
    "min": -14.457752176072077,
    "p16": 1.2345939416910279,
    "p50": 5.156134065239485,
    "p84": 8.537782721360443,
    "sd": 3.7005639462669135
  },
  "delta_local_minus_highz_mg": {
    "max": 15.496489205728977,
    "mean": 2.689583264205908,
    "min": -12.534663744984954,
    "p16": -0.42804137572397566,
    "p50": 2.771995111168735,
    "p84": 5.762322805307687,
    "sd": 3.1967146677535414
  },
  "h0_highz_gr": {
    "max": 86.69647362097534,
    "mean": 68.07967101836485,
    "min": 56.770117498233994,
    "p16": 64.59818927382348,
    "p50": 67.81262508443851,
    "p84": 71.64245115526536,
    "sd": 3.5664536634439066
  },
  "h0_highz_mg": {
    "max": 84.76090245672489,
    "mean": 70.30639507369125,
    "min": 58.48792259651618,
    "p16": 67.4171413143402,
    "p50": 70.20007799127067,
    "p84": 73.27566156183315,
    "sd": 3.038951480617103
  },
  "h0_local_obs": {
    "max": 77.23499167458526,
    "mean": 72.99597833789714,
    "min": 68.6464914180217,
    "p16": 71.99956952552614,
    "p50": 72.99592261313653,
    "p84": 73.98945840448526,
    "sd": 0.9964338352235
  },
  "local_minus_highz_gr_sigma": 1.3272979663568665,
  "local_minus_highz_mg_sigma": 0.840690758354397,
  "p_gr_above_local_ref": 0.0897,
  "p_gr_below_local_ref": 0.9103,
  "p_gr_below_planck_ref": 0.45169,
  "z_anchor": 0.5
}
