{
  "apparent_gr_bias_vs_true": {
    "max": 11.319399269391411,
    "mean": -1.5515328634445333,
    "min": -10.329014401507322,
    "p16": -4.2788198972173985,
    "p50": -1.8765720890964346,
    "p84": 1.1744139315072233,
    "sd": 2.8852824426992516
  },
  "delta_local_minus_highz_gr": {
    "max": 16.6075571475755,
    "mean": 4.0250114673979756,
    "min": -17.28957551115822,
    "p16": 0.057499406444995904,
    "p50": 4.2563760331955365,
    "p84": 7.97167483624587,
    "sd": 4.027499556458503
  },
  "delta_local_minus_highz_mg": {
    "max": 15.250286588417453,
    "mean": 2.685250489209212,
    "min": -13.036148380966395,
    "p16": -0.450177736677341,
    "p50": 2.745549696403039,
    "p84": 5.779580559752551,
    "sd": 3.200888181252396
  },
  "h0_highz_gr": {
    "max": 89.43580349555975,
    "mean": 68.96992082613959,
    "min": 57.352693492013046,
    "p16": 65.15863660712441,
    "p50": 68.71626035699401,
    "p84": 72.80951267325764,
    "sd": 3.9007315390219914
  },
  "h0_highz_mg": {
    "max": 85.09611489047755,
    "mean": 70.30968180432835,
    "min": 58.70001879728027,
    "p16": 67.41981402105671,
    "p50": 70.2164436953334,
    "p84": 73.28614157855087,
    "sd": 3.0372121923092976
  },
  "h0_local_obs": {
    "max": 77.14011714312001,
    "mean": 72.99493229353757,
    "min": 68.27910973718248,
    "p16": 71.99961446679313,
    "p50": 72.99626774844968,
    "p84": 73.99271107822833,
    "sd": 1.0019775360639596
  },
  "local_minus_highz_gr_sigma": 0.9995377107904622,
  "local_minus_highz_mg_sigma": 0.8397701072457439,
  "p_gr_above_local_ref": 0.14995,
  "p_gr_below_local_ref": 0.85005,
  "p_gr_below_planck_ref": 0.35514,
  "z_anchor": 0.62
}
