{
  "anchor_results": [
    {
      "apparent_gr_bias_vs_true": {
        "max": 4.675880520000852,
        "mean": -1.9980791735015937,
        "min": -6.853490402525594,
        "p16": -3.319384951984051,
        "p50": -2.087064257165977,
        "p84": -0.681690602677142,
        "sd": 1.3501578259585396
      },
      "delta_local_minus_highz_gr": {
        "max": 16.034495082739014,
        "mean": 4.477211591033365,
        "min": -12.430830294670159,
        "p16": 1.3431071424761023,
        "p50": 4.564404268815764,
        "p84": 7.586622888856013,
        "sd": 3.1928824862759964
      },
      "delta_local_minus_highz_mg": {
        "max": 14.759384128224958,
        "mean": 2.692261728460415,
        "min": -12.84781876040877,
        "p16": -0.4298503511842551,
        "p50": 2.763322129767616,
        "p84": 5.786317726917296,
        "sd": 3.2048006642197935
      },
      "h0_highz_gr": {
        "max": 83.77910229078469,
        "mean": 68.5247916041711,
        "min": 57.83402534294849,
        "p16": 65.5628042359484,
        "p50": 68.43959207421912,
        "p84": 71.49614002574504,
        "sd": 3.0362387599108827
      },
      "h0_highz_mg": {
        "max": 84.19623859937255,
        "mean": 70.30974146674404,
        "min": 59.08527172993455,
        "p16": 67.40533336438946,
        "p50": 70.21387573273037,
        "p84": 73.28888414529506,
        "sd": 3.046709609107773
      },
      "h0_local_obs": {
        "max": 77.35677086261614,
        "mean": 73.00200319520447,
        "min": 68.67111153627442,
        "p16": 72.01414844207171,
        "p50": 73.0050380557415,
        "p84": 73.99009372444704,
        "sd": 0.9967132902786981
      },
      "local_minus_highz_gr_sigma": 1.4005829054968457,
      "local_minus_highz_mg_sigma": 0.8395937506955764,
      "p_gr_above_local_ref": 0.07127,
      "p_gr_below_local_ref": 0.92873,
      "p_gr_below_planck_ref": 0.35995,
      "z_anchor": 0.2
    },
    {
      "apparent_gr_bias_vs_true": {
        "max": 6.900714194988552,
        "mean": -2.63912641599512,
        "min": -8.715505647226259,
        "p16": -4.570997075669759,
        "p50": -2.8319525114662767,
        "p84": -0.7155939086949112,
        "sd": 1.9910299348343101
      },
      "delta_local_minus_highz_gr": {
        "max": 17.166293938747813,
        "mean": 5.0928122360383705,
        "min": -14.02748200339471,
        "p16": 1.7041116182674312,
        "p50": 5.233672914508219,
        "p84": 8.470022238895487,
        "sd": 3.427674858624004
      },
      "delta_local_minus_highz_mg": {
        "max": 14.869322508123823,
        "mean": 2.664107185277947,
        "min": -13.850627546212834,
        "p16": -0.475425418560194,
        "p50": 2.7313841069892106,
        "p84": 5.751277830096712,
        "sd": 3.2063671400072415
      },
      "h0_highz_gr": {
        "max": 84.7140935286505,
        "mean": 67.90475195660507,
        "min": 56.18187139199939,
        "p16": 64.68065191991288,
        "p50": 67.73526293088119,
        "p84": 71.15968715936324,
        "sd": 3.280200871443851
      },
      "h0_highz_mg": {
        "max": 84.53580986179702,
        "mean": 70.33345700736548,
        "min": 57.88565010876386,
        "p16": 67.4126032751847,
        "p50": 70.24304328532033,
        "p84": 73.32327712689097,
        "sd": 3.051165708950614
      },
      "h0_local_obs": {
        "max": 77.26746770200803,
        "mean": 72.99756419264344,
        "min": 68.80247473557367,
        "p16": 72.00216439042586,
        "p50": 72.99823197604482,
        "p84": 73.98820138095272,
        "sd": 0.9992457285933091
      },
      "local_minus_highz_gr_sigma": 1.4851120280793841,
      "local_minus_highz_mg_sigma": 0.8297180337410099,
      "p_gr_above_local_ref": 0.06453,
      "p_gr_below_local_ref": 0.93547,
      "p_gr_below_planck_ref": 0.45696,
      "z_anchor": 0.35
    },
    {
      "apparent_gr_bias_vs_true": {
        "max": 10.92565332190749,
        "mean": -2.438793960931393,
        "min": -10.09342174939195,
        "p16": -4.806563358024383,
        "p50": -2.7248452009715365,
        "p84": -0.033194710438120285,
        "sd": 2.490229254910867
      },
      "delta_local_minus_highz_gr": {
        "max": 17.245769596852845,
        "mean": 4.916307319532299,
        "min": -14.457752176072077,
        "p16": 1.2345939416910279,
        "p50": 5.156134065239485,
        "p84": 8.537782721360443,
        "sd": 3.7005639462669135
      },
      "delta_local_minus_highz_mg": {
        "max": 15.496489205728977,
        "mean": 2.689583264205908,
        "min": -12.534663744984954,
        "p16": -0.42804137572397566,
        "p50": 2.771995111168735,
        "p84": 5.762322805307687,
        "sd": 3.1967146677535414
      },
      "h0_highz_gr": {
        "max": 86.69647362097534,
        "mean": 68.07967101836485,
        "min": 56.770117498233994,
        "p16": 64.59818927382348,
        "p50": 67.81262508443851,
        "p84": 71.64245115526536,
        "sd": 3.5664536634439066
      },
      "h0_highz_mg": {
        "max": 84.76090245672489,
        "mean": 70.30639507369125,
        "min": 58.48792259651618,
        "p16": 67.4171413143402,
        "p50": 70.20007799127067,
        "p84": 73.27566156183315,
        "sd": 3.038951480617103
      },
      "h0_local_obs": {
        "max": 77.23499167458526,
        "mean": 72.99597833789714,
        "min": 68.6464914180217,
        "p16": 71.99956952552614,
        "p50": 72.99592261313653,
        "p84": 73.98945840448526,
        "sd": 0.9964338352235
      },
      "local_minus_highz_gr_sigma": 1.3272979663568665,
      "local_minus_highz_mg_sigma": 0.840690758354397,
      "p_gr_above_local_ref": 0.0897,
      "p_gr_below_local_ref": 0.9103,
      "p_gr_below_planck_ref": 0.45169,
      "z_anchor": 0.5
    },
    {
      "apparent_gr_bias_vs_true": {
        "max": 11.319399269391411,
        "mean": -1.5515328634445333,
        "min": -10.329014401507322,
        "p16": -4.2788198972173985,
        "p50": -1.8765720890964346,
        "p84": 1.1744139315072233,
        "sd": 2.8852824426992516
      },
      "delta_local_minus_highz_gr": {
        "max": 16.6075571475755,
        "mean": 4.0250114673979756,
        "min": -17.28957551115822,
        "p16": 0.057499406444995904,
        "p50": 4.2563760331955365,
        "p84": 7.97167483624587,
        "sd": 4.027499556458503
      },
      "delta_local_minus_highz_mg": {
        "max": 15.250286588417453,
        "mean": 2.685250489209212,
        "min": -13.036148380966395,
        "p16": -0.450177736677341,
        "p50": 2.745549696403039,
        "p84": 5.779580559752551,
        "sd": 3.200888181252396
      },
      "h0_highz_gr": {
        "max": 89.43580349555975,
        "mean": 68.96992082613959,
        "min": 57.352693492013046,
        "p16": 65.15863660712441,
        "p50": 68.71626035699401,
        "p84": 72.80951267325764,
        "sd": 3.9007315390219914
      },
      "h0_highz_mg": {
        "max": 85.09611489047755,
        "mean": 70.30968180432835,
        "min": 58.70001879728027,
        "p16": 67.41981402105671,
        "p50": 70.2164436953334,
        "p84": 73.28614157855087,
        "sd": 3.0372121923092976
      },
      "h0_local_obs": {
        "max": 77.14011714312001,
        "mean": 72.99493229353757,
        "min": 68.27910973718248,
        "p16": 71.99961446679313,
        "p50": 72.99626774844968,
        "p84": 73.99271107822833,
        "sd": 1.0019775360639596
      },
      "local_minus_highz_gr_sigma": 0.9995377107904622,
      "local_minus_highz_mg_sigma": 0.8397701072457439,
      "p_gr_above_local_ref": 0.14995,
      "p_gr_below_local_ref": 0.85005,
      "p_gr_below_planck_ref": 0.35514,
      "z_anchor": 0.62
    }
  ],
  "draws_total": 1600,
  "draws_used": 1600,
  "h0_posterior_mg_truth": {
    "max": 83.06595172086378,
    "mean": 70.51873584122742,
    "min": 60.31514973881641,
    "p16": 67.70416163334278,