{
  "apparent_gr_bias_vs_true": {
    "max": 4.555512446411612,
    "mean": -1.7382901730365259,
    "min": -6.08440370044093,
    "p16": -3.05166463605128,
    "p50": -1.8267547461585636,
    "p84": -0.40954271612742504,
    "sd": 1.3329400305838606
  },
  "delta_local_minus_highz_gr": {
    "max": 17.154268807948945,
    "mean": 4.097624839891419,
    "min": -10.064445837143154,
    "p16": 1.0267225661702475,
    "p50": 4.137273848315516,
    "p84": 7.189626482489941,
    "sd": 3.1554982595596677
  },
  "delta_local_minus_highz_mg": {
    "max": 15.636407168219485,
    "mean": 2.3601627022941645,
    "min": -12.647800844488572,
    "p16": -0.7238576309846388,
    "p50": 2.292363885837119,
    "p84": 5.514653945198474,
    "sd": 3.191279396158054
  },
  "h0_highz_gr": {
    "max": 82.63633776335607,
    "mean": 68.90638545295037,
    "min": 57.63793998922914,
    "p16": 65.97223090545795,
    "p50": 68.86164928907515,
    "p84": 71.79820984191531,
    "sd": 2.99679825864584
  },
  "h0_highz_mg": {
    "max": 83.3164297806357,
    "mean": 70.64384759054762,
    "min": 59.134111721490484,
    "p16": 67.6502440951718,
    "p50": 70.73095281165305,
    "p84": 73.55071838652752,
    "sd": 3.035193512460377
  },
  "h0_local_obs": {
    "max": 77.42496257963853,
    "mean": 73.0040102928418,
    "min": 68.82853361551967,
    "p16": 72.0050678544036,
    "p50": 73.00276082639445,
    "p84": 73.99860094240732,
    "sd": 1.0041374716464284
  },
  "local_minus_highz_gr_sigma": 1.297028507492823,
  "local_minus_highz_mg_sigma": 0.7385468356441087,
  "p_gr_above_local_ref": 0.08402,
  "p_gr_below_local_ref": 0.91598,
  "p_gr_below_planck_ref": 0.30275,
  "z_anchor": 0.2
}
