{
  "apparent_gr_bias_vs_true": {
    "max": 13.133750478996504,
    "mean": -1.2797135471189351,
    "min": -10.981841931993927,
    "p16": -4.058497222812776,
    "p50": -1.6356968324985033,
    "p84": 1.5454020138093467,
    "sd": 2.9260520743841463
  },
  "delta_local_minus_highz_gr": {
    "max": 18.90230727056096,
    "mean": 3.66595745504809,
    "min": -16.753637456632305,
    "p16": -0.2954403947542755,
    "p50": 3.917235257492031,
    "p84": 7.589077498311739,
    "sd": 4.014854106816302
  },
  "delta_local_minus_highz_mg": {
    "max": 15.966423139722565,
    "mean": 2.3870692148235415,
    "min": -10.655671540506432,
    "p16": -0.6911965724021661,
    "p50": 2.3369361375773465,
    "p84": 5.4984207956500075,
    "sd": 3.1782423248107166
  },
  "h0_highz_gr": {
    "max": 88.45746010673612,
    "mean": 69.33272022040312,
    "min": 55.056252278855105,
    "p16": 65.50800254204923,
    "p50": 69.0536041896788,
    "p84": 73.15212311188567,
    "sd": 3.8861322559870497
  },
  "h0_highz_mg": {
    "max": 83.3200028748469,
    "mean": 70.61160846062766,
    "min": 58.82849945701975,
    "p16": 67.63724231303188,
    "p50": 70.69285297454947,
    "p84": 73.50901809497341,
    "sd": 3.0166335938996753
  },
  "h0_local_obs": {
    "max": 77.33132634114993,
    "mean": 72.9986776754512,
    "min": 68.40401127683735,
    "p16": 71.99813265503569,
    "p50": 72.99872264956193,
    "p84": 74.00061267074538,
    "sd": 1.0061764235289097
  },
  "local_minus_highz_gr_sigma": 0.9135812693156862,
  "local_minus_highz_mg_sigma": 0.7511084413845287,
  "p_gr_above_local_ref": 0.16958,
  "p_gr_below_local_ref": 0.83042,
  "p_gr_below_planck_ref": 0.31844,
  "z_anchor": 0.62
}
