{
  "apparent_gr_bias_vs_true": {
    "max": 7.048553357854203,
    "mean": -2.354424854876877,
    "min": -8.203937587541901,
    "p16": -4.259944599209294,
    "p50": -2.5538666555567673,
    "p84": -0.38883338840623294,
    "sd": 1.9575898204104973
  },
  "delta_local_minus_highz_gr": {
    "max": 17.416420488919613,
    "mean": 4.744569706291694,
    "min": -10.639560590945095,
    "p16": 1.4660600104612866,
    "p50": 4.841062060811986,
    "p84": 8.055727734315372,
    "sd": 3.359864536187246
  },
  "delta_local_minus_highz_mg": {
    "max": 14.949506288383525,
    "mean": 2.3895942958021044,
    "min": -11.293840796549546,
    "p16": -0.7000170149749966,
    "p50": 2.323973508961757,
    "p84": 5.538946851178028,
    "sd": 3.1933185253760685
  },
  "h0_highz_gr": {
    "max": 83.13738867357054,
    "mean": 68.25616010553306,
    "min": 56.49287412400088,
    "p16": 65.08027807674614,
    "p50": 68.130921225025,
    "p84": 71.37055091601573,
    "sd": 3.2093002531197765
  },
  "h0_highz_mg": {
    "max": 83.39069960597273,
    "mean": 70.61113551602264,
    "min": 58.9596270631406,
    "p16": 67.60159294189886,
    "p50": 70.69506278528122,
    "p84": 73.53168892189835,
    "sd": 3.0361138242268915
  },
  "h0_local_obs": {
    "max": 77.20970141931328,
    "mean": 73.00072981182474,
    "min": 68.61889907967077,
    "p16": 72.0035633712721,
    "p50": 73.00163125382252,
    "p84": 73.99488469057219,
    "sd": 1.0006168796312096
  },
  "local_minus_highz_gr_sigma": 1.4114488384745534,
  "local_minus_highz_mg_sigma": 0.7475521531751875,
  "p_gr_above_local_ref": 0.07393,
  "p_gr_below_local_ref": 0.92607,
  "p_gr_below_planck_ref": 0.40156,
  "z_anchor": 0.35
}
