{
  "apparent_gr_bias_vs_true": {
    "max": 9.280467732742352,
    "mean": -2.152511931648973,
    "min": -9.559871967300673,
    "p16": -4.546766848662206,
    "p50": -2.443180531261916,
    "p84": 0.29252110063266196,
    "sd": 2.4727132129664233
  },
  "delta_local_minus_highz_gr": {
    "max": 18.869728639877557,
    "mean": 4.5176421337917345,
    "min": -12.963230520663174,
    "p16": 0.9508631788072119,
    "p50": 4.681465359252314,
    "p84": 8.103732907988764,
    "sd": 3.65198276483466
  },
  "delta_local_minus_highz_mg": {
    "max": 15.616349168924359,
    "mean": 2.363421981464292,
    "min": -11.0709469235358,
    "p16": -0.7063963254292912,
    "p50": 2.3005330404083963,
    "p84": 5.503728054021981,
    "sd": 3.180499355121099
  },
  "h0_highz_gr": {
    "max": 85.30906967828008,
    "mean": 68.47824622635824,
    "min": 55.29018714790401,
    "p16": 65.02032020233334,
    "p50": 68.27092143386106,
    "p84": 71.89033426327101,
    "sd": 3.5097043240272914
  },
  "h0_highz_mg": {
    "max": 82.88393149288262,
    "mean": 70.63246637868568,
    "min": 58.51808845303928,
    "p16": 67.64089952298883,
    "p50": 70.71956534366518,
    "p84": 73.52934273156336,
    "sd": 3.018443353454286
  },
  "h0_local_obs": {
    "max": 77.36333149805793,
    "mean": 72.99588836014998,
    "min": 68.56074206461489,
    "p16": 72.00258999775473,
    "p50": 72.99464206723832,
    "p84": 73.98764294955156,
    "sd": 0.9996947124620688
  },
  "local_minus_highz_gr_sigma": 1.2379181240874313,
  "local_minus_highz_mg_sigma": 0.7432659014546764,
  "p_gr_above_local_ref": 0.10134,
  "p_gr_below_local_ref": 0.89866,
  "p_gr_below_planck_ref": 0.39254,
  "z_anchor": 0.5
}
