{
  "anchor_results": [
    {
      "apparent_gr_bias_vs_true": {
        "max": 4.555512446411612,
        "mean": -1.7382901730365259,
        "min": -6.08440370044093,
        "p16": -3.05166463605128,
        "p50": -1.8267547461585636,
        "p84": -0.40954271612742504,
        "sd": 1.3329400305838606
      },
      "delta_local_minus_highz_gr": {
        "max": 17.154268807948945,
        "mean": 4.097624839891419,
        "min": -10.064445837143154,
        "p16": 1.0267225661702475,
        "p50": 4.137273848315516,
        "p84": 7.189626482489941,
        "sd": 3.1554982595596677
      },
      "delta_local_minus_highz_mg": {
        "max": 15.636407168219485,
        "mean": 2.3601627022941645,
        "min": -12.647800844488572,
        "p16": -0.7238576309846388,
        "p50": 2.292363885837119,
        "p84": 5.514653945198474,
        "sd": 3.191279396158054
      },
      "h0_highz_gr": {
        "max": 82.63633776335607,
        "mean": 68.90638545295037,
        "min": 57.63793998922914,
        "p16": 65.97223090545795,
        "p50": 68.86164928907515,
        "p84": 71.79820984191531,
        "sd": 2.99679825864584
      },
      "h0_highz_mg": {
        "max": 83.3164297806357,
        "mean": 70.64384759054762,
        "min": 59.134111721490484,
        "p16": 67.6502440951718,
        "p50": 70.73095281165305,
        "p84": 73.55071838652752,
        "sd": 3.035193512460377
      },
      "h0_local_obs": {
        "max": 77.42496257963853,
        "mean": 73.0040102928418,
        "min": 68.82853361551967,
        "p16": 72.0050678544036,
        "p50": 73.00276082639445,
        "p84": 73.99860094240732,
        "sd": 1.0041374716464284
      },
      "local_minus_highz_gr_sigma": 1.297028507492823,
      "local_minus_highz_mg_sigma": 0.7385468356441087,
      "p_gr_above_local_ref": 0.08402,
      "p_gr_below_local_ref": 0.91598,
      "p_gr_below_planck_ref": 0.30275,
      "z_anchor": 0.2
    },
    {
      "apparent_gr_bias_vs_true": {
        "max": 7.048553357854203,
        "mean": -2.354424854876877,
        "min": -8.203937587541901,
        "p16": -4.259944599209294,
        "p50": -2.5538666555567673,
        "p84": -0.38883338840623294,
        "sd": 1.9575898204104973
      },
      "delta_local_minus_highz_gr": {
        "max": 17.416420488919613,
        "mean": 4.744569706291694,
        "min": -10.639560590945095,
        "p16": 1.4660600104612866,
        "p50": 4.841062060811986,
        "p84": 8.055727734315372,
        "sd": 3.359864536187246
      },
      "delta_local_minus_highz_mg": {
        "max": 14.949506288383525,
        "mean": 2.3895942958021044,
        "min": -11.293840796549546,
        "p16": -0.7000170149749966,
        "p50": 2.323973508961757,
        "p84": 5.538946851178028,
        "sd": 3.1933185253760685
      },
      "h0_highz_gr": {
        "max": 83.13738867357054,
        "mean": 68.25616010553306,
        "min": 56.49287412400088,
        "p16": 65.08027807674614,
        "p50": 68.130921225025,
        "p84": 71.37055091601573,
        "sd": 3.2093002531197765
      },
      "h0_highz_mg": {
        "max": 83.39069960597273,
        "mean": 70.61113551602264,
        "min": 58.9596270631406,
        "p16": 67.60159294189886,
        "p50": 70.69506278528122,
        "p84": 73.53168892189835,
        "sd": 3.0361138242268915
      },
      "h0_local_obs": {
        "max": 77.20970141931328,
        "mean": 73.00072981182474,
        "min": 68.61889907967077,
        "p16": 72.0035633712721,
        "p50": 73.00163125382252,
        "p84": 73.99488469057219,
        "sd": 1.0006168796312096
      },
      "local_minus_highz_gr_sigma": 1.4114488384745534,
      "local_minus_highz_mg_sigma": 0.7475521531751875,
      "p_gr_above_local_ref": 0.07393,
      "p_gr_below_local_ref": 0.92607,
      "p_gr_below_planck_ref": 0.40156,
      "z_anchor": 0.35
    },
    {
      "apparent_gr_bias_vs_true": {
        "max": 9.280467732742352,
        "mean": -2.152511931648973,
        "min": -9.559871967300673,
        "p16": -4.546766848662206,
        "p50": -2.443180531261916,
        "p84": 0.29252110063266196,
        "sd": 2.4727132129664233
      },
      "delta_local_minus_highz_gr": {
        "max": 18.869728639877557,
        "mean": 4.5176421337917345,
        "min": -12.963230520663174,
        "p16": 0.9508631788072119,
        "p50": 4.681465359252314,
        "p84": 8.103732907988764,
        "sd": 3.65198276483466
      },
      "delta_local_minus_highz_mg": {
        "max": 15.616349168924359,
        "mean": 2.363421981464292,
        "min": -11.0709469235358,
        "p16": -0.7063963254292912,
        "p50": 2.3005330404083963,
        "p84": 5.503728054021981,
        "sd": 3.180499355121099
      },
      "h0_highz_gr": {
        "max": 85.30906967828008,
        "mean": 68.47824622635824,
        "min": 55.29018714790401,
        "p16": 65.02032020233334,
        "p50": 68.27092143386106,
        "p84": 71.89033426327101,
        "sd": 3.5097043240272914
      },
      "h0_highz_mg": {
        "max": 82.88393149288262,
        "mean": 70.63246637868568,
        "min": 58.51808845303928,
        "p16": 67.64089952298883,
        "p50": 70.71956534366518,
        "p84": 73.52934273156336,
        "sd": 3.018443353454286
      },
      "h0_local_obs": {
        "max": 77.36333149805793,
        "mean": 72.99588836014998,
        "min": 68.56074206461489,
        "p16": 72.00258999775473,
        "p50": 72.99464206723832,
        "p84": 73.98764294955156,
        "sd": 0.9996947124620688
      },
      "local_minus_highz_gr_sigma": 1.2379181240874313,
      "local_minus_highz_mg_sigma": 0.7432659014546764,
      "p_gr_above_local_ref": 0.10134,
      "p_gr_below_local_ref": 0.89866,
      "p_gr_below_planck_ref": 0.39254,
      "z_anchor": 0.5
    },
    {
      "apparent_gr_bias_vs_true": {
        "max": 13.133750478996504,
        "mean": -1.2797135471189351,
        "min": -10.981841931993927,
        "p16": -4.058497222812776,
        "p50": -1.6356968324985033,
        "p84": 1.5454020138093467,
        "sd": 2.9260520743841463
      },
      "delta_local_minus_highz_gr": {
        "max": 18.90230727056096,
        "mean": 3.66595745504809,
        "min": -16.753637456632305,
        "p16": -0.2954403947542755,
        "p50": 3.917235257492031,
        "p84": 7.589077498311739,
        "sd": 4.014854106816302
      },
      "delta_local_minus_highz_mg": {
        "max": 15.966423139722565,
        "mean": 2.3870692148235415,
        "min": -10.655671540506432,
        "p16": -0.6911965724021661,
        "p50": 2.3369361375773465,
        "p84": 5.4984207956500075,
        "sd": 3.1782423248107166
      },
      "h0_highz_gr": {
        "max": 88.45746010673612,
        "mean": 69.33272022040312,
        "min": 55.056252278855105,
        "p16": 65.50800254204923,
        "p50": 69.0536041896788,
        "p84": 73.15212311188567,
        "sd": 3.8861322559870497
      },
      "h0_highz_mg": {
        "max": 83.3200028748469,
        "mean": 70.61160846062766,
        "min": 58.82849945701975,
        "p16": 67.63724231303188,
        "p50": 70.69285297454947,
        "p84": 73.50901809497341,
        "sd": 3.0166335938996753
      },
      "h0_local_obs": {
        "max": 77.33132634114993,
        "mean": 72.9986776754512,
        "min": 68.40401127683735,
        "p16": 71.99813265503569,
        "p50": 72.99872264956193,
        "p84": 74.00061267074538,
        "sd": 1.0061764235289097
      },
      "local_minus_highz_gr_sigma": 0.9135812693156862,
      "local_minus_highz_mg_sigma": 0.7511084413845287,
      "p_gr_above_local_ref": 0.16958,
      "p_gr_below_local_ref": 0.83042,
      "p_gr_below_planck_ref": 0.31844,
      "z_anchor": 0.62
    }
  ],
  "draws_total": 1600,
  "draws_used": 1600,
  "h0_posterior_mg_truth": {
    "max": 81.12434628314327,
    "mean": 70.6139339829599,
    "min": 60.40119844002723,
    "p16": 67.71835091504013,