{
  "apparent_gr_bias_vs_true": {
    "max": 5.067236155610871,
    "mean": -1.6412143506400205,
    "min": -6.454292956131724,
    "p16": -3.021039137381544,
    "p50": -1.7403940725566898,
    "p84": -0.23846273349601896,
    "sd": 1.398363775466688
  },
  "delta_local_minus_highz_gr": {
    "max": 16.473404104071932,
    "mean": 3.959850779408752,
    "min": -11.382377728024053,
    "p16": 0.7726127514070071,
    "p50": 4.072119620725097,
    "p84": 7.149297828334529,
    "sd": 3.277650939992455
  },
  "delta_local_minus_highz_mg": {
    "max": 15.048410039391953,
    "mean": 2.318116381264076,
    "min": -11.338111070503032,
    "p16": -0.9050359645683602,
    "p50": 2.4294214016722293,
    "p84": 5.53853642586979,
    "sd": 3.2982864135389427
  },
  "h0_highz_gr": {
    "max": 83.70867612990362,
    "mean": 69.03938265858734,
    "min": 57.903515084038624,
    "p16": 65.98011761563288,
    "p50": 68.92660113844887,
    "p84": 72.06970259829464,
    "sd": 3.1212411308501773
  },
  "h0_highz_mg": {
    "max": 83.52129765020071,
    "mean": 70.68111705673203,
    "min": 59.02064748246996,
    "p16": 67.59655296533718,
    "p50": 70.56438700758508,
    "p84": 73.74898379126527,
    "sd": 3.145298242490955
  },
  "h0_local_obs": {
    "max": 77.38363276760724,
    "mean": 72.99923343799611,
    "min": 68.47777941049553,
    "p16": 72.00828336844121,
    "p50": 73.00073471456238,
    "p84": 73.99597855869308,
    "sd": 1.001463731220483
  },
  "local_minus_highz_gr_sigma": 1.2081845873936803,
  "local_minus_highz_mg_sigma": 0.7023659625497972,
  "p_gr_above_local_ref": 0.10465,
  "p_gr_below_local_ref": 0.89535,
  "p_gr_below_planck_ref": 0.3033,
  "z_anchor": 0.2
}
