{
  "apparent_gr_bias_vs_true": {
    "max": 9.43344116311259,
    "mean": -2.022597046146823,
    "min": -10.194272777061585,
    "p16": -4.520708534253398,
    "p50": -2.27312815122022,
    "p84": 0.5368733524998437,
    "sd": 2.5932087807583977
  },
  "delta_local_minus_highz_gr": {
    "max": 18.550458682133986,
    "mean": 4.341667818847546,
    "min": -13.843275775589476,
    "p16": 0.6389994385148384,
    "p50": 4.519751366556555,
    "p84": 8.088775429894483,
    "sd": 3.78690580744498
  },
  "delta_local_minus_highz_mg": {
    "max": 15.222311905308118,
    "mean": 2.3209919593815984,
    "min": -11.881239773634107,
    "p16": -0.907953310360773,
    "p50": 2.4346694988014477,
    "p84": 5.5425633690482075,
    "sd": 3.30805984318986
  },
  "h0_highz_gr": {
    "max": 85.33717352738145,
    "mean": 68.6627312402579,
    "min": 56.05485346751529,
    "p16": 65.04280692947694,
    "p50": 68.48091042974315,
    "p84": 72.22759142684555,
    "sd": 3.645204575971227
  },
  "h0_highz_mg": {
    "max": 83.50594077967249,
    "mean": 70.68340709972385,
    "min": 58.98663446088114,
    "p16": 67.62562366220823,
    "p50": 70.57327014478032,
    "p84": 73.74417776271112,
    "sd": 3.144953129841531
  },
  "h0_local_obs": {
    "max": 77.18364373452506,
    "mean": 73.00439905910545,
    "min": 68.70109905431156,
    "p16": 72.0069300749441,
    "p50": 73.00440833035933,
    "p84": 74.00147130680237,
    "sd": 1.0018631459839797
  },
  "local_minus_highz_gr_sigma": 1.1486248862834294,
  "local_minus_highz_mg_sigma": 0.7033073183346609,
  "p_gr_above_local_ref": 0.11471,
  "p_gr_below_local_ref": 0.88529,
  "p_gr_below_planck_ref": 0.38028,
  "z_anchor": 0.5
}
