{
  "apparent_gr_bias_vs_true": {
    "max": 6.957198189125421,
    "mean": -2.230188064843091,
    "min": -8.587246935568146,
    "p16": -4.256917764201817,
    "p50": -2.401032904677322,
    "p84": -0.16760259993430515,
    "sd": 2.0583225030474885
  },
  "delta_local_minus_highz_gr": {
    "max": 17.59333739130519,
    "mean": 4.545417127264843,
    "min": -12.238423856682559,
    "p16": 1.156242491962476,
    "p50": 4.674366096896698,
    "p84": 7.9781279778516865,
    "sd": 3.476482735656486
  },
  "delta_local_minus_highz_mg": {
    "max": 15.209197269955077,
    "mean": 2.3158064476776983,
    "min": -11.589650714530904,
    "p16": -0.8843210094451547,
    "p50": 2.4054932022554354,
    "p84": 5.530920674124253,
    "sd": 3.2977670511297927
  },
  "h0_highz_gr": {
    "max": 84.22335516611533,
    "mean": 68.45457957724473,
    "min": 56.73576183590642,
    "p16": 65.13717758063503,
    "p50": 68.33645886634984,
    "p84": 71.71672064144408,
    "sd": 3.3286477744481915
  },
  "h0_highz_mg": {
    "max": 83.37296255205075,
    "mean": 70.68419025683187,
    "min": 58.70332468462697,
    "p16": 67.61280643330691,
    "p50": 70.5770866319263,
    "p84": 73.7221320076397,
    "sd": 3.143197993725065
  },
  "h0_local_obs": {
    "max": 77.51757517569519,
    "mean": 72.99999670450957,
    "min": 68.88544407706887,
    "p16": 72.00286540044276,
    "p50": 73.00580047101526,
    "p84": 73.98766312482124,
    "sd": 0.9984581412767932
  },
  "local_minus_highz_gr_sigma": 1.3078024489724358,
  "local_minus_highz_mg_sigma": 0.7020918405599224,
  "p_gr_above_local_ref": 0.08703,
  "p_gr_below_local_ref": 0.91297,
  "p_gr_below_planck_ref": 0.38459,
  "z_anchor": 0.35
}
