{
  "apparent_gr_bias_vs_true": {
    "max": 11.770239014805924,
    "mean": -1.1866610832253008,
    "min": -10.256297564221839,
    "p16": -4.039654237297037,
    "p50": -1.504134164455536,
    "p84": 1.7333736623528493,
    "sd": 2.999483318650474
  },
  "delta_local_minus_highz_gr": {
    "max": 18.649391714342876,
    "mean": 3.4952384769155658,
    "min": -15.744500979259698,
    "p16": -0.5180468811070267,
    "p50": 3.7076839877529935,
    "p84": 7.586833880354853,
    "sd": 4.098766963508117
  },
  "delta_local_minus_highz_mg": {
    "max": 14.443148428329877,
    "mean": 2.306307722658309,
    "min": -11.880339851365932,
    "p16": -0.9000864251029799,
    "p50": 2.4066119479380887,
    "p84": 5.538630209192056,
    "sd": 3.298766394577816
  },
  "h0_highz_gr": {
    "max": 87.32720290990491,
    "mean": 69.50638720863576,
    "min": 55.715455425905986,
    "p16": 65.51531289308348,
    "p50": 69.26659232484513,
    "p84": 73.40070623417766,
    "sd": 3.9770114110404213
  },
  "h0_highz_mg": {
    "max": 83.46304178201115,
    "mean": 70.69531796289303,
    "min": 59.135164194525956,
    "p16": 67.62646043699277,
    "p50": 70.58326716248192,
    "p84": 73.73284728350826,
    "sd": 3.145694525042387
  },
  "h0_local_obs": {
    "max": 77.44797479683294,
    "mean": 73.00162568555133,
    "min": 68.7162069997732,
    "p16": 72.00829159736278,
    "p50": 73.00104222430116,
    "p84": 73.99704696011054,
    "sd": 0.9978224442369447
  },
  "local_minus_highz_gr_sigma": 0.8523293827214774,
  "local_minus_highz_mg_sigma": 0.6987081071275804,
  "p_gr_above_local_ref": 0.18299,
  "p_gr_below_local_ref": 0.81701,
  "p_gr_below_planck_ref": 0.31035,
  "z_anchor": 0.62
}
