{
  "anchor_results": [
    {
      "apparent_gr_bias_vs_true": {
        "max": 5.067236155610871,
        "mean": -1.6412143506400205,
        "min": -6.454292956131724,
        "p16": -3.021039137381544,
        "p50": -1.7403940725566898,
        "p84": -0.23846273349601896,
        "sd": 1.398363775466688
      },
      "delta_local_minus_highz_gr": {
        "max": 16.473404104071932,
        "mean": 3.959850779408752,
        "min": -11.382377728024053,
        "p16": 0.7726127514070071,
        "p50": 4.072119620725097,
        "p84": 7.149297828334529,
        "sd": 3.277650939992455
      },
      "delta_local_minus_highz_mg": {
        "max": 15.048410039391953,
        "mean": 2.318116381264076,
        "min": -11.338111070503032,
        "p16": -0.9050359645683602,
        "p50": 2.4294214016722293,
        "p84": 5.53853642586979,
        "sd": 3.2982864135389427
      },
      "h0_highz_gr": {
        "max": 83.70867612990362,
        "mean": 69.03938265858734,
        "min": 57.903515084038624,
        "p16": 65.98011761563288,
        "p50": 68.92660113844887,
        "p84": 72.06970259829464,
        "sd": 3.1212411308501773
      },
      "h0_highz_mg": {
        "max": 83.52129765020071,
        "mean": 70.68111705673203,
        "min": 59.02064748246996,
        "p16": 67.59655296533718,
        "p50": 70.56438700758508,
        "p84": 73.74898379126527,
        "sd": 3.145298242490955
      },
      "h0_local_obs": {
        "max": 77.38363276760724,
        "mean": 72.99923343799611,
        "min": 68.47777941049553,
        "p16": 72.00828336844121,
        "p50": 73.00073471456238,
        "p84": 73.99597855869308,
        "sd": 1.001463731220483
      },
      "local_minus_highz_gr_sigma": 1.2081845873936803,
      "local_minus_highz_mg_sigma": 0.7023659625497972,
      "p_gr_above_local_ref": 0.10465,
      "p_gr_below_local_ref": 0.89535,
      "p_gr_below_planck_ref": 0.3033,
      "z_anchor": 0.2
    },
    {
      "apparent_gr_bias_vs_true": {
        "max": 6.957198189125421,
        "mean": -2.230188064843091,
        "min": -8.587246935568146,
        "p16": -4.256917764201817,
        "p50": -2.401032904677322,
        "p84": -0.16760259993430515,
        "sd": 2.0583225030474885
      },
      "delta_local_minus_highz_gr": {
        "max": 17.59333739130519,
        "mean": 4.545417127264843,
        "min": -12.238423856682559,
        "p16": 1.156242491962476,
        "p50": 4.674366096896698,
        "p84": 7.9781279778516865,
        "sd": 3.476482735656486
      },
      "delta_local_minus_highz_mg": {
        "max": 15.209197269955077,
        "mean": 2.3158064476776983,
        "min": -11.589650714530904,
        "p16": -0.8843210094451547,
        "p50": 2.4054932022554354,
        "p84": 5.530920674124253,
        "sd": 3.2977670511297927
      },
      "h0_highz_gr": {
        "max": 84.22335516611533,
        "mean": 68.45457957724473,
        "min": 56.73576183590642,
        "p16": 65.13717758063503,
        "p50": 68.33645886634984,
        "p84": 71.71672064144408,
        "sd": 3.3286477744481915
      },
      "h0_highz_mg": {
        "max": 83.37296255205075,
        "mean": 70.68419025683187,
        "min": 58.70332468462697,
        "p16": 67.61280643330691,
        "p50": 70.5770866319263,
        "p84": 73.7221320076397,
        "sd": 3.143197993725065
      },
      "h0_local_obs": {
        "max": 77.51757517569519,
        "mean": 72.99999670450957,
        "min": 68.88544407706887,
        "p16": 72.00286540044276,
        "p50": 73.00580047101526,
        "p84": 73.98766312482124,
        "sd": 0.9984581412767932
      },
      "local_minus_highz_gr_sigma": 1.3078024489724358,
      "local_minus_highz_mg_sigma": 0.7020918405599224,
      "p_gr_above_local_ref": 0.08703,
      "p_gr_below_local_ref": 0.91297,
      "p_gr_below_planck_ref": 0.38459,
      "z_anchor": 0.35
    },
    {
      "apparent_gr_bias_vs_true": {
        "max": 9.43344116311259,
        "mean": -2.022597046146823,
        "min": -10.194272777061585,
        "p16": -4.520708534253398,
        "p50": -2.27312815122022,
        "p84": 0.5368733524998437,
        "sd": 2.5932087807583977
      },
      "delta_local_minus_highz_gr": {
        "max": 18.550458682133986,
        "mean": 4.341667818847546,
        "min": -13.843275775589476,
        "p16": 0.6389994385148384,
        "p50": 4.519751366556555,
        "p84": 8.088775429894483,
        "sd": 3.78690580744498
      },
      "delta_local_minus_highz_mg": {
        "max": 15.222311905308118,
        "mean": 2.3209919593815984,
        "min": -11.881239773634107,
        "p16": -0.907953310360773,
        "p50": 2.4346694988014477,
        "p84": 5.5425633690482075,
        "sd": 3.30805984318986
      },
      "h0_highz_gr": {
        "max": 85.33717352738145,
        "mean": 68.6627312402579,
        "min": 56.05485346751529,
        "p16": 65.04280692947694,
        "p50": 68.48091042974315,
        "p84": 72.22759142684555,
        "sd": 3.645204575971227
      },
      "h0_highz_mg": {
        "max": 83.50594077967249,
        "mean": 70.68340709972385,
        "min": 58.98663446088114,
        "p16": 67.62562366220823,
        "p50": 70.57327014478032,
        "p84": 73.74417776271112,
        "sd": 3.144953129841531
      },
      "h0_local_obs": {
        "max": 77.18364373452506,
        "mean": 73.00439905910545,
        "min": 68.70109905431156,
        "p16": 72.0069300749441,
        "p50": 73.00440833035933,
        "p84": 74.00147130680237,
        "sd": 1.0018631459839797
      },
      "local_minus_highz_gr_sigma": 1.1486248862834294,
      "local_minus_highz_mg_sigma": 0.7033073183346609,
      "p_gr_above_local_ref": 0.11471,
      "p_gr_below_local_ref": 0.88529,
      "p_gr_below_planck_ref": 0.38028,
      "z_anchor": 0.5
    },
    {
      "apparent_gr_bias_vs_true": {
        "max": 11.770239014805924,
        "mean": -1.1866610832253008,
        "min": -10.256297564221839,
        "p16": -4.039654237297037,
        "p50": -1.504134164455536,
        "p84": 1.7333736623528493,
        "sd": 2.999483318650474
      },
      "delta_local_minus_highz_gr": {
        "max": 18.649391714342876,
        "mean": 3.4952384769155658,
        "min": -15.744500979259698,
        "p16": -0.5180468811070267,
        "p50": 3.7076839877529935,
        "p84": 7.586833880354853,
        "sd": 4.098766963508117
      },
      "delta_local_minus_highz_mg": {
        "max": 14.443148428329877,
        "mean": 2.306307722658309,
        "min": -11.880339851365932,
        "p16": -0.9000864251029799,
        "p50": 2.4066119479380887,
        "p84": 5.538630209192056,
        "sd": 3.298766394577816
      },
      "h0_highz_gr": {
        "max": 87.32720290990491,
        "mean": 69.50638720863576,
        "min": 55.715455425905986,
        "p16": 65.51531289308348,
        "p50": 69.26659232484513,
        "p84": 73.40070623417766,
        "sd": 3.9770114110404213
      },
      "h0_highz_mg": {
        "max": 83.46304178201115,
        "mean": 70.69531796289303,
        "min": 59.135164194525956,
        "p16": 67.62646043699277,
        "p50": 70.58326716248192,
        "p84": 73.73284728350826,
        "sd": 3.145694525042387
      },
      "h0_local_obs": {
        "max": 77.44797479683294,
        "mean": 73.00162568555133,
        "min": 68.7162069997732,
        "p16": 72.00829159736278,
        "p50": 73.00104222430116,
        "p84": 73.99704696011054,
        "sd": 0.9978224442369447
      },
      "local_minus_highz_gr_sigma": 0.8523293827214774,
      "local_minus_highz_mg_sigma": 0.6987081071275804,
      "p_gr_above_local_ref": 0.18299,
      "p_gr_below_local_ref": 0.81701,
      "p_gr_below_planck_ref": 0.31035,
      "z_anchor": 0.62
    }
  ],
  "draws_total": 1600,
  "draws_used": 1600,
  "h0_posterior_mg_truth": {
    "max": 81.34840392208962,
    "mean": 70.68931182042479,
    "min": 60.443182238538995,
    "p16": 67.69470401834123,