{
  "apparent_gr_bias_vs_true": {
    "max": 5.825980680662482,
    "mean": -1.645875220000669,
    "min": -6.538037001030375,
    "p16": -3.01840605772623,
    "p50": -1.7430720214130915,
    "p84": -0.24774337611979091,
    "sd": 1.3974720775040987
  },
  "delta_local_minus_highz_gr": {
    "max": 16.610561133081504,
    "mean": 4.2095435290427226,
    "min": -10.98834860686398,
    "p16": 1.0057098703617908,
    "p50": 4.324107773694422,
    "p84": 7.410314041348411,
    "sd": 3.2804101761835196
  },
  "delta_local_minus_highz_mg": {
    "max": 15.215256977736608,
    "mean": 2.5659648113632025,
    "min": -11.472163863424242,
    "p16": -0.6489140381745789,
    "p50": 2.668034464031237,
    "p84": 5.794314758477578,
    "sd": 3.3057400174623295
  },
  "h0_highz_gr": {
    "max": 83.32852578295794,
    "mean": 69.03739137085108,
    "min": 58.40562838884005,
    "p16": 65.98548024725868,
    "p50": 68.91946417214706,
    "p84": 72.08625780857862,
    "sd": 3.122026606453639
  },
  "h0_highz_mg": {
    "max": 83.14199825440326,
    "mean": 70.68097008853059,
    "min": 59.0546788659846,
    "p16": 67.60165112331876,
    "p50": 70.57268474408949,
    "p84": 73.73230649447085,
    "sd": 3.1503735308724456
  },
  "h0_local_obs": {
    "max": 77.9630183925787,
    "mean": 73.2469348998938,
    "min": 68.8620581045045,
    "p16": 72.25813812833115,
    "p50": 73.24741185801813,
    "p84": 74.23793266516246,
    "sd": 0.9982801022432984
  },
  "local_minus_highz_gr_sigma": 1.2840749311289168,
  "local_minus_highz_mg_sigma": 0.7763237768161433,
  "p_gr_above_local_ref": 0.10402,
  "p_gr_below_local_ref": 0.89598,
  "p_gr_below_planck_ref": 0.30559,
  "z_anchor": 0.2
}
