{
  "apparent_gr_bias_vs_true": {
    "max": 6.732819461869539,
    "mean": -2.2246467068115754,
    "min": -8.601025937161708,
    "p16": -4.2305506785427545,
    "p50": -2.4021068635959466,
    "p84": -0.1648722468315538,
    "sd": 2.04894309692985
  },
  "delta_local_minus_highz_gr": {
    "max": 17.949096698364727,
    "mean": 4.789374539598895,
    "min": -13.594770005236569,
    "p16": 1.3902489803113496,
    "p50": 4.912523680649059,
    "p84": 8.208003879855502,
    "sd": 3.4854465334013316
  },
  "delta_local_minus_highz_mg": {
    "max": 16.835506369239297,
    "mean": 2.563415935120597,
    "min": -12.65800214430277,
    "p16": -0.6556306624786867,
    "p50": 2.6634638944484195,
    "p84": 5.800923536151175,
    "sd": 3.3016634988500373
  },
  "h0_highz_gr": {
    "max": 84.36120609694964,
    "mean": 68.46264479486825,
    "min": 56.77868255197472,
    "p16": 65.14924495489971,
    "p50": 68.32398975283851,
    "p84": 71.73431782598307,
    "sd": 3.3346866562657675
  },
  "h0_highz_mg": {
    "max": 83.40275026838765,
    "mean": 70.68860339934653,
    "min": 58.25333963482858,
    "p16": 67.62851830030316,
    "p50": 70.57196538361708,
    "p84": 73.73951779427105,
    "sd": 3.1447884053615462
  },
  "h0_local_obs": {
    "max": 77.9698866389407,
    "mean": 73.25201933446712,
    "min": 68.30204426610076,
    "p16": 72.25470291666704,
    "p50": 73.25406853724404,
    "p84": 74.25014468940759,
    "sd": 1.0013174746133353
  },
  "local_minus_highz_gr_sigma": 1.3757042242208775,
  "local_minus_highz_mg_sigma": 0.776803617375086,
  "p_gr_above_local_ref": 0.08766,
  "p_gr_below_local_ref": 0.91234,
  "p_gr_below_planck_ref": 0.38443,
  "z_anchor": 0.35
}
