{
  "apparent_gr_bias_vs_true": {
    "max": 9.320127237249622,
    "mean": -2.031572503300333,
    "min": -10.361982442397021,
    "p16": -4.5138831151601,
    "p50": -2.2838047835151514,
    "p84": 0.5306877327798487,
    "sd": 2.5827888864894746
  },
  "delta_local_minus_highz_gr": {
    "max": 18.9956879918168,
    "mean": 4.605689200594848,
    "min": -12.932709346167456,
    "p16": 0.9434435651363452,
    "p50": 4.771631806722844,
    "p84": 8.336597726666422,
    "sd": 3.7627196505950837
  },
  "delta_local_minus_highz_mg": {
    "max": 15.687294615132906,
    "mean": 2.5718635058334662,
    "min": -11.327021580011404,
    "p16": -0.644038835528724,
    "p50": 2.6756905289623845,
    "p84": 5.822139382458801,
    "sd": 3.2993893637262763
  },
  "h0_highz_gr": {
    "max": 85.44115479387816,
    "mean": 68.64611222861743,
    "min": 56.03698360045427,
    "p16": 65.03291294336707,
    "p50": 68.45445527084895,
    "p84": 72.1928466973088,
    "sd": 3.631416752092377
  },
  "h0_highz_mg": {
    "max": 83.32245316785358,
    "mean": 70.67993792337882,
    "min": 58.826401898355286,
    "p16": 67.60613442044294,
    "p50": 70.56658726043906,
    "p84": 73.72784975353993,
    "sd": 3.144185732994366
  },
  "h0_local_obs": {
    "max": 77.89829927267012,
    "mean": 73.25180142921228,
    "min": 68.7845628146298,
    "p16": 72.25365710414232,
    "p50": 73.25324552771588,
    "p84": 74.2425612181247,
    "sd": 0.9996041225367857
  },
  "local_minus_highz_gr_sigma": 1.22277477663512,
  "local_minus_highz_mg_sigma": 0.7794991885698114,
  "p_gr_above_local_ref": 0.11352,
  "p_gr_below_local_ref": 0.88648,
  "p_gr_below_planck_ref": 0.38006,
  "z_anchor": 0.5
}
