{
  "apparent_gr_bias_vs_true": {
    "max": 12.480496404321798,
    "mean": -1.1810025658506187,
    "min": -10.494053977354469,
    "p16": -4.028161656883834,
    "p50": -1.4951791362487938,
    "p84": 1.7310233217744013,
    "sd": 2.9935894974191526
  },
  "delta_local_minus_highz_gr": {
    "max": 20.236594963740686,
    "mean": 3.715829397047304,
    "min": -14.859824568291785,
    "p16": -0.2950799462821532,
    "p50": 3.9268963815734708,
    "p84": 7.787875365379345,
    "sd": 4.086031207595395
  },
  "delta_local_minus_highz_mg": {
    "max": 15.458630274642104,
    "mean": 2.5311549351338916,
    "min": -11.521902864841934,
    "p16": -0.6810528486772301,
    "p50": 2.6375444660078884,
    "p84": 5.76005322652668,
    "sd": 3.3015117376669108
  },
  "h0_highz_gr": {
    "max": 86.81983599420244,
    "mean": 69.53086447875388,
    "min": 55.27230257970158,
    "p16": 65.55104436016198,
    "p50": 69.2965162979772,
    "p84": 73.4271297382377,
    "sd": 3.966891518973798
  },
  "h0_highz_mg": {
    "max": 83.59729207589696,
    "mean": 70.7155389406673,
    "min": 59.36119029228153,
    "p16": 67.64275580321396,
    "p50": 70.59779274641329,
    "p84": 73.75982748426284,
    "sd": 3.149494862464095
  },
  "h0_local_obs": {
    "max": 77.61514918534493,
    "mean": 73.24669387580118,
    "min": 68.8621057989972,
    "p16": 72.25570556059424,
    "p50": 73.2466530023924,
    "p84": 74.23675465185518,
    "sd": 0.9997109848581397
  },
  "local_minus_highz_gr_sigma": 0.9082950977179597,
  "local_minus_highz_mg_sigma": 0.7659862519084101,
  "p_gr_above_local_ref": 0.18505,
  "p_gr_below_local_ref": 0.81495,
  "p_gr_below_planck_ref": 0.30933,
  "z_anchor": 0.62
}
