{
  "anchor_results": [
    {
      "apparent_gr_bias_vs_true": {
        "max": 5.825980680662482,
        "mean": -1.645875220000669,
        "min": -6.538037001030375,
        "p16": -3.01840605772623,
        "p50": -1.7430720214130915,
        "p84": -0.24774337611979091,
        "sd": 1.3974720775040987
      },
      "delta_local_minus_highz_gr": {
        "max": 16.610561133081504,
        "mean": 4.2095435290427226,
        "min": -10.98834860686398,
        "p16": 1.0057098703617908,
        "p50": 4.324107773694422,
        "p84": 7.410314041348411,
        "sd": 3.2804101761835196
      },
      "delta_local_minus_highz_mg": {
        "max": 15.215256977736608,
        "mean": 2.5659648113632025,
        "min": -11.472163863424242,
        "p16": -0.6489140381745789,
        "p50": 2.668034464031237,
        "p84": 5.794314758477578,
        "sd": 3.3057400174623295
      },
      "h0_highz_gr": {
        "max": 83.32852578295794,
        "mean": 69.03739137085108,
        "min": 58.40562838884005,
        "p16": 65.98548024725868,
        "p50": 68.91946417214706,
        "p84": 72.08625780857862,
        "sd": 3.122026606453639
      },
      "h0_highz_mg": {
        "max": 83.14199825440326,
        "mean": 70.68097008853059,
        "min": 59.0546788659846,
        "p16": 67.60165112331876,
        "p50": 70.57268474408949,
        "p84": 73.73230649447085,
        "sd": 3.1503735308724456
      },
      "h0_local_obs": {
        "max": 77.9630183925787,
        "mean": 73.2469348998938,
        "min": 68.8620581045045,
        "p16": 72.25813812833115,
        "p50": 73.24741185801813,
        "p84": 74.23793266516246,
        "sd": 0.9982801022432984
      },
      "local_minus_highz_gr_sigma": 1.2840749311289168,
      "local_minus_highz_mg_sigma": 0.7763237768161433,
      "p_gr_above_local_ref": 0.10402,
      "p_gr_below_local_ref": 0.89598,
      "p_gr_below_planck_ref": 0.30559,
      "z_anchor": 0.2
    },
    {
      "apparent_gr_bias_vs_true": {
        "max": 6.732819461869539,
        "mean": -2.2246467068115754,
        "min": -8.601025937161708,
        "p16": -4.2305506785427545,
        "p50": -2.4021068635959466,
        "p84": -0.1648722468315538,
        "sd": 2.04894309692985
      },
      "delta_local_minus_highz_gr": {
        "max": 17.949096698364727,
        "mean": 4.789374539598895,
        "min": -13.594770005236569,
        "p16": 1.3902489803113496,
        "p50": 4.912523680649059,
        "p84": 8.208003879855502,
        "sd": 3.4854465334013316
      },
      "delta_local_minus_highz_mg": {
        "max": 16.835506369239297,
        "mean": 2.563415935120597,
        "min": -12.65800214430277,
        "p16": -0.6556306624786867,
        "p50": 2.6634638944484195,
        "p84": 5.800923536151175,
        "sd": 3.3016634988500373
      },
      "h0_highz_gr": {
        "max": 84.36120609694964,
        "mean": 68.46264479486825,
        "min": 56.77868255197472,
        "p16": 65.14924495489971,
        "p50": 68.32398975283851,
        "p84": 71.73431782598307,
        "sd": 3.3346866562657675
      },
      "h0_highz_mg": {
        "max": 83.40275026838765,
        "mean": 70.68860339934653,
        "min": 58.25333963482858,
        "p16": 67.62851830030316,
        "p50": 70.57196538361708,
        "p84": 73.73951779427105,
        "sd": 3.1447884053615462
      },
      "h0_local_obs": {
        "max": 77.9698866389407,
        "mean": 73.25201933446712,
        "min": 68.30204426610076,
        "p16": 72.25470291666704,
        "p50": 73.25406853724404,
        "p84": 74.25014468940759,
        "sd": 1.0013174746133353
      },
      "local_minus_highz_gr_sigma": 1.3757042242208775,
      "local_minus_highz_mg_sigma": 0.776803617375086,
      "p_gr_above_local_ref": 0.08766,
      "p_gr_below_local_ref": 0.91234,
      "p_gr_below_planck_ref": 0.38443,
      "z_anchor": 0.35
    },
    {
      "apparent_gr_bias_vs_true": {
        "max": 9.320127237249622,
        "mean": -2.031572503300333,
        "min": -10.361982442397021,
        "p16": -4.5138831151601,
        "p50": -2.2838047835151514,
        "p84": 0.5306877327798487,
        "sd": 2.5827888864894746
      },
      "delta_local_minus_highz_gr": {
        "max": 18.9956879918168,
        "mean": 4.605689200594848,
        "min": -12.932709346167456,
        "p16": 0.9434435651363452,
        "p50": 4.771631806722844,
        "p84": 8.336597726666422,
        "sd": 3.7627196505950837
      },
      "delta_local_minus_highz_mg": {
        "max": 15.687294615132906,
        "mean": 2.5718635058334662,
        "min": -11.327021580011404,
        "p16": -0.644038835528724,
        "p50": 2.6756905289623845,
        "p84": 5.822139382458801,
        "sd": 3.2993893637262763
      },
      "h0_highz_gr": {
        "max": 85.44115479387816,
        "mean": 68.64611222861743,
        "min": 56.03698360045427,
        "p16": 65.03291294336707,
        "p50": 68.45445527084895,
        "p84": 72.1928466973088,
        "sd": 3.631416752092377
      },
      "h0_highz_mg": {
        "max": 83.32245316785358,
        "mean": 70.67993792337882,
        "min": 58.826401898355286,
        "p16": 67.60613442044294,
        "p50": 70.56658726043906,
        "p84": 73.72784975353993,
        "sd": 3.144185732994366
      },
      "h0_local_obs": {
        "max": 77.89829927267012,
        "mean": 73.25180142921228,
        "min": 68.7845628146298,
        "p16": 72.25365710414232,
        "p50": 73.25324552771588,
        "p84": 74.2425612181247,
        "sd": 0.9996041225367857
      },
      "local_minus_highz_gr_sigma": 1.22277477663512,
      "local_minus_highz_mg_sigma": 0.7794991885698114,
      "p_gr_above_local_ref": 0.11352,
      "p_gr_below_local_ref": 0.88648,
      "p_gr_below_planck_ref": 0.38006,
      "z_anchor": 0.5
    },
    {
      "apparent_gr_bias_vs_true": {
        "max": 12.480496404321798,
        "mean": -1.1810025658506187,
        "min": -10.494053977354469,
        "p16": -4.028161656883834,
        "p50": -1.4951791362487938,
        "p84": 1.7310233217744013,
        "sd": 2.9935894974191526
      },
      "delta_local_minus_highz_gr": {
        "max": 20.236594963740686,
        "mean": 3.715829397047304,
        "min": -14.859824568291785,
        "p16": -0.2950799462821532,
        "p50": 3.9268963815734708,
        "p84": 7.787875365379345,
        "sd": 4.086031207595395
      },
      "delta_local_minus_highz_mg": {
        "max": 15.458630274642104,
        "mean": 2.5311549351338916,
        "min": -11.521902864841934,
        "p16": -0.6810528486772301,
        "p50": 2.6375444660078884,
        "p84": 5.76005322652668,
        "sd": 3.3015117376669108
      },
      "h0_highz_gr": {
        "max": 86.81983599420244,
        "mean": 69.53086447875388,
        "min": 55.27230257970158,
        "p16": 65.55104436016198,
        "p50": 69.2965162979772,
        "p84": 73.4271297382377,
        "sd": 3.966891518973798
      },
      "h0_highz_mg": {
        "max": 83.59729207589696,
        "mean": 70.7155389406673,
        "min": 59.36119029228153,
        "p16": 67.64275580321396,
        "p50": 70.59779274641329,
        "p84": 73.75982748426284,
        "sd": 3.149494862464095
      },
      "h0_local_obs": {
        "max": 77.61514918534493,
        "mean": 73.24669387580118,
        "min": 68.8621057989972,
        "p16": 72.25570556059424,
        "p50": 73.2466530023924,
        "p84": 74.23675465185518,
        "sd": 0.9997109848581397
      },
      "local_minus_highz_gr_sigma": 0.9082950977179597,
      "local_minus_highz_mg_sigma": 0.7659862519084101,
      "p_gr_above_local_ref": 0.18505,
      "p_gr_below_local_ref": 0.81495,
      "p_gr_below_planck_ref": 0.30933,
      "z_anchor": 0.62
    }
  ],
  "draws_total": 1600,
  "draws_used": 1600,
  "h0_posterior_mg_truth": {
    "max": 81.34840392208962,
    "mean": 70.68931182042479,
    "min": 60.443182238538995,
    "p16": 67.69470401834123,