{
  "apparent_gr_bias_vs_true": {
    "max": 12.781900848767492,
    "mean": -1.0659501328965058,
    "min": -10.275276374275784,
    "p16": -3.852171303593234,
    "p50": -1.4190962181975095,
    "p84": 1.7806326066892142,
    "sd": 2.9251835931657517
  },
  "delta_local_minus_highz_gr": {
    "max": 19.047996419390657,
    "mean": 3.195625253235444,
    "min": -17.6175359742858,
    "p16": -0.7643628511405132,
    "p50": 3.427420490163769,
    "p84": 7.143287655404083,
    "sd": 4.014707906305362
  },
  "delta_local_minus_highz_mg": {
    "max": 15.225069576449336,
    "mean": 1.9207027149655362,
    "min": -12.414512924089763,
    "p16": -1.1553727038424313,
    "p50": 1.8538674915277085,
    "p84": 5.061046092271592,
    "sd": 3.189978998606753
  },
  "h0_highz_gr": {
    "max": 87.97643629459017,
    "mean": 69.55312990009335,
    "min": 54.88057254645794,
    "p16": 65.721889226044,
    "p50": 69.27419411365108,
    "p84": 73.38537430454527,
    "sd": 3.8861737904318483
  },
  "h0_highz_mg": {
    "max": 82.99345903273078,
    "mean": 70.82805243836326,
    "min": 58.64078281060528,
    "p16": 67.82681714733897,
    "p50": 70.91643491781501,
    "p84": 73.72397528956577,
    "sd": 3.0332023793894987
  },
  "h0_local_obs": {
    "max": 77.53601646893466,
    "mean": 72.74875515332879,
    "min": 68.15372575783154,
    "p16": 71.75502660717035,
    "p50": 72.74873724337917,
    "p84": 73.74427180936816,
    "sd": 1.0018418159596902
  },
  "local_minus_highz_gr_sigma": 0.796363336505757,
  "local_minus_highz_mg_sigma": 0.6013860126383065,
  "p_gr_above_local_ref": 0.18349,
  "p_gr_below_local_ref": 0.81651,
  "p_gr_below_planck_ref": 0.29488,
  "z_anchor": 0.62
}
