{
  "apparent_gr_bias_vs_true": {
    "max": 10.256240113936073,
    "mean": -1.942854859474111,
    "min": -9.783064666721074,
    "p16": -4.346709031800204,
    "p50": -2.2360255446078696,
    "p84": 0.5112353288587288,
    "sd": 2.4916234913099933
  },
  "delta_local_minus_highz_gr": {
    "max": 18.495862700547484,
    "mean": 4.065580238601516,
    "min": -14.82810182784361,
    "p16": 0.502541844514509,
    "p50": 4.249897177957408,
    "p84": 7.6560166735197495,
    "sd": 3.670405855132068
  },
  "delta_local_minus_highz_mg": {
    "max": 15.245088303219774,
    "mean": 1.9113237220422918,
    "min": -12.147829577875669,
    "p16": -1.1548329402795026,
    "p50": 1.8467511159512213,
    "p84": 5.030075965013169,
    "sd": 3.1777468854707474
  },
  "h0_highz_gr": {
    "max": 86.28501880875773,
    "mean": 68.67687329044496,
    "min": 55.681976557933105,
    "p16": 65.2075609328086,
    "p50": 68.45369670270335,
    "p84": 72.10382610508707,
    "sd": 3.531186636391957
  },
  "h0_highz_mg": {
    "max": 83.43582696253341,
    "mean": 70.83112980700419,
    "min": 58.932750955260815,
    "p16": 67.85655871208915,
    "p50": 70.92020878936259,
    "p84": 73.70955628003472,
    "sd": 3.0148684087145683
  },
  "h0_local_obs": {
    "max": 77.02610274725741,
    "mean": 72.74245352904647,
    "min": 67.73264885080417,
    "p16": 71.74616668102362,
    "p50": 72.7430552317706,
    "p84": 73.74745070133396,
    "sd": 1.0011758270576487
  },
  "local_minus_highz_gr_sigma": 1.1077719428131203,
  "local_minus_highz_mg_sigma": 0.601728943032425,
  "p_gr_above_local_ref": 0.11184,
  "p_gr_below_local_ref": 0.88816,
  "p_gr_below_planck_ref": 0.36928,
  "z_anchor": 0.5
}
