{
  "apparent_gr_bias_vs_true": {
    "max": 4.640247827226801,
    "mean": -1.5234884472587025,
    "min": -6.017513098272673,
    "p16": -2.8432664486048322,
    "p50": -1.6209642794555137,
    "p84": -0.18462724874024386,
    "sd": 1.3400509447295166
  },
  "delta_local_minus_highz_gr": {
    "max": 16.166878302661623,
    "mean": 3.6759310245863897,
    "min": -10.5753216389856,
    "p16": 0.5915472769632726,
    "p50": 3.7033282864084143,
    "p84": 6.796841604750677,
    "sd": 3.165321345655412
  },
  "delta_local_minus_highz_mg": {
    "max": 15.133789795841338,
    "mean": 1.9402221003638993,
    "min": -11.522163487504471,
    "p16": -1.151442095810989,
    "p50": 1.8811091941322644,
    "p84": 5.081107283072555,
    "sd": 3.2015708506970557
  },
  "h0_highz_gr": {
    "max": 82.39978430566481,
    "mean": 69.07808841602065,
    "min": 57.50532814982819,
    "p16": 66.11955587945096,
    "p50": 69.0487470200167,
    "p84": 71.97960598460854,
    "sd": 3.001100907725531
  },
  "h0_highz_mg": {
    "max": 83.3466506913907,
    "mean": 70.81379734024313,
    "min": 59.01200190452793,
    "p16": 67.81224311291723,
    "p50": 70.89738222044339,
    "p84": 73.71864620939775,
    "sd": 3.039489947790548
  },
  "h0_local_obs": {
    "max": 77.48970803695555,
    "mean": 72.75401944060704,
    "min": 68.45830300819907,
    "p16": 71.75727317909777,
    "p50": 72.75493555922303,
    "p84": 73.74915265097769,
    "sd": 0.9985491855086719
  },
  "local_minus_highz_gr_sigma": 1.1620476567243943,
  "local_minus_highz_mg_sigma": 0.6063638447884973,
  "p_gr_above_local_ref": 0.09242,
  "p_gr_below_local_ref": 0.90758,
  "p_gr_below_planck_ref": 0.2821,
  "z_anchor": 0.2
}
