{
  "apparent_gr_bias_vs_true": {
    "max": 8.761116396147557,
    "mean": -2.1449467711095553,
    "min": -8.3775320520068,
    "p16": -4.050345568148313,
    "p50": -2.339233006967305,
    "p84": -0.19245116253466008,
    "sd": 1.9569604356755612
  },
  "delta_local_minus_highz_gr": {
    "max": 17.956639713207167,
    "mean": 4.273838591595844,
    "min": -13.828098535639938,
    "p16": 1.0061143058537028,
    "p50": 4.376772550752065,
    "p84": 7.57381415604756,
    "sd": 3.3571810656389642
  },
  "delta_local_minus_highz_mg": {
    "max": 15.435485018999387,
    "mean": 1.9142118022060044,
    "min": -12.122979191417784,
    "p16": -1.1779294926044566,
    "p50": 1.847643667857831,
    "p84": 5.06027768484522,
    "sd": 3.1884496342636797
  },
  "h0_highz_gr": {
    "max": 83.94707992781922,
    "mean": 68.47529250156268,
    "min": 56.96779161835645,
    "p16": 65.30874229062954,
    "p50": 68.33279591271796,
    "p84": 71.57707135329284,
    "sd": 3.2036356702693283
  },
  "h0_highz_mg": {
    "max": 83.58237623715085,
    "mean": 70.83491929095251,
    "min": 57.872295316765864,
    "p16": 67.82058779449251,
    "p50": 70.91417898535701,
    "p84": 73.73883365699167,
    "sd": 3.0274608834801526
  },
  "h0_local_obs": {
    "max": 77.30623939228924,
    "mean": 72.74913109315851,
    "min": 68.60968194942654,
    "p16": 71.75649072787031,
    "p50": 72.75123580323978,
    "p84": 73.73829869339282,
    "sd": 0.9992469166182215
  },
  "local_minus_highz_gr_sigma": 1.2734609935040864,
  "local_minus_highz_mg_sigma": 0.6003785986453266,
  "p_gr_above_local_ref": 0.08241,
  "p_gr_below_local_ref": 0.91759,
  "p_gr_below_planck_ref": 0.37349,
  "z_anchor": 0.35
}
