{
  "anchor_results": [
    {
      "apparent_gr_bias_vs_true": {
        "max": 4.640247827226801,
        "mean": -1.5234884472587025,
        "min": -6.017513098272673,
        "p16": -2.8432664486048322,
        "p50": -1.6209642794555137,
        "p84": -0.18462724874024386,
        "sd": 1.3400509447295166
      },
      "delta_local_minus_highz_gr": {
        "max": 16.166878302661623,
        "mean": 3.6759310245863897,
        "min": -10.5753216389856,
        "p16": 0.5915472769632726,
        "p50": 3.7033282864084143,
        "p84": 6.796841604750677,
        "sd": 3.165321345655412
      },
      "delta_local_minus_highz_mg": {
        "max": 15.133789795841338,
        "mean": 1.9402221003638993,
        "min": -11.522163487504471,
        "p16": -1.151442095810989,
        "p50": 1.8811091941322644,
        "p84": 5.081107283072555,
        "sd": 3.2015708506970557
      },
      "h0_highz_gr": {
        "max": 82.39978430566481,
        "mean": 69.07808841602065,
        "min": 57.50532814982819,
        "p16": 66.11955587945096,
        "p50": 69.0487470200167,
        "p84": 71.97960598460854,
        "sd": 3.001100907725531
      },
      "h0_highz_mg": {
        "max": 83.3466506913907,
        "mean": 70.81379734024313,
        "min": 59.01200190452793,
        "p16": 67.81224311291723,
        "p50": 70.89738222044339,
        "p84": 73.71864620939775,
        "sd": 3.039489947790548
      },
      "h0_local_obs": {
        "max": 77.48970803695555,
        "mean": 72.75401944060704,
        "min": 68.45830300819907,
        "p16": 71.75727317909777,
        "p50": 72.75493555922303,
        "p84": 73.74915265097769,
        "sd": 0.9985491855086719
      },
      "local_minus_highz_gr_sigma": 1.1620476567243943,
      "local_minus_highz_mg_sigma": 0.6063638447884973,
      "p_gr_above_local_ref": 0.09242,
      "p_gr_below_local_ref": 0.90758,
      "p_gr_below_planck_ref": 0.2821,
      "z_anchor": 0.2
    },
    {
      "apparent_gr_bias_vs_true": {
        "max": 8.761116396147557,
        "mean": -2.1449467711095553,
        "min": -8.3775320520068,
        "p16": -4.050345568148313,
        "p50": -2.339233006967305,
        "p84": -0.19245116253466008,
        "sd": 1.9569604356755612
      },
      "delta_local_minus_highz_gr": {
        "max": 17.956639713207167,
        "mean": 4.273838591595844,
        "min": -13.828098535639938,
        "p16": 1.0061143058537028,
        "p50": 4.376772550752065,
        "p84": 7.57381415604756,
        "sd": 3.3571810656389642
      },
      "delta_local_minus_highz_mg": {
        "max": 15.435485018999387,
        "mean": 1.9142118022060044,
        "min": -12.122979191417784,
        "p16": -1.1779294926044566,
        "p50": 1.847643667857831,
        "p84": 5.06027768484522,
        "sd": 3.1884496342636797
      },
      "h0_highz_gr": {
        "max": 83.94707992781922,
        "mean": 68.47529250156268,
        "min": 56.96779161835645,
        "p16": 65.30874229062954,
        "p50": 68.33279591271796,
        "p84": 71.57707135329284,
        "sd": 3.2036356702693283
      },
      "h0_highz_mg": {
        "max": 83.58237623715085,
        "mean": 70.83491929095251,
        "min": 57.872295316765864,
        "p16": 67.82058779449251,
        "p50": 70.91417898535701,
        "p84": 73.73883365699167,
        "sd": 3.0274608834801526
      },
      "h0_local_obs": {
        "max": 77.30623939228924,
        "mean": 72.74913109315851,
        "min": 68.60968194942654,
        "p16": 71.75649072787031,
        "p50": 72.75123580323978,
        "p84": 73.73829869339282,
        "sd": 0.9992469166182215
      },
      "local_minus_highz_gr_sigma": 1.2734609935040864,
      "local_minus_highz_mg_sigma": 0.6003785986453266,
      "p_gr_above_local_ref": 0.08241,
      "p_gr_below_local_ref": 0.91759,
      "p_gr_below_planck_ref": 0.37349,
      "z_anchor": 0.35
    },
    {
      "apparent_gr_bias_vs_true": {
        "max": 10.256240113936073,
        "mean": -1.942854859474111,
        "min": -9.783064666721074,
        "p16": -4.346709031800204,
        "p50": -2.2360255446078696,
        "p84": 0.5112353288587288,
        "sd": 2.4916234913099933
      },
      "delta_local_minus_highz_gr": {
        "max": 18.495862700547484,
        "mean": 4.065580238601516,
        "min": -14.82810182784361,
        "p16": 0.502541844514509,
        "p50": 4.249897177957408,
        "p84": 7.6560166735197495,
        "sd": 3.670405855132068
      },
      "delta_local_minus_highz_mg": {
        "max": 15.245088303219774,
        "mean": 1.9113237220422918,
        "min": -12.147829577875669,
        "p16": -1.1548329402795026,
        "p50": 1.8467511159512213,
        "p84": 5.030075965013169,
        "sd": 3.1777468854707474
      },
      "h0_highz_gr": {
        "max": 86.28501880875773,
        "mean": 68.67687329044496,
        "min": 55.681976557933105,
        "p16": 65.2075609328086,
        "p50": 68.45369670270335,
        "p84": 72.10382610508707,
        "sd": 3.531186636391957
      },
      "h0_highz_mg": {
        "max": 83.43582696253341,
        "mean": 70.83112980700419,
        "min": 58.932750955260815,
        "p16": 67.85655871208915,
        "p50": 70.92020878936259,
        "p84": 73.70955628003472,
        "sd": 3.0148684087145683
      },
      "h0_local_obs": {
        "max": 77.02610274725741,
        "mean": 72.74245352904647,
        "min": 67.73264885080417,
        "p16": 71.74616668102362,
        "p50": 72.7430552317706,
        "p84": 73.74745070133396,
        "sd": 1.0011758270576487
      },
      "local_minus_highz_gr_sigma": 1.1077719428131203,
      "local_minus_highz_mg_sigma": 0.601728943032425,
      "p_gr_above_local_ref": 0.11184,
      "p_gr_below_local_ref": 0.88816,
      "p_gr_below_planck_ref": 0.36928,
      "z_anchor": 0.5
    },
    {
      "apparent_gr_bias_vs_true": {
        "max": 12.781900848767492,
        "mean": -1.0659501328965058,
        "min": -10.275276374275784,
        "p16": -3.852171303593234,
        "p50": -1.4190962181975095,
        "p84": 1.7806326066892142,
        "sd": 2.9251835931657517
      },
      "delta_local_minus_highz_gr": {
        "max": 19.047996419390657,
        "mean": 3.195625253235444,
        "min": -17.6175359742858,
        "p16": -0.7643628511405132,
        "p50": 3.427420490163769,
        "p84": 7.143287655404083,
        "sd": 4.014707906305362
      },
      "delta_local_minus_highz_mg": {
        "max": 15.225069576449336,
        "mean": 1.9207027149655362,
        "min": -12.414512924089763,
        "p16": -1.1553727038424313,
        "p50": 1.8538674915277085,
        "p84": 5.061046092271592,
        "sd": 3.189978998606753
      },
      "h0_highz_gr": {
        "max": 87.97643629459017,
        "mean": 69.55312990009335,
        "min": 54.88057254645794,
        "p16": 65.721889226044,
        "p50": 69.27419411365108,
        "p84": 73.38537430454527,
        "sd": 3.8861737904318483
      },
      "h0_highz_mg": {
        "max": 82.99345903273078,
        "mean": 70.82805243836326,
        "min": 58.64078281060528,
        "p16": 67.82681714733897,
        "p50": 70.91643491781501,
        "p84": 73.72397528956577,
        "sd": 3.0332023793894987
      },
      "h0_local_obs": {
        "max": 77.53601646893466,
        "mean": 72.74875515332879,
        "min": 68.15372575783154,
        "p16": 71.75502660717035,
        "p50": 72.74873724337917,
        "p84": 73.74427180936816,
        "sd": 1.0018418159596902
      },
      "local_minus_highz_gr_sigma": 0.796363336505757,
      "local_minus_highz_mg_sigma": 0.6013860126383065,
      "p_gr_above_local_ref": 0.18349,
      "p_gr_below_local_ref": 0.81651,
      "p_gr_below_planck_ref": 0.29488,
      "z_anchor": 0.62
    }
  ],
  "draws_total": 1600,
  "draws_used": 1600,
  "h0_posterior_mg_truth": {
    "max": 81.12434628314327,
    "mean": 70.6139339829599,
    "min": 60.40119844002723,
    "p16": 67.71835091504013,