{
  "apparent_gr_bias_vs_true": {
    "max": 11.71094173291553,
    "mean": -0.9703200216323504,
    "min": -10.560867755705772,
    "p16": -3.8191305935867312,
    "p50": -1.284022096157372,
    "p84": 1.9376408490686714,
    "sd": 2.9887409772398317
  },
  "delta_local_minus_highz_gr": {
    "max": 18.881583126188886,
    "mean": 3.541882652979148,
    "min": -14.887067396977443,
    "p16": -0.46766318671700613,
    "p50": 3.7487488473137915,
    "p84": 7.638580358644964,
    "sd": 4.107198112336074
  },
  "delta_local_minus_highz_mg": {
    "max": 15.30780752917606,
    "mean": 2.358612002569415,
    "min": -11.062766296483531,
    "p16": -0.8685637859253739,
    "p50": 2.453630937824819,
    "p84": 5.605194864551738,
    "sd": 3.3205077064336406
  },
  "h0_highz_gr": {
    "max": 87.29523758468125,
    "mean": 69.70948627676387,
    "min": 56.08601268780357,
    "p16": 65.72144246877329,
    "p50": 69.47548676990215,
    "p84": 73.60248266239869,
    "sd": 3.9813860183626595
  },
  "h0_highz_mg": {
    "max": 83.43249089768395,
    "mean": 70.89275692717361,
    "min": 59.511404511884095,
    "p16": 67.81513193433112,
    "p50": 70.78586647237498,
    "p84": 73.94832026344838,
    "sd": 3.1616891486142897
  },
  "h0_local_obs": {
    "max": 77.16905116415545,
    "mean": 73.25136892974301,
    "min": 68.68575696503498,
    "p16": 72.25557373927333,
    "p50": 73.25110977703612,
    "p84": 74.24695768423862,
    "sd": 1.0025312381590692
  },
  "local_minus_highz_gr_sigma": 0.8628111094783558,
  "local_minus_highz_mg_sigma": 0.7112686113192571,
  "p_gr_above_local_ref": 0.1961,
  "p_gr_below_local_ref": 0.8039,
  "p_gr_below_planck_ref": 0.29136,
  "z_anchor": 0.62
}
