{
  "apparent_gr_bias_vs_true": {
    "max": 9.350638787206279,
    "mean": -1.8186124583782255,
    "min": -9.585753294223167,
    "p16": -4.327317336620973,
    "p50": -2.065204374224848,
    "p84": 0.748856027169292,
    "sd": 2.5974912361942764
  },
  "delta_local_minus_highz_gr": {
    "max": 18.768751216590516,
    "mean": 4.391838439385311,
    "min": -13.7397198765416,
    "p16": 0.6946190536798588,
    "p50": 4.55441253502854,
    "p84": 8.11792014444514,
    "sd": 3.7790749061156528
  },
  "delta_local_minus_highz_mg": {
    "max": 14.740199084193456,
    "mean": 2.363670423841898,
    "min": -11.89905018225285,
    "p16": -0.8578811437716479,
    "p50": 2.45507325374777,
    "p84": 5.599869665190845,
    "sd": 3.302047318548228
  },
  "h0_highz_gr": {
    "max": 85.8045461698983,
    "mean": 68.85501933884605,
    "min": 56.21569953872163,
    "p16": 65.2283319312804,
    "p50": 68.6770660886625,
    "p84": 72.41907207446869,
    "sd": 3.641848603465419
  },
  "h0_highz_mg": {
    "max": 83.96065754258672,
    "mean": 70.88318735438946,
    "min": 59.540043305568304,
    "p16": 67.81790899834236,
    "p50": 70.78477725591469,
    "p84": 73.94439180329049,
    "sd": 3.1468033408617933
  },
  "h0_local_obs": {
    "max": 77.71789918179971,
    "mean": 73.24685777823136,
    "min": 68.78890215040542,
    "p16": 72.25086273890355,
    "p50": 73.24718914719706,
    "p84": 74.24170382408204,
    "sd": 1.0013876422649501
  },
  "local_minus_highz_gr_sigma": 1.1628936041376796,
  "local_minus_highz_mg_sigma": 0.7158572658585493,
  "p_gr_above_local_ref": 0.12526,
  "p_gr_below_local_ref": 0.87474,
  "p_gr_below_planck_ref": 0.35772,
  "z_anchor": 0.5
}
