{
  "apparent_gr_bias_vs_true": {
    "max": 6.8393856227853576,
    "mean": -2.0266680084936586,
    "min": -8.781279983321824,
    "p16": -4.034002135307442,
    "p50": -2.1981444828578134,
    "p84": 0.03567545369515417,
    "sd": 2.0506923018776093
  },
  "delta_local_minus_highz_gr": {
    "max": 17.815474103960582,
    "mean": 4.594267626021509,
    "min": -12.392395465446398,
    "p16": 1.1886166874881423,
    "p50": 4.716240519058189,
    "p84": 8.007549618089278,
    "sd": 3.482124886009625
  },
  "delta_local_minus_highz_mg": {
    "max": 16.46764612067401,
    "mean": 2.355445712776904,
    "min": -11.43190270795344,
    "p16": -0.8673760011301936,
    "p50": 2.4475077454838114,
    "p84": 5.592821838241243,
    "sd": 3.3075231289540117
  },
  "h0_highz_gr": {
    "max": 84.58873170360837,
    "mean": 68.66053740379314,
    "min": 56.773271554953965,
    "p16": 65.33469050518885,
    "p50": 68.53535094851983,
    "p84": 71.94429822917097,
    "sd": 3.335646799212673
  },
  "h0_highz_mg": {
    "max": 84.11171336850065,
    "mean": 70.89935931703775,
    "min": 59.39874890195257,
    "p16": 67.80940019028893,
    "p50": 70.80263508883536,
    "p84": 73.96497065147491,
    "sd": 3.153748249367048
  },
  "h0_local_obs": {
    "max": 77.35234254141658,
    "mean": 73.25480502981465,
    "min": 69.00903798307868,
    "p16": 72.26212791395528,
    "p50": 73.25582331987118,
    "p84": 74.24560249139533,
    "sd": 0.9990492589532936
  },
  "local_minus_highz_gr_sigma": 1.3193130129150028,
  "local_minus_highz_mg_sigma": 0.7119390876690741,
  "p_gr_above_local_ref": 0.09679,
  "p_gr_below_local_ref": 0.90321,
  "p_gr_below_planck_ref": 0.35986,
  "z_anchor": 0.35
}
