{
  "apparent_gr_bias_vs_true": {
    "max": 4.895583967362313,
    "mean": -1.4339607382743427,
    "min": -6.004239697942182,
    "p16": -2.814319012494822,
    "p50": -1.5283880342024716,
    "p84": -0.03657337688463802,
    "sd": 1.3979090691200415
  },
  "delta_local_minus_highz_gr": {
    "max": 17.343217528426756,
    "mean": 3.9687875694710284,
    "min": -11.474578342761959,
    "p16": 0.7848594018003678,
    "p50": 4.082929722703412,
    "p84": 7.155105312070617,
    "sd": 3.280584518408746
  },
  "delta_local_minus_highz_mg": {
    "max": 15.277300727926495,
    "mean": 2.3190193340000858,
    "min": -11.765515065158397,
    "p16": -0.9027940497008529,
    "p50": 2.426076519883388,
    "p84": 5.5561653977356364,
    "sd": 3.3100608078490383
  },
  "h0_highz_gr": {
    "max": 83.40887806521961,
    "mean": 69.27790630633017,
    "min": 58.11178047001978,
    "p16": 66.20507407120512,
    "p50": 69.16157091087543,
    "p84": 72.30707349598815,
    "sd": 3.1289135095123957
  },
  "h0_highz_mg": {
    "max": 83.84090427621344,
    "mean": 70.9276745418011,
    "min": 59.542519838997144,
    "p16": 67.8463069478121,
    "p50": 70.80976641587532,
    "p84": 73.979757872689,
    "sd": 3.1584615172001884
  },
  "h0_local_obs": {
    "max": 77.61514918534493,
    "mean": 73.24669387580118,
    "min": 68.8621057989972,
    "p16": 72.25570556059424,
    "p50": 73.2466530023924,
    "p84": 74.23675465185518,
    "sd": 0.9997109848581397
  },
  "local_minus_highz_gr_sigma": 1.208217506057207,
  "local_minus_highz_mg_sigma": 0.6999785165363649,
  "p_gr_above_local_ref": 0.11665,
  "p_gr_below_local_ref": 0.88335,
  "p_gr_below_planck_ref": 0.27818,
  "z_anchor": 0.2
}
