{
  "anchor_results": [
    {
      "apparent_gr_bias_vs_true": {
        "max": 4.895583967362313,
        "mean": -1.4339607382743427,
        "min": -6.004239697942182,
        "p16": -2.814319012494822,
        "p50": -1.5283880342024716,
        "p84": -0.03657337688463802,
        "sd": 1.3979090691200415
      },
      "delta_local_minus_highz_gr": {
        "max": 17.343217528426756,
        "mean": 3.9687875694710284,
        "min": -11.474578342761959,
        "p16": 0.7848594018003678,
        "p50": 4.082929722703412,
        "p84": 7.155105312070617,
        "sd": 3.280584518408746
      },
      "delta_local_minus_highz_mg": {
        "max": 15.277300727926495,
        "mean": 2.3190193340000858,
        "min": -11.765515065158397,
        "p16": -0.9027940497008529,
        "p50": 2.426076519883388,
        "p84": 5.5561653977356364,
        "sd": 3.3100608078490383
      },
      "h0_highz_gr": {
        "max": 83.40887806521961,
        "mean": 69.27790630633017,
        "min": 58.11178047001978,
        "p16": 66.20507407120512,
        "p50": 69.16157091087543,
        "p84": 72.30707349598815,
        "sd": 3.1289135095123957
      },
      "h0_highz_mg": {
        "max": 83.84090427621344,
        "mean": 70.9276745418011,
        "min": 59.542519838997144,
        "p16": 67.8463069478121,
        "p50": 70.80976641587532,
        "p84": 73.979757872689,
        "sd": 3.1584615172001884
      },
      "h0_local_obs": {
        "max": 77.61514918534493,
        "mean": 73.24669387580118,
        "min": 68.8621057989972,
        "p16": 72.25570556059424,
        "p50": 73.2466530023924,
        "p84": 74.23675465185518,
        "sd": 0.9997109848581397
      },
      "local_minus_highz_gr_sigma": 1.208217506057207,
      "local_minus_highz_mg_sigma": 0.6999785165363649,
      "p_gr_above_local_ref": 0.11665,
      "p_gr_below_local_ref": 0.88335,
      "p_gr_below_planck_ref": 0.27818,
      "z_anchor": 0.2
    },
    {
      "apparent_gr_bias_vs_true": {
        "max": 6.8393856227853576,
        "mean": -2.0266680084936586,
        "min": -8.781279983321824,
        "p16": -4.034002135307442,
        "p50": -2.1981444828578134,
        "p84": 0.03567545369515417,
        "sd": 2.0506923018776093
      },
      "delta_local_minus_highz_gr": {
        "max": 17.815474103960582,
        "mean": 4.594267626021509,
        "min": -12.392395465446398,
        "p16": 1.1886166874881423,
        "p50": 4.716240519058189,
        "p84": 8.007549618089278,
        "sd": 3.482124886009625
      },
      "delta_local_minus_highz_mg": {
        "max": 16.46764612067401,
        "mean": 2.355445712776904,
        "min": -11.43190270795344,
        "p16": -0.8673760011301936,
        "p50": 2.4475077454838114,
        "p84": 5.592821838241243,
        "sd": 3.3075231289540117
      },
      "h0_highz_gr": {
        "max": 84.58873170360837,
        "mean": 68.66053740379314,
        "min": 56.773271554953965,
        "p16": 65.33469050518885,
        "p50": 68.53535094851983,
        "p84": 71.94429822917097,
        "sd": 3.335646799212673
      },
      "h0_highz_mg": {
        "max": 84.11171336850065,
        "mean": 70.89935931703775,
        "min": 59.39874890195257,
        "p16": 67.80940019028893,
        "p50": 70.80263508883536,
        "p84": 73.96497065147491,
        "sd": 3.153748249367048
      },
      "h0_local_obs": {
        "max": 77.35234254141658,
        "mean": 73.25480502981465,
        "min": 69.00903798307868,
        "p16": 72.26212791395528,
        "p50": 73.25582331987118,
        "p84": 74.24560249139533,
        "sd": 0.9990492589532936
      },
      "local_minus_highz_gr_sigma": 1.3193130129150028,
      "local_minus_highz_mg_sigma": 0.7119390876690741,
      "p_gr_above_local_ref": 0.09679,
      "p_gr_below_local_ref": 0.90321,
      "p_gr_below_planck_ref": 0.35986,
      "z_anchor": 0.35
    },
    {
      "apparent_gr_bias_vs_true": {
        "max": 9.350638787206279,
        "mean": -1.8186124583782255,
        "min": -9.585753294223167,
        "p16": -4.327317336620973,
        "p50": -2.065204374224848,
        "p84": 0.748856027169292,
        "sd": 2.5974912361942764
      },
      "delta_local_minus_highz_gr": {
        "max": 18.768751216590516,
        "mean": 4.391838439385311,
        "min": -13.7397198765416,
        "p16": 0.6946190536798588,
        "p50": 4.55441253502854,
        "p84": 8.11792014444514,
        "sd": 3.7790749061156528
      },
      "delta_local_minus_highz_mg": {
        "max": 14.740199084193456,
        "mean": 2.363670423841898,
        "min": -11.89905018225285,
        "p16": -0.8578811437716479,
        "p50": 2.45507325374777,
        "p84": 5.599869665190845,
        "sd": 3.302047318548228
      },
      "h0_highz_gr": {
        "max": 85.8045461698983,
        "mean": 68.85501933884605,
        "min": 56.21569953872163,
        "p16": 65.2283319312804,
        "p50": 68.6770660886625,
        "p84": 72.41907207446869,
        "sd": 3.641848603465419
      },
      "h0_highz_mg": {
        "max": 83.96065754258672,
        "mean": 70.88318735438946,
        "min": 59.540043305568304,
        "p16": 67.81790899834236,
        "p50": 70.78477725591469,
        "p84": 73.94439180329049,
        "sd": 3.1468033408617933
      },
      "h0_local_obs": {
        "max": 77.71789918179971,
        "mean": 73.24685777823136,
        "min": 68.78890215040542,
        "p16": 72.25086273890355,
        "p50": 73.24718914719706,
        "p84": 74.24170382408204,
        "sd": 1.0013876422649501
      },
      "local_minus_highz_gr_sigma": 1.1628936041376796,
      "local_minus_highz_mg_sigma": 0.7158572658585493,
      "p_gr_above_local_ref": 0.12526,
      "p_gr_below_local_ref": 0.87474,
      "p_gr_below_planck_ref": 0.35772,
      "z_anchor": 0.5
    },
    {
      "apparent_gr_bias_vs_true": {
        "max": 11.71094173291553,
        "mean": -0.9703200216323504,
        "min": -10.560867755705772,
        "p16": -3.8191305935867312,
        "p50": -1.284022096157372,
        "p84": 1.9376408490686714,
        "sd": 2.9887409772398317
      },
      "delta_local_minus_highz_gr": {
        "max": 18.881583126188886,
        "mean": 3.541882652979148,
        "min": -14.887067396977443,
        "p16": -0.46766318671700613,
        "p50": 3.7487488473137915,
        "p84": 7.638580358644964,
        "sd": 4.107198112336074
      },
      "delta_local_minus_highz_mg": {
        "max": 15.30780752917606,
        "mean": 2.358612002569415,
        "min": -11.062766296483531,
        "p16": -0.8685637859253739,
        "p50": 2.453630937824819,
        "p84": 5.605194864551738,
        "sd": 3.3205077064336406
      },
      "h0_highz_gr": {
        "max": 87.29523758468125,
        "mean": 69.70948627676387,
        "min": 56.08601268780357,
        "p16": 65.72144246877329,
        "p50": 69.47548676990215,
        "p84": 73.60248266239869,
        "sd": 3.9813860183626595
      },
      "h0_highz_mg": {
        "max": 83.43249089768395,
        "mean": 70.89275692717361,
        "min": 59.511404511884095,
        "p16": 67.81513193433112,
        "p50": 70.78586647237498,
        "p84": 73.94832026344838,
        "sd": 3.1616891486142897
      },
      "h0_local_obs": {
        "max": 77.16905116415545,
        "mean": 73.25136892974301,
        "min": 68.68575696503498,
        "p16": 72.25557373927333,
        "p50": 73.25110977703612,
        "p84": 74.24695768423862,
        "sd": 1.0025312381590692
      },
      "local_minus_highz_gr_sigma": 0.8628111094783558,
      "local_minus_highz_mg_sigma": 0.7112686113192571,
      "p_gr_above_local_ref": 0.1961,
      "p_gr_below_local_ref": 0.8039,
      "p_gr_below_planck_ref": 0.29136,
      "z_anchor": 0.62
    }
  ],
  "draws_total": 1600,
  "draws_used": 1600,
  "h0_posterior_mg_truth": {
    "max": 81.34840392208962,
    "mean": 70.68931182042479,
    "min": 60.443182238538995,
    "p16": 67.69470401834123,