{
  "apparent_gr_bias_vs_true": {
    "max": 4.6803086975401555,
    "mean": -2.8128410411743117,
    "min": -6.367104055894984,
    "p16": -4.539577263923891,
    "p50": -3.213430365604623,
    "p84": -0.889382000960224,
    "sd": 1.9677936183319735
  },
  "delta_local_minus_highz_gr": {
    "max": 11.16152014109155,
    "mean": 5.129219576782718,
    "min": -5.654862765446865,
    "p16": 1.7791081982194423,
    "p50": 5.466729850081656,
    "p84": 8.013529706286784,
    "sd": 3.3069746319901245
  },
  "delta_local_minus_highz_mg": {
    "max": 9.007285766232826,
    "mean": 2.267229286204221,
    "min": -5.310401910382069,
    "p16": -0.2711621561577755,
    "p50": 2.4538094021282575,
    "p84": 4.721072130560045,
    "sd": 2.7637321788256144
  },
  "h0_highz_gr": {
    "max": 78.20165058259155,
    "mean": 68.0734444703874,
    "min": 62.69336065779104,
    "p16": 65.0974334781242,
    "p50": 67.63525139108827,
    "p84": 71.00885264264144,
    "sd": 3.181013535967012
  },
  "h0_highz_mg": {
    "max": 77.85718972752676,
    "mean": 70.9354347609659,
    "min": 64.54629772065756,
    "p16": 68.41140169654776,
    "p50": 70.84416952678694,
    "p84": 73.16949640015436,
    "sd": 2.628971270014422
  },
  "h0_local_obs": {
    "max": 75.41725288763568,
    "mean": 73.20266404717012,
    "min": 71.22997122509918,
    "p16": 72.21637856651952,
    "p50": 73.27804750937872,
    "p84": 74.16883751509035,
    "sd": 0.9545119302473865
  },
  "local_minus_highz_gr_sigma": 1.5382304770771484,
  "local_minus_highz_mg_sigma": 0.806058018755857,
  "p_gr_above_local_ref": 0.08,
  "p_gr_below_local_ref": 0.92,
  "p_gr_below_planck_ref": 0.46,
  "z_anchor": 0.35
}
