{
  "apparent_gr_bias_vs_true": {
    "max": 2.0688728943630537,
    "mean": -2.002196185073856,
    "min": -4.7233082342017525,
    "p16": -3.1701420411077934,
    "p50": -2.1366498717007048,
    "p84": -0.9032499516786568,
    "sd": 1.267164800474819
  },
  "delta_local_minus_highz_gr": {
    "max": 11.932557541335314,
    "mean": 4.203112486559934,
    "min": -4.214113191035906,
    "p16": 1.2603754895418926,
    "p50": 4.838922390812314,
    "p84": 6.919008837600621,
    "sd": 3.117062055037229
  },
  "delta_local_minus_highz_mg": {
    "max": 10.112671430892824,
    "mean": 2.2504074247171046,
    "min": -4.438919698400454,
    "p16": -0.9860903496535406,
    "p50": 2.8538384915960364,
    "p84": 5.019609092028763,
    "sd": 2.9607163532808904
  },
  "h0_highz_gr": {
    "max": 77.56526764032162,
    "mean": 68.5486105938788,
    "min": 62.05666552153943,
    "p16": 65.69143785029117,
    "p50": 67.90470031100733,
    "p84": 71.44143760507902,
    "sd": 3.0786856905830566
  },
  "h0_highz_mg": {
    "max": 77.45737918954248,
    "mean": 70.50131565572163,
    "min": 63.87655163198192,
    "p16": 67.88277798196039,
    "p50": 69.87438332700253,
    "p84": 73.4014197156013,
    "sd": 2.8878246110066246
  },
  "h0_local_obs": {
    "max": 74.70063875996745,
    "mean": 72.75172308043874,
    "min": 69.97060462502405,
    "p16": 71.82148278461602,
    "p50": 72.77461679583237,
    "p84": 73.73487993586534,
    "sd": 0.9639922563157984
  },
  "local_minus_highz_gr_sigma": 1.2984507548190216,
  "local_minus_highz_mg_sigma": 0.7363742923825849,
  "p_gr_above_local_ref": 0.09,
  "p_gr_below_local_ref": 0.91,
  "p_gr_below_planck_ref": 0.44,
  "z_anchor": 0.2
}
