{
  "h0_apparent_gr_bias_q16": [
    0.0,
    -0.13736075961376343,
    -0.2739562683639781,
    -0.4094983077389571,
    -0.5441346283292574,
    -0.6776128287670048,
    -0.809795655841325,
    -0.9395266719480116,
    -1.0676668582467004,
    -1.1940692323062132,
    -1.3189771316173016,
    -1.4420759848084623,
    -1.5633721495967734,
    -1.6827709804976836,
    -1.8002331592340641,
    -1.91657636515349,
    -2.0317437086273213,
    -2.1450993836118295,
    -2.256521304274555,
    -2.3667586758740726,
    -2.475276195540697,
    -2.5819430214378003,
    -2.686546491994035,
    -2.789238751889445,
    -2.889953962901829,
    -2.9901611251500197,
    -3.086971169434526,
    -3.1817272397424197,
    -3.2741359387760918,
    -3.3644362254281277,
    -3.4523291419167226,
    -3.5405737480839217,
    -3.6288031474343727,
    -3.7151019738155497,
    -3.7992898493096487,
    -3.8814684179939025,
    -3.9586027566268753,
    -4.018365205596534,
    -4.074423237438474,
    -4.126751624504578,
    -4.175227279431934,
    -4.219756837104962,
    -4.260284113524811,
    -4.296642859501123,
    -4.346166301847328,
    -4.401305661926704,
    -4.455816886571497,
    -4.508041772593849,
    -4.548677978549188,
    -4.576019355428903,
    -4.600037174465847,
    -4.6203668843585,
    -4.627764418863577,
    -4.633277869696423,
    -4.65778187958206,
    -4.66611016410857,
    -4.668466161345984,
    -4.666913966274794,
    -4.661893344907167,
    -4.656782826448555,
    -4.648102880811343,
    -4.63560905402789,
    -4.619456309975946,
    -4.599468079370868,
    -4.574090687233566,
    -4.526284104726127,
    -4.4468164387421405,
    -4.427672460740925,
    -4.43644406430562,
    -4.425741098823304,
    -4.368536341036098,
    -4.314741526911826,
    -4.300052811533688,
    -4.25497752835825,
    -4.206079791135135,
    -4.156192242971589,
    -4.102469312149905,
    -4.0364337414129885,
    -3.9845461289737223,
    -3.9407234806862808
  ],
  "h0_apparent_gr_bias_q50": [
    0.0,
    -0.09494844669587366,
    -0.18919747585410107,
    -0.2824705580763478,
    -0.3749238145882927,
    -0.4663159479450485,
    -0.5567674048372098,
    -0.6460735806775517,
    -0.7343178619631558,
    -0.821333829334634,
    -0.9071663687820148,
    -0.9916887741967599,
    -1.0749059310795488,
    -1.1567324148889497,
    -1.2371315455495306,
    -1.3160607938293793,
    -1.3943803557549046,
    -1.4723939896223968,
    -1.5473736105831861,
    -1.6188676097101222,
    -1.690975944493033,
    -1.7615813227126864,
    -1.8304848256733735,
    -1.897837663512071,
    -1.9633953415867254,
    -2.0273575997713564,
    -2.0894333497419737,
    -2.1498642170463143,
    -2.2041330415322733,
    -2.254940945253182,
    -2.303185435969425,
    -2.349090109894803,
    -2.391929111374189,
    -2.4294716742306335,
    -2.4638952026466256,
    -2.4958089413308286,
    -2.5288067931948817,
    -2.5671322753107404,
    -2.6030924938107916,
    -2.6366876659946783,
    -2.6812746296361283,
    -2.7273203991715746,
    -2.7721506126298223,
    -2.8089192903582827,
    -2.8390383355164843,
    -2.8607214309313704,
    -2.8750518753779772,
    -2.8866244785170707,
    -2.9048578048651024,
    -2.9316793958806713,
    -2.948168215847417,
    -2.9523494909139565,
    -2.952752944851113,
    -2.950231448893426,
    -2.9452347334298707,
    -2.9374159635528727,
    -2.9270813031951803,
    -2.917619252949706,
    -2.9217464497787375,
    -2.9273744649039983,
    -2.94578518416737,
    -2.948459762919363,
    -2.919016324887302,
    -2.8926849488865116,
    -2.8583095699067655,
    -2.8187043403296173,
    -2.795494049422018,
    -2.769821671120603,
    -2.7375104530209384,
    -2.6786226040101226,
    -2.621219307036192,
    -2.5919605594512944,
    -2.5899624177500584,
    -2.559861807964168,
    -2.5056530554417122,
    -2.4164514373669306,
    -2.3139527771565582,
    -2.2485340196264048,
    -2.136847474828599,
    -2.047085158484272
  ],
  "h0_apparent_gr_bias_q84": [
    0.0,
    -0.050145624528786924,
    -0.09979162178985178,
    -0.1484340757361707,
    -0.19613726110875745,
    -0.24274675241222496,
    -0.2884167162938911,
    -0.33293459375182866,
    -0.37641194605824185,
    -0.41923331600377767,
    -0.46280433983318575,
    -0.5048172604102587,
    -0.5459833682703045,
    -0.5862439703190166,
    -0.6255906387915395,
    -0.6640084371694499,
    -0.7007625739930072,
    -0.7359148754573156,
    -0.7698450683301301,
    -0.8026250154848759,
    -0.8341108149828648,
    -0.864420400310409,
    -0.8922876957927673,
    -0.9167787392110586,
    -0.9394632922287832,
    -0.9605686948289275,
    -0.979773824267167,
    -0.9973520217489852,
    -1.0129535463542327,
    -1.0268556524275696,
    -1.0387399988409554,
    -1.0488356321375543,
    -1.0568737581046046,
    -1.0630341561270333,
    -1.0670992395820744,
    -1.069198648236473,
    -1.0691674520944083,
    -1.0668306446827314,
    -1.0592905407978634,
    -1.0648860564157412,
    -1.0648076222714213,
    -1.063111712475755,
    -1.0598117252619894,
    -1.0548499330852443,
    -1.0482894471816149,
    -1.0318698643680555,
    -1.0091069864482498,
    -0.9836940408791959,
    -0.9554639188731182,
    -0.9440804154423087,
    -0.929288087061693,
    -0.9156635430823746,
    -0.9192873674571916,
    -0.9222898337333282,
    -0.9248633660181371,
    -0.9204860757721278,
    -0.9090748137363927,
    -0.8838862126647089,
    -0.8535089517592371,
    -0.8207928298627887,
    -0.7859067154419462,
    -0.7348045058835382,
    -0.7168805085542105,
    -0.7028811324936145,
    -0.6867793106217971,
    -0.6454919790024439,
    -0.6022754163889408,
    -0.5502600031550836,
    -0.47614466332985417,
    -0.3919249678834917,
    -0.3186000272929891,
    -0.24190479641403498,
    -0.15096936816853043,
    -0.06256473664057702,
    0.02880836718361307,
    0.12288627198902877,
    0.2199362536283895,
    0.31962357829696386,
    0.42227334853375076,
    0.5274799147813005
  ],
  "h_ratio_planck_q16": [
    1.009699812613645,
    1.0089089106809157,
    1.0081560506014644,
    1.007437543011218,
    1.0067323039709373,
    1.0057624788416961,
    1.0048986585923398,
    1.0042409127919667,
    1.0036826367634044,
    1.0031407345731025,
    1.002623244118766,
    1.0020135935716195,
    1.0014183799259144,
    1.0008406630019873,
    1.0002807292890512,
    0.999682120584228,
    0.9991372371371929,
    0.9986620676927416,
    0.9979671863339107,
    0.9973009772368506,
    0.9966528549986085,
    0.9959856979370804,
    0.9952562327652361,
    0.9945509845762066,
    0.9938739493827126,
    0.9932221704486209,
    0.9928939840994196,
    0.9926821138207865,
    0.9922059121698689,
    0.9915529150867733,
    0.9908442406300774,
    0.9901559871461546,
    0.9894913375389394,
    0.9890834874007007,
    0.9886388257847986,
    0.9882175891885623,
    0.9878323498193808,
    0.9874823354316378,
    0.9871695704716891,
    0.9868940810885038,
    0.9866571013884992,
    0.9864594788004224,
    0.9862772341045436,
    0.9861201621489531,
    0.9860048926632229,
    0.9859341235636613,
    0.9859064875373643,
    0.9859256238182519,
    0.9859891572175457,
    0.986101708224552,
    0.9861843854642185,
    0.9862468166748084,
    0.986349634617629,
    0.9864381993563462,
    0.9865087848497267,
    0.9868062441385855,
    0.9872473092562519,
    0.9877360432976814,
    0.9882686929083195,
    0.9887382003152495,
    0.9892148802368265,
    0.9897347285012817,
    0.9902958714109157,
    0.9908344370402132,
    0.9913214943431664,
    0.9918507377028116,
    0.9924220100418734,
    0.993259928370131,
    0.9943542098885626,
    0.995515298215083,
    0.9966286303375391,
    0.9976844653210105,
    0.9986175757314661,
    0.9997670599376578,
    1.00083801691153,
    1.0019990574178708,
    1.0028840739308902,
    1.003533144248286,
    1.0052746626872353,
    1.0069285012877467
  ],