{
  "anchor_results": [
    {
      "apparent_gr_bias_vs_true": {
        "max": 2.0688728943630537,
        "mean": -2.002196185073856,
        "min": -4.7233082342017525,
        "p16": -3.1701420411077934,
        "p50": -2.1366498717007048,
        "p84": -0.9032499516786568,
        "sd": 1.267164800474819
      },
      "delta_local_minus_highz_gr": {
        "max": 11.932557541335314,
        "mean": 4.203112486559934,
        "min": -4.214113191035906,
        "p16": 1.2603754895418926,
        "p50": 4.838922390812314,
        "p84": 6.919008837600621,
        "sd": 3.117062055037229
      },
      "delta_local_minus_highz_mg": {
        "max": 10.112671430892824,
        "mean": 2.2504074247171046,
        "min": -4.438919698400454,
        "p16": -0.9860903496535406,
        "p50": 2.8538384915960364,
        "p84": 5.019609092028763,
        "sd": 2.9607163532808904
      },
      "h0_highz_gr": {
        "max": 77.56526764032162,
        "mean": 68.5486105938788,
        "min": 62.05666552153943,
        "p16": 65.69143785029117,
        "p50": 67.90470031100733,
        "p84": 71.44143760507902,
        "sd": 3.0786856905830566
      },
      "h0_highz_mg": {
        "max": 77.45737918954248,
        "mean": 70.50131565572163,
        "min": 63.87655163198192,
        "p16": 67.88277798196039,
        "p50": 69.87438332700253,
        "p84": 73.4014197156013,
        "sd": 2.8878246110066246
      },
      "h0_local_obs": {
        "max": 74.70063875996745,
        "mean": 72.75172308043874,
        "min": 69.97060462502405,
        "p16": 71.82148278461602,
        "p50": 72.77461679583237,
        "p84": 73.73487993586534,
        "sd": 0.9639922563157984
      },
      "local_minus_highz_gr_sigma": 1.2984507548190216,
      "local_minus_highz_mg_sigma": 0.7363742923825849,
      "p_gr_above_local_ref": 0.09,
      "p_gr_below_local_ref": 0.91,
      "p_gr_below_planck_ref": 0.44,
      "z_anchor": 0.2
    },
    {
      "apparent_gr_bias_vs_true": {
        "max": 4.6803086975401555,
        "mean": -2.8128410411743117,
        "min": -6.367104055894984,
        "p16": -4.539577263923891,
        "p50": -3.213430365604623,
        "p84": -0.889382000960224,
        "sd": 1.9677936183319735
      },
      "delta_local_minus_highz_gr": {
        "max": 11.16152014109155,
        "mean": 5.129219576782718,
        "min": -5.654862765446865,
        "p16": 1.7791081982194423,
        "p50": 5.466729850081656,
        "p84": 8.013529706286784,
        "sd": 3.3069746319901245
      },
      "delta_local_minus_highz_mg": {
        "max": 9.007285766232826,
        "mean": 2.267229286204221,
        "min": -5.310401910382069,
        "p16": -0.2711621561577755,
        "p50": 2.4538094021282575,
        "p84": 4.721072130560045,
        "sd": 2.7637321788256144
      },
      "h0_highz_gr": {
        "max": 78.20165058259155,
        "mean": 68.0734444703874,
        "min": 62.69336065779104,
        "p16": 65.0974334781242,
        "p50": 67.63525139108827,
        "p84": 71.00885264264144,
        "sd": 3.181013535967012
      },
      "h0_highz_mg": {
        "max": 77.85718972752676,
        "mean": 70.9354347609659,
        "min": 64.54629772065756,
        "p16": 68.41140169654776,
        "p50": 70.84416952678694,
        "p84": 73.16949640015436,
        "sd": 2.628971270014422
      },
      "h0_local_obs": {
        "max": 75.41725288763568,
        "mean": 73.20266404717012,
        "min": 71.22997122509918,
        "p16": 72.21637856651952,
        "p50": 73.27804750937872,
        "p84": 74.16883751509035,
        "sd": 0.9545119302473865
      },
      "local_minus_highz_gr_sigma": 1.5382304770771484,
      "local_minus_highz_mg_sigma": 0.806058018755857,
      "p_gr_above_local_ref": 0.08,
      "p_gr_below_local_ref": 0.92,
      "p_gr_below_planck_ref": 0.46,
      "z_anchor": 0.35
    }
  ],
  "draws_total": 1600,
  "draws_used": 128,
  "h0_posterior_mg_truth": {
    "max": 77.604560342117,
    "mean": 70.65397546265478,
    "min": 64.53888397283744,
    "p16": 68.05376737015968,
    "p50": 70.5564149376547,
    "p84": 73.44815957279728,
    "sd": 2.7167189630994764
  },
  "h0_tension_projection": {
    "anchor_gap_local_minus_gr": 4.666166031671338,
    "anchor_gap_local_minus_gr_sigma": 1.4252394849027812,
    "anchor_gap_local_minus_mg": 2.2588183554606758,
    "anchor_gap_local_minus_mg_sigma": 0.7726940182035854,
    "anchor_h0_gr_between_z_sd": 0.3359931881108971,
    "anchor_h0_gr_internal_sd": 3.1302677758784654,
    "anchor_h0_gr_mean": 68.3110275321331,
    "anchor_h0_local_internal_sd": 0.9592638050144016,
    "anchor_h0_local_mean": 72.97719356380443,
    "anchor_h0_mg_between_z_sd": 0.30696856316086557,
    "anchor_h0_mg_internal_sd": 2.7614326827298186,
    "anchor_h0_mg_mean": 70.71837520834376,
    "baseline_local_minus_planck": 5.599999999999994,
    "mg_p50_minus_local": -2.4435850623453064,
    "mg_p50_minus_planck": 3.156414937654688,
    "mg_sigma_vs_local": -0.8440941529067132,
    "mg_sigma_vs_planck": 1.1426568551234615,
    "tension_relief_fraction_anchor_gr": 0.16268348788090914,
    "tension_relief_fraction_anchor_mg": 0.5925670014899564,
    "tension_relief_fraction_vs_planck_local_baseline": 0.5636455245811949
  },
  "n_rep_per_anchor": 100,
  "references": {
    "gr_omega_fixed": 0.315,
    "gr_omega_mode": "sample",
    "h0_local_ref": 73.0,
    "h0_local_sigma": 1.0,
    "h0_planck_ref": 67.4,
    "h0_planck_sigma": 0.5,
    "highz_bias_frac": 0.0,
    "local_bias": 0.0,
    "local_mode": "external",
    "omega_m_planck": 0.315,
    "sigma_highz_frac": 0.01
  },
  "run_dir": "/home/primary/O3-Modified-Gravity-Hubble-Resolution/outputs/finalization/highpower_multistart_v2/M0_start101",
  "timestamp_utc": "20260210_054944UTC",
  "z_anchors": [
    0.2,
    0.35
  ],
  "z_max": 0.62,
  "z_n": 80
}
