{
  "apparent_gr_bias_vs_true": {
    "max": 7.430602349534794,
    "mean": -2.429938038568519,
    "min": -8.481950217734479,
    "p16": -4.443153790180904,
    "p50": -2.5957849938758173,
    "p84": -0.37818800916917666,
    "sd": 2.044242032664687
  },
  "delta_local_minus_highz_gr": {
    "max": 18.567602929143128,
    "mean": 4.990033181999177,
    "min": -11.57945534414543,
    "p16": 1.6012363033498247,
    "p50": 5.113243191607019,
    "p84": 8.387954045317084,
    "sd": 3.4641200257296214
  },
  "delta_local_minus_highz_mg": {
    "max": 15.189973979284773,
    "mean": 2.7728103745553008,
    "min": -11.150058088301947,
    "p16": -0.42655420803029587,
    "p50": 2.8715897934396892,
    "p84": 5.9861702286856735,
    "sd": 3.2878770175047736
  },
  "h0_highz_gr": {
    "max": 83.75409272698681,
    "mean": 68.2642134785122,
    "min": 56.06699452402735,
    "p16": 64.98895026332899,
    "p50": 68.1228546926632,
    "p84": 71.53293583572481,
    "sd": 3.3118298943074227
  },
  "h0_highz_mg": {
    "max": 83.03408575765916,
    "mean": 70.4814362859561,
    "min": 58.8655913458338,
    "p16": 67.44583583306635,
    "p50": 70.36895059787577,
    "p84": 73.50118621940001,
    "sd": 3.129202966321184
  },
  "h0_local_obs": {
    "max": 78.38245045131409,
    "mean": 73.25424666051138,
    "min": 69.07508327182529,
    "p16": 72.25620979143746,
    "p50": 73.25710183639205,
    "p84": 74.25006070191228,
    "sd": 1.0008169976679884
  },
  "local_minus_highz_gr_sigma": 1.442409923402906,
  "local_minus_highz_mg_sigma": 0.8440554698576566,
  "p_gr_above_local_ref": 0.0781,
  "p_gr_below_local_ref": 0.9219,
  "p_gr_below_planck_ref": 0.40779,
  "z_anchor": 0.35
}
