{
  "apparent_gr_bias_vs_true": {
    "max": 4.400253762211534,
    "mean": -1.8496430815120377,
    "min": -6.734362944020134,
    "p16": -3.221212968292282,
    "p50": -1.9454247660529163,
    "p84": -0.4602965136231804,
    "sd": 1.3913539340604082
  },
  "delta_local_minus_highz_gr": {
    "max": 16.625223051703337,
    "mean": 4.4057278509306945,
    "min": -10.992815972677718,
    "p16": 1.2426027399337902,
    "p50": 4.512395249120573,
    "p84": 7.587797879956009,
    "sd": 3.2601716057576446
  },
  "delta_local_minus_highz_mg": {
    "max": 14.76866925505162,
    "mean": 2.7673268811689096,
    "min": -10.998005278563298,
    "p16": -0.4354028610142273,
    "p50": 2.8686069305469033,
    "p84": 5.97735110147133,
    "sd": 3.2895465605903778
  },
  "h0_highz_gr": {
    "max": 82.74935954116499,
    "mean": 68.84718208313735,
    "min": 57.98147984664868,
    "p16": 65.80224437801846,
    "p50": 68.73883625141349,
    "p84": 71.83748470217182,
    "sd": 3.0994783565497714
  },
  "h0_highz_mg": {
    "max": 82.56710512715149,
    "mean": 70.48558305289914,
    "min": 59.08522409541953,
    "p16": 67.43592736116254,
    "p50": 70.37436801163389,
    "p84": 73.52479076516714,
    "sd": 3.1308100910459804
  },
  "h0_local_obs": {
    "max": 77.47091821379499,
    "mean": 73.25290993406806,
    "min": 68.73974528230217,
    "p16": 72.26162811910645,
    "p50": 73.25389234950833,
    "p84": 74.24589391223485,
    "sd": 1.0004539497162497
  },
  "local_minus_highz_gr_sigma": 1.3527768760431857,
  "local_minus_highz_mg_sigma": 0.8419938931406659,
  "p_gr_above_local_ref": 0.09228,
  "p_gr_below_local_ref": 0.90772,
  "p_gr_below_planck_ref": 0.32325,
  "z_anchor": 0.2
}
