{
  "apparent_gr_bias_vs_true": {
    "max": 9.562596903516791,
    "mean": -2.2238727481400606,
    "min": -10.279394731768058,
    "p16": -4.715865453203348,
    "p50": -2.4737932101683455,
    "p84": 0.3447948322460335,
    "sd": 2.5849509039034433
  },
  "delta_local_minus_highz_gr": {
    "max": 18.939354494747533,
    "mean": 4.792509176908792,
    "min": -12.989284607692468,
    "p16": 1.1097432065287354,
    "p50": 4.960743465837908,
    "p84": 8.514753401921597,
    "sd": 3.773829147241409
  },
  "delta_local_minus_highz_mg": {
    "max": 15.479739586107577,
    "mean": 2.7801581722917583,
    "min": -10.84449887018657,
    "p16": -0.4349834829445666,
    "p50": 2.8909926278453497,
    "p84": 5.991367076348826,
    "sd": 3.289761308771525
  },
  "h0_highz_gr": {
    "max": 85.60113103103781,
    "mean": 68.45672426108732,
    "min": 55.737702639395835,
    "p16": 64.83796253657816,
    "p50": 68.28693824536171,
    "p84": 72.0113384325558,
    "sd": 3.6375022750582398
  },
  "h0_highz_mg": {
    "max": 83.27725243843445,
    "mean": 70.46907526570433,
    "min": 58.83931793575434,
    "p16": 67.39398918272715,
    "p50": 70.35204048658053,
    "p84": 73.52834827469293,
    "sd": 3.136348974170835
  },
  "h0_local_obs": {
    "max": 77.63363276760724,
    "mean": 73.24923343799611,
    "min": 68.72777941049553,
    "p16": 72.25828336844121,
    "p50": 73.25073471456238,
    "p84": 74.24597855869308,
    "sd": 1.001463731220483
  },
  "local_minus_highz_gr_sigma": 1.2703950488945148,
  "local_minus_highz_mg_sigma": 0.8445420586564384,
  "p_gr_above_local_ref": 0.10444,
  "p_gr_below_local_ref": 0.89556,
  "p_gr_below_planck_ref": 0.40166,
  "z_anchor": 0.5
}
