{
  "apparent_gr_bias_vs_true": {
    "max": 11.432610941903306,
    "mean": -1.397523785407423,
    "min": -10.52779708989749,
    "p16": -4.2424561961972,
    "p50": -1.7016944321250875,
    "p84": 1.510388210203511,
    "sd": 2.985913641482595
  },
  "delta_local_minus_highz_gr": {
    "max": 18.952015861885563,
    "mean": 3.9627528478291754,
    "min": -14.606490657036332,
    "p16": -0.03295097611740232,
    "p50": 4.159090777007783,
    "p84": 8.028654677308698,
    "sd": 4.069234533690303
  },
  "delta_local_minus_highz_mg": {
    "max": 15.640526816670693,
    "mean": 2.7778607506039616,
    "min": -11.096038514214442,
    "p16": -0.41418163371740946,
    "p50": 2.8676036827759717,
    "p84": 5.984750401815984,
    "sd": 3.2892317585724484
  },
  "h0_highz_gr": {
    "max": 86.86618158749565,
    "mean": 69.28724385668039,
    "min": 55.459444146334526,
    "p16": 65.3184346084755,
    "p50": 69.07488994494716,
    "p84": 73.14355758416457,
    "sd": 3.943965059547671
  },
  "h0_highz_mg": {
    "max": 83.1297737589606,
    "mean": 70.4721359539056,
    "min": 58.521995137911354,
    "p16": 67.40979325240704,
    "p50": 70.36527686726663,
    "p84": 73.5008101188403,
    "sd": 3.134239254392183
  },
  "h0_local_obs": {
    "max": 77.76757517569519,
    "mean": 73.24999670450957,
    "min": 69.13544407706887,
    "p16": 72.25286540044276,
    "p50": 73.25580047101526,
    "p84": 74.23766312482124,
    "sd": 0.9984581412767932
  },
  "local_minus_highz_gr_sigma": 0.9739445359081705,
  "local_minus_highz_mg_sigma": 0.8443597049565914,
  "p_gr_above_local_ref": 0.16852,
  "p_gr_below_local_ref": 0.83148,
  "p_gr_below_planck_ref": 0.3286,
  "z_anchor": 0.62
}
