{
  "anchor_results": [
    {
      "apparent_gr_bias_vs_true": {
        "max": 4.400253762211534,
        "mean": -1.8496430815120377,
        "min": -6.734362944020134,
        "p16": -3.221212968292282,
        "p50": -1.9454247660529163,
        "p84": -0.4602965136231804,
        "sd": 1.3913539340604082
      },
      "delta_local_minus_highz_gr": {
        "max": 16.625223051703337,
        "mean": 4.4057278509306945,
        "min": -10.992815972677718,
        "p16": 1.2426027399337902,
        "p50": 4.512395249120573,
        "p84": 7.587797879956009,
        "sd": 3.2601716057576446
      },
      "delta_local_minus_highz_mg": {
        "max": 14.76866925505162,
        "mean": 2.7673268811689096,
        "min": -10.998005278563298,
        "p16": -0.4354028610142273,
        "p50": 2.8686069305469033,
        "p84": 5.97735110147133,
        "sd": 3.2895465605903778
      },
      "h0_highz_gr": {
        "max": 82.74935954116499,
        "mean": 68.84718208313735,
        "min": 57.98147984664868,
        "p16": 65.80224437801846,
        "p50": 68.73883625141349,
        "p84": 71.83748470217182,
        "sd": 3.0994783565497714
      },
      "h0_highz_mg": {
        "max": 82.56710512715149,
        "mean": 70.48558305289914,
        "min": 59.08522409541953,
        "p16": 67.43592736116254,
        "p50": 70.37436801163389,
        "p84": 73.52479076516714,
        "sd": 3.1308100910459804
      },
      "h0_local_obs": {
        "max": 77.47091821379499,
        "mean": 73.25290993406806,
        "min": 68.73974528230217,
        "p16": 72.26162811910645,
        "p50": 73.25389234950833,
        "p84": 74.24589391223485,
        "sd": 1.0004539497162497
      },
      "local_minus_highz_gr_sigma": 1.3527768760431857,
      "local_minus_highz_mg_sigma": 0.8419938931406659,
      "p_gr_above_local_ref": 0.09228,
      "p_gr_below_local_ref": 0.90772,
      "p_gr_below_planck_ref": 0.32325,
      "z_anchor": 0.2
    },
    {
      "apparent_gr_bias_vs_true": {
        "max": 7.430602349534794,
        "mean": -2.429938038568519,
        "min": -8.481950217734479,
        "p16": -4.443153790180904,
        "p50": -2.5957849938758173,
        "p84": -0.37818800916917666,
        "sd": 2.044242032664687
      },
      "delta_local_minus_highz_gr": {
        "max": 18.567602929143128,
        "mean": 4.990033181999177,
        "min": -11.57945534414543,
        "p16": 1.6012363033498247,
        "p50": 5.113243191607019,
        "p84": 8.387954045317084,
        "sd": 3.4641200257296214
      },
      "delta_local_minus_highz_mg": {
        "max": 15.189973979284773,
        "mean": 2.7728103745553008,
        "min": -11.150058088301947,
        "p16": -0.42655420803029587,
        "p50": 2.8715897934396892,
        "p84": 5.9861702286856735,
        "sd": 3.2878770175047736
      },
      "h0_highz_gr": {
        "max": 83.75409272698681,
        "mean": 68.2642134785122,
        "min": 56.06699452402735,
        "p16": 64.98895026332899,
        "p50": 68.1228546926632,
        "p84": 71.53293583572481,
        "sd": 3.3118298943074227
      },
      "h0_highz_mg": {
        "max": 83.03408575765916,
        "mean": 70.4814362859561,
        "min": 58.8655913458338,
        "p16": 67.44583583306635,
        "p50": 70.36895059787577,
        "p84": 73.50118621940001,
        "sd": 3.129202966321184
      },
      "h0_local_obs": {
        "max": 78.38245045131409,
        "mean": 73.25424666051138,
        "min": 69.07508327182529,
        "p16": 72.25620979143746,
        "p50": 73.25710183639205,
        "p84": 74.25006070191228,
        "sd": 1.0008169976679884
      },
      "local_minus_highz_gr_sigma": 1.442409923402906,
      "local_minus_highz_mg_sigma": 0.8440554698576566,
      "p_gr_above_local_ref": 0.0781,
      "p_gr_below_local_ref": 0.9219,
      "p_gr_below_planck_ref": 0.40779,
      "z_anchor": 0.35
    },
    {
      "apparent_gr_bias_vs_true": {
        "max": 9.562596903516791,
        "mean": -2.2238727481400606,
        "min": -10.279394731768058,
        "p16": -4.715865453203348,
        "p50": -2.4737932101683455,
        "p84": 0.3447948322460335,
        "sd": 2.5849509039034433
      },
      "delta_local_minus_highz_gr": {
        "max": 18.939354494747533,
        "mean": 4.792509176908792,
        "min": -12.989284607692468,
        "p16": 1.1097432065287354,
        "p50": 4.960743465837908,
        "p84": 8.514753401921597,
        "sd": 3.773829147241409
      },
      "delta_local_minus_highz_mg": {
        "max": 15.479739586107577,
        "mean": 2.7801581722917583,
        "min": -10.84449887018657,
        "p16": -0.4349834829445666,
        "p50": 2.8909926278453497,
        "p84": 5.991367076348826,
        "sd": 3.289761308771525
      },
      "h0_highz_gr": {
        "max": 85.60113103103781,
        "mean": 68.45672426108732,
        "min": 55.737702639395835,
        "p16": 64.83796253657816,
        "p50": 68.28693824536171,
        "p84": 72.0113384325558,
        "sd": 3.6375022750582398
      },
      "h0_highz_mg": {
        "max": 83.27725243843445,
        "mean": 70.46907526570433,
        "min": 58.83931793575434,
        "p16": 67.39398918272715,
        "p50": 70.35204048658053,
        "p84": 73.52834827469293,
        "sd": 3.136348974170835
      },
      "h0_local_obs": {
        "max": 77.63363276760724,
        "mean": 73.24923343799611,
        "min": 68.72777941049553,
        "p16": 72.25828336844121,
        "p50": 73.25073471456238,
        "p84": 74.24597855869308,
        "sd": 1.001463731220483
      },
      "local_minus_highz_gr_sigma": 1.2703950488945148,
      "local_minus_highz_mg_sigma": 0.8445420586564384,
      "p_gr_above_local_ref": 0.10444,
      "p_gr_below_local_ref": 0.89556,
      "p_gr_below_planck_ref": 0.40166,
      "z_anchor": 0.5
    },
    {
      "apparent_gr_bias_vs_true": {
        "max": 11.432610941903306,
        "mean": -1.397523785407423,
        "min": -10.52779708989749,
        "p16": -4.2424561961972,
        "p50": -1.7016944321250875,
        "p84": 1.510388210203511,
        "sd": 2.985913641482595
      },
      "delta_local_minus_highz_gr": {
        "max": 18.952015861885563,
        "mean": 3.9627528478291754,
        "min": -14.606490657036332,
        "p16": -0.03295097611740232,
        "p50": 4.159090777007783,
        "p84": 8.028654677308698,
        "sd": 4.069234533690303
      },
      "delta_local_minus_highz_mg": {
        "max": 15.640526816670693,
        "mean": 2.7778607506039616,
        "min": -11.096038514214442,
        "p16": -0.41418163371740946,
        "p50": 2.8676036827759717,
        "p84": 5.984750401815984,
        "sd": 3.2892317585724484
      },
      "h0_highz_gr": {
        "max": 86.86618158749565,
        "mean": 69.28724385668039,
        "min": 55.459444146334526,
        "p16": 65.3184346084755,
        "p50": 69.07488994494716,
        "p84": 73.14355758416457,
        "sd": 3.943965059547671
      },
      "h0_highz_mg": {
        "max": 83.1297737589606,
        "mean": 70.4721359539056,
        "min": 58.521995137911354,
        "p16": 67.40979325240704,
        "p50": 70.36527686726663,
        "p84": 73.5008101188403,
        "sd": 3.134239254392183
      },
      "h0_local_obs": {
        "max": 77.76757517569519,
        "mean": 73.24999670450957,
        "min": 69.13544407706887,
        "p16": 72.25286540044276,
        "p50": 73.25580047101526,
        "p84": 74.23766312482124,
        "sd": 0.9984581412767932
      },
      "local_minus_highz_gr_sigma": 0.9739445359081705,
      "local_minus_highz_mg_sigma": 0.8443597049565914,
      "p_gr_above_local_ref": 0.16852,
      "p_gr_below_local_ref": 0.83148,
      "p_gr_below_planck_ref": 0.3286,
      "z_anchor": 0.62
    }
  ],
  "draws_total": 1600,
  "draws_used": 1600,
  "h0_posterior_mg_truth": {
    "max": 81.34840392208962,
    "mean": 70.68931182042479,
    "min": 60.443182238538995,
    "p16": 67.69470401834123,