{
  "apparent_gr_bias_vs_true": {
    "max": 4.354024638252611,
    "mean": -1.9712290639962928,
    "min": -6.610685157174615,
    "p16": -3.2810997775573294,
    "p50": -2.0699502140723496,
    "p84": -0.6469622817171541,
    "sd": 1.339979747072577
  },
  "delta_local_minus_highz_gr": {
    "max": 17.77516683052614,
    "mean": 4.128407343540095,
    "min": -9.249077864722096,
    "p16": 1.1183431783423845,
    "p50": 4.155316703961901,
    "p84": 7.1843994543674965,
    "sd": 3.1045416458214166
  },
  "delta_local_minus_highz_mg": {
    "max": 15.352393249149088,
    "mean": 2.367925976220764,
    "min": -11.231531227588135,
    "p16": -0.6876822536636041,
    "p50": 2.4118300744430954,
    "p84": 5.476537835275079,
    "sd": 3.1251770803678456
  },
  "h0_highz_gr": {
    "max": 80.96012038693704,
    "mean": 68.62245089416406,
    "min": 56.75391470094259,
    "p16": 65.74375499855888,
    "p50": 68.59770228291043,
    "p84": 71.45502320174437,
    "sd": 2.938887840736589
  },
  "h0_highz_mg": {
    "max": 82.69542437255194,
    "mean": 70.38293226148339,
    "min": 58.56296008136315,
    "p16": 67.4298185019346,
    "p50": 70.33474964464052,
    "p84": 73.25048523125452,
    "sd": 2.9586175267789057
  },
  "h0_local_obs": {
    "max": 77.01036905685454,
    "mean": 72.75085823770415,
    "min": 68.35682339830089,
    "p16": 71.76096076491265,
    "p50": 72.7507864565624,
    "p84": 73.74082952252269,
    "sd": 0.9951251893394782
  },
  "local_minus_highz_gr_sigma": 1.3298731606697596,
  "local_minus_highz_mg_sigma": 0.7582103536562611,
  "p_gr_above_local_ref": 0.06583,
  "p_gr_below_local_ref": 0.93417,
  "p_gr_below_planck_ref": 0.34016,
  "z_anchor": 0.2
}
