{
  "apparent_gr_bias_vs_true": {
    "max": 8.991117395911601,
    "mean": -2.387678609603515,
    "min": -10.058819720757128,
    "p16": -4.810283647804085,
    "p50": -2.615421249225129,
    "p84": 0.05457663507697178,
    "sd": 2.4735488072942267
  },
  "delta_local_minus_highz_gr": {
    "max": 19.947825048048905,
    "mean": 4.517177847370625,
    "min": -12.94733111424702,
    "p16": 0.9852594956366977,
    "p50": 4.666081166834978,
    "p84": 8.099970819539047,
    "sd": 3.6089086942251023
  },
  "delta_local_minus_highz_mg": {
    "max": 15.604949265051644,
    "mean": 2.3424233674886152,
    "min": -11.036751521865583,
    "p16": -0.6907736697847775,
    "p50": 2.3899891717809325,
    "p84": 5.438135037586913,
    "sd": 3.12346622796707
  },
  "h0_highz_gr": {
    "max": 84.4796120579455,
    "mean": 68.22391952793285,
    "min": 55.37901664889567,
    "p16": 64.76999102922817,
    "p50": 68.05557584496916,
    "p84": 71.61557845262244,
    "sd": 3.469477104082718
  },
  "h0_highz_mg": {
    "max": 83.0107108286329,
    "mean": 70.39867400781486,
    "min": 59.067702165735454,
    "p16": 67.43166998171182,
    "p50": 70.37158548812761,
    "p84": 73.25652282393591,
    "sd": 2.964332498411386
  },
  "h0_local_obs": {
    "max": 77.6321300605287,
    "mean": 72.74109737530348,
    "min": 68.3345419275901,
    "p16": 71.74828742236865,
    "p50": 72.74004484579757,
    "p84": 73.73428291075298,
    "sd": 0.9985308764079617
  },
  "local_minus_highz_gr_sigma": 1.2510476079234372,
  "local_minus_highz_mg_sigma": 0.7487462670044152,
  "p_gr_above_local_ref": 0.08441,
  "p_gr_below_local_ref": 0.91559,
  "p_gr_below_planck_ref": 0.42514,
  "z_anchor": 0.5
}
