{
  "apparent_gr_bias_vs_true": {
    "max": 6.592715129125409,
    "mean": -2.5875819771823414,
    "min": -8.641518789847098,
    "p16": -4.489359047622267,
    "p50": -2.775820765568355,
    "p84": -0.6217710995440386,
    "sd": 1.9665979623405516
  },
  "delta_local_minus_highz_gr": {
    "max": 18.037429748119564,
    "mean": 4.733964319366966,
    "min": -11.192196925704295,
    "p16": 1.5007106169828461,
    "p50": 4.823166094252024,
    "p84": 8.010041641742033,
    "sd": 3.319366466487172
  },
  "delta_local_minus_highz_mg": {
    "max": 16.18009195308307,
    "mean": 2.3609213213579543,
    "min": -11.63544830786087,
    "p16": -0.6897294817505013,
    "p50": 2.405457912343465,
    "p84": 5.46116886589075,
    "sd": 3.140448089249846
  },
  "h0_highz_gr": {
    "max": 82.37173883449864,
    "mean": 68.01232979993132,
    "min": 56.06605098823511,
    "p16": 64.90745281065713,
    "p50": 67.92784676957135,
    "p84": 71.07536769432558,
    "sd": 3.1616170578994964
  },
  "h0_highz_mg": {
    "max": 83.04244031403722,
    "mean": 70.38537279794033,
    "min": 59.12853203621,
    "p16": 67.43585002237799,
    "p50": 70.33886907386068,
    "p84": 73.26060115346561,
    "sd": 2.974488497762034
  },
  "h0_local_obs": {
    "max": 77.31977841719676,
    "mean": 72.74629411929828,
    "min": 68.31975586141611,
    "p16": 71.74835521480766,
    "p50": 72.74607273195866,
    "p84": 73.73973381452393,
    "sd": 1.0004092691641961
  },
  "local_minus_highz_gr_sigma": 1.4276150626311879,
  "local_minus_highz_mg_sigma": 0.7523444391019051,
  "p_gr_above_local_ref": 0.05853,
  "p_gr_below_local_ref": 0.94147,
  "p_gr_below_planck_ref": 0.42982,
  "z_anchor": 0.35
}
