{
  "apparent_gr_bias_vs_true": {
    "max": 11.283414484736099,
    "mean": -1.460567869550283,
    "min": -10.521692386815218,
    "p16": -4.3151272737723,
    "p50": -1.699137963029088,
    "p84": 1.3836184526692312,
    "sd": 2.8980643266342714
  },
  "delta_local_minus_highz_gr": {
    "max": 19.660689672708088,
    "mean": 3.6194662588743145,
    "min": -15.286582369567512,
    "p16": -0.2643663760097786,
    "p50": 3.8169743945995336,
    "p84": 7.535814450155092,
    "sd": 3.939185991787164
  },
  "delta_local_minus_highz_mg": {
    "max": 15.466769944800177,
    "mean": 2.372176216056809,
    "min": -11.805867895153611,
    "p16": -0.6721484492538502,
    "p50": 2.4250109125105865,
    "p84": 5.456664774283898,
    "sd": 3.1324952065093936
  },
  "h0_highz_gr": {
    "max": 86.81645425740848,
    "mean": 69.12970811913411,
    "min": 55.206742149034525,
    "p16": 65.33037508969525,
    "p50": 68.88649973297912,
    "p84": 72.87926521254298,
    "sd": 3.808683466225648
  },
  "h0_highz_mg": {
    "max": 82.48560144351033,
    "mean": 70.3769981619516,
    "min": 58.8428595946848,
    "p16": 67.42508926014115,
    "p50": 70.33288069798506,
    "p84": 73.24517022892795,
    "sd": 2.9647322750010625
  },
  "h0_local_obs": {
    "max": 76.89969026097279,
    "mean": 72.74917437800842,
    "min": 68.42673008957533,
    "p16": 71.75244290274196,
    "p50": 72.7476821964095,
    "p84": 73.74442519778057,
    "sd": 0.9981795278773128
  },
  "local_minus_highz_gr_sigma": 0.9191653957349959,
  "local_minus_highz_mg_sigma": 0.7581648446962808,
  "p_gr_above_local_ref": 0.15257,
  "p_gr_below_local_ref": 0.84743,
  "p_gr_below_planck_ref": 0.34283,
  "z_anchor": 0.62
}
