{
  "anchor_results": [
    {
      "apparent_gr_bias_vs_true": {
        "max": 4.354024638252611,
        "mean": -1.9712290639962928,
        "min": -6.610685157174615,
        "p16": -3.2810997775573294,
        "p50": -2.0699502140723496,
        "p84": -0.6469622817171541,
        "sd": 1.339979747072577
      },
      "delta_local_minus_highz_gr": {
        "max": 17.77516683052614,
        "mean": 4.128407343540095,
        "min": -9.249077864722096,
        "p16": 1.1183431783423845,
        "p50": 4.155316703961901,
        "p84": 7.1843994543674965,
        "sd": 3.1045416458214166
      },
      "delta_local_minus_highz_mg": {
        "max": 15.352393249149088,
        "mean": 2.367925976220764,
        "min": -11.231531227588135,
        "p16": -0.6876822536636041,
        "p50": 2.4118300744430954,
        "p84": 5.476537835275079,
        "sd": 3.1251770803678456
      },
      "h0_highz_gr": {
        "max": 80.96012038693704,
        "mean": 68.62245089416406,
        "min": 56.75391470094259,
        "p16": 65.74375499855888,
        "p50": 68.59770228291043,
        "p84": 71.45502320174437,
        "sd": 2.938887840736589
      },
      "h0_highz_mg": {
        "max": 82.69542437255194,
        "mean": 70.38293226148339,
        "min": 58.56296008136315,
        "p16": 67.4298185019346,
        "p50": 70.33474964464052,
        "p84": 73.25048523125452,
        "sd": 2.9586175267789057
      },
      "h0_local_obs": {
        "max": 77.01036905685454,
        "mean": 72.75085823770415,
        "min": 68.35682339830089,
        "p16": 71.76096076491265,
        "p50": 72.7507864565624,
        "p84": 73.74082952252269,
        "sd": 0.9951251893394782
      },
      "local_minus_highz_gr_sigma": 1.3298731606697596,
      "local_minus_highz_mg_sigma": 0.7582103536562611,
      "p_gr_above_local_ref": 0.06583,
      "p_gr_below_local_ref": 0.93417,
      "p_gr_below_planck_ref": 0.34016,
      "z_anchor": 0.2
    },
    {
      "apparent_gr_bias_vs_true": {
        "max": 6.592715129125409,
        "mean": -2.5875819771823414,
        "min": -8.641518789847098,
        "p16": -4.489359047622267,
        "p50": -2.775820765568355,
        "p84": -0.6217710995440386,
        "sd": 1.9665979623405516
      },
      "delta_local_minus_highz_gr": {
        "max": 18.037429748119564,
        "mean": 4.733964319366966,
        "min": -11.192196925704295,
        "p16": 1.5007106169828461,
        "p50": 4.823166094252024,
        "p84": 8.010041641742033,
        "sd": 3.319366466487172
      },
      "delta_local_minus_highz_mg": {
        "max": 16.18009195308307,
        "mean": 2.3609213213579543,
        "min": -11.63544830786087,
        "p16": -0.6897294817505013,
        "p50": 2.405457912343465,
        "p84": 5.46116886589075,
        "sd": 3.140448089249846
      },
      "h0_highz_gr": {
        "max": 82.37173883449864,
        "mean": 68.01232979993132,
        "min": 56.06605098823511,
        "p16": 64.90745281065713,
        "p50": 67.92784676957135,
        "p84": 71.07536769432558,
        "sd": 3.1616170578994964
      },
      "h0_highz_mg": {
        "max": 83.04244031403722,
        "mean": 70.38537279794033,
        "min": 59.12853203621,
        "p16": 67.43585002237799,
        "p50": 70.33886907386068,
        "p84": 73.26060115346561,
        "sd": 2.974488497762034
      },
      "h0_local_obs": {
        "max": 77.31977841719676,
        "mean": 72.74629411929828,
        "min": 68.31975586141611,
        "p16": 71.74835521480766,
        "p50": 72.74607273195866,
        "p84": 73.73973381452393,
        "sd": 1.0004092691641961
      },
      "local_minus_highz_gr_sigma": 1.4276150626311879,
      "local_minus_highz_mg_sigma": 0.7523444391019051,
      "p_gr_above_local_ref": 0.05853,
      "p_gr_below_local_ref": 0.94147,
      "p_gr_below_planck_ref": 0.42982,
      "z_anchor": 0.35
    },
    {
      "apparent_gr_bias_vs_true": {
        "max": 8.991117395911601,
        "mean": -2.387678609603515,
        "min": -10.058819720757128,
        "p16": -4.810283647804085,
        "p50": -2.615421249225129,
        "p84": 0.05457663507697178,
        "sd": 2.4735488072942267
      },
      "delta_local_minus_highz_gr": {
        "max": 19.947825048048905,
        "mean": 4.517177847370625,
        "min": -12.94733111424702,
        "p16": 0.9852594956366977,
        "p50": 4.666081166834978,
        "p84": 8.099970819539047,
        "sd": 3.6089086942251023
      },
      "delta_local_minus_highz_mg": {
        "max": 15.604949265051644,
        "mean": 2.3424233674886152,
        "min": -11.036751521865583,
        "p16": -0.6907736697847775,
        "p50": 2.3899891717809325,
        "p84": 5.438135037586913,
        "sd": 3.12346622796707
      },
      "h0_highz_gr": {
        "max": 84.4796120579455,
        "mean": 68.22391952793285,
        "min": 55.37901664889567,
        "p16": 64.76999102922817,
        "p50": 68.05557584496916,
        "p84": 71.61557845262244,
        "sd": 3.469477104082718
      },
      "h0_highz_mg": {
        "max": 83.0107108286329,
        "mean": 70.39867400781486,
        "min": 59.067702165735454,
        "p16": 67.43166998171182,
        "p50": 70.37158548812761,
        "p84": 73.25652282393591,
        "sd": 2.964332498411386
      },
      "h0_local_obs": {
        "max": 77.6321300605287,
        "mean": 72.74109737530348,
        "min": 68.3345419275901,
        "p16": 71.74828742236865,
        "p50": 72.74004484579757,
        "p84": 73.73428291075298,
        "sd": 0.9985308764079617
      },
      "local_minus_highz_gr_sigma": 1.2510476079234372,
      "local_minus_highz_mg_sigma": 0.7487462670044152,
      "p_gr_above_local_ref": 0.08441,
      "p_gr_below_local_ref": 0.91559,
      "p_gr_below_planck_ref": 0.42514,
      "z_anchor": 0.5
    },
    {
      "apparent_gr_bias_vs_true": {
        "max": 11.283414484736099,
        "mean": -1.460567869550283,
        "min": -10.521692386815218,
        "p16": -4.3151272737723,
        "p50": -1.699137963029088,
        "p84": 1.3836184526692312,
        "sd": 2.8980643266342714
      },
      "delta_local_minus_highz_gr": {
        "max": 19.660689672708088,
        "mean": 3.6194662588743145,
        "min": -15.286582369567512,
        "p16": -0.2643663760097786,
        "p50": 3.8169743945995336,
        "p84": 7.535814450155092,
        "sd": 3.939185991787164
      },
      "delta_local_minus_highz_mg": {
        "max": 15.466769944800177,
        "mean": 2.372176216056809,
        "min": -11.805867895153611,
        "p16": -0.6721484492538502,
        "p50": 2.4250109125105865,
        "p84": 5.456664774283898,
        "sd": 3.1324952065093936
      },
      "h0_highz_gr": {
        "max": 86.81645425740848,
        "mean": 69.12970811913411,
        "min": 55.206742149034525,
        "p16": 65.33037508969525,
        "p50": 68.88649973297912,
        "p84": 72.87926521254298,
        "sd": 3.808683466225648
      },
      "h0_highz_mg": {
        "max": 82.48560144351033,
        "mean": 70.3769981619516,
        "min": 58.8428595946848,
        "p16": 67.42508926014115,
        "p50": 70.33288069798506,
        "p84": 73.24517022892795,
        "sd": 2.9647322750010625
      },
      "h0_local_obs": {
        "max": 76.89969026097279,
        "mean": 72.74917437800842,
        "min": 68.42673008957533,
        "p16": 71.75244290274196,
        "p50": 72.7476821964095,
        "p84": 73.74442519778057,
        "sd": 0.9981795278773128
      },
      "local_minus_highz_gr_sigma": 0.9191653957349959,
      "local_minus_highz_mg_sigma": 0.7581648446962808,
      "p_gr_above_local_ref": 0.15257,
      "p_gr_below_local_ref": 0.84743,
      "p_gr_below_planck_ref": 0.34283,
      "z_anchor": 0.62
    }
  ],
  "draws_total": 1600,
  "draws_used": 1600,
  "h0_posterior_mg_truth": {
    "max": 81.06264119821896,
    "mean": 70.60034490571202,
    "min": 60.651398709331204,
    "p16": 67.71575777916435,