{
  "apparent_gr_bias_vs_true": {
    "max": 6.1267512250053215,
    "mean": -2.4998650861144305,
    "min": -8.837428875539445,
    "p16": -4.357521971652975,
    "p50": -2.7139029769753904,
    "p84": -0.5779444265024976,
    "sd": 1.9457711464448082
  },
  "delta_local_minus_highz_gr": {
    "max": 17.14185534675741,
    "mean": 4.526030337526465,
    "min": -14.7754267532153,
    "p16": 1.2248964118661751,
    "p50": 4.717452183977954,
    "p84": 7.803464758895982,
    "sd": 3.422849762755638
  },
  "delta_local_minus_highz_mg": {
    "max": 13.84613859394571,
    "mean": 2.0268576076414155,
    "min": -14.33056063132625,
    "p16": -1.0995944007540532,
    "p50": 2.023438506942128,
    "p84": 5.220934344950958,
    "sd": 3.221295780228456
  },
  "h0_highz_gr": {
    "max": 86.44986104532391,
    "mean": 68.47240129776605,
    "min": 57.57884678662349,
    "p16": 65.35356493355204,
    "p50": 68.25046710893591,
    "p84": 71.62693364494275,
    "sd": 3.2754248057805464
  },
  "h0_highz_mg": {
    "max": 86.00129460751674,
    "mean": 70.9715740276511,
    "min": 61.087812613983715,
    "p16": 67.95025215488951,
    "p50": 70.99666324171295,
    "p84": 73.9037402402531,
    "sd": 3.0645613629346737
  },
  "h0_local_obs": {
    "max": 77.36470855705812,
    "mean": 72.99843163529252,
    "min": 68.34811035191095,
    "p16": 72.00226833251732,
    "p50": 72.99778061277777,
    "p84": 73.99617391604133,
    "sd": 0.9979625599785118
  },
  "local_minus_highz_gr_sigma": 1.3215936224696565,
  "local_minus_highz_mg_sigma": 0.6287577611561896,
  "p_gr_above_local_ref": 0.08887,
  "p_gr_below_local_ref": 0.91113,
  "p_gr_below_planck_ref": 0.38677,
  "z_anchor": 0.35
}
