{
  "apparent_gr_bias_vs_true": {
    "max": 12.02086371441493,
    "mean": -1.4662144085407187,
    "min": -9.89699616440857,
    "p16": -4.2104169106274005,
    "p50": -1.8913652932094323,
    "p84": 1.540672993499763,
    "sd": 2.9171000587381957
  },
  "delta_local_minus_highz_gr": {
    "max": 17.256089591932813,
    "mean": 3.4822501974969597,
    "min": -21.77525477371222,
    "p16": -0.48544880229063775,
    "p50": 3.790330779179378,
    "p84": 7.411573642095167,
    "sd": 4.125402700637122
  },
  "delta_local_minus_highz_mg": {
    "max": 13.59009681334107,
    "mean": 2.019381111034049,
    "min": -14.966286465429334,
    "p16": -1.1014400891658096,
    "p50": 2.009834211055278,
    "p84": 5.200046758131203,
    "sd": 3.2155411373346254
  },
  "h0_highz_gr": {
    "max": 92.78550979961364,
    "mean": 69.5215721661446,
    "min": 56.50482524727503,
    "p16": 65.71823656147613,
    "p50": 69.19777404135773,
    "p84": 73.37127998501451,
    "sd": 4.006392248882526
  },
  "h0_highz_mg": {
    "max": 85.86674217816379,
    "mean": 70.9844412526075,
    "min": 61.18189786844673,
    "p16": 67.98631575174548,
    "p50": 71.01170731363463,
    "p84": 73.91056067443292,
    "sd": 3.0604678551019
  },
  "h0_local_obs": {
    "max": 77.75484005025669,
    "mean": 73.00382236364155,
    "min": 68.80804646832789,
    "p16": 72.01259967363485,
    "p50": 73.00278756312721,
    "p84": 73.9933282130919,
    "sd": 0.9989777724429502
  },
  "local_minus_highz_gr_sigma": 0.8433012941258117,
  "local_minus_highz_mg_sigma": 0.6271955644522368,
  "p_gr_above_local_ref": 0.17744,
  "p_gr_below_local_ref": 0.82256,
  "p_gr_below_planck_ref": 0.30475,
  "z_anchor": 0.62
}
