{
  "apparent_gr_bias_vs_true": {
    "max": 5.069336755742512,
    "mean": -1.8311161006741228,
    "min": -6.726867795835858,
    "p16": -3.1191294606277995,
    "p50": -1.9312809264813993,
    "p84": -0.5349625107451071,
    "sd": 1.32434081120481
  },
  "delta_local_minus_highz_gr": {
    "max": 15.468238021666814,
    "mean": 3.8476935662953946,
    "min": -13.634361639816149,
    "p16": 0.7610302879301548,
    "p50": 3.9399736062588246,
    "p84": 6.969963194069591,
    "sd": 3.2014425160261104
  },
  "delta_local_minus_highz_mg": {
    "max": 13.159470130780733,
    "mean": 2.015164435616232,
    "min": -14.022978417589428,
    "p16": -1.0702019798276898,
    "p50": 2.004912479205508,
    "p84": 5.213479471881706,
    "sd": 3.215317847142298
  },
  "h0_highz_gr": {
    "max": 85.7674947141272,
    "mean": 69.15090317371545,
    "min": 59.13167619517525,
    "p16": 66.17623305956825,
    "p50": 69.04603957956446,
    "p84": 72.08668749111419,
    "sd": 3.046132231707646
  },
  "h0_highz_mg": {
    "max": 86.16001849322228,
    "mean": 70.98343230439461,
    "min": 60.74003308745249,
    "p16": 67.9646803907107,
    "p50": 71.00968754714583,
    "p84": 73.91241289899172,
    "sd": 3.0612828073990945
  },
  "h0_local_obs": {
    "max": 76.93683212397771,
    "mean": 72.99859674001085,
    "min": 68.21011614468752,
    "p16": 71.99760557519653,
    "p50": 73.00343217195494,
    "p84": 73.99146618346633,
    "sd": 0.9991475595418985
  },
  "local_minus_highz_gr_sigma": 1.2001256030255976,
  "local_minus_highz_mg_sigma": 0.6257353639172801,
  "p_gr_above_local_ref": 0.09935,
  "p_gr_below_local_ref": 0.90065,
  "p_gr_below_planck_ref": 0.28739,
  "z_anchor": 0.2
}
