{
  "apparent_gr_bias_vs_true": {
    "max": 7.827789747729042,
    "mean": -2.3276884638539848,
    "min": -9.979999991363812,
    "p16": -4.654265932733198,
    "p50": -2.6487084179097167,
    "p84": 0.17366840700212402,
    "sd": 2.4677625610838207
  },
  "delta_local_minus_highz_gr": {
    "max": 18.26170065929857,
    "mean": 4.356950147994031,
    "min": -16.260984651340237,
    "p16": 0.7804542363078667,
    "p50": 4.630381301464851,
    "p84": 7.905608504071509,
    "sd": 3.731165610840601
  },
  "delta_local_minus_highz_mg": {
    "max": 14.583946410754194,
    "mean": 2.022711999796239,
    "min": -13.336591741027206,
    "p16": -1.1017080983555763,
    "p50": 2.0379166693337822,
    "p84": 5.204525930666459,
    "sd": 3.213796597751408
  },
  "h0_highz_gr": {
    "max": 88.79321712448574,
    "mean": 68.64208193757418,
    "min": 57.16526526555672,
    "p16": 65.2520365002321,
    "p50": 68.3551299002194,
    "p84": 72.09647446596284,
    "sd": 3.59834436604905
  },
  "h0_highz_mg": {
    "max": 85.82166246467808,
    "mean": 70.97632008577197,
    "min": 60.76496480684748,
    "p16": 67.97232796033342,
    "p50": 70.9877412727403,
    "p84": 73.92184008065782,
    "sd": 3.0545191466129658
  },
  "h0_local_obs": {
    "max": 77.44130765827192,
    "mean": 72.9990320855682,
    "min": 68.73527915740685,
    "p16": 72.0049006353023,
    "p50": 72.99779535071099,
    "p84": 73.99008212567135,
    "sd": 0.9998011253671084
  },
  "local_minus_highz_gr_sigma": 1.1666090524921635,
  "local_minus_highz_mg_sigma": 0.6293352483844953,
  "p_gr_above_local_ref": 0.11774,
  "p_gr_below_local_ref": 0.88226,
  "p_gr_below_planck_ref": 0.38187,
  "z_anchor": 0.5
}
