{
  "anchor_results": [
    {
      "apparent_gr_bias_vs_true": {
        "max": 5.069336755742512,
        "mean": -1.8311161006741228,
        "min": -6.726867795835858,
        "p16": -3.1191294606277995,
        "p50": -1.9312809264813993,
        "p84": -0.5349625107451071,
        "sd": 1.32434081120481
      },
      "delta_local_minus_highz_gr": {
        "max": 15.468238021666814,
        "mean": 3.8476935662953946,
        "min": -13.634361639816149,
        "p16": 0.7610302879301548,
        "p50": 3.9399736062588246,
        "p84": 6.969963194069591,
        "sd": 3.2014425160261104
      },
      "delta_local_minus_highz_mg": {
        "max": 13.159470130780733,
        "mean": 2.015164435616232,
        "min": -14.022978417589428,
        "p16": -1.0702019798276898,
        "p50": 2.004912479205508,
        "p84": 5.213479471881706,
        "sd": 3.215317847142298
      },
      "h0_highz_gr": {
        "max": 85.7674947141272,
        "mean": 69.15090317371545,
        "min": 59.13167619517525,
        "p16": 66.17623305956825,
        "p50": 69.04603957956446,
        "p84": 72.08668749111419,
        "sd": 3.046132231707646
      },
      "h0_highz_mg": {
        "max": 86.16001849322228,
        "mean": 70.98343230439461,
        "min": 60.74003308745249,
        "p16": 67.9646803907107,
        "p50": 71.00968754714583,
        "p84": 73.91241289899172,
        "sd": 3.0612828073990945
      },
      "h0_local_obs": {
        "max": 76.93683212397771,
        "mean": 72.99859674001085,
        "min": 68.21011614468752,
        "p16": 71.99760557519653,
        "p50": 73.00343217195494,
        "p84": 73.99146618346633,
        "sd": 0.9991475595418985
      },
      "local_minus_highz_gr_sigma": 1.2001256030255976,
      "local_minus_highz_mg_sigma": 0.6257353639172801,
      "p_gr_above_local_ref": 0.09935,
      "p_gr_below_local_ref": 0.90065,
      "p_gr_below_planck_ref": 0.28739,
      "z_anchor": 0.2
    },
    {
      "apparent_gr_bias_vs_true": {
        "max": 6.1267512250053215,
        "mean": -2.4998650861144305,
        "min": -8.837428875539445,
        "p16": -4.357521971652975,
        "p50": -2.7139029769753904,
        "p84": -0.5779444265024976,
        "sd": 1.9457711464448082
      },
      "delta_local_minus_highz_gr": {
        "max": 17.14185534675741,
        "mean": 4.526030337526465,
        "min": -14.7754267532153,
        "p16": 1.2248964118661751,
        "p50": 4.717452183977954,
        "p84": 7.803464758895982,
        "sd": 3.422849762755638
      },
      "delta_local_minus_highz_mg": {
        "max": 13.84613859394571,
        "mean": 2.0268576076414155,
        "min": -14.33056063132625,
        "p16": -1.0995944007540532,
        "p50": 2.023438506942128,
        "p84": 5.220934344950958,
        "sd": 3.221295780228456
      },
      "h0_highz_gr": {
        "max": 86.44986104532391,
        "mean": 68.47240129776605,
        "min": 57.57884678662349,
        "p16": 65.35356493355204,
        "p50": 68.25046710893591,
        "p84": 71.62693364494275,
        "sd": 3.2754248057805464
      },
      "h0_highz_mg": {
        "max": 86.00129460751674,
        "mean": 70.9715740276511,
        "min": 61.087812613983715,
        "p16": 67.95025215488951,
        "p50": 70.99666324171295,
        "p84": 73.9037402402531,
        "sd": 3.0645613629346737
      },
      "h0_local_obs": {
        "max": 77.36470855705812,
        "mean": 72.99843163529252,
        "min": 68.34811035191095,
        "p16": 72.00226833251732,
        "p50": 72.99778061277777,
        "p84": 73.99617391604133,
        "sd": 0.9979625599785118
      },
      "local_minus_highz_gr_sigma": 1.3215936224696565,
      "local_minus_highz_mg_sigma": 0.6287577611561896,
      "p_gr_above_local_ref": 0.08887,
      "p_gr_below_local_ref": 0.91113,
      "p_gr_below_planck_ref": 0.38677,
      "z_anchor": 0.35
    },
    {
      "apparent_gr_bias_vs_true": {
        "max": 7.827789747729042,
        "mean": -2.3276884638539848,
        "min": -9.979999991363812,
        "p16": -4.654265932733198,
        "p50": -2.6487084179097167,
        "p84": 0.17366840700212402,
        "sd": 2.4677625610838207
      },
      "delta_local_minus_highz_gr": {
        "max": 18.26170065929857,
        "mean": 4.356950147994031,
        "min": -16.260984651340237,
        "p16": 0.7804542363078667,
        "p50": 4.630381301464851,
        "p84": 7.905608504071509,
        "sd": 3.731165610840601
      },
      "delta_local_minus_highz_mg": {
        "max": 14.583946410754194,
        "mean": 2.022711999796239,
        "min": -13.336591741027206,
        "p16": -1.1017080983555763,
        "p50": 2.0379166693337822,
        "p84": 5.204525930666459,
        "sd": 3.213796597751408
      },
      "h0_highz_gr": {
        "max": 88.79321712448574,
        "mean": 68.64208193757418,
        "min": 57.16526526555672,
        "p16": 65.2520365002321,
        "p50": 68.3551299002194,
        "p84": 72.09647446596284,
        "sd": 3.59834436604905
      },
      "h0_highz_mg": {
        "max": 85.82166246467808,
        "mean": 70.97632008577197,
        "min": 60.76496480684748,
        "p16": 67.97232796033342,
        "p50": 70.9877412727403,
        "p84": 73.92184008065782,
        "sd": 3.0545191466129658
      },
      "h0_local_obs": {
        "max": 77.44130765827192,
        "mean": 72.9990320855682,
        "min": 68.73527915740685,
        "p16": 72.0049006353023,
        "p50": 72.99779535071099,
        "p84": 73.99008212567135,
        "sd": 0.9998011253671084
      },
      "local_minus_highz_gr_sigma": 1.1666090524921635,
      "local_minus_highz_mg_sigma": 0.6293352483844953,
      "p_gr_above_local_ref": 0.11774,
      "p_gr_below_local_ref": 0.88226,
      "p_gr_below_planck_ref": 0.38187,
      "z_anchor": 0.5
    },
    {
      "apparent_gr_bias_vs_true": {
        "max": 12.02086371441493,
        "mean": -1.4662144085407187,
        "min": -9.89699616440857,
        "p16": -4.2104169106274005,
        "p50": -1.8913652932094323,
        "p84": 1.540672993499763,
        "sd": 2.9171000587381957
      },
      "delta_local_minus_highz_gr": {
        "max": 17.256089591932813,
        "mean": 3.4822501974969597,
        "min": -21.77525477371222,
        "p16": -0.48544880229063775,
        "p50": 3.790330779179378,
        "p84": 7.411573642095167,
        "sd": 4.125402700637122
      },
      "delta_local_minus_highz_mg": {
        "max": 13.59009681334107,
        "mean": 2.019381111034049,
        "min": -14.966286465429334,
        "p16": -1.1014400891658096,
        "p50": 2.009834211055278,
        "p84": 5.200046758131203,
        "sd": 3.2155411373346254
      },
      "h0_highz_gr": {
        "max": 92.78550979961364,
        "mean": 69.5215721661446,
        "min": 56.50482524727503,
        "p16": 65.71823656147613,
        "p50": 69.19777404135773,
        "p84": 73.37127998501451,
        "sd": 4.006392248882526
      },
      "h0_highz_mg": {
        "max": 85.86674217816379,
        "mean": 70.9844412526075,
        "min": 61.18189786844673,
        "p16": 67.98631575174548,
        "p50": 71.01170731363463,
        "p84": 73.91056067443292,
        "sd": 3.0604678551019
      },
      "h0_local_obs": {
        "max": 77.75484005025669,
        "mean": 73.00382236364155,
        "min": 68.80804646832789,
        "p16": 72.01259967363485,
        "p50": 73.00278756312721,
        "p84": 73.9933282130919,
        "sd": 0.9989777724429502
      },
      "local_minus_highz_gr_sigma": 0.8433012941258117,
      "local_minus_highz_mg_sigma": 0.6271955644522368,
      "p_gr_above_local_ref": 0.17744,
      "p_gr_below_local_ref": 0.82256,
      "p_gr_below_planck_ref": 0.30475,
      "z_anchor": 0.62
    }
  ],
  "draws_total": 1600,
  "draws_used": 1600,
  "h0_posterior_mg_truth": {
    "max": 83.833891578275,
    "mean": 70.9809853903875,
    "min": 62.52211725111513,
    "p16": 68.10255835254144,