{
  "apparent_gr_bias_vs_true": {
    "max": 4.366689784481309,
    "mean": -1.8555810875839593,
    "min": -6.263961061514635,
    "p16": -3.229149865129409,
    "p50": -1.9434882577807429,
    "p84": -0.4656134352848721,
    "sd": 1.3934919690664058
  },
  "delta_local_minus_highz_gr": {
    "max": 16.50665243103237,
    "mean": 4.176449410529058,
    "min": -11.167810810573172,
    "p16": 0.9837088013864798,
    "p50": 4.284708107857803,
    "p84": 7.355456372345416,
    "sd": 3.26371415360003
  },
  "delta_local_minus_highz_mg": {
    "max": 15.564769400873274,
    "mean": 2.5333006554380932,
    "min": -12.24321618655226,
    "p16": -0.676460550296406,
    "p50": 2.6245095116854245,
    "p84": 5.767174127127353,
    "sd": 3.2926402615843235
  },
  "h0_highz_gr": {
    "max": 83.45245554959233,
    "mean": 68.82004299432393,
    "min": 57.48326183934142,
    "p16": 65.78153717790713,
    "p50": 68.7054791361486,
    "p84": 71.81694916146434,
    "sd": 3.10346897127687
  },
  "h0_highz_mg": {
    "max": 83.30598981298594,
    "mean": 70.46319174941489,
    "min": 58.8547531941725,
    "p16": 67.40445541786264,
    "p50": 70.3537275440143,
    "p84": 73.5122321920039,
    "sd": 3.133831045504342
  },
  "h0_local_obs": {
    "max": 77.4621826466902,
    "mean": 72.996492404853,
    "min": 68.96245915675743,
    "p16": 72.00424416376154,
    "p50": 72.99672657442477,
    "p84": 73.98756261613838,
    "sd": 1.0014518150244762
  },
  "local_minus_highz_gr_sigma": 1.2808832661240612,
  "local_minus_highz_mg_sigma": 0.7701141505597985,
  "p_gr_above_local_ref": 0.0929,
  "p_gr_below_local_ref": 0.9071,
  "p_gr_below_planck_ref": 0.32694,
  "z_anchor": 0.2
}
