{
  "apparent_gr_bias_vs_true": {
    "max": 11.426324701885918,
    "mean": -1.3879484207587398,
    "min": -10.290353237983034,
    "p16": -4.229704344524183,
    "p50": -1.691898084862892,
    "p84": 1.509221949840408,
    "sd": 2.9851778418738526
  },
  "delta_local_minus_highz_gr": {
    "max": 18.8970012263664,
    "mean": 3.7065848495274714,
    "min": -14.745487246007855,
    "p16": -0.30195332148389514,
    "p50": 3.9042198817056004,
    "p84": 7.763743100160445,
    "sd": 4.086472471436075
  },
  "delta_local_minus_highz_mg": {
    "max": 15.229739586107577,
    "mean": 2.5301581722917588,
    "min": -11.09449887018657,
    "p16": -0.6849834829445666,
    "p50": 2.6409926278453497,
    "p84": 5.741367076348828,
    "sd": 3.289761308771525
  },
  "h0_highz_gr": {
    "max": 87.13281191529683,
    "mean": 69.29264858846864,
    "min": 55.53119085454063,
    "p16": 65.34092750237039,
    "p50": 69.06621007239923,
    "p84": 73.17305899339632,
    "sd": 3.961318068054399
  },
  "h0_highz_mg": {
    "max": 83.27725243843445,
    "mean": 70.46907526570433,
    "min": 58.839317935754345,
    "p16": 67.39398918272715,
    "p50": 70.35204048658052,
    "p84": 73.52834827469293,
    "sd": 3.1363489741708346
  },
  "h0_local_obs": {
    "max": 77.38363276760724,
    "mean": 72.99923343799611,
    "min": 68.47777941049553,
    "p16": 72.00828336844121,
    "p50": 73.00073471456238,
    "p84": 73.99597855869308,
    "sd": 1.001463731220483
  },
  "local_minus_highz_gr_sigma": 0.9072338104839079,
  "local_minus_highz_mg_sigma": 0.7685983527305041,
  "p_gr_above_local_ref": 0.16974,
  "p_gr_below_local_ref": 0.83026,
  "p_gr_below_planck_ref": 0.32954,
  "z_anchor": 0.62
}
