{
  "apparent_gr_bias_vs_true": {
    "max": 9.729194531951464,
    "mean": -2.2288634915149137,
    "min": -10.112594998727303,
    "p16": -4.7297303565892985,
    "p50": -2.46824603327142,
    "p84": 0.31655514739952434,
    "sd": 2.573385156726685
  },
  "delta_local_minus_highz_gr": {
    "max": 19.214231120023662,
    "mean": 4.538958634945572,
    "min": -13.172337594730053,
    "p16": 0.8863865497877549,
    "p50": 4.700607724853519,
    "p84": 8.244226939367335,
    "sd": 3.754997245259401
  },
  "delta_local_minus_highz_mg": {
    "max": 14.939973979284773,
    "mean": 2.5228103745553003,
    "min": -11.40005808830196,
    "p16": -0.6765542080302935,
    "p50": 2.621589793439682,
    "p84": 5.736170228685686,
    "sd": 3.287877017504774
  },
  "h0_highz_gr": {
    "max": 85.11316595196915,
    "mean": 68.46528802556581,
    "min": 55.17929303312233,
    "p16": 64.86827670976068,
    "p50": 68.29014384261808,
    "p84": 72.00454962777366,
    "sd": 3.614807174950931
  },
  "h0_highz_mg": {
    "max": 83.03408575765916,
    "mean": 70.4814362859561,
    "min": 58.86559134583379,
    "p16": 67.44583583306635,
    "p50": 70.36895059787577,
    "p84": 73.50118621940001,
    "sd": 3.129202966321184
  },
  "h0_local_obs": {
    "max": 78.13245045131409,
    "mean": 73.00424666051138,
    "min": 68.82508327182529,
    "p16": 72.00620979143746,
    "p50": 73.00710183639205,
    "p84": 74.00006070191228,
    "sd": 1.0008169976679884
  },
  "local_minus_highz_gr_sigma": 1.2102026270009973,
  "local_minus_highz_mg_sigma": 0.7679543886583131,
  "p_gr_above_local_ref": 0.10385,
  "p_gr_below_local_ref": 0.89615,
  "p_gr_below_planck_ref": 0.39931,
  "z_anchor": 0.5
}
