{
  "apparent_gr_bias_vs_true": {
    "max": 6.761175537174211,
    "mean": -2.4280454981439457,
    "min": -8.792275301410626,
    "p16": -4.4345830384300085,
    "p50": -2.6063214867076745,
    "p84": -0.37698316862254855,
    "sd": 2.0473100982823667
  },
  "delta_local_minus_highz_gr": {
    "max": 17.95683623242975,
    "mean": 4.734130267562604,
    "min": -11.998618362684837,
    "p16": 1.3408197792102339,
    "p50": 4.861042869625507,
    "p84": 8.151922292919728,
    "sd": 3.4675338347697755
  },
  "delta_local_minus_highz_mg": {
    "max": 14.518669255051627,
    "mean": 2.5173268811689096,
    "min": -11.248005278563298,
    "p16": -0.6854028610142273,
    "p50": 2.6186069305469033,
    "p84": 5.727351101471339,
    "sd": 3.2895465605903778
  },
  "h0_highz_gr": {
    "max": 83.5129469256799,
    "mean": 68.26877966650545,
    "min": 56.52665216233557,
    "p16": 64.97024327232805,
    "p50": 68.12979077477641,
    "p84": 71.51032894598703,
    "sd": 3.316834429298132
  },
  "h0_highz_mg": {
    "max": 82.56710512715149,
    "mean": 70.48558305289914,
    "min": 59.08522409541953,
    "p16": 67.43592736116254,
    "p50": 70.37436801163392,
    "p84": 73.52479076516713,
    "sd": 3.1308100910459804
  },
  "h0_local_obs": {
    "max": 77.22091821379499,
    "mean": 73.00290993406806,
    "min": 68.48974528230217,
    "p16": 72.01162811910645,
    "p50": 73.00389234950833,
    "p84": 73.99589391223485,
    "sd": 1.0004539497162497
  },
  "local_minus_highz_gr_sigma": 1.3665465127026974,
  "local_minus_highz_mg_sigma": 0.76592825929106,
  "p_gr_above_local_ref": 0.07886,
  "p_gr_below_local_ref": 0.92114,
  "p_gr_below_planck_ref": 0.40801,
  "z_anchor": 0.35
}
