{
  "anchor_results": [
    {
      "apparent_gr_bias_vs_true": {
        "max": 4.366689784481309,
        "mean": -1.8555810875839593,
        "min": -6.263961061514635,
        "p16": -3.229149865129409,
        "p50": -1.9434882577807429,
        "p84": -0.4656134352848721,
        "sd": 1.3934919690664058
      },
      "delta_local_minus_highz_gr": {
        "max": 16.50665243103237,
        "mean": 4.176449410529058,
        "min": -11.167810810573172,
        "p16": 0.9837088013864798,
        "p50": 4.284708107857803,
        "p84": 7.355456372345416,
        "sd": 3.26371415360003
      },
      "delta_local_minus_highz_mg": {
        "max": 15.564769400873274,
        "mean": 2.5333006554380932,
        "min": -12.24321618655226,
        "p16": -0.676460550296406,
        "p50": 2.6245095116854245,
        "p84": 5.767174127127353,
        "sd": 3.2926402615843235
      },
      "h0_highz_gr": {
        "max": 83.45245554959233,
        "mean": 68.82004299432393,
        "min": 57.48326183934142,
        "p16": 65.78153717790713,
        "p50": 68.7054791361486,
        "p84": 71.81694916146434,
        "sd": 3.10346897127687
      },
      "h0_highz_mg": {
        "max": 83.30598981298594,
        "mean": 70.46319174941489,
        "min": 58.8547531941725,
        "p16": 67.40445541786264,
        "p50": 70.3537275440143,
        "p84": 73.5122321920039,
        "sd": 3.133831045504342
      },
      "h0_local_obs": {
        "max": 77.4621826466902,
        "mean": 72.996492404853,
        "min": 68.96245915675743,
        "p16": 72.00424416376154,
        "p50": 72.99672657442477,
        "p84": 73.98756261613838,
        "sd": 1.0014518150244762
      },
      "local_minus_highz_gr_sigma": 1.2808832661240612,
      "local_minus_highz_mg_sigma": 0.7701141505597985,
      "p_gr_above_local_ref": 0.0929,
      "p_gr_below_local_ref": 0.9071,
      "p_gr_below_planck_ref": 0.32694,
      "z_anchor": 0.2
    },
    {
      "apparent_gr_bias_vs_true": {
        "max": 6.761175537174211,
        "mean": -2.4280454981439457,
        "min": -8.792275301410626,
        "p16": -4.4345830384300085,
        "p50": -2.6063214867076745,
        "p84": -0.37698316862254855,
        "sd": 2.0473100982823667
      },
      "delta_local_minus_highz_gr": {
        "max": 17.95683623242975,
        "mean": 4.734130267562604,
        "min": -11.998618362684837,
        "p16": 1.3408197792102339,
        "p50": 4.861042869625507,
        "p84": 8.151922292919728,
        "sd": 3.4675338347697755
      },
      "delta_local_minus_highz_mg": {
        "max": 14.518669255051627,
        "mean": 2.5173268811689096,
        "min": -11.248005278563298,
        "p16": -0.6854028610142273,
        "p50": 2.6186069305469033,
        "p84": 5.727351101471339,
        "sd": 3.2895465605903778
      },
      "h0_highz_gr": {
        "max": 83.5129469256799,
        "mean": 68.26877966650545,
        "min": 56.52665216233557,
        "p16": 64.97024327232805,
        "p50": 68.12979077477641,
        "p84": 71.51032894598703,
        "sd": 3.316834429298132
      },
      "h0_highz_mg": {
        "max": 82.56710512715149,
        "mean": 70.48558305289914,
        "min": 59.08522409541953,
        "p16": 67.43592736116254,
        "p50": 70.37436801163392,
        "p84": 73.52479076516713,
        "sd": 3.1308100910459804
      },
      "h0_local_obs": {
        "max": 77.22091821379499,
        "mean": 73.00290993406806,
        "min": 68.48974528230217,
        "p16": 72.01162811910645,
        "p50": 73.00389234950833,
        "p84": 73.99589391223485,
        "sd": 1.0004539497162497
      },
      "local_minus_highz_gr_sigma": 1.3665465127026974,
      "local_minus_highz_mg_sigma": 0.76592825929106,
      "p_gr_above_local_ref": 0.07886,
      "p_gr_below_local_ref": 0.92114,
      "p_gr_below_planck_ref": 0.40801,
      "z_anchor": 0.35
    },
    {
      "apparent_gr_bias_vs_true": {
        "max": 9.729194531951464,
        "mean": -2.2288634915149137,
        "min": -10.112594998727303,
        "p16": -4.7297303565892985,
        "p50": -2.46824603327142,
        "p84": 0.31655514739952434,
        "sd": 2.573385156726685
      },
      "delta_local_minus_highz_gr": {
        "max": 19.214231120023662,
        "mean": 4.538958634945572,
        "min": -13.172337594730053,
        "p16": 0.8863865497877549,
        "p50": 4.700607724853519,
        "p84": 8.244226939367335,
        "sd": 3.754997245259401
      },
      "delta_local_minus_highz_mg": {
        "max": 14.939973979284773,
        "mean": 2.5228103745553003,
        "min": -11.40005808830196,
        "p16": -0.6765542080302935,
        "p50": 2.621589793439682,
        "p84": 5.736170228685686,
        "sd": 3.287877017504774
      },
      "h0_highz_gr": {
        "max": 85.11316595196915,
        "mean": 68.46528802556581,
        "min": 55.17929303312233,
        "p16": 64.86827670976068,
        "p50": 68.29014384261808,
        "p84": 72.00454962777366,
        "sd": 3.614807174950931
      },
      "h0_highz_mg": {
        "max": 83.03408575765916,
        "mean": 70.4814362859561,
        "min": 58.86559134583379,
        "p16": 67.44583583306635,
        "p50": 70.36895059787577,
        "p84": 73.50118621940001,
        "sd": 3.129202966321184
      },
      "h0_local_obs": {
        "max": 78.13245045131409,
        "mean": 73.00424666051138,
        "min": 68.82508327182529,
        "p16": 72.00620979143746,
        "p50": 73.00710183639205,
        "p84": 74.00006070191228,
        "sd": 1.0008169976679884
      },
      "local_minus_highz_gr_sigma": 1.2102026270009973,
      "local_minus_highz_mg_sigma": 0.7679543886583131,
      "p_gr_above_local_ref": 0.10385,
      "p_gr_below_local_ref": 0.89615,
      "p_gr_below_planck_ref": 0.39931,
      "z_anchor": 0.5
    },
    {
      "apparent_gr_bias_vs_true": {
        "max": 11.426324701885918,
        "mean": -1.3879484207587398,
        "min": -10.290353237983034,
        "p16": -4.229704344524183,
        "p50": -1.691898084862892,
        "p84": 1.509221949840408,
        "sd": 2.9851778418738526
      },
      "delta_local_minus_highz_gr": {
        "max": 18.8970012263664,
        "mean": 3.7065848495274714,
        "min": -14.745487246007855,
        "p16": -0.30195332148389514,
        "p50": 3.9042198817056004,
        "p84": 7.763743100160445,
        "sd": 4.086472471436075
      },
      "delta_local_minus_highz_mg": {
        "max": 15.229739586107577,
        "mean": 2.5301581722917588,
        "min": -11.09449887018657,
        "p16": -0.6849834829445666,
        "p50": 2.6409926278453497,
        "p84": 5.741367076348828,
        "sd": 3.289761308771525
      },
      "h0_highz_gr": {
        "max": 87.13281191529683,
        "mean": 69.29264858846864,
        "min": 55.53119085454063,
        "p16": 65.34092750237039,
        "p50": 69.06621007239923,
        "p84": 73.17305899339632,
        "sd": 3.961318068054399
      },
      "h0_highz_mg": {
        "max": 83.27725243843445,
        "mean": 70.46907526570433,
        "min": 58.839317935754345,
        "p16": 67.39398918272715,
        "p50": 70.35204048658052,
        "p84": 73.52834827469293,
        "sd": 3.1363489741708346
      },
      "h0_local_obs": {
        "max": 77.38363276760724,
        "mean": 72.99923343799611,
        "min": 68.47777941049553,
        "p16": 72.00828336844121,
        "p50": 73.00073471456238,
        "p84": 73.99597855869308,
        "sd": 1.001463731220483
      },
      "local_minus_highz_gr_sigma": 0.9072338104839079,
      "local_minus_highz_mg_sigma": 0.7685983527305041,
      "p_gr_above_local_ref": 0.16974,
      "p_gr_below_local_ref": 0.83026,
      "p_gr_below_planck_ref": 0.32954,
      "z_anchor": 0.62
    }
  ],
  "draws_total": 1600,
  "draws_used": 1600,
  "h0_posterior_mg_truth": {
    "max": 81.34840392208962,
    "mean": 70.68931182042479,
    "min": 60.443182238538995,
    "p16": 67.69470401834123,