{
  "apparent_gr_bias_vs_true": {
    "max": 10.679366263544438,
    "mean": -1.433989821597569,
    "min": -10.263647453702177,
    "p16": -4.288075082691352,
    "p50": -1.6807738355817676,
    "p84": 1.4333005332524775,
    "sd": 2.904954436773155
  },
  "delta_local_minus_highz_gr": {
    "max": 18.666962870314812,
    "mean": 3.844305368749726,
    "min": -14.485100683603662,
    "p16": -0.06109307466049415,
    "p50": 4.0479894110437655,
    "p84": 7.761461417409226,
    "sd": 3.949404963336235
  },
  "delta_local_minus_highz_mg": {
    "max": 14.77244228809861,
    "mean": 2.6214261450385594,
    "min": -10.897731192092948,
    "p16": -0.40851261695608,
    "p50": 2.668234803244289,
    "p84": 5.698740039406083,
    "sd": 3.12538538223529
  },
  "h0_highz_gr": {
    "max": 86.76140511456958,
    "mean": 69.15243568313119,
    "min": 55.18269926129873,
    "p16": 65.34489157796085,
    "p50": 68.89785917373818,
    "p84": 72.9531959404404,
    "sd": 3.8289379003898114
  },
  "h0_highz_mg": {
    "max": 83.03838540629683,
    "mean": 70.37531490684235,
    "min": 58.9146518593829,
    "p16": 67.43747917598401,
    "p50": 70.33214010696763,
    "p84": 73.24881133063414,
    "sd": 2.9683377227319516
  },
  "h0_local_obs": {
    "max": 77.22747142831867,
    "mean": 72.9967410518809,
    "min": 68.73634764836122,
    "p16": 72.01066280694468,
    "p50": 72.99848138429766,
    "p84": 73.98865788508326,
    "sd": 0.9973318800970582
  },
  "local_minus_highz_gr_sigma": 0.9714297186928627,
  "local_minus_highz_mg_sigma": 0.8369130704852533,
  "p_gr_above_local_ref": 0.15721,
  "p_gr_below_local_ref": 0.84279,
  "p_gr_below_planck_ref": 0.34194,
  "z_anchor": 0.62
}
