{
  "apparent_gr_bias_vs_true": {
    "max": 9.42228163328781,
    "mean": -2.369314973380861,
    "min": -9.940011208074885,
    "p16": -4.797361547142774,
    "p50": -2.6135221107441993,
    "p84": 0.08140937826841976,
    "sd": 2.4925063371691825
  },
  "delta_local_minus_highz_gr": {
    "max": 18.53539594515633,
    "mean": 4.768923174323561,
    "min": -12.743146021984998,
    "p16": 1.2123274499100503,
    "p50": 4.922003349696865,
    "p84": 8.36085772294466,
    "sd": 3.620224226691169
  },
  "delta_local_minus_highz_mg": {
    "max": 15.77307917425766,
    "mean": 2.6104522461620117,
    "min": -11.077345283181046,
    "p16": -0.4207417338838161,
    "p50": 2.6432229843551838,
    "p84": 5.704239610812171,
    "sd": 3.1192434379345135
  },
  "h0_highz_gr": {
    "max": 84.39773905151935,
    "mean": 68.2298527403492,
    "min": 55.31775388461252,
    "p16": 64.76192040067919,
    "p50": 68.03216093978028,
    "p84": 71.62999211369589,
    "sd": 3.4789039095434684
  },
  "h0_highz_mg": {
    "max": 82.57929991863958,
    "mean": 70.38832366851075,
    "min": 59.27913102495963,
    "p16": 67.44455380788715,
    "p50": 70.3442031178664,
    "p84": 73.23228655153244,
    "sd": 2.9568998683103196
  },
  "h0_local_obs": {
    "max": 78.52389621925163,
    "mean": 72.99877591467276,
    "min": 68.73721983948838,
    "p16": 72.00387099063538,
    "p50": 72.99719595250397,
    "p84": 73.99540720746255,
    "sd": 1.0001967263593434
  },
  "local_minus_highz_gr_sigma": 1.3174639104939019,
  "local_minus_highz_mg_sigma": 0.8363030441110993,
  "p_gr_above_local_ref": 0.08634,
  "p_gr_below_local_ref": 0.91366,
  "p_gr_below_planck_ref": 0.4258,
  "z_anchor": 0.5
}
