{
  "apparent_gr_bias_vs_true": {
    "max": 4.483734869067817,
    "mean": -1.9709841346118537,
    "min": -6.72889964908704,
    "p16": -3.2844657361453278,
    "p50": -2.066210329199926,
    "p84": -0.6317639406748246,
    "sd": 1.3398352616998281
  },
  "delta_local_minus_highz_gr": {
    "max": 17.354581331753998,
    "mean": 4.365067674967681,
    "min": -9.111277804049337,
    "p16": 1.3479885554249575,
    "p50": 4.396844264207097,
    "p84": 7.432702659471552,
    "sd": 3.1032842875764506
  },
  "delta_local_minus_highz_mg": {
    "max": 14.940190005170635,
    "mean": 2.6055877159731895,
    "min": -11.460024552366065,
    "p16": -0.43181549279576587,
    "p50": 2.6328798579554515,
    "p84": 5.705231158288332,
    "sd": 3.122447621235115
  },
  "h0_highz_gr": {
    "max": 80.56758261522872,
    "mean": 68.6344934393675,
    "min": 57.43366281113133,
    "p16": 65.7546962390053,
    "p50": 68.60708895072787,
    "p84": 71.47826188102277,
    "sd": 2.936690193932134
  },
  "h0_highz_mg": {
    "max": 82.7801934980686,
    "mean": 70.393973398362,
    "min": 59.22661541335371,
    "p16": 67.44542744030548,
    "p50": 70.35949675938494,
    "p84": 73.25358365903416,
    "sd": 2.9552766088358378
  },
  "h0_local_obs": {
    "max": 78.17433675029584,
    "mean": 72.99956111433517,
    "min": 68.6408153057205,
    "p16": 72.00660368839961,
    "p50": 73.00203540747106,
    "p84": 73.99109945586315,
    "sd": 0.9972751922315883
  },
  "local_minus_highz_gr_sigma": 1.4070508912202826,
  "local_minus_highz_mg_sigma": 0.8351560195236222,
  "p_gr_above_local_ref": 0.06566,
  "p_gr_below_local_ref": 0.93434,
  "p_gr_below_planck_ref": 0.33921,
  "z_anchor": 0.2
}
