{
  "apparent_gr_bias_vs_true": {
    "max": 6.696828632279889,
    "mean": -2.5911327189763864,
    "min": -8.919628069325952,
    "p16": -4.502238428747399,
    "p50": -2.781326989727873,
    "p84": -0.6169987239895629,
    "sd": 1.9703564891753453
  },
  "delta_local_minus_highz_gr": {
    "max": 18.506304385345757,
    "mean": 4.986329864605239,
    "min": -10.774686340093325,
    "p16": 1.7502492341112919,
    "p50": 5.061861868292873,
    "p84": 8.259444282576466,
    "sd": 3.311757316932847
  },
  "delta_local_minus_highz_mg": {
    "max": 16.622238048842995,
    "mean": 2.6074938817904716,
    "min": -11.579416916041353,
    "p16": -0.43683467106435214,
    "p50": 2.655701380534069,
    "p84": 5.699288412142953,
    "sd": 3.1247379408055864
  },
  "h0_highz_gr": {
    "max": 83.2235710116093,
    "mean": 68.01416295108999,
    "min": 55.608714384253425,
    "p16": 64.91041069392605,
    "p50": 67.9314600668233,
    "p84": 71.08854569636956,
    "sd": 3.153139895951731
  },
  "h0_highz_mg": {
    "max": 82.99351491832485,
    "mean": 70.39299893390476,
    "min": 58.698369823576584,
    "p16": 67.45376676206175,
    "p50": 70.34294954372618,
    "p84": 73.26300661518225,
    "sd": 2.956470612176577
  },
  "h0_local_obs": {
    "max": 77.73279998415269,
    "mean": 73.00049281569524,
    "min": 68.95734405646346,
    "p16": 72.00897997150123,
    "p50": 72.9982831700966,
    "p84": 73.99020237332904,
    "sd": 0.9980398280966261
  },
  "local_minus_highz_gr_sigma": 1.5073943085556396,
  "local_minus_highz_mg_sigma": 0.8354641177079446,
  "p_gr_above_local_ref": 0.05796,
  "p_gr_below_local_ref": 0.94204,
  "p_gr_below_planck_ref": 0.42955,
  "z_anchor": 0.35
}
