{
  "anchor_results": [
    {
      "apparent_gr_bias_vs_true": {
        "max": 4.483734869067817,
        "mean": -1.9709841346118537,
        "min": -6.72889964908704,
        "p16": -3.2844657361453278,
        "p50": -2.066210329199926,
        "p84": -0.6317639406748246,
        "sd": 1.3398352616998281
      },
      "delta_local_minus_highz_gr": {
        "max": 17.354581331753998,
        "mean": 4.365067674967681,
        "min": -9.111277804049337,
        "p16": 1.3479885554249575,
        "p50": 4.396844264207097,
        "p84": 7.432702659471552,
        "sd": 3.1032842875764506
      },
      "delta_local_minus_highz_mg": {
        "max": 14.940190005170635,
        "mean": 2.6055877159731895,
        "min": -11.460024552366065,
        "p16": -0.43181549279576587,
        "p50": 2.6328798579554515,
        "p84": 5.705231158288332,
        "sd": 3.122447621235115
      },
      "h0_highz_gr": {
        "max": 80.56758261522872,
        "mean": 68.6344934393675,
        "min": 57.43366281113133,
        "p16": 65.7546962390053,
        "p50": 68.60708895072787,
        "p84": 71.47826188102277,
        "sd": 2.936690193932134
      },
      "h0_highz_mg": {
        "max": 82.7801934980686,
        "mean": 70.393973398362,
        "min": 59.22661541335371,
        "p16": 67.44542744030548,
        "p50": 70.35949675938494,
        "p84": 73.25358365903416,
        "sd": 2.9552766088358378
      },
      "h0_local_obs": {
        "max": 78.17433675029584,
        "mean": 72.99956111433517,
        "min": 68.6408153057205,
        "p16": 72.00660368839961,
        "p50": 73.00203540747106,
        "p84": 73.99109945586315,
        "sd": 0.9972751922315883
      },
      "local_minus_highz_gr_sigma": 1.4070508912202826,
      "local_minus_highz_mg_sigma": 0.8351560195236222,
      "p_gr_above_local_ref": 0.06566,
      "p_gr_below_local_ref": 0.93434,
      "p_gr_below_planck_ref": 0.33921,
      "z_anchor": 0.2
    },
    {
      "apparent_gr_bias_vs_true": {
        "max": 6.696828632279889,
        "mean": -2.5911327189763864,
        "min": -8.919628069325952,
        "p16": -4.502238428747399,
        "p50": -2.781326989727873,
        "p84": -0.6169987239895629,
        "sd": 1.9703564891753453
      },
      "delta_local_minus_highz_gr": {
        "max": 18.506304385345757,
        "mean": 4.986329864605239,
        "min": -10.774686340093325,
        "p16": 1.7502492341112919,
        "p50": 5.061861868292873,
        "p84": 8.259444282576466,
        "sd": 3.311757316932847
      },
      "delta_local_minus_highz_mg": {
        "max": 16.622238048842995,
        "mean": 2.6074938817904716,
        "min": -11.579416916041353,
        "p16": -0.43683467106435214,
        "p50": 2.655701380534069,
        "p84": 5.699288412142953,
        "sd": 3.1247379408055864
      },
      "h0_highz_gr": {
        "max": 83.2235710116093,
        "mean": 68.01416295108999,
        "min": 55.608714384253425,
        "p16": 64.91041069392605,
        "p50": 67.9314600668233,
        "p84": 71.08854569636956,
        "sd": 3.153139895951731
      },
      "h0_highz_mg": {
        "max": 82.99351491832485,
        "mean": 70.39299893390476,
        "min": 58.698369823576584,
        "p16": 67.45376676206175,
        "p50": 70.34294954372618,
        "p84": 73.26300661518225,
        "sd": 2.956470612176577
      },
      "h0_local_obs": {
        "max": 77.73279998415269,
        "mean": 73.00049281569524,
        "min": 68.95734405646346,
        "p16": 72.00897997150123,
        "p50": 72.9982831700966,
        "p84": 73.99020237332904,
        "sd": 0.9980398280966261
      },
      "local_minus_highz_gr_sigma": 1.5073943085556396,
      "local_minus_highz_mg_sigma": 0.8354641177079446,
      "p_gr_above_local_ref": 0.05796,
      "p_gr_below_local_ref": 0.94204,
      "p_gr_below_planck_ref": 0.42955,
      "z_anchor": 0.35
    },
    {
      "apparent_gr_bias_vs_true": {
        "max": 9.42228163328781,
        "mean": -2.369314973380861,
        "min": -9.940011208074885,
        "p16": -4.797361547142774,
        "p50": -2.6135221107441993,
        "p84": 0.08140937826841976,
        "sd": 2.4925063371691825
      },
      "delta_local_minus_highz_gr": {
        "max": 18.53539594515633,
        "mean": 4.768923174323561,
        "min": -12.743146021984998,
        "p16": 1.2123274499100503,
        "p50": 4.922003349696865,
        "p84": 8.36085772294466,
        "sd": 3.620224226691169
      },
      "delta_local_minus_highz_mg": {
        "max": 15.77307917425766,
        "mean": 2.6104522461620117,
        "min": -11.077345283181046,
        "p16": -0.4207417338838161,
        "p50": 2.6432229843551838,
        "p84": 5.704239610812171,
        "sd": 3.1192434379345135
      },
      "h0_highz_gr": {
        "max": 84.39773905151935,
        "mean": 68.2298527403492,
        "min": 55.31775388461252,
        "p16": 64.76192040067919,
        "p50": 68.03216093978028,
        "p84": 71.62999211369589,
        "sd": 3.4789039095434684
      },
      "h0_highz_mg": {
        "max": 82.57929991863958,
        "mean": 70.38832366851075,
        "min": 59.27913102495963,
        "p16": 67.44455380788715,
        "p50": 70.3442031178664,
        "p84": 73.23228655153244,
        "sd": 2.9568998683103196
      },
      "h0_local_obs": {
        "max": 78.52389621925163,
        "mean": 72.99877591467276,
        "min": 68.73721983948838,
        "p16": 72.00387099063538,
        "p50": 72.99719595250397,
        "p84": 73.99540720746255,
        "sd": 1.0001967263593434
      },
      "local_minus_highz_gr_sigma": 1.3174639104939019,
      "local_minus_highz_mg_sigma": 0.8363030441110993,
      "p_gr_above_local_ref": 0.08634,
      "p_gr_below_local_ref": 0.91366,
      "p_gr_below_planck_ref": 0.4258,
      "z_anchor": 0.5
    },
    {
      "apparent_gr_bias_vs_true": {
        "max": 10.679366263544438,
        "mean": -1.433989821597569,
        "min": -10.263647453702177,
        "p16": -4.288075082691352,
        "p50": -1.6807738355817676,
        "p84": 1.4333005332524775,
        "sd": 2.904954436773155
      },
      "delta_local_minus_highz_gr": {
        "max": 18.666962870314812,
        "mean": 3.844305368749726,
        "min": -14.485100683603662,
        "p16": -0.06109307466049415,
        "p50": 4.0479894110437655,
        "p84": 7.761461417409226,
        "sd": 3.949404963336235
      },
      "delta_local_minus_highz_mg": {
        "max": 14.77244228809861,
        "mean": 2.6214261450385594,
        "min": -10.897731192092948,
        "p16": -0.40851261695608,
        "p50": 2.668234803244289,
        "p84": 5.698740039406083,
        "sd": 3.12538538223529
      },
      "h0_highz_gr": {
        "max": 86.76140511456958,
        "mean": 69.15243568313119,
        "min": 55.18269926129873,
        "p16": 65.34489157796085,
        "p50": 68.89785917373818,
        "p84": 72.9531959404404,
        "sd": 3.8289379003898114
      },
      "h0_highz_mg": {
        "max": 83.03838540629683,
        "mean": 70.37531490684235,
        "min": 58.9146518593829,
        "p16": 67.43747917598401,
        "p50": 70.33214010696763,
        "p84": 73.24881133063414,
        "sd": 2.9683377227319516
      },
      "h0_local_obs": {
        "max": 77.22747142831867,
        "mean": 72.9967410518809,
        "min": 68.73634764836122,
        "p16": 72.01066280694468,
        "p50": 72.99848138429766,
        "p84": 73.98865788508326,
        "sd": 0.9973318800970582
      },
      "local_minus_highz_gr_sigma": 0.9714297186928627,
      "local_minus_highz_mg_sigma": 0.8369130704852533,
      "p_gr_above_local_ref": 0.15721,
      "p_gr_below_local_ref": 0.84279,
      "p_gr_below_planck_ref": 0.34194,
      "z_anchor": 0.62
    }
  ],
  "draws_total": 1600,
  "draws_used": 1600,
  "h0_posterior_mg_truth": {
    "max": 81.06264119821896,
    "mean": 70.60034490571202,
    "min": 60.651398709331204,
    "p16": 67.71575777916435,