{
  "apparent_gr_bias_vs_true": {
    "max": 10.278638871483224,
    "mean": -1.9589597345995304,
    "min": -10.122922666226941,
    "p16": -4.391212833001563,
    "p50": -2.193933253388984,
    "p84": 0.49664926809981946,
    "sd": 2.490193967414078
  },
  "delta_local_minus_highz_gr": {
    "max": 18.230545880420017,
    "mean": 4.3624963084560955,
    "min": -13.926750272123499,
    "p16": 0.7876356987823385,
    "p50": 4.507414477657711,
    "p84": 8.006087421250092,
    "sd": 3.634628243205509
  },
  "delta_local_minus_highz_mg": {
    "max": 14.609999682277355,
    "mean": 2.1946620780049533,
    "min": -11.611066595504425,
    "p16": -0.866041730179237,
    "p50": 2.232935188309945,
    "p84": 5.309583107624464,
    "sd": 3.1355515371697735
  },
  "h0_highz_gr": {
    "max": 85.00452965312138,
    "mean": 68.63936675176676,
    "min": 55.78260345201554,
    "p16": 65.13083532524304,
    "p50": 68.46039467351132,
    "p84": 72.06001066829344,
    "sd": 3.4963327782526767
  },
  "h0_highz_mg": {
    "max": 83.19874656832674,
    "mean": 70.8072009822179,
    "min": 59.643883581683504,
    "p16": 67.83518244680292,
    "p50": 70.76707116356532,
    "p84": 73.67020441684828,
    "sd": 2.971132646888244
  },
  "h0_local_obs": {
    "max": 77.77739567275104,
    "mean": 73.00186306022286,
    "min": 68.78477714180939,
    "p16": 72.00100059293938,
    "p50": 73.00488601551058,
    "p84": 73.99889618124556,
    "sd": 1.0020794139284372
  },
  "local_minus_highz_gr_sigma": 1.1996319438802905,
  "local_minus_highz_mg_sigma": 0.7000729193253671,
  "p_gr_above_local_ref": 0.10418,
  "p_gr_below_local_ref": 0.89582,
  "p_gr_below_planck_ref": 0.37766,
  "z_anchor": 0.5
}
