{
  "apparent_gr_bias_vs_true": {
    "max": 7.492242932220563,
    "mean": -2.1863233804363924,
    "min": -8.025897853076955,
    "p16": -4.091158693556604,
    "p50": -2.383509184467165,
    "p84": -0.21767831824173753,
    "sd": 1.96725826059024
  },
  "delta_local_minus_highz_gr": {
    "max": 17.8595098899795,
    "mean": 4.584666689711095,
    "min": -10.74391071321115,
    "p16": 1.3440462699133917,
    "p50": 4.659611839936325,
    "p84": 7.868214207436469,
    "sd": 3.3278352753446634
  },
  "delta_local_minus_highz_mg": {
    "max": 14.78654940001671,
    "mean": 2.1872932522794923,
    "min": -10.892925499526385,
    "p16": -0.8529805870747748,
    "p50": 2.233104028228311,
    "p84": 5.291403434732198,
    "sd": 3.134477923163094
  },
  "h0_highz_gr": {
    "max": 82.6355788248229,
    "mean": 68.41722047578818,
    "min": 56.41085784062532,
    "p16": 65.29924896725475,
    "p50": 68.33521434818135,
    "p84": 71.5076636973016,
    "sd": 3.1738676451853234
  },
  "h0_highz_mg": {
    "max": 83.06310903488983,
    "mean": 70.8145939132198,
    "min": 59.380453631401686,
    "p16": 67.85608498139122,
    "p50": 70.77335154711763,
    "p84": 73.68776605533144,
    "sd": 2.9721905069195085
  },
  "h0_local_obs": {
    "max": 77.2716306776666,
    "mean": 73.00188716549928,
    "min": 67.3190100584767,
    "p16": 72.00497876217935,
    "p50": 72.99764890578214,
    "p84": 73.99934980468429,
    "sd": 1.0021482569244688
  },
  "local_minus_highz_gr_sigma": 1.3777377900069068,
  "local_minus_highz_mg_sigma": 0.6974992693198029,
  "p_gr_above_local_ref": 0.07391,
  "p_gr_below_local_ref": 0.92609,
  "p_gr_below_planck_ref": 0.38023,
  "z_anchor": 0.35
}
