{
  "apparent_gr_bias_vs_true": {
    "max": 11.667652141550974,
    "mean": -1.0521385219108257,
    "min": -9.464229742442555,
    "p16": -3.943138793181434,
    "p50": -1.2936803086322897,
    "p84": 1.8256017632865775,
    "sd": 2.92780280183082
  },
  "delta_local_minus_highz_gr": {
    "max": 18.350561329407796,
    "mean": 3.441027054880562,
    "min": -15.015601420053926,
    "p16": -0.48866014890568976,
    "p50": 3.652509502090126,
    "p84": 7.389280044627564,
    "sd": 3.9775097526329297
  },
  "delta_local_minus_highz_mg": {
    "max": 15.353895106841826,
    "mean": 2.1775867264007926,
    "min": -11.647129582062135,
    "p16": -0.9061314417546191,
    "p50": 2.2362667188277427,
    "p84": 5.295270148328773,
    "sd": 3.1569692675233867
  },
  "h0_highz_gr": {
    "max": 87.40331984649316,
    "mean": 69.55546534997242,
    "min": 55.727412636256105,
    "p16": 65.71913098087562,
    "p50": 69.29573185359303,
    "p84": 73.35628073429969,
    "sd": 3.8505409981381353
  },
  "h0_highz_mg": {
    "max": 83.69553307357633,
    "mean": 70.8189056784522,
    "min": 58.95651417055684,
    "p16": 67.85906082345048,
    "p50": 70.75939516596357,
    "p84": 73.70322258294347,
    "sd": 2.991139113171097
  },
  "h0_local_obs": {
    "max": 77.4621826466902,
    "mean": 72.996492404853,
    "min": 68.96245915675743,
    "p16": 72.00424416376154,
    "p50": 72.99672657442477,
    "p84": 73.98756261613838,
    "sd": 1.0014518150244762
  },
  "local_minus_highz_gr_sigma": 0.8649547119904261,
  "local_minus_highz_mg_sigma": 0.6904485098533968,
  "p_gr_above_local_ref": 0.18352,
  "p_gr_below_local_ref": 0.81648,
  "p_gr_below_planck_ref": 0.3018,
  "z_anchor": 0.62
}
