{
  "apparent_gr_bias_vs_true": {
    "max": 5.574723860246721,
    "mean": -1.561175714146833,
    "min": -6.329979385163199,
    "p16": -2.8701498250238653,
    "p50": -1.6652728552018843,
    "p84": -0.2270298387513291,
    "sd": 1.3469014516278215
  },
  "delta_local_minus_highz_gr": {
    "max": 17.871288369500455,
    "mean": 3.9649539395830176,
    "min": -9.44179720657074,
    "p16": 0.9381765671778652,
    "p50": 3.9956792145435998,
    "p84": 7.042363858901282,
    "sd": 3.1241033932505933
  },
  "delta_local_minus_highz_mg": {
    "max": 15.410721167398243,
    "mean": 2.192745000160769,
    "min": -11.868178143779303,
    "p16": -0.867334453799437,
    "p50": 2.231239783705007,
    "p84": 5.304683553929054,
    "sd": 3.144169670591215
  },
  "h0_highz_gr": {
    "max": 81.03067836964821,
    "mean": 69.03338498364032,
    "min": 57.206605622184405,
    "p16": 66.13611240045483,
    "p50": 69.00782838017113,
    "p84": 71.8859732011866,
    "sd": 2.962557101611518
  },
  "h0_highz_mg": {
    "max": 83.33415311210375,
    "mean": 70.80559392306256,
    "min": 59.62333829848041,
    "p16": 67.8318351208156,
    "p50": 70.77049169810839,
    "p84": 73.68565848918647,
    "sd": 2.9841642164559605
  },
  "h0_local_obs": {
    "max": 77.58752062173343,
    "mean": 72.99833892322333,
    "min": 68.51046800319604,
    "p16": 72.0014442950262,
    "p50": 72.99965021856714,
    "p84": 73.99155914904047,
    "sd": 0.9992857600892707
  },
  "local_minus_highz_gr_sigma": 1.2680635289436712,
  "local_minus_highz_mg_sigma": 0.6967158876883875,
  "p_gr_above_local_ref": 0.08485,
  "p_gr_below_local_ref": 0.91515,
  "p_gr_below_planck_ref": 0.29197,
  "z_anchor": 0.2
}
