{
  "anchor_results": [
    {
      "apparent_gr_bias_vs_true": {
        "max": 5.574723860246721,
        "mean": -1.561175714146833,
        "min": -6.329979385163199,
        "p16": -2.8701498250238653,
        "p50": -1.6652728552018843,
        "p84": -0.2270298387513291,
        "sd": 1.3469014516278215
      },
      "delta_local_minus_highz_gr": {
        "max": 17.871288369500455,
        "mean": 3.9649539395830176,
        "min": -9.44179720657074,
        "p16": 0.9381765671778652,
        "p50": 3.9956792145435998,
        "p84": 7.042363858901282,
        "sd": 3.1241033932505933
      },
      "delta_local_minus_highz_mg": {
        "max": 15.410721167398243,
        "mean": 2.192745000160769,
        "min": -11.868178143779303,
        "p16": -0.867334453799437,
        "p50": 2.231239783705007,
        "p84": 5.304683553929054,
        "sd": 3.144169670591215
      },
      "h0_highz_gr": {
        "max": 81.03067836964821,
        "mean": 69.03338498364032,
        "min": 57.206605622184405,
        "p16": 66.13611240045483,
        "p50": 69.00782838017113,
        "p84": 71.8859732011866,
        "sd": 2.962557101611518
      },
      "h0_highz_mg": {
        "max": 83.33415311210375,
        "mean": 70.80559392306256,
        "min": 59.62333829848041,
        "p16": 67.8318351208156,
        "p50": 70.77049169810839,
        "p84": 73.68565848918647,
        "sd": 2.9841642164559605
      },
      "h0_local_obs": {
        "max": 77.58752062173343,
        "mean": 72.99833892322333,
        "min": 68.51046800319604,
        "p16": 72.0014442950262,
        "p50": 72.99965021856714,
        "p84": 73.99155914904047,
        "sd": 0.9992857600892707
      },
      "local_minus_highz_gr_sigma": 1.2680635289436712,
      "local_minus_highz_mg_sigma": 0.6967158876883875,
      "p_gr_above_local_ref": 0.08485,
      "p_gr_below_local_ref": 0.91515,
      "p_gr_below_planck_ref": 0.29197,
      "z_anchor": 0.2
    },
    {
      "apparent_gr_bias_vs_true": {
        "max": 7.492242932220563,
        "mean": -2.1863233804363924,
        "min": -8.025897853076955,
        "p16": -4.091158693556604,
        "p50": -2.383509184467165,
        "p84": -0.21767831824173753,
        "sd": 1.96725826059024
      },
      "delta_local_minus_highz_gr": {
        "max": 17.8595098899795,
        "mean": 4.584666689711095,
        "min": -10.74391071321115,
        "p16": 1.3440462699133917,
        "p50": 4.659611839936325,
        "p84": 7.868214207436469,
        "sd": 3.3278352753446634
      },
      "delta_local_minus_highz_mg": {
        "max": 14.78654940001671,
        "mean": 2.1872932522794923,
        "min": -10.892925499526385,
        "p16": -0.8529805870747748,
        "p50": 2.233104028228311,
        "p84": 5.291403434732198,
        "sd": 3.134477923163094
      },
      "h0_highz_gr": {
        "max": 82.6355788248229,
        "mean": 68.41722047578818,
        "min": 56.41085784062532,
        "p16": 65.29924896725475,
        "p50": 68.33521434818135,
        "p84": 71.5076636973016,
        "sd": 3.1738676451853234
      },
      "h0_highz_mg": {
        "max": 83.06310903488983,
        "mean": 70.8145939132198,
        "min": 59.380453631401686,
        "p16": 67.85608498139122,
        "p50": 70.77335154711763,
        "p84": 73.68776605533144,
        "sd": 2.9721905069195085
      },
      "h0_local_obs": {
        "max": 77.2716306776666,
        "mean": 73.00188716549928,
        "min": 67.3190100584767,
        "p16": 72.00497876217935,
        "p50": 72.99764890578214,
        "p84": 73.99934980468429,
        "sd": 1.0021482569244688
      },
      "local_minus_highz_gr_sigma": 1.3777377900069068,
      "local_minus_highz_mg_sigma": 0.6974992693198029,
      "p_gr_above_local_ref": 0.07391,
      "p_gr_below_local_ref": 0.92609,
      "p_gr_below_planck_ref": 0.38023,
      "z_anchor": 0.35
    },
    {
      "apparent_gr_bias_vs_true": {
        "max": 10.278638871483224,
        "mean": -1.9589597345995304,
        "min": -10.122922666226941,
        "p16": -4.391212833001563,
        "p50": -2.193933253388984,
        "p84": 0.49664926809981946,
        "sd": 2.490193967414078
      },
      "delta_local_minus_highz_gr": {
        "max": 18.230545880420017,
        "mean": 4.3624963084560955,
        "min": -13.926750272123499,
        "p16": 0.7876356987823385,
        "p50": 4.507414477657711,
        "p84": 8.006087421250092,
        "sd": 3.634628243205509
      },
      "delta_local_minus_highz_mg": {
        "max": 14.609999682277355,
        "mean": 2.1946620780049533,
        "min": -11.611066595504425,
        "p16": -0.866041730179237,
        "p50": 2.232935188309945,
        "p84": 5.309583107624464,
        "sd": 3.1355515371697735
      },
      "h0_highz_gr": {
        "max": 85.00452965312138,
        "mean": 68.63936675176676,
        "min": 55.78260345201554,
        "p16": 65.13083532524304,
        "p50": 68.46039467351132,
        "p84": 72.06001066829344,
        "sd": 3.4963327782526767
      },
      "h0_highz_mg": {
        "max": 83.19874656832674,
        "mean": 70.8072009822179,
        "min": 59.643883581683504,
        "p16": 67.83518244680292,
        "p50": 70.76707116356532,
        "p84": 73.67020441684828,
        "sd": 2.971132646888244
      },
      "h0_local_obs": {
        "max": 77.77739567275104,
        "mean": 73.00186306022286,
        "min": 68.78477714180939,
        "p16": 72.00100059293938,
        "p50": 73.00488601551058,
        "p84": 73.99889618124556,
        "sd": 1.0020794139284372
      },
      "local_minus_highz_gr_sigma": 1.1996319438802905,
      "local_minus_highz_mg_sigma": 0.7000729193253671,
      "p_gr_above_local_ref": 0.10418,
      "p_gr_below_local_ref": 0.89582,
      "p_gr_below_planck_ref": 0.37766,
      "z_anchor": 0.5
    },
    {
      "apparent_gr_bias_vs_true": {
        "max": 11.667652141550974,
        "mean": -1.0521385219108257,
        "min": -9.464229742442555,
        "p16": -3.943138793181434,
        "p50": -1.2936803086322897,
        "p84": 1.8256017632865775,
        "sd": 2.92780280183082
      },
      "delta_local_minus_highz_gr": {
        "max": 18.350561329407796,
        "mean": 3.441027054880562,
        "min": -15.015601420053926,
        "p16": -0.48866014890568976,
        "p50": 3.652509502090126,
        "p84": 7.389280044627564,
        "sd": 3.9775097526329297
      },
      "delta_local_minus_highz_mg": {
        "max": 15.353895106841826,
        "mean": 2.1775867264007926,
        "min": -11.647129582062135,
        "p16": -0.9061314417546191,
        "p50": 2.2362667188277427,
        "p84": 5.295270148328773,
        "sd": 3.1569692675233867
      },
      "h0_highz_gr": {
        "max": 87.40331984649316,
        "mean": 69.55546534997242,
        "min": 55.727412636256105,
        "p16": 65.71913098087562,
        "p50": 69.29573185359303,
        "p84": 73.35628073429969,
        "sd": 3.8505409981381353
      },
      "h0_highz_mg": {
        "max": 83.69553307357633,
        "mean": 70.8189056784522,
        "min": 58.95651417055684,
        "p16": 67.85906082345048,
        "p50": 70.75939516596357,
        "p84": 73.70322258294347,
        "sd": 2.991139113171097
      },
      "h0_local_obs": {
        "max": 77.4621826466902,
        "mean": 72.996492404853,
        "min": 68.96245915675743,
        "p16": 72.00424416376154,
        "p50": 72.99672657442477,
        "p84": 73.98756261613838,
        "sd": 1.0014518150244762
      },
      "local_minus_highz_gr_sigma": 0.8649547119904261,
      "local_minus_highz_mg_sigma": 0.6904485098533968,
      "p_gr_above_local_ref": 0.18352,
      "p_gr_below_local_ref": 0.81648,
      "p_gr_below_planck_ref": 0.3018,
      "z_anchor": 0.62
    }
  ],
  "draws_total": 1600,
  "draws_used": 1600,
  "h0_posterior_mg_truth": {
    "max": 81.06264119821896,
    "mean": 70.60034490571202,
    "min": 60.651398709331204,
    "p16": 67.71575777916435,