{
  "apparent_gr_bias_vs_true": {
    "max": 7.149667111957157,
    "mean": -2.0288046480516413,
    "min": -9.230857793846852,
    "p16": -4.049857178083729,
    "p50": -2.2003653312978457,
    "p84": 0.03921340415057388,
    "sd": 2.0538763238135775
  },
  "delta_local_minus_highz_gr": {
    "max": 17.7302776351897,
    "mean": 4.5809631961808925,
    "min": -12.694409814733916,
    "p16": 1.1494124655730757,
    "p50": 4.71744479819489,
    "p84": 8.017024267759037,
    "sd": 3.497361250620746
  },
  "delta_local_minus_highz_mg": {
    "max": 15.467551834706235,
    "mean": 2.338374629254806,
    "min": -11.743630132990802,
    "p16": -0.8924780166465961,
    "p50": 2.4492428979196745,
    "p84": 5.580210350035988,
    "sd": 3.307180995288065
  },
  "h0_highz_gr": {
    "max": 84.14845112442403,
    "mean": 68.66991716464166,
    "min": 56.49230266108606,
    "p16": 65.35726752930516,
    "p50": 68.51880830974119,
    "p84": 71.9565581288549,
    "sd": 3.346759382040745
  },
  "h0_highz_mg": {
    "max": 83.50147100559909,
    "mean": 70.91250573156776,
    "min": 59.45802280343884,
    "p16": 67.83506954881778,
    "p50": 70.79493635640605,
    "p84": 73.98170473512187,
    "sd": 3.1513328548344255
  },
  "h0_local_obs": {
    "max": 77.37188622682224,
    "mean": 73.25088036082256,
    "min": 68.71215718037604,
    "p16": 72.255126287998,
    "p50": 73.25130747400654,
    "p84": 74.24691598146697,
    "sd": 0.9999500450669612
  },
  "local_minus_highz_gr_sigma": 1.3114830371814465,
  "local_minus_highz_mg_sigma": 0.7072714937117,
  "p_gr_above_local_ref": 0.09864,
  "p_gr_below_local_ref": 0.90136,
  "p_gr_below_planck_ref": 0.36139,
  "z_anchor": 0.35
}
