{
  "apparent_gr_bias_vs_true": {
    "max": 12.823138816724097,
    "mean": -0.9686557672124227,
    "min": -10.126490971320536,
    "p16": -3.832327926693829,
    "p50": -1.2815303961967217,
    "p84": 1.9793615300972738,
    "sd": 3.0056041393177275
  },
  "delta_local_minus_highz_gr": {
    "max": 18.485006838160906,
    "mean": 3.5270749666587093,
    "min": -14.971742106915343,
    "p16": -0.4990400842612189,
    "p50": 3.731512037472399,
    "p84": 7.6157159162811645,
    "sd": 4.097835316531034
  },
  "delta_local_minus_highz_mg": {
    "max": 15.177498787789133,
    "mean": 2.345063099508805,
    "min": -11.836590595015792,
    "p16": -0.876789167003094,
    "p50": 2.4552925902703677,
    "p84": 5.567588925230768,
    "sd": 3.3001508384638503
  },
  "h0_highz_gr": {
    "max": 87.34295035289833,
    "mean": 69.72003432173739,
    "min": 55.616913084778545,
    "p16": 65.74042276422813,
    "p50": 69.47817967385035,
    "p84": 73.6383536291503,
    "sd": 3.975506349493889
  },
  "h0_highz_mg": {
    "max": 83.47809241284236,
    "mean": 70.9020461888873,
    "min": 59.318656644370314,
    "p16": 67.83104215266772,
    "p50": 70.78154449230303,
    "p84": 73.96141173031339,
    "sd": 3.14767541894742
  },
  "h0_local_obs": {
    "max": 77.32411341591536,
    "mean": 73.24710928839609,
    "min": 68.58005416953847,
    "p16": 72.25488252659453,
    "p50": 73.24678848249016,
    "p84": 74.24144617028279,
    "sd": 0.9987024216771418
  },
  "local_minus_highz_gr_sigma": 0.8603990956482294,
  "local_minus_highz_mg_sigma": 0.7100431540851397,
  "p_gr_above_local_ref": 0.1978,
  "p_gr_below_local_ref": 0.8022,
  "p_gr_below_planck_ref": 0.29235,
  "z_anchor": 0.62
}
