{
  "apparent_gr_bias_vs_true": {
    "max": 4.791057758149293,
    "mean": -1.4386965274915602,
    "min": -6.192023579444296,
    "p16": -2.821202443262618,
    "p50": -1.5310851397142926,
    "p84": -0.04306000732639241,
    "sd": 1.4012540659012338
  },
  "delta_local_minus_highz_gr": {
    "max": 17.16545467871709,
    "mean": 3.9920063788803453,
    "min": -12.331012420934442,
    "p16": 0.8071952500875363,
    "p50": 4.083839272453247,
    "p84": 7.184101221354027,
    "sd": 3.2721303926919325
  },
  "delta_local_minus_highz_mg": {
    "max": 15.39331556583253,
    "mean": 2.341024344045975,
    "min": -12.144897756133545,
    "p16": -0.875337896291474,
    "p50": 2.433904473413257,
    "p84": 5.573278137590921,
    "sd": 3.2986473572545902
  },
  "h0_highz_gr": {
    "max": 83.14580235964401,
    "mean": 69.25390715847772,
    "min": 57.56654057493664,
    "p16": 66.17660888565275,
    "p50": 69.15348623586361,
    "p84": 72.27929227738255,
    "sd": 3.1166954321923437
  },
  "h0_highz_mg": {
    "max": 83.37433490553151,
    "mean": 70.90488919331209,
    "min": 58.64372447147129,
    "p16": 67.83814956516136,
    "p50": 70.8071883723307,
    "p84": 73.95706982250319,
    "sd": 3.142768553804312
  },
  "h0_local_obs": {
    "max": 77.1799180706967,
    "mean": 73.24591353735806,
    "min": 68.82722737222306,
    "p16": 72.25513757230716,
    "p50": 73.24722455611828,
    "p84": 74.2408846251527,
    "sd": 1.001060547217263
  },
  "local_minus_highz_gr_sigma": 1.219606283879184,
  "local_minus_highz_mg_sigma": 0.7098253116156499,
  "p_gr_above_local_ref": 0.11582,
  "p_gr_below_local_ref": 0.88418,
  "p_gr_below_planck_ref": 0.28003,
  "z_anchor": 0.2
}
