{
  "apparent_gr_bias_vs_true": {
    "max": 9.199504119358124,
    "mean": -1.8216530105891031,
    "min": -9.708189804661899,
    "p16": -4.311140931090599,
    "p50": -2.0723185765582244,
    "p84": 0.732852568662126,
    "sd": 2.5855980537834506
  },
  "delta_local_minus_highz_gr": {
    "max": 18.704410679214995,
    "mean": 4.38829670785385,
    "min": -13.885918489168219,
    "p16": 0.6930086608320056,
    "p50": 4.553781977385334,
    "p84": 8.119590813220178,
    "sd": 3.781622699804434
  },
  "delta_local_minus_highz_mg": {
    "max": 15.62952463041401,
    "mean": 2.353451107022371,
    "min": -12.210647589363433,
    "p16": -0.8624354194768165,
    "p50": 2.456636890142015,
    "p84": 5.5880912622943395,
    "sd": 3.308355890926671
  },
  "h0_highz_gr": {
    "max": 85.86243579964923,
    "mean": 68.86259157456202,
    "min": 56.20242243307472,
    "p16": 65.2291761870859,
    "p50": 68.68950260984388,
    "p84": 72.43770549800438,
    "sd": 3.6474626934897287
  },
  "h0_highz_mg": {
    "max": 83.67386897896364,
    "mean": 70.8974371753935,
    "min": 59.22735989316605,
    "p16": 67.81909500470925,
    "p50": 70.7905943673981,
    "p84": 73.96677444690947,
    "sd": 3.153833055837263
  },
  "h0_local_obs": {
    "max": 77.91373981983074,
    "mean": 73.25088828241587,
    "min": 68.65519773825912,
    "p16": 72.26050756963669,
    "p50": 73.25082387503551,
    "p84": 74.24143105067036,
    "sd": 0.9976427358079002
  },
  "local_minus_highz_gr_sigma": 1.1602924723819286,
  "local_minus_highz_mg_sigma": 0.7113188328974627,
  "p_gr_above_local_ref": 0.12536,
  "p_gr_below_local_ref": 0.87464,
  "p_gr_below_planck_ref": 0.35875,
  "z_anchor": 0.5
}
