{
  "anchor_results": [
    {
      "apparent_gr_bias_vs_true": {
        "max": 4.791057758149293,
        "mean": -1.4386965274915602,
        "min": -6.192023579444296,
        "p16": -2.821202443262618,
        "p50": -1.5310851397142926,
        "p84": -0.04306000732639241,
        "sd": 1.4012540659012338
      },
      "delta_local_minus_highz_gr": {
        "max": 17.16545467871709,
        "mean": 3.9920063788803453,
        "min": -12.331012420934442,
        "p16": 0.8071952500875363,
        "p50": 4.083839272453247,
        "p84": 7.184101221354027,
        "sd": 3.2721303926919325
      },
      "delta_local_minus_highz_mg": {
        "max": 15.39331556583253,
        "mean": 2.341024344045975,
        "min": -12.144897756133545,
        "p16": -0.875337896291474,
        "p50": 2.433904473413257,
        "p84": 5.573278137590921,
        "sd": 3.2986473572545902
      },
      "h0_highz_gr": {
        "max": 83.14580235964401,
        "mean": 69.25390715847772,
        "min": 57.56654057493664,
        "p16": 66.17660888565275,
        "p50": 69.15348623586361,
        "p84": 72.27929227738255,
        "sd": 3.1166954321923437
      },
      "h0_highz_mg": {
        "max": 83.37433490553151,
        "mean": 70.90488919331209,
        "min": 58.64372447147129,
        "p16": 67.83814956516136,
        "p50": 70.8071883723307,
        "p84": 73.95706982250319,
        "sd": 3.142768553804312
      },
      "h0_local_obs": {
        "max": 77.1799180706967,
        "mean": 73.24591353735806,
        "min": 68.82722737222306,
        "p16": 72.25513757230716,
        "p50": 73.24722455611828,
        "p84": 74.2408846251527,
        "sd": 1.001060547217263
      },
      "local_minus_highz_gr_sigma": 1.219606283879184,
      "local_minus_highz_mg_sigma": 0.7098253116156499,
      "p_gr_above_local_ref": 0.11582,
      "p_gr_below_local_ref": 0.88418,
      "p_gr_below_planck_ref": 0.28003,
      "z_anchor": 0.2
    },
    {
      "apparent_gr_bias_vs_true": {
        "max": 7.149667111957157,
        "mean": -2.0288046480516413,
        "min": -9.230857793846852,
        "p16": -4.049857178083729,
        "p50": -2.2003653312978457,
        "p84": 0.03921340415057388,
        "sd": 2.0538763238135775
      },
      "delta_local_minus_highz_gr": {
        "max": 17.7302776351897,
        "mean": 4.5809631961808925,
        "min": -12.694409814733916,
        "p16": 1.1494124655730757,
        "p50": 4.71744479819489,
        "p84": 8.017024267759037,
        "sd": 3.497361250620746
      },
      "delta_local_minus_highz_mg": {
        "max": 15.467551834706235,
        "mean": 2.338374629254806,
        "min": -11.743630132990802,
        "p16": -0.8924780166465961,
        "p50": 2.4492428979196745,
        "p84": 5.580210350035988,
        "sd": 3.307180995288065
      },
      "h0_highz_gr": {
        "max": 84.14845112442403,
        "mean": 68.66991716464166,
        "min": 56.49230266108606,
        "p16": 65.35726752930516,
        "p50": 68.51880830974119,
        "p84": 71.9565581288549,
        "sd": 3.346759382040745
      },
      "h0_highz_mg": {
        "max": 83.50147100559909,
        "mean": 70.91250573156776,
        "min": 59.45802280343884,
        "p16": 67.83506954881778,
        "p50": 70.79493635640605,
        "p84": 73.98170473512187,
        "sd": 3.1513328548344255
      },
      "h0_local_obs": {
        "max": 77.37188622682224,
        "mean": 73.25088036082256,
        "min": 68.71215718037604,
        "p16": 72.255126287998,
        "p50": 73.25130747400654,
        "p84": 74.24691598146697,
        "sd": 0.9999500450669612
      },
      "local_minus_highz_gr_sigma": 1.3114830371814465,
      "local_minus_highz_mg_sigma": 0.7072714937117,
      "p_gr_above_local_ref": 0.09864,
      "p_gr_below_local_ref": 0.90136,
      "p_gr_below_planck_ref": 0.36139,
      "z_anchor": 0.35
    },
    {
      "apparent_gr_bias_vs_true": {
        "max": 9.199504119358124,
        "mean": -1.8216530105891031,
        "min": -9.708189804661899,
        "p16": -4.311140931090599,
        "p50": -2.0723185765582244,
        "p84": 0.732852568662126,
        "sd": 2.5855980537834506
      },
      "delta_local_minus_highz_gr": {
        "max": 18.704410679214995,
        "mean": 4.38829670785385,
        "min": -13.885918489168219,
        "p16": 0.6930086608320056,
        "p50": 4.553781977385334,
        "p84": 8.119590813220178,
        "sd": 3.781622699804434
      },
      "delta_local_minus_highz_mg": {
        "max": 15.62952463041401,
        "mean": 2.353451107022371,
        "min": -12.210647589363433,
        "p16": -0.8624354194768165,
        "p50": 2.456636890142015,
        "p84": 5.5880912622943395,
        "sd": 3.308355890926671
      },
      "h0_highz_gr": {
        "max": 85.86243579964923,
        "mean": 68.86259157456202,
        "min": 56.20242243307472,
        "p16": 65.2291761870859,
        "p50": 68.68950260984388,
        "p84": 72.43770549800438,
        "sd": 3.6474626934897287
      },
      "h0_highz_mg": {
        "max": 83.67386897896364,
        "mean": 70.8974371753935,
        "min": 59.22735989316605,
        "p16": 67.81909500470925,
        "p50": 70.7905943673981,
        "p84": 73.96677444690947,
        "sd": 3.153833055837263
      },
      "h0_local_obs": {
        "max": 77.91373981983074,
        "mean": 73.25088828241587,
        "min": 68.65519773825912,
        "p16": 72.26050756963669,
        "p50": 73.25082387503551,
        "p84": 74.24143105067036,
        "sd": 0.9976427358079002
      },
      "local_minus_highz_gr_sigma": 1.1602924723819286,
      "local_minus_highz_mg_sigma": 0.7113188328974627,
      "p_gr_above_local_ref": 0.12536,
      "p_gr_below_local_ref": 0.87464,
      "p_gr_below_planck_ref": 0.35875,
      "z_anchor": 0.5
    },
    {
      "apparent_gr_bias_vs_true": {
        "max": 12.823138816724097,
        "mean": -0.9686557672124227,
        "min": -10.126490971320536,
        "p16": -3.832327926693829,
        "p50": -1.2815303961967217,
        "p84": 1.9793615300972738,
        "sd": 3.0056041393177275
      },
      "delta_local_minus_highz_gr": {
        "max": 18.485006838160906,
        "mean": 3.5270749666587093,
        "min": -14.971742106915343,
        "p16": -0.4990400842612189,
        "p50": 3.731512037472399,
        "p84": 7.6157159162811645,
        "sd": 4.097835316531034
      },
      "delta_local_minus_highz_mg": {
        "max": 15.177498787789133,
        "mean": 2.345063099508805,
        "min": -11.836590595015792,
        "p16": -0.876789167003094,
        "p50": 2.4552925902703677,
        "p84": 5.567588925230768,
        "sd": 3.3001508384638503
      },
      "h0_highz_gr": {
        "max": 87.34295035289833,
        "mean": 69.72003432173739,
        "min": 55.616913084778545,
        "p16": 65.74042276422813,
        "p50": 69.47817967385035,
        "p84": 73.6383536291503,
        "sd": 3.975506349493889
      },
      "h0_highz_mg": {
        "max": 83.47809241284236,
        "mean": 70.9020461888873,
        "min": 59.318656644370314,
        "p16": 67.83104215266772,
        "p50": 70.78154449230303,
        "p84": 73.96141173031339,
        "sd": 3.14767541894742
      },
      "h0_local_obs": {
        "max": 77.32411341591536,
        "mean": 73.24710928839609,
        "min": 68.58005416953847,
        "p16": 72.25488252659453,
        "p50": 73.24678848249016,
        "p84": 74.24144617028279,
        "sd": 0.9987024216771418
      },
      "local_minus_highz_gr_sigma": 0.8603990956482294,
      "local_minus_highz_mg_sigma": 0.7100431540851397,
      "p_gr_above_local_ref": 0.1978,
      "p_gr_below_local_ref": 0.8022,
      "p_gr_below_planck_ref": 0.29235,
      "z_anchor": 0.62
    }
  ],
  "draws_total": 1600,
  "draws_used": 1600,
  "h0_posterior_mg_truth": {
    "max": 81.34840392208962,
    "mean": 70.68931182042479,
    "min": 60.443182238538995,
    "p16": 67.69470401834123,