{
  "apparent_gr_bias_vs_true": {
    "max": 9.68508462591545,
    "mean": -1.9431993373542358,
    "min": -9.186799659829418,
    "p16": -4.335070087496446,
    "p50": -2.2410435916445053,
    "p84": 0.5021836409064082,
    "sd": 2.4867052023792398
  },
  "delta_local_minus_highz_gr": {
    "max": 18.254231959992737,
    "mean": 4.3135336329260605,
    "min": -14.581926807576721,
    "p16": 0.7245880331171424,
    "p50": 4.501034954988043,
    "p84": 7.896684648888787,
    "sd": 3.6615834408336627
  },
  "delta_local_minus_highz_mg": {
    "max": 15.489029001845225,
    "mean": 2.162843117536263,
    "min": -12.103670393001082,
    "p16": -0.9083942059017482,
    "p50": 2.105108996486365,
    "p84": 5.290795120738702,
    "sd": 3.1837180142107258
  },
  "h0_highz_gr": {
    "max": 86.15926753531238,
    "mean": 68.68415260967969,
    "min": 55.42753635742373,
    "p16": 65.20010313118716,
    "p50": 68.46698026004856,
    "p84": 72.13656052918354,
    "sd": 3.5271672800726774
  },
  "h0_highz_mg": {
    "max": 83.1559262659703,
    "mean": 70.83484312506948,
    "min": 58.663456258905626,
    "p16": 67.862065770804,
    "p50": 70.90567199912553,
    "p84": 73.73393658470788,
    "sd": 3.02596292927742
  },
  "h0_local_obs": {
    "max": 77.29400034387733,
    "mean": 72.99768624260575,
    "min": 68.96382961201324,
    "p16": 72.00022207215044,
    "p50": 72.9973689713776,
    "p84": 73.99463201890403,
    "sd": 0.9999150148060622
  },
  "local_minus_highz_gr_sigma": 1.1765729726492995,
  "local_minus_highz_mg_sigma": 0.6786627557028464,
  "p_gr_above_local_ref": 0.11215,
  "p_gr_below_local_ref": 0.88785,
  "p_gr_below_planck_ref": 0.36998,
  "z_anchor": 0.5
}
