{
  "apparent_gr_bias_vs_true": {
    "max": 4.832884773171287,
    "mean": -1.5262087463482172,
    "min": -6.68984976672985,
    "p16": -2.843987699990632,
    "p50": -1.6225986911569947,
    "p84": -0.18728807798832459,
    "sd": 1.3455341630919326
  },
  "delta_local_minus_highz_gr": {
    "max": 16.443931252373147,
    "mean": 3.912452654277372,
    "min": -10.231475339161236,
    "p16": 0.8362448214829874,
    "p50": 3.9459827157918284,
    "p84": 6.989124277470367,
    "sd": 3.1566980144473114
  },
  "delta_local_minus_highz_mg": {
    "max": 15.784929454339526,
    "mean": 2.175231913520983,
    "min": -10.898840480909755,
    "p16": -0.9101704828778463,
    "p50": 2.1247388344063154,
    "p84": 5.294939119713327,
    "sd": 3.1863612726412085
  },
  "h0_highz_gr": {
    "max": 82.10486826870643,
    "mean": 69.08622502117383,
    "min": 57.50308799112863,
    "p16": 66.1486213557209,
    "p50": 69.04088116214317,
    "p84": 71.97592905026848,
    "sd": 2.993204515202098
  },
  "h0_highz_mg": {
    "max": 83.56337591369632,
    "mean": 70.82344576193023,
    "min": 59.00970305233982,
    "p16": 67.84076251804392,
    "p50": 70.90464764503011,
    "p84": 73.72918491802355,
    "sd": 3.0251916511580217
  },
  "h0_local_obs": {
    "max": 77.33132634114993,
    "mean": 72.9986776754512,
    "min": 68.40401127683735,
    "p16": 71.99813265503569,
    "p50": 72.99872264956193,
    "p84": 74.00061267074538,
    "sd": 1.0061764235289097
  },
  "local_minus_highz_gr_sigma": 1.239753293070419,
  "local_minus_highz_mg_sigma": 0.6827070233854572,
  "p_gr_above_local_ref": 0.09279,
  "p_gr_below_local_ref": 0.90721,
  "p_gr_below_planck_ref": 0.28151,
  "z_anchor": 0.2
}
