{
  "apparent_gr_bias_vs_true": {
    "max": 6.851140170360182,
    "mean": -2.1364483586614784,
    "min": -8.532687794032526,
    "p16": -4.061900678944079,
    "p50": -2.331929482016868,
    "p84": -0.17001201020375045,
    "sd": 1.9707611193943533
  },
  "delta_local_minus_highz_gr": {
    "max": 18.0778350552336,
    "mean": 4.538615244533448,
    "min": -12.614053359755388,
    "p16": 1.2622234148696025,
    "p50": 4.633402365150765,
    "p84": 7.872235457410858,
    "sd": 3.3763819066519147
  },
  "delta_local_minus_highz_mg": {
    "max": 15.540919984389916,
    "mean": 2.189082831924404,
    "min": -12.086722512224767,
    "p16": -0.9016679974962897,
    "p50": 2.1197052280677937,
    "p84": 5.351679209094265,
    "sd": 3.203208504345866
  },
  "h0_highz_gr": {
    "max": 82.97783753387641,
    "mean": 68.46618035149058,
    "min": 56.957164452276245,
    "p16": 65.28133832451725,
    "p50": 68.33686210254706,
    "p84": 71.59520204601401,
    "sd": 3.224083878933279
  },
  "h0_highz_mg": {
    "max": 83.47871718513012,
    "mean": 70.81571276409962,
    "min": 59.26051741951136,
    "p16": 67.79970445087301,
    "p50": 70.91405868182724,
    "p84": 73.72141533073018,
    "sd": 3.0413965657123256
  },
  "h0_local_obs": {
    "max": 77.36701744588895,
    "mean": 73.00479559602402,
    "min": 68.66918248247944,
    "p16": 72.00588993572794,
    "p50": 72.99879420351134,
    "p84": 74.00455666005894,
    "sd": 1.0000560851772262
  },
  "local_minus_highz_gr_sigma": 1.344533410338502,
  "local_minus_highz_mg_sigma": 0.6837514976724539,
  "p_gr_above_local_ref": 0.0828,
  "p_gr_below_local_ref": 0.9172,
  "p_gr_below_planck_ref": 0.37414,
  "z_anchor": 0.35
}
