{
  "apparent_gr_bias_vs_true": {
    "max": 12.584001339983573,
    "mean": -1.070087380605918,
    "min": -11.005650866848974,
    "p16": -3.84968858130747,
    "p50": -1.4059220461454416,
    "p84": 1.7660722215453821,
    "sd": 2.9097250737838687
  },
  "delta_local_minus_highz_gr": {
    "max": 18.853132128577407,
    "mean": 3.480348195590138,
    "min": -15.9817240910659,
    "p16": -0.4900279884355285,
    "p50": 3.71678500780682,
    "p84": 7.414776516875932,
    "sd": 4.010716509585409
  },
  "delta_local_minus_highz_mg": {
    "max": 14.963809986402602,
    "mean": 2.2009223273891427,
    "min": -11.74712393121122,
    "p16": -0.867579099355151,
    "p50": 2.1422600102528335,
    "p84": 5.329447816868336,
    "sd": 3.198325202113233
  },
  "h0_highz_gr": {
    "max": 88.54166076605608,
    "mean": 69.52668644782383,
    "min": 55.52451805806633,
    "p16": 65.69753059118027,
    "p50": 69.2483194483043,
    "p84": 73.36635719293703,
    "sd": 3.882959713301623
  },
  "h0_highz_mg": {
    "max": 83.06967283399683,
    "mean": 70.80611231602482,
    "min": 59.162795811600404,
    "p16": 67.82539156744335,
    "p50": 70.88921499441054,
    "p84": 73.69733014354011,
    "sd": 3.0324149130924294
  },
  "h0_local_obs": {
    "max": 77.2119816239883,
    "mean": 73.00703464341396,
    "min": 68.16767383943305,
    "p16": 72.01276504917365,
    "p50": 73.00754648830303,
    "p84": 73.99721104139493,
    "sd": 0.996824620331816
  },
  "local_minus_highz_gr_sigma": 0.8679907748816594,
  "local_minus_highz_mg_sigma": 0.6892862185340524,
  "p_gr_above_local_ref": 0.18294,
  "p_gr_below_local_ref": 0.81706,
  "p_gr_below_planck_ref": 0.29847,
  "z_anchor": 0.62
}
