{
  "anchor_results": [
    {
      "apparent_gr_bias_vs_true": {
        "max": 4.832884773171287,
        "mean": -1.5262087463482172,
        "min": -6.68984976672985,
        "p16": -2.843987699990632,
        "p50": -1.6225986911569947,
        "p84": -0.18728807798832459,
        "sd": 1.3455341630919326
      },
      "delta_local_minus_highz_gr": {
        "max": 16.443931252373147,
        "mean": 3.912452654277372,
        "min": -10.231475339161236,
        "p16": 0.8362448214829874,
        "p50": 3.9459827157918284,
        "p84": 6.989124277470367,
        "sd": 3.1566980144473114
      },
      "delta_local_minus_highz_mg": {
        "max": 15.784929454339526,
        "mean": 2.175231913520983,
        "min": -10.898840480909755,
        "p16": -0.9101704828778463,
        "p50": 2.1247388344063154,
        "p84": 5.294939119713327,
        "sd": 3.1863612726412085
      },
      "h0_highz_gr": {
        "max": 82.10486826870643,
        "mean": 69.08622502117383,
        "min": 57.50308799112863,
        "p16": 66.1486213557209,
        "p50": 69.04088116214317,
        "p84": 71.97592905026848,
        "sd": 2.993204515202098
      },
      "h0_highz_mg": {
        "max": 83.56337591369632,
        "mean": 70.82344576193023,
        "min": 59.00970305233982,
        "p16": 67.84076251804392,
        "p50": 70.90464764503011,
        "p84": 73.72918491802355,
        "sd": 3.0251916511580217
      },
      "h0_local_obs": {
        "max": 77.33132634114993,
        "mean": 72.9986776754512,
        "min": 68.40401127683735,
        "p16": 71.99813265503569,
        "p50": 72.99872264956193,
        "p84": 74.00061267074538,
        "sd": 1.0061764235289097
      },
      "local_minus_highz_gr_sigma": 1.239753293070419,
      "local_minus_highz_mg_sigma": 0.6827070233854572,
      "p_gr_above_local_ref": 0.09279,
      "p_gr_below_local_ref": 0.90721,
      "p_gr_below_planck_ref": 0.28151,
      "z_anchor": 0.2
    },
    {
      "apparent_gr_bias_vs_true": {
        "max": 6.851140170360182,
        "mean": -2.1364483586614784,
        "min": -8.532687794032526,
        "p16": -4.061900678944079,
        "p50": -2.331929482016868,
        "p84": -0.17001201020375045,
        "sd": 1.9707611193943533
      },
      "delta_local_minus_highz_gr": {
        "max": 18.0778350552336,
        "mean": 4.538615244533448,
        "min": -12.614053359755388,
        "p16": 1.2622234148696025,
        "p50": 4.633402365150765,
        "p84": 7.872235457410858,
        "sd": 3.3763819066519147
      },
      "delta_local_minus_highz_mg": {
        "max": 15.540919984389916,
        "mean": 2.189082831924404,
        "min": -12.086722512224767,
        "p16": -0.9016679974962897,
        "p50": 2.1197052280677937,
        "p84": 5.351679209094265,
        "sd": 3.203208504345866
      },
      "h0_highz_gr": {
        "max": 82.97783753387641,
        "mean": 68.46618035149058,
        "min": 56.957164452276245,
        "p16": 65.28133832451725,
        "p50": 68.33686210254706,
        "p84": 71.59520204601401,
        "sd": 3.224083878933279
      },
      "h0_highz_mg": {
        "max": 83.47871718513012,
        "mean": 70.81571276409962,
        "min": 59.26051741951136,
        "p16": 67.79970445087301,
        "p50": 70.91405868182724,
        "p84": 73.72141533073018,
        "sd": 3.0413965657123256
      },
      "h0_local_obs": {
        "max": 77.36701744588895,
        "mean": 73.00479559602402,
        "min": 68.66918248247944,
        "p16": 72.00588993572794,
        "p50": 72.99879420351134,
        "p84": 74.00455666005894,
        "sd": 1.0000560851772262
      },
      "local_minus_highz_gr_sigma": 1.344533410338502,
      "local_minus_highz_mg_sigma": 0.6837514976724539,
      "p_gr_above_local_ref": 0.0828,
      "p_gr_below_local_ref": 0.9172,
      "p_gr_below_planck_ref": 0.37414,
      "z_anchor": 0.35
    },
    {
      "apparent_gr_bias_vs_true": {
        "max": 9.68508462591545,
        "mean": -1.9431993373542358,
        "min": -9.186799659829418,
        "p16": -4.335070087496446,
        "p50": -2.2410435916445053,
        "p84": 0.5021836409064082,
        "sd": 2.4867052023792398
      },
      "delta_local_minus_highz_gr": {
        "max": 18.254231959992737,
        "mean": 4.3135336329260605,
        "min": -14.581926807576721,
        "p16": 0.7245880331171424,
        "p50": 4.501034954988043,
        "p84": 7.896684648888787,
        "sd": 3.6615834408336627
      },
      "delta_local_minus_highz_mg": {
        "max": 15.489029001845225,
        "mean": 2.162843117536263,
        "min": -12.103670393001082,
        "p16": -0.9083942059017482,
        "p50": 2.105108996486365,
        "p84": 5.290795120738702,
        "sd": 3.1837180142107258
      },
      "h0_highz_gr": {
        "max": 86.15926753531238,
        "mean": 68.68415260967969,
        "min": 55.42753635742373,
        "p16": 65.20010313118716,
        "p50": 68.46698026004856,
        "p84": 72.13656052918354,
        "sd": 3.5271672800726774
      },
      "h0_highz_mg": {
        "max": 83.1559262659703,
        "mean": 70.83484312506948,
        "min": 58.663456258905626,
        "p16": 67.862065770804,
        "p50": 70.90567199912553,
        "p84": 73.73393658470788,
        "sd": 3.02596292927742
      },
      "h0_local_obs": {
        "max": 77.29400034387733,
        "mean": 72.99768624260575,
        "min": 68.96382961201324,
        "p16": 72.00022207215044,
        "p50": 72.9973689713776,
        "p84": 73.99463201890403,
        "sd": 0.9999150148060622
      },
      "local_minus_highz_gr_sigma": 1.1765729726492995,
      "local_minus_highz_mg_sigma": 0.6786627557028464,
      "p_gr_above_local_ref": 0.11215,
      "p_gr_below_local_ref": 0.88785,
      "p_gr_below_planck_ref": 0.36998,
      "z_anchor": 0.5
    },
    {
      "apparent_gr_bias_vs_true": {
        "max": 12.584001339983573,
        "mean": -1.070087380605918,
        "min": -11.005650866848974,
        "p16": -3.84968858130747,
        "p50": -1.4059220461454416,
        "p84": 1.7660722215453821,
        "sd": 2.9097250737838687
      },
      "delta_local_minus_highz_gr": {
        "max": 18.853132128577407,
        "mean": 3.480348195590138,
        "min": -15.9817240910659,
        "p16": -0.4900279884355285,
        "p50": 3.71678500780682,
        "p84": 7.414776516875932,
        "sd": 4.010716509585409
      },
      "delta_local_minus_highz_mg": {
        "max": 14.963809986402602,
        "mean": 2.2009223273891427,
        "min": -11.74712393121122,
        "p16": -0.867579099355151,
        "p50": 2.1422600102528335,
        "p84": 5.329447816868336,
        "sd": 3.198325202113233
      },
      "h0_highz_gr": {
        "max": 88.54166076605608,
        "mean": 69.52668644782383,
        "min": 55.52451805806633,
        "p16": 65.69753059118027,
        "p50": 69.2483194483043,
        "p84": 73.36635719293703,
        "sd": 3.882959713301623
      },
      "h0_highz_mg": {
        "max": 83.06967283399683,
        "mean": 70.80611231602482,
        "min": 59.162795811600404,
        "p16": 67.82539156744335,
        "p50": 70.88921499441054,
        "p84": 73.69733014354011,
        "sd": 3.0324149130924294
      },
      "h0_local_obs": {
        "max": 77.2119816239883,
        "mean": 73.00703464341396,
        "min": 68.16767383943305,
        "p16": 72.01276504917365,
        "p50": 73.00754648830303,
        "p84": 73.99721104139493,
        "sd": 0.996824620331816
      },
      "local_minus_highz_gr_sigma": 0.8679907748816594,
      "local_minus_highz_mg_sigma": 0.6892862185340524,
      "p_gr_above_local_ref": 0.18294,
      "p_gr_below_local_ref": 0.81706,
      "p_gr_below_planck_ref": 0.29847,
      "z_anchor": 0.62
    }
  ],
  "draws_total": 1600,
  "draws_used": 1600,
  "h0_posterior_mg_truth": {
    "max": 81.12434628314327,
    "mean": 70.6139339829599,
    "min": 60.40119844002723,
    "p16": 67.71835091504013,