{
  "apparent_gr_bias_vs_true": {
    "max": 8.854203502426628,
    "mean": -2.2434760964900198,
    "min": -10.120072921525875,
    "p16": -4.727916069201587,
    "p50": -2.4856544355791357,
    "p84": 0.29600498990207824,
    "sd": 2.569570641078443
  },
  "delta_local_minus_highz_gr": {
    "max": 18.950731320925883,
    "mean": 4.544846831481804,
    "min": -13.153077540914737,
    "p16": 0.8746133476654444,
    "p50": 4.694384169629515,
    "p84": 8.255752469767899,
    "sd": 3.7556981314261706
  },
  "delta_local_minus_highz_mg": {
    "max": 15.917166602142444,
    "mean": 2.510589837573892,
    "min": -11.486687806487481,
    "p16": -0.6884114259917294,
    "p50": 2.611341904218044,
    "p84": 5.730571876428894,
    "sd": 3.2913592610181164
  },
  "h0_highz_gr": {
    "max": 86.24315725048315,
    "mean": 68.45865784425817,
    "min": 55.545397213584295,
    "p16": 64.84932968960497,
    "p50": 68.2806164816221,
    "p84": 71.99921071721377,
    "sd": 3.621678999773445
  },
  "h0_highz_mg": {
    "max": 83.9018490869233,
    "mean": 70.49291483816609,
    "min": 59.11140511549656,
    "p16": 67.42266919536281,
    "p50": 70.3807758205509,
    "p84": 73.54760597075288,
    "sd": 3.1425658666358527
  },
  "h0_local_obs": {
    "max": 77.77376179283348,
    "mean": 73.00350467573998,
    "min": 68.76438656534074,
    "p16": 72.01142428938671,
    "p50": 73.00640823706576,
    "p84": 73.99474449943516,
    "sd": 0.9976019608733077
  },
  "local_minus_highz_gr_sigma": 1.2096363554584402,
  "local_minus_highz_mg_sigma": 0.7612840890109878,
  "p_gr_above_local_ref": 0.10278,
  "p_gr_below_local_ref": 0.89722,
  "p_gr_below_planck_ref": 0.40114,
  "z_anchor": 0.5
}
