{
  "apparent_gr_bias_vs_true": {
    "max": 6.926184255817375,
    "mean": -2.43009301032534,
    "min": -8.680142651826216,
    "p16": -4.439824370129992,
    "p50": -2.610425461370987,
    "p84": -0.3729086988409157,
    "sd": 2.0471015367585133
  },
  "delta_local_minus_highz_gr": {
    "max": 17.801227875933897,
    "mean": 4.736449031272428,
    "min": -11.872671204236909,
    "p16": 1.3387091922569414,
    "p50": 4.87358524224166,
    "p84": 8.138577897941692,
    "sd": 3.4625659382269847
  },
  "delta_local_minus_highz_mg": {
    "max": 16.955171842608372,
    "mean": 2.521630102372446,
    "min": -10.922399240052385,
    "p16": -0.6685209869445538,
    "p50": 2.627823097638327,
    "p84": 5.7281374550063315,
    "sd": 3.280409456320331
  },
  "h0_highz_gr": {
    "max": 83.90743099905774,
    "mean": 68.25885855965294,
    "min": 56.65807692664296,
    "p16": 64.95949918071611,
    "p50": 68.10618968457689,
    "p84": 71.51323497205343,
    "sd": 3.3154527925756554
  },
  "h0_highz_mg": {
    "max": 82.95413066088702,
    "mean": 70.47367748855291,
    "min": 58.58382936219233,
    "p16": 67.42147104688287,
    "p50": 70.35735644159188,
    "p84": 73.50109324907676,
    "sd": 3.124180786096457
  },
  "h0_local_obs": {
    "max": 77.32858617772936,
    "mean": 72.99530759092536,
    "min": 68.34689301983752,
    "p16": 72.00580965191685,
    "p50": 72.98963432925422,
    "p84": 73.99176643542545,
    "sd": 1.0010070534064375
  },
  "local_minus_highz_gr_sigma": 1.367738097007718,
  "local_minus_highz_mg_sigma": 0.7687144444225539,
  "p_gr_above_local_ref": 0.07879,
  "p_gr_below_local_ref": 0.92121,
  "p_gr_below_planck_ref": 0.40996,
  "z_anchor": 0.35
}
