{
  "apparent_gr_bias_vs_true": {
    "max": 4.679395180559197,
    "mean": -1.851250024097095,
    "min": -6.670001900798425,
    "p16": -3.2299095794360744,
    "p50": -1.937951040478815,
    "p84": -0.45981391642411146,
    "sd": 1.3911263561845708
  },
  "delta_local_minus_highz_gr": {
    "max": 16.94801604002916,
    "mean": 4.162816754768811,
    "min": -11.69071705935788,
    "p16": 0.9647505757622645,
    "p50": 4.271204126565436,
    "p84": 7.3463571159870655,
    "sd": 3.2679511490806394
  },
  "delta_local_minus_highz_mg": {
    "max": 15.520345662824866,
    "mean": 2.523360437162524,
    "min": -12.359121952934629,
    "p16": -0.7010619974187403,
    "p50": 2.6275639170372855,
    "p84": 5.741990217204902,
    "sd": 3.2999309072305847
  },
  "h0_highz_gr": {
    "max": 83.69099100778409,
    "mean": 68.83452039194599,
    "min": 57.618703724241655,
    "p16": 65.7736795475048,
    "p50": 68.73488251977572,
    "p84": 71.84351644621738,
    "sd": 3.11034616404533
  },
  "h0_highz_mg": {
    "max": 83.50365211551046,
    "mean": 70.47397670955228,
    "min": 59.021000598646054,
    "p16": 67.388080459349,
    "p50": 70.37648952176596,
    "p84": 73.52668145028802,
    "sd": 3.1456487397898405
  },
  "h0_local_obs": {
    "max": 77.12784574022616,
    "mean": 72.9973371467148,
    "min": 68.45789242510529,
    "p16": 72.00778009316804,
    "p50": 72.99628381604941,
    "p84": 73.9905685515908,
    "sd": 0.9975439432876997
  },
  "local_minus_highz_gr_sigma": 1.2741440851543715,
  "local_minus_highz_mg_sigma": 0.7644754791273927,
  "p_gr_above_local_ref": 0.09342,
  "p_gr_below_local_ref": 0.90658,
  "p_gr_below_planck_ref": 0.32603,
  "z_anchor": 0.2
}
