{
  "apparent_gr_bias_vs_true": {
    "max": 11.162499337047393,
    "mean": -1.3980035725013336,
    "min": -10.57340577506433,
    "p16": -4.230638623719322,
    "p50": -1.6990168804690953,
    "p84": 1.499119027441327,
    "sd": 2.9812501982132824
  },
  "delta_local_minus_highz_gr": {
    "max": 19.06252387835829,
    "mean": 3.695530771040126,
    "min": -14.963542154821397,
    "p16": -0.2861030865156863,
    "p50": 3.8986243960783327,
    "p84": 7.755558976510136,
    "sd": 4.069264352728978
  },
  "delta_local_minus_highz_mg": {
    "max": 15.472633732284727,
    "mean": 2.50980432792985,
    "min": -11.167992546937569,
    "p16": -0.7199670723677576,
    "p50": 2.6031846705690427,
    "p84": 5.7470059043958095,
    "sd": 3.289166578724481
  },
  "h0_highz_gr": {
    "max": 86.65288420158105,
    "mean": 69.30237469256421,
    "min": 55.99541491379439,
    "p16": 65.34455307170774,
    "p50": 69.08629979733506,
    "p84": 73.15719190761315,
    "sd": 3.945327753646407
  },
  "h0_highz_mg": {
    "max": 83.5821061392195,
    "mean": 70.4881011356745,
    "min": 58.11421702716432,
    "p16": 67.41642426157864,
    "p50": 70.39421840562017,
    "p84": 73.54202382294692,
    "sd": 3.132151392875647
  },
  "h0_local_obs": {
    "max": 77.2690097130182,
    "mean": 72.99790546360433,
    "min": 68.33226250814946,
    "p16": 72.00349089215658,
    "p50": 72.9940357303207,
    "p84": 73.99798370739913,
    "sd": 1.0029059521508565
  },
  "local_minus_highz_gr_sigma": 0.9079733302997869,
  "local_minus_highz_mg_sigma": 0.763342666129709,
  "p_gr_above_local_ref": 0.16883,
  "p_gr_below_local_ref": 0.83117,
  "p_gr_below_planck_ref": 0.32908,
  "z_anchor": 0.62
}
