{
  "anchor_results": [
    {
      "apparent_gr_bias_vs_true": {
        "max": 4.679395180559197,
        "mean": -1.851250024097095,
        "min": -6.670001900798425,
        "p16": -3.2299095794360744,
        "p50": -1.937951040478815,
        "p84": -0.45981391642411146,
        "sd": 1.3911263561845708
      },
      "delta_local_minus_highz_gr": {
        "max": 16.94801604002916,
        "mean": 4.162816754768811,
        "min": -11.69071705935788,
        "p16": 0.9647505757622645,
        "p50": 4.271204126565436,
        "p84": 7.3463571159870655,
        "sd": 3.2679511490806394
      },
      "delta_local_minus_highz_mg": {
        "max": 15.520345662824866,
        "mean": 2.523360437162524,
        "min": -12.359121952934629,
        "p16": -0.7010619974187403,
        "p50": 2.6275639170372855,
        "p84": 5.741990217204902,
        "sd": 3.2999309072305847
      },
      "h0_highz_gr": {
        "max": 83.69099100778409,
        "mean": 68.83452039194599,
        "min": 57.618703724241655,
        "p16": 65.7736795475048,
        "p50": 68.73488251977572,
        "p84": 71.84351644621738,
        "sd": 3.11034616404533
      },
      "h0_highz_mg": {
        "max": 83.50365211551046,
        "mean": 70.47397670955228,
        "min": 59.021000598646054,
        "p16": 67.388080459349,
        "p50": 70.37648952176596,
        "p84": 73.52668145028802,
        "sd": 3.1456487397898405
      },
      "h0_local_obs": {
        "max": 77.12784574022616,
        "mean": 72.9973371467148,
        "min": 68.45789242510529,
        "p16": 72.00778009316804,
        "p50": 72.99628381604941,
        "p84": 73.9905685515908,
        "sd": 0.9975439432876997
      },
      "local_minus_highz_gr_sigma": 1.2741440851543715,
      "local_minus_highz_mg_sigma": 0.7644754791273927,
      "p_gr_above_local_ref": 0.09342,
      "p_gr_below_local_ref": 0.90658,
      "p_gr_below_planck_ref": 0.32603,
      "z_anchor": 0.2
    },
    {
      "apparent_gr_bias_vs_true": {
        "max": 6.926184255817375,
        "mean": -2.43009301032534,
        "min": -8.680142651826216,
        "p16": -4.439824370129992,
        "p50": -2.610425461370987,
        "p84": -0.3729086988409157,
        "sd": 2.0471015367585133
      },
      "delta_local_minus_highz_gr": {
        "max": 17.801227875933897,
        "mean": 4.736449031272428,
        "min": -11.872671204236909,
        "p16": 1.3387091922569414,
        "p50": 4.87358524224166,
        "p84": 8.138577897941692,
        "sd": 3.4625659382269847
      },
      "delta_local_minus_highz_mg": {
        "max": 16.955171842608372,
        "mean": 2.521630102372446,
        "min": -10.922399240052385,
        "p16": -0.6685209869445538,
        "p50": 2.627823097638327,
        "p84": 5.7281374550063315,
        "sd": 3.280409456320331
      },
      "h0_highz_gr": {
        "max": 83.90743099905774,
        "mean": 68.25885855965294,
        "min": 56.65807692664296,
        "p16": 64.95949918071611,
        "p50": 68.10618968457689,
        "p84": 71.51323497205343,
        "sd": 3.3154527925756554
      },
      "h0_highz_mg": {
        "max": 82.95413066088702,
        "mean": 70.47367748855291,
        "min": 58.58382936219233,
        "p16": 67.42147104688287,
        "p50": 70.35735644159188,
        "p84": 73.50109324907676,
        "sd": 3.124180786096457
      },
      "h0_local_obs": {
        "max": 77.32858617772936,
        "mean": 72.99530759092536,
        "min": 68.34689301983752,
        "p16": 72.00580965191685,
        "p50": 72.98963432925422,
        "p84": 73.99176643542545,
        "sd": 1.0010070534064375
      },
      "local_minus_highz_gr_sigma": 1.367738097007718,
      "local_minus_highz_mg_sigma": 0.7687144444225539,
      "p_gr_above_local_ref": 0.07879,
      "p_gr_below_local_ref": 0.92121,
      "p_gr_below_planck_ref": 0.40996,
      "z_anchor": 0.35
    },
    {
      "apparent_gr_bias_vs_true": {
        "max": 8.854203502426628,
        "mean": -2.2434760964900198,
        "min": -10.120072921525875,
        "p16": -4.727916069201587,
        "p50": -2.4856544355791357,
        "p84": 0.29600498990207824,
        "sd": 2.569570641078443
      },
      "delta_local_minus_highz_gr": {
        "max": 18.950731320925883,
        "mean": 4.544846831481804,
        "min": -13.153077540914737,
        "p16": 0.8746133476654444,
        "p50": 4.694384169629515,
        "p84": 8.255752469767899,
        "sd": 3.7556981314261706
      },
      "delta_local_minus_highz_mg": {
        "max": 15.917166602142444,
        "mean": 2.510589837573892,
        "min": -11.486687806487481,
        "p16": -0.6884114259917294,
        "p50": 2.611341904218044,
        "p84": 5.730571876428894,
        "sd": 3.2913592610181164
      },
      "h0_highz_gr": {
        "max": 86.24315725048315,
        "mean": 68.45865784425817,
        "min": 55.545397213584295,
        "p16": 64.84932968960497,
        "p50": 68.2806164816221,
        "p84": 71.99921071721377,
        "sd": 3.621678999773445
      },
      "h0_highz_mg": {
        "max": 83.9018490869233,
        "mean": 70.49291483816609,
        "min": 59.11140511549656,
        "p16": 67.42266919536281,
        "p50": 70.3807758205509,
        "p84": 73.54760597075288,
        "sd": 3.1425658666358527
      },
      "h0_local_obs": {
        "max": 77.77376179283348,
        "mean": 73.00350467573998,
        "min": 68.76438656534074,
        "p16": 72.01142428938671,
        "p50": 73.00640823706576,
        "p84": 73.99474449943516,
        "sd": 0.9976019608733077
      },
      "local_minus_highz_gr_sigma": 1.2096363554584402,
      "local_minus_highz_mg_sigma": 0.7612840890109878,
      "p_gr_above_local_ref": 0.10278,
      "p_gr_below_local_ref": 0.89722,
      "p_gr_below_planck_ref": 0.40114,
      "z_anchor": 0.5
    },
    {
      "apparent_gr_bias_vs_true": {
        "max": 11.162499337047393,
        "mean": -1.3980035725013336,
        "min": -10.57340577506433,
        "p16": -4.230638623719322,
        "p50": -1.6990168804690953,
        "p84": 1.499119027441327,
        "sd": 2.9812501982132824
      },
      "delta_local_minus_highz_gr": {
        "max": 19.06252387835829,
        "mean": 3.695530771040126,
        "min": -14.963542154821397,
        "p16": -0.2861030865156863,
        "p50": 3.8986243960783327,
        "p84": 7.755558976510136,
        "sd": 4.069264352728978
      },
      "delta_local_minus_highz_mg": {
        "max": 15.472633732284727,
        "mean": 2.50980432792985,
        "min": -11.167992546937569,
        "p16": -0.7199670723677576,
        "p50": 2.6031846705690427,
        "p84": 5.7470059043958095,
        "sd": 3.289166578724481
      },
      "h0_highz_gr": {
        "max": 86.65288420158105,
        "mean": 69.30237469256421,
        "min": 55.99541491379439,
        "p16": 65.34455307170774,
        "p50": 69.08629979733506,
        "p84": 73.15719190761315,
        "sd": 3.945327753646407
      },
      "h0_highz_mg": {
        "max": 83.5821061392195,
        "mean": 70.4881011356745,
        "min": 58.11421702716432,
        "p16": 67.41642426157864,
        "p50": 70.39421840562017,
        "p84": 73.54202382294692,
        "sd": 3.132151392875647
      },
      "h0_local_obs": {
        "max": 77.2690097130182,
        "mean": 72.99790546360433,
        "min": 68.33226250814946,
        "p16": 72.00349089215658,
        "p50": 72.9940357303207,
        "p84": 73.99798370739913,
        "sd": 1.0029059521508565
      },
      "local_minus_highz_gr_sigma": 0.9079733302997869,
      "local_minus_highz_mg_sigma": 0.763342666129709,
      "p_gr_above_local_ref": 0.16883,
      "p_gr_below_local_ref": 0.83117,
      "p_gr_below_planck_ref": 0.32908,
      "z_anchor": 0.62
    }
  ],
  "draws_total": 1600,
  "draws_used": 1600,
  "h0_posterior_mg_truth": {
    "max": 81.34840392208962,
    "mean": 70.68931182042479,
    "min": 60.443182238538995,
    "p16": 67.69470401834123,