{
  "apparent_gr_bias_vs_true": {
    "max": 9.916098308141741,
    "mean": -2.0277568166865145,
    "min": -11.098474919850432,
    "p16": -4.40494565232403,
    "p50": -2.317701778470088,
    "p84": 0.3716785876007528,
    "sd": 2.5085520190036
  },
  "delta_local_minus_highz_gr": {
    "max": 17.376954113628997,
    "mean": 4.518798946337383,
    "min": -14.751570154323318,
    "p16": 0.8169880973155483,
    "p50": 4.724650321084269,
    "p84": 8.202261194754374,
    "sd": 3.7345197833541786
  },
  "delta_local_minus_highz_mg": {
    "max": 14.860855496553505,
    "mean": 2.2828754945818543,
    "min": -12.80901988270709,
    "p16": -0.8549758627869801,
    "p50": 2.3375846232608595,
    "p84": 5.369383580214848,
    "sd": 3.2052602671609023
  },
  "h0_highz_gr": {
    "max": 87.00907592091171,
    "mean": 68.482652229557,
    "min": 57.45018552145274,
    "p16": 64.95481359861012,
    "p50": 68.23870219351957,
    "p84": 72.0683803546095,
    "sd": 3.5988217047698554
  },
  "h0_highz_mg": {
    "max": 85.06652564929549,
    "mean": 70.71857568131254,
    "min": 59.18856877544334,
    "p16": 67.82246791797104,
    "p50": 70.62118852244471,
    "p84": 73.71294572850678,
    "sd": 3.0481002508346764
  },
  "h0_local_obs": {
    "max": 77.97905950211586,
    "mean": 73.00145117589439,
    "min": 68.38829978562767,
    "p16": 72.00997598672977,
    "p50": 73.00093365970606,
    "p84": 73.99594835353577,
    "sd": 0.9993335250472251
  },
  "local_minus_highz_gr_sigma": 1.2097964121238631,
  "local_minus_highz_mg_sigma": 0.7116316050076658,
  "p_gr_above_local_ref": 0.10872,
  "p_gr_below_local_ref": 0.89128,
  "p_gr_below_planck_ref": 0.40091,
  "z_anchor": 0.5
}
