{
  "apparent_gr_bias_vs_true": {
    "max": 6.983256315938462,
    "mean": -2.207242791238126,
    "min": -8.72484743229169,
    "p16": -4.1507458577017635,
    "p50": -2.403692116478979,
    "p84": -0.2755942953194716,
    "sd": 2.00616783245302
  },
  "delta_local_minus_highz_gr": {
    "max": 16.8375834721228,
    "mean": 4.692384679188426,
    "min": -13.22819986855228,
    "p16": 1.2990945039831974,
    "p50": 4.847442142782505,
    "p84": 8.078599631604474,
    "sd": 3.436335527980699
  },
  "delta_local_minus_highz_mg": {
    "max": 14.93568684637983,
    "mean": 2.268153435094146,
    "min": -13.052037789394149,
    "p16": -0.8778920755563888,
    "p50": 2.3392068908034815,
    "p84": 5.352464251548558,
    "sd": 3.2150664397136595
  },
  "h0_highz_gr": {
    "max": 85.09753487511406,
    "mean": 68.31051069577455,
    "min": 57.615168063941276,
    "p16": 65.07599886567881,
    "p50": 68.13261007589185,
    "p84": 71.57228056556215,
    "sd": 3.2869344400500204
  },
  "h0_highz_mg": {
    "max": 84.91844424301522,
    "mean": 70.73474193986884,
    "min": 59.36241312143024,
    "p16": 67.83261908364025,
    "p50": 70.62643095823408,
    "p84": 73.71549289777234,
    "sd": 3.0562656794779137
  },
  "h0_local_obs": {
    "max": 77.82069356629036,
    "mean": 73.00289537496296,
    "min": 68.95151283893088,
    "p16": 72.00662672636348,
    "p50": 73.00244025492742,
    "p84": 73.99905597441202,
    "sd": 1.0013793601203302
  },
  "local_minus_highz_gr_sigma": 1.3657781107839921,
  "local_minus_highz_mg_sigma": 0.705336247351585,
  "p_gr_above_local_ref": 0.08059,
  "p_gr_below_local_ref": 0.91941,
  "p_gr_below_planck_ref": 0.40599,
  "z_anchor": 0.35
}
