{
  "apparent_gr_bias_vs_true": {
    "max": 11.945846348126139,
    "mean": -1.1249188047636873,
    "min": -9.942585850195513,
    "p16": -3.8820928617882386,
    "p50": -1.464745988779086,
    "p84": 1.6503144348936605,
    "sd": 2.91301813776473
  },
  "delta_local_minus_highz_gr": {
    "max": 17.466899110578943,
    "mean": 3.617947086675309,
    "min": -18.24872074142752,
    "p16": -0.36702665443798366,
    "p50": 3.884103431934456,
    "p84": 7.596898745280761,
    "sd": 4.0689954950866
  },
  "delta_local_minus_highz_mg": {
    "max": 15.68786754806721,
    "mean": 2.2806646421842016,
    "min": -13.948867973210312,
    "p16": -0.8616114761460095,
    "p50": 2.3527331298892307,
    "p84": 5.394152364096439,
    "sd": 3.2228066071519135
  },
  "h0_highz_gr": {
    "max": 89.44098295134809,
    "mean": 69.38608296207548,
    "min": 57.80455953529053,
    "p16": 65.54987850831706,
    "p50": 69.08688358356852,
    "p84": 73.28554602242791,
    "sd": 3.9434640642050782
  },
  "h0_highz_mg": {
    "max": 85.10104302381573,
    "mean": 70.72336540656659,
    "min": 59.15988734372228,
    "p16": 67.79334419794415,
    "p50": 70.62930260311049,
    "p84": 73.72561503087454,
    "sd": 3.0654253314780924
  },
  "h0_local_obs": {
    "max": 77.42436054715118,
    "mean": 73.00403004875079,
    "min": 68.24796867504757,
    "p16": 72.01075528756165,
    "p50": 73.00545495551088,
    "p84": 73.99777942319561,
    "sd": 0.9997430213833534
  },
  "local_minus_highz_gr_sigma": 0.8893061337858277,
  "local_minus_highz_mg_sigma": 0.7073118054424166,
  "p_gr_above_local_ref": 0.17638,
  "p_gr_below_local_ref": 0.82362,
  "p_gr_below_planck_ref": 0.31752,
  "z_anchor": 0.62
}
