{
  "apparent_gr_bias_vs_true": {
    "max": 5.538403379050052,
    "mean": -1.5843564546862998,
    "min": -6.178006995105704,
    "p16": -2.9120694656637376,
    "p50": -1.677296315641847,
    "p84": -0.2582270695466347,
    "sd": 1.3569769893790737
  },
  "delta_local_minus_highz_gr": {
    "max": 16.260608775843338,
    "mean": 4.069856513952263,
    "min": -12.056695683315084,
    "p16": 0.90462850133404,
    "p50": 4.165588832801717,
    "p84": 7.219416765398963,
    "sd": 3.2215993857314245
  },
  "delta_local_minus_highz_mg": {
    "max": 14.999669496970931,
    "mean": 2.2765058539681045,
    "min": -13.557407393218938,
    "p16": -0.875865766201531,
    "p50": 2.354067556273627,
    "p84": 5.38030989749445,
    "sd": 3.2332474128370174
  },
  "h0_highz_gr": {
    "max": 84.77509111618943,
    "mean": 68.9262410580586,
    "min": 57.87615150712413,
    "p16": 65.96006159591816,
    "p50": 68.83455204501121,
    "p84": 71.93746873457482,
    "sd": 3.057570542266385
  },
  "h0_highz_mg": {
    "max": 85.19718645502068,
    "mean": 70.71959171804275,
    "min": 59.128309298952054,
    "p16": 67.80551765645565,
    "p50": 70.62937959892054,
    "p84": 73.72465840008607,
    "sd": 3.068686353677672
  },
  "h0_local_obs": {
    "max": 77.61343338390556,
    "mean": 72.99609757201087,
    "min": 68.75488874061283,
    "p16": 71.99987587832898,
    "p50": 72.99422394779744,
    "p84": 73.99667144734298,
    "sd": 1.0002042496883636
  },
  "local_minus_highz_gr_sigma": 1.2651307450829334,
  "local_minus_highz_mg_sigma": 0.7053438099103158,
  "p_gr_above_local_ref": 0.09211,
  "p_gr_below_local_ref": 0.90789,
  "p_gr_below_planck_ref": 0.31004,
  "z_anchor": 0.2
}
