{
  "anchor_results": [
    {
      "apparent_gr_bias_vs_true": {
        "max": 5.538403379050052,
        "mean": -1.5843564546862998,
        "min": -6.178006995105704,
        "p16": -2.9120694656637376,
        "p50": -1.677296315641847,
        "p84": -0.2582270695466347,
        "sd": 1.3569769893790737
      },
      "delta_local_minus_highz_gr": {
        "max": 16.260608775843338,
        "mean": 4.069856513952263,
        "min": -12.056695683315084,
        "p16": 0.90462850133404,
        "p50": 4.165588832801717,
        "p84": 7.219416765398963,
        "sd": 3.2215993857314245
      },
      "delta_local_minus_highz_mg": {
        "max": 14.999669496970931,
        "mean": 2.2765058539681045,
        "min": -13.557407393218938,
        "p16": -0.875865766201531,
        "p50": 2.354067556273627,
        "p84": 5.38030989749445,
        "sd": 3.2332474128370174
      },
      "h0_highz_gr": {
        "max": 84.77509111618943,
        "mean": 68.9262410580586,
        "min": 57.87615150712413,
        "p16": 65.96006159591816,
        "p50": 68.83455204501121,
        "p84": 71.93746873457482,
        "sd": 3.057570542266385
      },
      "h0_highz_mg": {
        "max": 85.19718645502068,
        "mean": 70.71959171804275,
        "min": 59.128309298952054,
        "p16": 67.80551765645565,
        "p50": 70.62937959892054,
        "p84": 73.72465840008607,
        "sd": 3.068686353677672
      },
      "h0_local_obs": {
        "max": 77.61343338390556,
        "mean": 72.99609757201087,
        "min": 68.75488874061283,
        "p16": 71.99987587832898,
        "p50": 72.99422394779744,
        "p84": 73.99667144734298,
        "sd": 1.0002042496883636
      },
      "local_minus_highz_gr_sigma": 1.2651307450829334,
      "local_minus_highz_mg_sigma": 0.7053438099103158,
      "p_gr_above_local_ref": 0.09211,
      "p_gr_below_local_ref": 0.90789,
      "p_gr_below_planck_ref": 0.31004,
      "z_anchor": 0.2
    },
    {
      "apparent_gr_bias_vs_true": {
        "max": 6.983256315938462,
        "mean": -2.207242791238126,
        "min": -8.72484743229169,
        "p16": -4.1507458577017635,
        "p50": -2.403692116478979,
        "p84": -0.2755942953194716,
        "sd": 2.00616783245302
      },
      "delta_local_minus_highz_gr": {
        "max": 16.8375834721228,
        "mean": 4.692384679188426,
        "min": -13.22819986855228,
        "p16": 1.2990945039831974,
        "p50": 4.847442142782505,
        "p84": 8.078599631604474,
        "sd": 3.436335527980699
      },
      "delta_local_minus_highz_mg": {
        "max": 14.93568684637983,
        "mean": 2.268153435094146,
        "min": -13.052037789394149,
        "p16": -0.8778920755563888,
        "p50": 2.3392068908034815,
        "p84": 5.352464251548558,
        "sd": 3.2150664397136595
      },
      "h0_highz_gr": {
        "max": 85.09753487511406,
        "mean": 68.31051069577455,
        "min": 57.615168063941276,
        "p16": 65.07599886567881,
        "p50": 68.13261007589185,
        "p84": 71.57228056556215,
        "sd": 3.2869344400500204
      },
      "h0_highz_mg": {
        "max": 84.91844424301522,
        "mean": 70.73474193986884,
        "min": 59.36241312143024,
        "p16": 67.83261908364025,
        "p50": 70.62643095823408,
        "p84": 73.71549289777234,
        "sd": 3.0562656794779137
      },
      "h0_local_obs": {
        "max": 77.82069356629036,
        "mean": 73.00289537496296,
        "min": 68.95151283893088,
        "p16": 72.00662672636348,
        "p50": 73.00244025492742,
        "p84": 73.99905597441202,
        "sd": 1.0013793601203302
      },
      "local_minus_highz_gr_sigma": 1.3657781107839921,
      "local_minus_highz_mg_sigma": 0.705336247351585,
      "p_gr_above_local_ref": 0.08059,
      "p_gr_below_local_ref": 0.91941,
      "p_gr_below_planck_ref": 0.40599,
      "z_anchor": 0.35
    },
    {
      "apparent_gr_bias_vs_true": {
        "max": 9.916098308141741,
        "mean": -2.0277568166865145,
        "min": -11.098474919850432,
        "p16": -4.40494565232403,
        "p50": -2.317701778470088,
        "p84": 0.3716785876007528,
        "sd": 2.5085520190036
      },
      "delta_local_minus_highz_gr": {
        "max": 17.376954113628997,
        "mean": 4.518798946337383,
        "min": -14.751570154323318,
        "p16": 0.8169880973155483,
        "p50": 4.724650321084269,
        "p84": 8.202261194754374,
        "sd": 3.7345197833541786
      },
      "delta_local_minus_highz_mg": {
        "max": 14.860855496553505,
        "mean": 2.2828754945818543,
        "min": -12.80901988270709,
        "p16": -0.8549758627869801,
        "p50": 2.3375846232608595,
        "p84": 5.369383580214848,
        "sd": 3.2052602671609023
      },
      "h0_highz_gr": {
        "max": 87.00907592091171,
        "mean": 68.482652229557,
        "min": 57.45018552145274,
        "p16": 64.95481359861012,
        "p50": 68.23870219351957,
        "p84": 72.0683803546095,
        "sd": 3.5988217047698554
      },
      "h0_highz_mg": {
        "max": 85.06652564929549,
        "mean": 70.71857568131254,
        "min": 59.18856877544334,
        "p16": 67.82246791797104,
        "p50": 70.62118852244471,
        "p84": 73.71294572850678,
        "sd": 3.0481002508346764
      },
      "h0_local_obs": {
        "max": 77.97905950211586,
        "mean": 73.00145117589439,
        "min": 68.38829978562767,
        "p16": 72.00997598672977,
        "p50": 73.00093365970606,
        "p84": 73.99594835353577,
        "sd": 0.9993335250472251
      },
      "local_minus_highz_gr_sigma": 1.2097964121238631,
      "local_minus_highz_mg_sigma": 0.7116316050076658,
      "p_gr_above_local_ref": 0.10872,
      "p_gr_below_local_ref": 0.89128,
      "p_gr_below_planck_ref": 0.40091,
      "z_anchor": 0.5
    },
    {
      "apparent_gr_bias_vs_true": {
        "max": 11.945846348126139,
        "mean": -1.1249188047636873,
        "min": -9.942585850195513,
        "p16": -3.8820928617882386,
        "p50": -1.464745988779086,
        "p84": 1.6503144348936605,
        "sd": 2.91301813776473
      },
      "delta_local_minus_highz_gr": {
        "max": 17.466899110578943,
        "mean": 3.617947086675309,
        "min": -18.24872074142752,
        "p16": -0.36702665443798366,
        "p50": 3.884103431934456,
        "p84": 7.596898745280761,
        "sd": 4.0689954950866
      },
      "delta_local_minus_highz_mg": {
        "max": 15.68786754806721,
        "mean": 2.2806646421842016,
        "min": -13.948867973210312,
        "p16": -0.8616114761460095,
        "p50": 2.3527331298892307,
        "p84": 5.394152364096439,
        "sd": 3.2228066071519135
      },
      "h0_highz_gr": {
        "max": 89.44098295134809,
        "mean": 69.38608296207548,
        "min": 57.80455953529053,
        "p16": 65.54987850831706,
        "p50": 69.08688358356852,
        "p84": 73.28554602242791,
        "sd": 3.9434640642050782
      },
      "h0_highz_mg": {
        "max": 85.10104302381573,
        "mean": 70.72336540656659,
        "min": 59.15988734372228,
        "p16": 67.79334419794415,
        "p50": 70.62930260311049,
        "p84": 73.72561503087454,
        "sd": 3.0654253314780924
      },
      "h0_local_obs": {
        "max": 77.42436054715118,
        "mean": 73.00403004875079,
        "min": 68.24796867504757,
        "p16": 72.01075528756165,
        "p50": 73.00545495551088,
        "p84": 73.99777942319561,
        "sd": 0.9997430213833534
      },
      "local_minus_highz_gr_sigma": 0.8893061337858277,
      "local_minus_highz_mg_sigma": 0.7073118054424166,
      "p_gr_above_local_ref": 0.17638,
      "p_gr_below_local_ref": 0.82362,
      "p_gr_below_planck_ref": 0.31752,
      "z_anchor": 0.62
    }
  ],
  "draws_total": 1600,
  "draws_used": 1600,
  "h0_posterior_mg_truth": {
    "max": 83.06595172086378,
    "mean": 70.51873584122742,
    "min": 60.31514973881641,
    "p16": 67.70416163334278,