{
  "apparent_gr_bias_vs_true": {
    "max": 9.353329889267357,
    "mean": -2.445854988494488,
    "min": -10.130930013489568,
    "p16": -4.821805970097338,
    "p50": -2.735471534016419,
    "p84": -0.05269804568916218,
    "sd": 2.5026102593813406
  },
  "delta_local_minus_highz_gr": {
    "max": 16.864638217306883,
    "mean": 4.649540808537739,
    "min": -16.015583286686635,
    "p16": 0.9556523643681828,
    "p50": 4.871016571689552,
    "p84": 8.316537332484575,
    "sd": 3.730326437335646
  },
  "delta_local_minus_highz_mg": {
    "max": 14.619322508123823,
    "mean": 2.4141071852779463,
    "min": -14.100627546212834,
    "p16": -0.7254254185601939,
    "p50": 2.4813841069892177,
    "p84": 5.501277830096712,
    "sd": 3.2063671400072415
  },
  "h0_highz_gr": {
    "max": 86.4662408880428,
    "mean": 68.0980233841057,
    "min": 56.185533905967894,
    "p16": 64.5735325851891,
    "p50": 67.84707396672518,
    "p84": 71.67000781527945,
    "sd": 3.595029773002492
  },
  "h0_highz_mg": {
    "max": 84.53580986179703,
    "mean": 70.33345700736548,
    "min": 57.88565010876386,
    "p16": 67.41260327518468,
    "p50": 70.24304328532033,
    "p84": 73.32327712689099,
    "sd": 3.051165708950614
  },
  "h0_local_obs": {
    "max": 77.01746770200803,
    "mean": 72.74756419264344,
    "min": 68.55247473557367,
    "p16": 71.75216439042586,
    "p50": 72.74823197604482,
    "p84": 73.73820138095272,
    "sd": 0.9992457285933091
  },
  "local_minus_highz_gr_sigma": 1.2460180345242062,
  "local_minus_highz_mg_sigma": 0.7518572368550879,
  "p_gr_above_local_ref": 0.0923,
  "p_gr_below_local_ref": 0.9077,
  "p_gr_below_planck_ref": 0.44765,
  "z_anchor": 0.5
}
