{
  "apparent_gr_bias_vs_true": {
    "max": 7.035508627262814,
    "mean": -2.63955686253993,
    "min": -8.71731570848938,
    "p16": -4.562406843700472,
    "p50": -2.831644107575798,
    "p84": -0.7314259756115921,
    "sd": 1.9796047050480734
  },
  "delta_local_minus_highz_gr": {
    "max": 16.28164092735578,
    "mean": 4.868689280071701,
    "min": -13.275323346858116,
    "p16": 1.5071640153424222,
    "p50": 5.007873211665753,
    "p84": 8.224100462623845,
    "sd": 3.4068774578575876
  },
  "delta_local_minus_highz_mg": {
    "max": 14.509384128224966,
    "mean": 2.442261728460415,
    "min": -13.097818760408757,
    "p16": -0.6798503511842551,
    "p50": 2.5133221297676087,
    "p84": 5.536317726917296,
    "sd": 3.2048006642197935
  },
  "h0_highz_gr": {
    "max": 84.37380611989794,
    "mean": 67.88331391513276,
    "min": 57.346183920459175,
    "p16": 64.66718308215869,
    "p50": 67.71527385597568,
    "p84": 71.13544026428346,
    "sd": 3.261989596473687
  },
  "h0_highz_mg": {
    "max": 84.19623859937255,
    "mean": 70.30974146674404,
    "min": 59.085271729934554,
    "p16": 67.40533336438946,
    "p50": 70.21387573273037,
    "p84": 73.28888414529506,
    "sd": 3.046709609107773
  },
  "h0_local_obs": {
    "max": 77.10677086261614,
    "mean": 72.75200319520447,
    "min": 68.42111153627442,
    "p16": 71.76414844207171,
    "p50": 72.7550380557415,
    "p84": 73.74009372444704,
    "sd": 0.9967132902786981
  },
  "local_minus_highz_gr_sigma": 1.4270027861080747,
  "local_minus_highz_mg_sigma": 0.7616301428282517,
  "p_gr_above_local_ref": 0.06216,
  "p_gr_below_local_ref": 0.93784,
  "p_gr_below_planck_ref": 0.45981,
  "z_anchor": 0.35
}
