{
  "apparent_gr_bias_vs_true": {
    "max": 12.789855319035382,
    "mean": -1.5514376780518322,
    "min": -10.479817439844226,
    "p16": -4.29123117780986,
    "p50": -1.8689346492639203,
    "p84": 1.1839091800302752,
    "sd": 2.8855095930335497
  },
  "delta_local_minus_highz_gr": {
    "max": 16.610974148540826,
    "mean": 3.7789510366527375,
    "min": -17.07938042560707,
    "p16": -0.19879206571413985,
    "p50": 4.053161729269895,
    "p84": 7.701353399273638,
    "sd": 4.024338560789908
  },
  "delta_local_minus_highz_mg": {
    "max": 15.24648920572897,
    "mean": 2.439583264205908,
    "min": -12.784663744984954,
    "p16": -0.6780413757239637,
    "p50": 2.521995111168735,
    "p84": 5.512322805307675,
    "sd": 3.1967146677535414
  },
  "h0_highz_gr": {
    "max": 89.08349606774172,
    "mean": 68.96702730124441,
    "min": 57.14798921408938,
    "p16": 65.17666202292098,
    "p50": 68.67812311230256,
    "p84": 72.83503390070992,
    "sd": 3.9012364505206256
  },
  "h0_highz_mg": {
    "max": 84.76090245672488,
    "mean": 70.30639507369125,
    "min": 58.48792259651618,
    "p16": 67.41714131434018,
    "p50": 70.20007799127067,
    "p84": 73.27566156183315,
    "sd": 3.038951480617103
  },
  "h0_local_obs": {
    "max": 76.98499167458526,
    "mean": 72.74597833789714,
    "min": 68.3964914180217,
    "p16": 71.74956952552614,
    "p50": 72.74592261313653,
    "p84": 73.73945840448526,
    "sd": 0.9964338352235
  },
  "local_minus_highz_gr_sigma": 0.9383191531019349,
  "local_minus_highz_mg_sigma": 0.7625475410070608,
  "p_gr_above_local_ref": 0.15026,
  "p_gr_below_local_ref": 0.84974,
  "p_gr_below_planck_ref": 0.35842,
  "z_anchor": 0.62
}
