{
  "apparent_gr_bias_vs_true": {
    "max": 4.237687809799297,
    "mean": -1.9936094329428196,
    "min": -6.693406314588188,
    "p16": -3.3244242036950347,
    "p50": -2.080850662910315,
    "p84": -0.6677990533549698,
    "sd": 1.3501664469200743
  },
  "delta_local_minus_highz_gr": {
    "max": 16.362281678527218,
    "mean": 4.206138916219491,
    "min": -12.734629711522075,
    "p16": 1.065915090709933,
    "p50": 4.278942295561357,
    "p84": 7.361521784090156,
    "sd": 3.20513716219863
  },
  "delta_local_minus_highz_mg": {
    "max": 15.109927003622772,
    "mean": 2.4215303415120166,
    "min": -13.154456282193692,
    "p16": -0.7197014913305884,
    "p50": 2.4920674496173376,
    "p84": 5.53543854439756,
    "sd": 3.2104243709918867
  },
  "h0_highz_gr": {
    "max": 84.31942385393701,
    "mean": 68.5381070068872,
    "min": 57.66199458708316,
    "p16": 65.56919781902454,
    "p50": 68.44847941173725,
    "p84": 71.52920295617274,
    "sd": 3.0429935774289105
  },
  "h0_highz_mg": {
    "max": 84.73925042460863,
    "mean": 70.32271558159466,
    "min": 58.9095190671044,
    "p16": 67.4270578494288,
    "p50": 70.21791763381391,
    "p84": 73.31364998572377,
    "sd": 3.0495096514052618
  },
  "h0_local_obs": {
    "max": 77.32409426976096,
    "mean": 72.74424592310669,
    "min": 68.6715825401934,
    "p16": 71.75398516736414,
    "p50": 72.74264664342692,
    "p84": 73.73843703122738,
    "sd": 1.0025946571870858
  },
  "local_minus_highz_gr_sigma": 1.3131488412800338,
  "local_minus_highz_mg_sigma": 0.7545389301652052,
  "p_gr_above_local_ref": 0.07227,
  "p_gr_below_local_ref": 0.92773,
  "p_gr_below_planck_ref": 0.36071,
  "z_anchor": 0.2
}
