{
  "anchor_results": [
    {
      "apparent_gr_bias_vs_true": {
        "max": 4.237687809799297,
        "mean": -1.9936094329428196,
        "min": -6.693406314588188,
        "p16": -3.3244242036950347,
        "p50": -2.080850662910315,
        "p84": -0.6677990533549698,
        "sd": 1.3501664469200743
      },
      "delta_local_minus_highz_gr": {
        "max": 16.362281678527218,
        "mean": 4.206138916219491,
        "min": -12.734629711522075,
        "p16": 1.065915090709933,
        "p50": 4.278942295561357,
        "p84": 7.361521784090156,
        "sd": 3.20513716219863
      },
      "delta_local_minus_highz_mg": {
        "max": 15.109927003622772,
        "mean": 2.4215303415120166,
        "min": -13.154456282193692,
        "p16": -0.7197014913305884,
        "p50": 2.4920674496173376,
        "p84": 5.53543854439756,
        "sd": 3.2104243709918867
      },
      "h0_highz_gr": {
        "max": 84.31942385393701,
        "mean": 68.5381070068872,
        "min": 57.66199458708316,
        "p16": 65.56919781902454,
        "p50": 68.44847941173725,
        "p84": 71.52920295617274,
        "sd": 3.0429935774289105
      },
      "h0_highz_mg": {
        "max": 84.73925042460863,
        "mean": 70.32271558159466,
        "min": 58.9095190671044,
        "p16": 67.4270578494288,
        "p50": 70.21791763381391,
        "p84": 73.31364998572377,
        "sd": 3.0495096514052618
      },
      "h0_local_obs": {
        "max": 77.32409426976096,
        "mean": 72.74424592310669,
        "min": 68.6715825401934,
        "p16": 71.75398516736414,
        "p50": 72.74264664342692,
        "p84": 73.73843703122738,
        "sd": 1.0025946571870858
      },
      "local_minus_highz_gr_sigma": 1.3131488412800338,
      "local_minus_highz_mg_sigma": 0.7545389301652052,
      "p_gr_above_local_ref": 0.07227,
      "p_gr_below_local_ref": 0.92773,
      "p_gr_below_planck_ref": 0.36071,
      "z_anchor": 0.2
    },
    {
      "apparent_gr_bias_vs_true": {
        "max": 7.035508627262814,
        "mean": -2.63955686253993,
        "min": -8.71731570848938,
        "p16": -4.562406843700472,
        "p50": -2.831644107575798,
        "p84": -0.7314259756115921,
        "sd": 1.9796047050480734
      },
      "delta_local_minus_highz_gr": {
        "max": 16.28164092735578,
        "mean": 4.868689280071701,
        "min": -13.275323346858116,
        "p16": 1.5071640153424222,
        "p50": 5.007873211665753,
        "p84": 8.224100462623845,
        "sd": 3.4068774578575876
      },
      "delta_local_minus_highz_mg": {
        "max": 14.509384128224966,
        "mean": 2.442261728460415,
        "min": -13.097818760408757,
        "p16": -0.6798503511842551,
        "p50": 2.5133221297676087,
        "p84": 5.536317726917296,
        "sd": 3.2048006642197935
      },
      "h0_highz_gr": {
        "max": 84.37380611989794,
        "mean": 67.88331391513276,
        "min": 57.346183920459175,
        "p16": 64.66718308215869,
        "p50": 67.71527385597568,
        "p84": 71.13544026428346,
        "sd": 3.261989596473687
      },
      "h0_highz_mg": {
        "max": 84.19623859937255,
        "mean": 70.30974146674404,
        "min": 59.085271729934554,
        "p16": 67.40533336438946,
        "p50": 70.21387573273037,
        "p84": 73.28888414529506,
        "sd": 3.046709609107773
      },
      "h0_local_obs": {
        "max": 77.10677086261614,
        "mean": 72.75200319520447,
        "min": 68.42111153627442,
        "p16": 71.76414844207171,
        "p50": 72.7550380557415,
        "p84": 73.74009372444704,
        "sd": 0.9967132902786981
      },
      "local_minus_highz_gr_sigma": 1.4270027861080747,
      "local_minus_highz_mg_sigma": 0.7616301428282517,
      "p_gr_above_local_ref": 0.06216,
      "p_gr_below_local_ref": 0.93784,
      "p_gr_below_planck_ref": 0.45981,
      "z_anchor": 0.35
    },
    {
      "apparent_gr_bias_vs_true": {
        "max": 9.353329889267357,
        "mean": -2.445854988494488,
        "min": -10.130930013489568,
        "p16": -4.821805970097338,
        "p50": -2.735471534016419,
        "p84": -0.05269804568916218,
        "sd": 2.5026102593813406
      },
      "delta_local_minus_highz_gr": {
        "max": 16.864638217306883,
        "mean": 4.649540808537739,
        "min": -16.015583286686635,
        "p16": 0.9556523643681828,
        "p50": 4.871016571689552,
        "p84": 8.316537332484575,
        "sd": 3.730326437335646
      },
      "delta_local_minus_highz_mg": {
        "max": 14.619322508123823,
        "mean": 2.4141071852779463,
        "min": -14.100627546212834,
        "p16": -0.7254254185601939,
        "p50": 2.4813841069892177,
        "p84": 5.501277830096712,
        "sd": 3.2063671400072415
      },
      "h0_highz_gr": {
        "max": 86.4662408880428,
        "mean": 68.0980233841057,
        "min": 56.185533905967894,
        "p16": 64.5735325851891,
        "p50": 67.84707396672518,
        "p84": 71.67000781527945,
        "sd": 3.595029773002492
      },
      "h0_highz_mg": {
        "max": 84.53580986179703,
        "mean": 70.33345700736548,
        "min": 57.88565010876386,
        "p16": 67.41260327518468,
        "p50": 70.24304328532033,
        "p84": 73.32327712689099,
        "sd": 3.051165708950614
      },
      "h0_local_obs": {
        "max": 77.01746770200803,
        "mean": 72.74756419264344,
        "min": 68.55247473557367,
        "p16": 71.75216439042586,
        "p50": 72.74823197604482,
        "p84": 73.73820138095272,
        "sd": 0.9992457285933091
      },
      "local_minus_highz_gr_sigma": 1.2460180345242062,
      "local_minus_highz_mg_sigma": 0.7518572368550879,
      "p_gr_above_local_ref": 0.0923,
      "p_gr_below_local_ref": 0.9077,
      "p_gr_below_planck_ref": 0.44765,
      "z_anchor": 0.5
    },
    {
      "apparent_gr_bias_vs_true": {
        "max": 12.789855319035382,
        "mean": -1.5514376780518322,
        "min": -10.479817439844226,
        "p16": -4.29123117780986,
        "p50": -1.8689346492639203,
        "p84": 1.1839091800302752,
        "sd": 2.8855095930335497
      },
      "delta_local_minus_highz_gr": {
        "max": 16.610974148540826,
        "mean": 3.7789510366527375,
        "min": -17.07938042560707,
        "p16": -0.19879206571413985,
        "p50": 4.053161729269895,
        "p84": 7.701353399273638,
        "sd": 4.024338560789908
      },
      "delta_local_minus_highz_mg": {
        "max": 15.24648920572897,
        "mean": 2.439583264205908,
        "min": -12.784663744984954,
        "p16": -0.6780413757239637,
        "p50": 2.521995111168735,
        "p84": 5.512322805307675,
        "sd": 3.1967146677535414
      },
      "h0_highz_gr": {
        "max": 89.08349606774172,
        "mean": 68.96702730124441,
        "min": 57.14798921408938,
        "p16": 65.17666202292098,
        "p50": 68.67812311230256,
        "p84": 72.83503390070992,
        "sd": 3.9012364505206256
      },
      "h0_highz_mg": {
        "max": 84.76090245672488,
        "mean": 70.30639507369125,
        "min": 58.48792259651618,
        "p16": 67.41714131434018,
        "p50": 70.20007799127067,
        "p84": 73.27566156183315,
        "sd": 3.038951480617103
      },
      "h0_local_obs": {
        "max": 76.98499167458526,
        "mean": 72.74597833789714,
        "min": 68.3964914180217,
        "p16": 71.74956952552614,
        "p50": 72.74592261313653,
        "p84": 73.73945840448526,
        "sd": 0.9964338352235
      },
      "local_minus_highz_gr_sigma": 0.9383191531019349,
      "local_minus_highz_mg_sigma": 0.7625475410070608,
      "p_gr_above_local_ref": 0.15026,
      "p_gr_below_local_ref": 0.84974,
      "p_gr_below_planck_ref": 0.35842,
      "z_anchor": 0.62
    }
  ],
  "draws_total": 1600,
  "draws_used": 1600,
  "h0_posterior_mg_truth": {
    "max": 83.06595172086378,
    "mean": 70.51873584122742,
    "min": 60.31514973881641,
    "p16": 67.70416163334278,