{
  "apparent_gr_bias_vs_true": {
    "max": 9.712098771063495,
    "mean": -1.9416844587911037,
    "min": -9.567254610016931,
    "p16": -4.334970933586306,
    "p50": -2.2510422239048182,
    "p84": 0.5380139940588989,
    "sd": 2.491408746341986
  },
  "delta_local_minus_highz_gr": {
    "max": 18.763689868878323,
    "mean": 4.321359579130042,
    "min": -14.739306295614654,
    "p16": 0.7426966725810945,
    "p50": 4.4878627196112575,
    "p84": 7.9227668294322475,
    "sd": 3.662643286187007
  },
  "delta_local_minus_highz_mg": {
    "max": 15.475069576449336,
    "mean": 2.170702714965536,
    "min": -12.164512924089749,
    "p16": -0.905372703842429,
    "p50": 2.1038674915277014,
    "p84": 5.311046092271592,
    "sd": 3.189978998606753
  },
  "h0_highz_gr": {
    "max": 85.34820661591903,
    "mean": 68.67739557419874,
    "min": 55.406113593404015,
    "p16": 65.20965717454341,
    "p50": 68.47168613656478,
    "p84": 72.11940985115072,
    "sd": 3.52225315930603
  },
  "h0_highz_mg": {
    "max": 82.99345903273077,
    "mean": 70.82805243836326,
    "min": 58.64078281060527,
    "p16": 67.82681714733896,
    "p50": 70.91643491781501,
    "p84": 73.72397528956579,
    "sd": 3.0332023793894987
  },
  "h0_local_obs": {
    "max": 77.78601646893466,
    "mean": 72.99875515332879,
    "min": 68.40372575783154,
    "p16": 72.00502660717035,
    "p50": 72.99873724337917,
    "p84": 73.99427180936816,
    "sd": 1.0018418159596902
  },
  "local_minus_highz_gr_sigma": 1.1802295059915435,
  "local_minus_highz_mg_sigma": 0.6796628339225805,
  "p_gr_above_local_ref": 0.11175,
  "p_gr_below_local_ref": 0.88825,
  "p_gr_below_planck_ref": 0.36984,
  "z_anchor": 0.5
}
