{
  "apparent_gr_bias_vs_true": {
    "max": 13.458484432817798,
    "mean": -1.0664496740560867,
    "min": -10.916361159422152,
    "p16": -3.8343886220779173,
    "p50": -1.4080693443937662,
    "p84": 1.7457177753775037,
    "sd": 2.9101386300680945
  },
  "delta_local_minus_highz_gr": {
    "max": 18.581464125845443,
    "mean": 3.4313144289410893,
    "min": -16.81735713768876,
    "p16": -0.5242670716196426,
    "p50": 3.6652362022004112,
    "p84": 7.371931350636741,
    "sd": 4.011723691777951
  },
  "delta_local_minus_highz_mg": {
    "max": 16.01452696991948,
    "mean": 2.1532470824414585,
    "min": -12.666287153637285,
    "p16": -0.9348316454606044,
    "p50": 2.0944409371380956,
    "p84": 5.2952408035585,
    "sd": 3.1963059109524394
  },
  "h0_highz_gr": {
    "max": 88.47704332437702,
    "mean": 69.56287137064423,
    "min": 55.36111567751358,
    "p16": 65.72315366894881,
    "p50": 69.27967725224414,
    "p84": 73.41067174228529,
    "sd": 3.8836551889991466
  },
  "h0_highz_mg": {
    "max": 83.5321966511352,
    "mean": 70.84093871714386,
    "min": 59.02284190710268,
    "p16": 67.84991974021818,
    "p50": 70.9236786003602,
    "p84": 73.74396939928522,
    "sd": 3.034796552001421
  },
  "h0_local_obs": {
    "max": 77.16263766833768,
    "mean": 72.99418579958532,
    "min": 68.69185897553609,
    "p16": 71.99561921044625,
    "p50": 72.9965385956279,
    "p84": 73.99189332562914,
    "sd": 1.0033738197431865
  },
  "local_minus_highz_gr_sigma": 0.855618148804483,
  "local_minus_highz_mg_sigma": 0.6738778889634757,
  "p_gr_above_local_ref": 0.18608,
  "p_gr_below_local_ref": 0.81392,
  "p_gr_below_planck_ref": 0.29414,
  "z_anchor": 0.62
}
