{
  "apparent_gr_bias_vs_true": {
    "max": 6.205266388948061,
    "mean": -1.5231653639140557,
    "min": -5.98277226301299,
    "p16": -2.8365717009405476,
    "p50": -1.6167069572134096,
    "p84": -0.19501554423587245,
    "sd": 1.3365430364253124
  },
  "delta_local_minus_highz_gr": {
    "max": 17.224020240926286,
    "mean": 3.902057184400345,
    "min": -11.26940647555486,
    "p16": 0.8377939449835093,
    "p50": 3.9287325889709805,
    "p84": 7.01515061547945,
    "sd": 3.1555871402131217
  },
  "delta_local_minus_highz_mg": {
    "max": 15.685485018999394,
    "mean": 2.1642118022060046,
    "min": -11.872979191417784,
    "p16": -0.9279294926044565,
    "p50": 2.097643667857831,
    "p84": 5.31027768484522,
    "sd": 3.18844963426368
  },
  "h0_highz_gr": {
    "max": 82.90011336278367,
    "mean": 69.09707390875818,
    "min": 57.93729033856852,
    "p16": 66.14252250317648,
    "p50": 69.04976918032776,
    "p84": 71.9968144695824,
    "sd": 2.9921336297793126
  },
  "h0_highz_mg": {
    "max": 83.58237623715085,
    "mean": 70.83491929095251,
    "min": 57.872295316765864,
    "p16": 67.8205877944925,
    "p50": 70.91417898535701,
    "p84": 73.73883365699167,
    "sd": 3.0274608834801526
  },
  "h0_local_obs": {
    "max": 77.55623939228924,
    "mean": 72.99913109315851,
    "min": 68.85968194942654,
    "p16": 72.00649072787031,
    "p50": 73.00123580323978,
    "p84": 73.98829869339282,
    "sd": 0.9992469166182215
  },
  "local_minus_highz_gr_sigma": 1.2368573159726215,
  "local_minus_highz_mg_sigma": 0.6787892789516323,
  "p_gr_above_local_ref": 0.09296,
  "p_gr_below_local_ref": 0.90704,
  "p_gr_below_planck_ref": 0.28158,
  "z_anchor": 0.2
}
