{
  "apparent_gr_bias_vs_true": {
    "max": 7.290761435983228,
    "mean": -2.143323856332175,
    "min": -8.345940474661347,
    "p16": -4.06026028172074,
    "p50": -2.3424942895356224,
    "p84": -0.1772146478583042,
    "sd": 1.9668873312026305
  },
  "delta_local_minus_highz_gr": {
    "max": 17.960716799729717,
    "mean": 4.5160492354595805,
    "min": -11.747998747976553,
    "p16": 1.2617755651781988,
    "p50": 4.6247999440043515,
    "p84": 7.799632405876627,
    "sd": 3.362081295819989
  },
  "delta_local_minus_highz_mg": {
    "max": 15.495088303219767,
    "mean": 2.1613237220422916,
    "min": -11.897829577875669,
    "p16": -0.9048329402795048,
    "p50": 2.096751115951214,
    "p84": 5.280075965013169,
    "sd": 3.1777468854707474
  },
  "h0_highz_gr": {
    "max": 83.45491572889067,
    "mean": 68.4764042935869,
    "min": 56.46712245875087,
    "p16": 65.32108722424921,
    "p50": 68.33169969765414,
    "p84": 71.56946119395029,
    "sd": 3.208876860586749
  },
  "h0_highz_mg": {
    "max": 83.4358269625334,
    "mean": 70.83112980700419,
    "min": 58.93275095526082,
    "p16": 67.85655871208915,
    "p50": 70.92020878936259,
    "p84": 73.70955628003472,
    "sd": 3.0148684087145683
  },
  "h0_local_obs": {
    "max": 77.27610274725741,
    "mean": 72.99245352904647,
    "min": 67.98264885080417,
    "p16": 71.99616668102362,
    "p50": 72.9930552317706,
    "p84": 73.99745070133396,
    "sd": 1.0011758270576487
  },
  "local_minus_highz_gr_sigma": 1.3436284918180774,
  "local_minus_highz_mg_sigma": 0.6804347289875988,
  "p_gr_above_local_ref": 0.08266,
  "p_gr_below_local_ref": 0.91734,
  "p_gr_below_planck_ref": 0.37298,
  "z_anchor": 0.35
}
