{
  "anchor_results": [
    {
      "apparent_gr_bias_vs_true": {
        "max": 6.205266388948061,
        "mean": -1.5231653639140557,
        "min": -5.98277226301299,
        "p16": -2.8365717009405476,
        "p50": -1.6167069572134096,
        "p84": -0.19501554423587245,
        "sd": 1.3365430364253124
      },
      "delta_local_minus_highz_gr": {
        "max": 17.224020240926286,
        "mean": 3.902057184400345,
        "min": -11.26940647555486,
        "p16": 0.8377939449835093,
        "p50": 3.9287325889709805,
        "p84": 7.01515061547945,
        "sd": 3.1555871402131217
      },
      "delta_local_minus_highz_mg": {
        "max": 15.685485018999394,
        "mean": 2.1642118022060046,
        "min": -11.872979191417784,
        "p16": -0.9279294926044565,
        "p50": 2.097643667857831,
        "p84": 5.31027768484522,
        "sd": 3.18844963426368
      },
      "h0_highz_gr": {
        "max": 82.90011336278367,
        "mean": 69.09707390875818,
        "min": 57.93729033856852,
        "p16": 66.14252250317648,
        "p50": 69.04976918032776,
        "p84": 71.9968144695824,
        "sd": 2.9921336297793126
      },
      "h0_highz_mg": {
        "max": 83.58237623715085,
        "mean": 70.83491929095251,
        "min": 57.872295316765864,
        "p16": 67.8205877944925,
        "p50": 70.91417898535701,
        "p84": 73.73883365699167,
        "sd": 3.0274608834801526
      },
      "h0_local_obs": {
        "max": 77.55623939228924,
        "mean": 72.99913109315851,
        "min": 68.85968194942654,
        "p16": 72.00649072787031,
        "p50": 73.00123580323978,
        "p84": 73.98829869339282,
        "sd": 0.9992469166182215
      },
      "local_minus_highz_gr_sigma": 1.2368573159726215,
      "local_minus_highz_mg_sigma": 0.6787892789516323,
      "p_gr_above_local_ref": 0.09296,
      "p_gr_below_local_ref": 0.90704,
      "p_gr_below_planck_ref": 0.28158,
      "z_anchor": 0.2
    },
    {
      "apparent_gr_bias_vs_true": {
        "max": 7.290761435983228,
        "mean": -2.143323856332175,
        "min": -8.345940474661347,
        "p16": -4.06026028172074,
        "p50": -2.3424942895356224,
        "p84": -0.1772146478583042,
        "sd": 1.9668873312026305
      },
      "delta_local_minus_highz_gr": {
        "max": 17.960716799729717,
        "mean": 4.5160492354595805,
        "min": -11.747998747976553,
        "p16": 1.2617755651781988,
        "p50": 4.6247999440043515,
        "p84": 7.799632405876627,
        "sd": 3.362081295819989
      },
      "delta_local_minus_highz_mg": {
        "max": 15.495088303219767,
        "mean": 2.1613237220422916,
        "min": -11.897829577875669,
        "p16": -0.9048329402795048,
        "p50": 2.096751115951214,
        "p84": 5.280075965013169,
        "sd": 3.1777468854707474
      },
      "h0_highz_gr": {
        "max": 83.45491572889067,
        "mean": 68.4764042935869,
        "min": 56.46712245875087,
        "p16": 65.32108722424921,
        "p50": 68.33169969765414,
        "p84": 71.56946119395029,
        "sd": 3.208876860586749
      },
      "h0_highz_mg": {
        "max": 83.4358269625334,
        "mean": 70.83112980700419,
        "min": 58.93275095526082,
        "p16": 67.85655871208915,
        "p50": 70.92020878936259,
        "p84": 73.70955628003472,
        "sd": 3.0148684087145683
      },
      "h0_local_obs": {
        "max": 77.27610274725741,
        "mean": 72.99245352904647,
        "min": 67.98264885080417,
        "p16": 71.99616668102362,
        "p50": 72.9930552317706,
        "p84": 73.99745070133396,
        "sd": 1.0011758270576487
      },
      "local_minus_highz_gr_sigma": 1.3436284918180774,
      "local_minus_highz_mg_sigma": 0.6804347289875988,
      "p_gr_above_local_ref": 0.08266,
      "p_gr_below_local_ref": 0.91734,
      "p_gr_below_planck_ref": 0.37298,
      "z_anchor": 0.35
    },
    {
      "apparent_gr_bias_vs_true": {
        "max": 9.712098771063495,
        "mean": -1.9416844587911037,
        "min": -9.567254610016931,
        "p16": -4.334970933586306,
        "p50": -2.2510422239048182,
        "p84": 0.5380139940588989,
        "sd": 2.491408746341986
      },
      "delta_local_minus_highz_gr": {
        "max": 18.763689868878323,
        "mean": 4.321359579130042,
        "min": -14.739306295614654,
        "p16": 0.7426966725810945,
        "p50": 4.4878627196112575,
        "p84": 7.9227668294322475,
        "sd": 3.662643286187007
      },
      "delta_local_minus_highz_mg": {
        "max": 15.475069576449336,
        "mean": 2.170702714965536,
        "min": -12.164512924089749,
        "p16": -0.905372703842429,
        "p50": 2.1038674915277014,
        "p84": 5.311046092271592,
        "sd": 3.189978998606753
      },
      "h0_highz_gr": {
        "max": 85.34820661591903,
        "mean": 68.67739557419874,
        "min": 55.406113593404015,
        "p16": 65.20965717454341,
        "p50": 68.47168613656478,
        "p84": 72.11940985115072,
        "sd": 3.52225315930603
      },
      "h0_highz_mg": {
        "max": 82.99345903273077,
        "mean": 70.82805243836326,
        "min": 58.64078281060527,
        "p16": 67.82681714733896,
        "p50": 70.91643491781501,
        "p84": 73.72397528956579,
        "sd": 3.0332023793894987
      },
      "h0_local_obs": {
        "max": 77.78601646893466,
        "mean": 72.99875515332879,
        "min": 68.40372575783154,
        "p16": 72.00502660717035,
        "p50": 72.99873724337917,
        "p84": 73.99427180936816,
        "sd": 1.0018418159596902
      },
      "local_minus_highz_gr_sigma": 1.1802295059915435,
      "local_minus_highz_mg_sigma": 0.6796628339225805,
      "p_gr_above_local_ref": 0.11175,
      "p_gr_below_local_ref": 0.88825,
      "p_gr_below_planck_ref": 0.36984,
      "z_anchor": 0.5
    },
    {
      "apparent_gr_bias_vs_true": {
        "max": 13.458484432817798,
        "mean": -1.0664496740560867,
        "min": -10.916361159422152,
        "p16": -3.8343886220779173,
        "p50": -1.4080693443937662,
        "p84": 1.7457177753775037,
        "sd": 2.9101386300680945
      },
      "delta_local_minus_highz_gr": {
        "max": 18.581464125845443,
        "mean": 3.4313144289410893,
        "min": -16.81735713768876,
        "p16": -0.5242670716196426,
        "p50": 3.6652362022004112,
        "p84": 7.371931350636741,
        "sd": 4.011723691777951
      },
      "delta_local_minus_highz_mg": {
        "max": 16.01452696991948,
        "mean": 2.1532470824414585,
        "min": -12.666287153637285,
        "p16": -0.9348316454606044,
        "p50": 2.0944409371380956,
        "p84": 5.2952408035585,
        "sd": 3.1963059109524394
      },
      "h0_highz_gr": {
        "max": 88.47704332437702,
        "mean": 69.56287137064423,
        "min": 55.36111567751358,
        "p16": 65.72315366894881,
        "p50": 69.27967725224414,
        "p84": 73.41067174228529,
        "sd": 3.8836551889991466
      },
      "h0_highz_mg": {
        "max": 83.5321966511352,
        "mean": 70.84093871714386,
        "min": 59.02284190710268,
        "p16": 67.84991974021818,
        "p50": 70.9236786003602,
        "p84": 73.74396939928522,
        "sd": 3.034796552001421
      },
      "h0_local_obs": {
        "max": 77.16263766833768,
        "mean": 72.99418579958532,
        "min": 68.69185897553609,
        "p16": 71.99561921044625,
        "p50": 72.9965385956279,
        "p84": 73.99189332562914,
        "sd": 1.0033738197431865
      },
      "local_minus_highz_gr_sigma": 0.855618148804483,
      "local_minus_highz_mg_sigma": 0.6738778889634757,
      "p_gr_above_local_ref": 0.18608,
      "p_gr_below_local_ref": 0.81392,
      "p_gr_below_planck_ref": 0.29414,
      "z_anchor": 0.62
    }
  ],
  "draws_total": 1600,
  "draws_used": 1600,
  "h0_posterior_mg_truth": {
    "max": 81.12434628314327,
    "mean": 70.6139339829599,
    "min": 60.40119844002723,
    "p16": 67.71835091504013,