{
  "apparent_gr_bias_vs_true": {
    "max": 4.895815409166133,
    "mean": -1.550391480027014,
    "min": -6.132834583377189,
    "p16": -2.8714546055051087,
    "p50": -1.6550064336046049,
    "p84": -0.21379882217677768,
    "sd": 1.3544584017336359
  },
  "delta_local_minus_highz_gr": {
    "max": 16.55477676820395,
    "mean": 3.709434928084101,
    "min": -9.852605334252345,
    "p16": 0.6913586950475815,
    "p50": 3.7510572293138154,
    "p84": 6.786668025018449,
    "sd": 3.1147753740622615
  },
  "delta_local_minus_highz_mg": {
    "max": 16.121567851750086,
    "mean": 1.943910277367032,
    "min": -12.171258314954628,
    "p16": -1.1114374905889708,
    "p50": 1.9714912377757798,
    "p84": 5.0355836005393355,
    "sd": 3.1294354807907423
  },
  "h0_highz_gr": {
    "max": 81.01588212370145,
    "mean": 69.0465151184842,
    "min": 57.27414191817249,
    "p16": 66.1507128870828,
    "p50": 69.02206255336577,
    "p84": 71.89940653899036,
    "sd": 2.9492210442233917
  },
  "h0_highz_mg": {
    "max": 83.20636167580362,
    "mean": 70.81203976920126,
    "min": 59.566404681395035,
    "p16": 67.85140827095925,
    "p50": 70.78381421258283,
    "p84": 73.6695697582989,
    "sd": 2.96523034729711
  },
  "h0_local_obs": {
    "max": 77.56451100341963,
    "mean": 72.7559500465683,
    "min": 68.57022126001888,
    "p16": 71.76006584333592,
    "p50": 72.76029616962683,
    "p84": 73.74895003587466,
    "sd": 0.9983281680809303
  },
  "local_minus_highz_gr_sigma": 1.1911564299392143,
  "local_minus_highz_mg_sigma": 0.6211942220920149,
  "p_gr_above_local_ref": 0.08537,
  "p_gr_below_local_ref": 0.91463,
  "p_gr_below_planck_ref": 0.28767,
  "z_anchor": 0.2
}
