{
  "apparent_gr_bias_vs_true": {
    "max": 8.063997902598999,
    "mean": -2.1903451266186744,
    "min": -8.399444217297614,
    "p16": -4.096910151572637,
    "p50": -2.3827128924455465,
    "p84": -0.21748726421737075,
    "sd": 1.968918852733982
  },
  "delta_local_minus_highz_gr": {
    "max": 18.867783161990985,
    "mean": 4.344123352054859,
    "min": -11.302881878733302,
    "p16": 1.0937994508085087,
    "p50": 4.4179797499160856,
    "p84": 7.616081482742987,
    "sd": 3.3308868800075913
  },
  "delta_local_minus_highz_mg": {
    "max": 15.16072116739825,
    "mean": 1.942745000160769,
    "min": -12.11817814377929,
    "p16": -1.117334453799449,
    "p50": 1.9812397837050142,
    "p84": 5.054683553929069,
    "sd": 3.1441696705912157
  },
  "h0_highz_gr": {
    "max": 82.64971027166987,
    "mean": 68.40421557116848,
    "min": 55.98231689181729,
    "p16": 65.27734511923866,
    "p50": 68.32690393871627,
    "p84": 71.49998255891947,
    "sd": 3.1796145805916916
  },
  "h0_highz_mg": {
    "max": 83.33415311210373,
    "mean": 70.80559392306256,
    "min": 59.623338298480405,
    "p16": 67.8318351208156,
    "p50": 70.77049169810839,
    "p84": 73.68565848918647,
    "sd": 2.984164216455961
  },
  "h0_local_obs": {
    "max": 77.33752062173343,
    "mean": 72.74833892322333,
    "min": 68.26046800319604,
    "p16": 71.7514442950262,
    "p50": 72.74965021856714,
    "p84": 73.74155914904047,
    "sd": 0.9992857600892707
  },
  "local_minus_highz_gr_sigma": 1.3033051707155479,
  "local_minus_highz_mg_sigma": 0.617281675361224,
  "p_gr_above_local_ref": 0.07261,
  "p_gr_below_local_ref": 0.92739,
  "p_gr_below_planck_ref": 0.38196,
  "z_anchor": 0.35
}
