{
  "apparent_gr_bias_vs_true": {
    "max": 12.05538864807535,
    "mean": -1.0403805661662042,
    "min": -10.257783889966774,
    "p16": -3.9223512027283896,
    "p50": -1.2897321824038457,
    "p84": 1.813608507268341,
    "sd": 2.9227104667540873
  },
  "delta_local_minus_highz_gr": {
    "max": 17.95967645008416,
    "mean": 3.1939171400227693,
    "min": -15.997532926952815,
    "p16": -0.7479819811728787,
    "p50": 3.4009425601119005,
    "p84": 7.175939014119415,
    "sd": 3.978516886874985
  },
  "delta_local_minus_highz_mg": {
    "max": 14.359999682277348,
    "mean": 1.9446620780049533,
    "min": -11.861066595504425,
    "p16": -1.116041730179237,
    "p50": 1.982935188309952,
    "p84": 5.059583107624464,
    "sd": 3.135551537169774
  },
  "h0_highz_gr": {
    "max": 86.97359289217773,
    "mean": 69.55794592020008,
    "min": 55.80330888154921,
    "p16": 65.68807083120035,
    "p50": 69.30924081658307,
    "p84": 73.37341003166776,
    "sd": 3.853777799384685
  },
  "h0_highz_mg": {
    "max": 83.19874656832674,
    "mean": 70.8072009822179,
    "min": 59.64388358168351,
    "p16": 67.83518244680292,
    "p50": 70.76707116356532,
    "p84": 73.67020441684826,
    "sd": 2.971132646888244
  },
  "h0_local_obs": {
    "max": 77.52739567275104,
    "mean": 72.75186306022286,
    "min": 68.53477714180939,
    "p16": 71.75100059293938,
    "p50": 72.75488601551058,
    "p84": 73.74889618124556,
    "sd": 1.0020794139284372
  },
  "local_minus_highz_gr_sigma": 0.8022081078556642,
  "local_minus_highz_mg_sigma": 0.6203256855323445,
  "p_gr_above_local_ref": 0.18507,
  "p_gr_below_local_ref": 0.81493,
  "p_gr_below_planck_ref": 0.30371,
  "z_anchor": 0.62
}
