{
  "apparent_gr_bias_vs_true": {
    "max": 9.861831971440338,
    "mean": -1.9624216058997863,
    "min": -9.337266336712958,
    "p16": -4.392343111576689,
    "p50": -2.1976111756790644,
    "p84": 0.49422637186398655,
    "sd": 2.4864445153314607
  },
  "delta_local_minus_highz_gr": {
    "max": 18.209344295888464,
    "mean": 4.110764915174488,
    "min": -13.035365371989684,
    "p16": 0.5610276280190744,
    "p50": 4.256557299206591,
    "p84": 7.7132807837490684,
    "sd": 3.6237794942060546
  },
  "delta_local_minus_highz_mg": {
    "max": 14.53654940001671,
    "mean": 1.9372932522794928,
    "min": -11.142925499526385,
    "p16": -1.1029805870747866,
    "p50": 1.9831040282283041,
    "p84": 5.041403434732209,
    "sd": 3.134477923163094
  },
  "h0_highz_gr": {
    "max": 84.6846699559796,
    "mean": 68.6411222503248,
    "min": 55.81716668203135,
    "p16": 65.1678646556994,
    "p50": 68.47043359408754,
    "p84": 72.04778786096917,
    "sd": 3.482902676507241
  },
  "h0_highz_mg": {
    "max": 83.06310903488985,
    "mean": 70.8145939132198,
    "min": 59.380453631401686,
    "p16": 67.85608498139123,
    "p50": 70.77335154711763,
    "p84": 73.68776605533144,
    "sd": 2.972190506919508
  },
  "h0_local_obs": {
    "max": 77.0216306776666,
    "mean": 72.75188716549928,
    "min": 67.0690100584767,
    "p16": 71.75497876217935,
    "p50": 72.74764890578214,
    "p84": 73.74934980468429,
    "sd": 1.0021482569244688
  },
  "local_minus_highz_gr_sigma": 1.1344364512899654,
  "local_minus_highz_mg_sigma": 0.6177775323518742,
  "p_gr_above_local_ref": 0.10396,
  "p_gr_below_local_ref": 0.89604,
  "p_gr_below_planck_ref": 0.37687,
  "z_anchor": 0.5
}
