{
  "anchor_results": [
    {
      "apparent_gr_bias_vs_true": {
        "max": 4.895815409166133,
        "mean": -1.550391480027014,
        "min": -6.132834583377189,
        "p16": -2.8714546055051087,
        "p50": -1.6550064336046049,
        "p84": -0.21379882217677768,
        "sd": 1.3544584017336359
      },
      "delta_local_minus_highz_gr": {
        "max": 16.55477676820395,
        "mean": 3.709434928084101,
        "min": -9.852605334252345,
        "p16": 0.6913586950475815,
        "p50": 3.7510572293138154,
        "p84": 6.786668025018449,
        "sd": 3.1147753740622615
      },
      "delta_local_minus_highz_mg": {
        "max": 16.121567851750086,
        "mean": 1.943910277367032,
        "min": -12.171258314954628,
        "p16": -1.1114374905889708,
        "p50": 1.9714912377757798,
        "p84": 5.0355836005393355,
        "sd": 3.1294354807907423
      },
      "h0_highz_gr": {
        "max": 81.01588212370145,
        "mean": 69.0465151184842,
        "min": 57.27414191817249,
        "p16": 66.1507128870828,
        "p50": 69.02206255336577,
        "p84": 71.89940653899036,
        "sd": 2.9492210442233917
      },
      "h0_highz_mg": {
        "max": 83.20636167580362,
        "mean": 70.81203976920126,
        "min": 59.566404681395035,
        "p16": 67.85140827095925,
        "p50": 70.78381421258283,
        "p84": 73.6695697582989,
        "sd": 2.96523034729711
      },
      "h0_local_obs": {
        "max": 77.56451100341963,
        "mean": 72.7559500465683,
        "min": 68.57022126001888,
        "p16": 71.76006584333592,
        "p50": 72.76029616962683,
        "p84": 73.74895003587466,
        "sd": 0.9983281680809303
      },
      "local_minus_highz_gr_sigma": 1.1911564299392143,
      "local_minus_highz_mg_sigma": 0.6211942220920149,
      "p_gr_above_local_ref": 0.08537,
      "p_gr_below_local_ref": 0.91463,
      "p_gr_below_planck_ref": 0.28767,
      "z_anchor": 0.2
    },
    {
      "apparent_gr_bias_vs_true": {
        "max": 8.063997902598999,
        "mean": -2.1903451266186744,
        "min": -8.399444217297614,
        "p16": -4.096910151572637,
        "p50": -2.3827128924455465,
        "p84": -0.21748726421737075,
        "sd": 1.968918852733982
      },
      "delta_local_minus_highz_gr": {
        "max": 18.867783161990985,
        "mean": 4.344123352054859,
        "min": -11.302881878733302,
        "p16": 1.0937994508085087,
        "p50": 4.4179797499160856,
        "p84": 7.616081482742987,
        "sd": 3.3308868800075913
      },
      "delta_local_minus_highz_mg": {
        "max": 15.16072116739825,
        "mean": 1.942745000160769,
        "min": -12.11817814377929,
        "p16": -1.117334453799449,
        "p50": 1.9812397837050142,
        "p84": 5.054683553929069,
        "sd": 3.1441696705912157
      },
      "h0_highz_gr": {
        "max": 82.64971027166987,
        "mean": 68.40421557116848,
        "min": 55.98231689181729,
        "p16": 65.27734511923866,
        "p50": 68.32690393871627,
        "p84": 71.49998255891947,
        "sd": 3.1796145805916916
      },
      "h0_highz_mg": {
        "max": 83.33415311210373,
        "mean": 70.80559392306256,
        "min": 59.623338298480405,
        "p16": 67.8318351208156,
        "p50": 70.77049169810839,
        "p84": 73.68565848918647,
        "sd": 2.984164216455961
      },
      "h0_local_obs": {
        "max": 77.33752062173343,
        "mean": 72.74833892322333,
        "min": 68.26046800319604,
        "p16": 71.7514442950262,
        "p50": 72.74965021856714,
        "p84": 73.74155914904047,
        "sd": 0.9992857600892707
      },
      "local_minus_highz_gr_sigma": 1.3033051707155479,
      "local_minus_highz_mg_sigma": 0.617281675361224,
      "p_gr_above_local_ref": 0.07261,
      "p_gr_below_local_ref": 0.92739,
      "p_gr_below_planck_ref": 0.38196,
      "z_anchor": 0.35
    },
    {
      "apparent_gr_bias_vs_true": {
        "max": 9.861831971440338,
        "mean": -1.9624216058997863,
        "min": -9.337266336712958,
        "p16": -4.392343111576689,
        "p50": -2.1976111756790644,
        "p84": 0.49422637186398655,
        "sd": 2.4864445153314607
      },
      "delta_local_minus_highz_gr": {
        "max": 18.209344295888464,
        "mean": 4.110764915174488,
        "min": -13.035365371989684,
        "p16": 0.5610276280190744,
        "p50": 4.256557299206591,
        "p84": 7.7132807837490684,
        "sd": 3.6237794942060546
      },
      "delta_local_minus_highz_mg": {
        "max": 14.53654940001671,
        "mean": 1.9372932522794928,
        "min": -11.142925499526385,
        "p16": -1.1029805870747866,
        "p50": 1.9831040282283041,
        "p84": 5.041403434732209,
        "sd": 3.134477923163094
      },
      "h0_highz_gr": {
        "max": 84.6846699559796,
        "mean": 68.6411222503248,
        "min": 55.81716668203135,
        "p16": 65.1678646556994,
        "p50": 68.47043359408754,
        "p84": 72.04778786096917,
        "sd": 3.482902676507241
      },
      "h0_highz_mg": {
        "max": 83.06310903488985,
        "mean": 70.8145939132198,
        "min": 59.380453631401686,
        "p16": 67.85608498139123,
        "p50": 70.77335154711763,
        "p84": 73.68776605533144,
        "sd": 2.972190506919508
      },
      "h0_local_obs": {
        "max": 77.0216306776666,
        "mean": 72.75188716549928,
        "min": 67.0690100584767,
        "p16": 71.75497876217935,
        "p50": 72.74764890578214,
        "p84": 73.74934980468429,
        "sd": 1.0021482569244688
      },
      "local_minus_highz_gr_sigma": 1.1344364512899654,
      "local_minus_highz_mg_sigma": 0.6177775323518742,
      "p_gr_above_local_ref": 0.10396,
      "p_gr_below_local_ref": 0.89604,
      "p_gr_below_planck_ref": 0.37687,
      "z_anchor": 0.5
    },
    {
      "apparent_gr_bias_vs_true": {
        "max": 12.05538864807535,
        "mean": -1.0403805661662042,
        "min": -10.257783889966774,
        "p16": -3.9223512027283896,
        "p50": -1.2897321824038457,
        "p84": 1.813608507268341,
        "sd": 2.9227104667540873
      },
      "delta_local_minus_highz_gr": {
        "max": 17.95967645008416,
        "mean": 3.1939171400227693,
        "min": -15.997532926952815,
        "p16": -0.7479819811728787,
        "p50": 3.4009425601119005,
        "p84": 7.175939014119415,
        "sd": 3.978516886874985
      },
      "delta_local_minus_highz_mg": {
        "max": 14.359999682277348,
        "mean": 1.9446620780049533,
        "min": -11.861066595504425,
        "p16": -1.116041730179237,
        "p50": 1.982935188309952,
        "p84": 5.059583107624464,
        "sd": 3.135551537169774
      },
      "h0_highz_gr": {
        "max": 86.97359289217773,
        "mean": 69.55794592020008,
        "min": 55.80330888154921,
        "p16": 65.68807083120035,
        "p50": 69.30924081658307,
        "p84": 73.37341003166776,
        "sd": 3.853777799384685
      },
      "h0_highz_mg": {
        "max": 83.19874656832674,
        "mean": 70.8072009822179,
        "min": 59.64388358168351,
        "p16": 67.83518244680292,
        "p50": 70.76707116356532,
        "p84": 73.67020441684826,
        "sd": 2.971132646888244
      },
      "h0_local_obs": {
        "max": 77.52739567275104,
        "mean": 72.75186306022286,
        "min": 68.53477714180939,
        "p16": 71.75100059293938,
        "p50": 72.75488601551058,
        "p84": 73.74889618124556,
        "sd": 1.0020794139284372
      },
      "local_minus_highz_gr_sigma": 0.8022081078556642,
      "local_minus_highz_mg_sigma": 0.6203256855323445,
      "p_gr_above_local_ref": 0.18507,
      "p_gr_below_local_ref": 0.81493,
      "p_gr_below_planck_ref": 0.30371,
      "z_anchor": 0.62
    }
  ],
  "draws_total": 1600,
  "draws_used": 1600,
  "h0_posterior_mg_truth": {
    "max": 81.06264119821896,
    "mean": 70.60034490571202,
    "min": 60.651398709331204,
    "p16": 67.71575777916435,