{
  "apparent_gr_bias_vs_true": {
    "max": 11.5111693051295,
    "mean": -1.1845316285431913,
    "min": -10.20524593928073,
    "p16": -4.042969001601349,
    "p50": -1.4924322540222406,
    "p84": 1.7249896266894018,
    "sd": 2.9965418656651073
  },
  "delta_local_minus_highz_gr": {
    "max": 17.98460621714434,
    "mean": 3.253602401243915,
    "min": -15.596190477563567,
    "p16": -0.7502394646892424,
    "p50": 3.459167758649002,
    "p84": 7.339174904804126,
    "sd": 4.102909915536079
  },
  "delta_local_minus_highz_mg": {
    "max": 14.97231190530811,
    "mean": 2.0709919593815984,
    "min": -12.131239773634107,
    "p16": -1.1579533103607729,
    "p50": 2.1846694988014406,
    "p84": 5.292563369048198,
    "sd": 3.30805984318986
  },
  "h0_highz_gr": {
    "max": 86.86413135882869,
    "mean": 69.50079665786154,
    "min": 55.84716661837718,
    "p16": 65.53634345858254,
    "p50": 69.26842777776692,
    "p84": 73.38470962335082,
    "sd": 3.973140390641552
  },
  "h0_highz_mg": {
    "max": 83.50594077967249,
    "mean": 70.68340709972385,
    "min": 58.98663446088114,
    "p16": 67.62562366220824,
    "p50": 70.57327014478031,
    "p84": 73.7441777627111,
    "sd": 3.144953129841531
  },
  "h0_local_obs": {
    "max": 76.93364373452506,
    "mean": 72.75439905910545,
    "min": 68.45109905431156,
    "p16": 71.7569300749441,
    "p50": 72.75440833035933,
    "p84": 73.75147130680237,
    "sd": 1.0018631459839797
  },
  "local_minus_highz_gr_sigma": 0.794132337876865,
  "local_minus_highz_mg_sigma": 0.627552282272187,
  "p_gr_above_local_ref": 0.18146,
  "p_gr_below_local_ref": 0.81854,
  "p_gr_below_planck_ref": 0.31112,
  "z_anchor": 0.62
}
