{
  "apparent_gr_bias_vs_true": {
    "max": 9.241266835004424,
    "mean": -2.0287275891231076,
    "min": -9.855632478609024,
    "p16": -4.528382559120769,
    "p50": -2.2720652290344816,
    "p84": 0.5396598297270785,
    "sd": 2.5896441607325964
  },
  "delta_local_minus_highz_gr": {
    "max": 18.07398816978771,
    "mean": 4.093956651544859,
    "min": -13.84343590353734,
    "p16": 0.4128255033375871,
    "p50": 4.24501796959364,
    "p84": 7.843545419087895,
    "sd": 3.766757933130497
  },
  "delta_local_minus_highz_mg": {
    "max": 14.959197269955084,
    "mean": 2.0658064476776983,
    "min": -11.839650714530904,
    "p16": -1.1343210094451546,
    "p50": 2.1554932022554425,
    "p84": 5.280920674124239,
    "sd": 3.2977670511297927
  },
  "h0_highz_gr": {
    "max": 85.5900430878336,
    "mean": 68.65604005296471,
    "min": 55.83747183843238,
    "p16": 65.0133828250352,
    "p50": 68.50527853700115,
    "p84": 72.20931390653958,
    "sd": 3.630713801674982
  },
  "h0_highz_mg": {
    "max": 83.37296255205075,
    "mean": 70.68419025683187,
    "min": 58.70332468462696,
    "p16": 67.61280643330691,
    "p50": 70.5770866319263,
    "p84": 73.7221320076397,
    "sd": 3.143197993725065
  },
  "h0_local_obs": {
    "max": 77.26757517569519,
    "mean": 72.74999670450957,
    "min": 68.63544407706887,
    "p16": 71.75286540044276,
    "p50": 72.75580047101526,
    "p84": 73.73766312482124,
    "sd": 0.9984581412767932
  },
  "local_minus_highz_gr_sigma": 1.0871093547803572,
  "local_minus_highz_mg_sigma": 0.62629839058659,
  "p_gr_above_local_ref": 0.1129,
  "p_gr_below_local_ref": 0.8871,
  "p_gr_below_planck_ref": 0.37863,
  "z_anchor": 0.5
}
