{
  "apparent_gr_bias_vs_true": {
    "max": 5.223657013798615,
    "mean": -1.6446160998936201,
    "min": -6.284915236967805,
    "p16": -3.0170496812707572,
    "p50": -1.729832159690062,
    "p84": -0.2578507267308969,
    "sd": 1.389571981886028
  },
  "delta_local_minus_highz_gr": {
    "max": 16.318961579806455,
    "mean": 3.7047112433242786,
    "min": -11.567378875936669,
    "p16": 0.5315027282099141,
    "p50": 3.7996271052590274,
    "p84": 6.882879322543708,
    "sd": 3.265119434951847
  },
  "delta_local_minus_highz_mg": {
    "max": 14.508644432569149,
    "mean": 2.0607279200040582,
    "min": -11.893374282414285,
    "p16": -1.1462311194757349,
    "p50": 2.1592787949883743,
    "p84": 5.28257001156592,
    "sd": 3.296383074550396
  },
  "h0_highz_gr": {
    "max": 83.23289318675022,
    "mean": 69.04953541718712,
    "min": 57.75031564747253,
    "p16": 66.01663237665998,
    "p50": 68.93763522284519,
    "p84": 72.0640846355527,
    "sd": 3.103771323809255
  },
  "h0_highz_mg": {
    "max": 83.27740195177147,
    "mean": 70.69351874050733,
    "min": 59.046920892549416,
    "p16": 67.64969456404366,
    "p50": 70.58021859354298,
    "p84": 73.72190316130934,
    "sd": 3.138130360479152
  },
  "h0_local_obs": {
    "max": 77.88245045131409,
    "mean": 72.75424666051138,
    "min": 68.57508327182529,
    "p16": 71.75620979143746,
    "p50": 72.75710183639205,
    "p84": 73.75006070191228,
    "sd": 1.0008169976679884
  },
  "local_minus_highz_gr_sigma": 1.136104710949032,
  "local_minus_highz_mg_sigma": 0.625674674243554,
  "p_gr_above_local_ref": 0.10346,
  "p_gr_below_local_ref": 0.89654,
  "p_gr_below_planck_ref": 0.29968,
  "z_anchor": 0.2
}
