{
  "apparent_gr_bias_vs_true": {
    "max": 7.48770781944863,
    "mean": -2.220040874605125,
    "min": -8.818213333182072,
    "p16": -4.234226550723449,
    "p50": -2.4031492519487543,
    "p84": -0.1491045059240965,
    "sd": 2.060235328091735
  },
  "delta_local_minus_highz_gr": {
    "max": 17.363195253603763,
    "mean": 4.2886773033738566,
    "min": -12.392006059164387,
    "p16": 0.8644050358048526,
    "p50": 4.426439448905683,
    "p84": 7.7175414264146776,
    "sd": 3.491595186552708
  },
  "delta_local_minus_highz_mg": {
    "max": 14.798410039391953,
    "mean": 2.0681163812640766,
    "min": -11.588111070503004,
    "p16": -1.15503596456836,
    "p50": 2.1794214016722364,
    "p84": 5.288536425869777,
    "sd": 3.2982864135389427
  },
  "h0_highz_gr": {
    "max": 84.48111581308255,
    "mean": 68.46055613462225,
    "min": 56.80893388243439,
    "p16": 65.13743038011832,
    "p50": 68.31855623757299,
    "p84": 71.74544388155259,
    "sd": 3.3441044401390947
  },
  "h0_highz_mg": {
    "max": 83.52129765020072,
    "mean": 70.68111705673203,
    "min": 59.020647482469954,
    "p16": 67.59655296533718,
    "p50": 70.56438700758508,
    "p84": 73.74898379126526,
    "sd": 3.145298242490955
  },
  "h0_local_obs": {
    "max": 77.13363276760724,
    "mean": 72.74923343799611,
    "min": 68.22777941049553,
    "p16": 71.75828336844121,
    "p50": 72.75073471456238,
    "p84": 73.74597855869308,
    "sd": 1.001463731220483
  },
  "local_minus_highz_gr_sigma": 1.228699360775474,
  "local_minus_highz_mg_sigma": 0.6266184754707841,
  "p_gr_above_local_ref": 0.08929,
  "p_gr_below_local_ref": 0.91071,
  "p_gr_below_planck_ref": 0.38597,
  "z_anchor": 0.35
}
