{
  "anchor_results": [
    {
      "apparent_gr_bias_vs_true": {
        "max": 5.223657013798615,
        "mean": -1.6446160998936201,
        "min": -6.284915236967805,
        "p16": -3.0170496812707572,
        "p50": -1.729832159690062,
        "p84": -0.2578507267308969,
        "sd": 1.389571981886028
      },
      "delta_local_minus_highz_gr": {
        "max": 16.318961579806455,
        "mean": 3.7047112433242786,
        "min": -11.567378875936669,
        "p16": 0.5315027282099141,
        "p50": 3.7996271052590274,
        "p84": 6.882879322543708,
        "sd": 3.265119434951847
      },
      "delta_local_minus_highz_mg": {
        "max": 14.508644432569149,
        "mean": 2.0607279200040582,
        "min": -11.893374282414285,
        "p16": -1.1462311194757349,
        "p50": 2.1592787949883743,
        "p84": 5.28257001156592,
        "sd": 3.296383074550396
      },
      "h0_highz_gr": {
        "max": 83.23289318675022,
        "mean": 69.04953541718712,
        "min": 57.75031564747253,
        "p16": 66.01663237665998,
        "p50": 68.93763522284519,
        "p84": 72.0640846355527,
        "sd": 3.103771323809255
      },
      "h0_highz_mg": {
        "max": 83.27740195177147,
        "mean": 70.69351874050733,
        "min": 59.046920892549416,
        "p16": 67.64969456404366,
        "p50": 70.58021859354298,
        "p84": 73.72190316130934,
        "sd": 3.138130360479152
      },
      "h0_local_obs": {
        "max": 77.88245045131409,
        "mean": 72.75424666051138,
        "min": 68.57508327182529,
        "p16": 71.75620979143746,
        "p50": 72.75710183639205,
        "p84": 73.75006070191228,
        "sd": 1.0008169976679884
      },
      "local_minus_highz_gr_sigma": 1.136104710949032,
      "local_minus_highz_mg_sigma": 0.625674674243554,
      "p_gr_above_local_ref": 0.10346,
      "p_gr_below_local_ref": 0.89654,
      "p_gr_below_planck_ref": 0.29968,
      "z_anchor": 0.2
    },
    {
      "apparent_gr_bias_vs_true": {
        "max": 7.48770781944863,
        "mean": -2.220040874605125,
        "min": -8.818213333182072,
        "p16": -4.234226550723449,
        "p50": -2.4031492519487543,
        "p84": -0.1491045059240965,
        "sd": 2.060235328091735
      },
      "delta_local_minus_highz_gr": {
        "max": 17.363195253603763,
        "mean": 4.2886773033738566,
        "min": -12.392006059164387,
        "p16": 0.8644050358048526,
        "p50": 4.426439448905683,
        "p84": 7.7175414264146776,
        "sd": 3.491595186552708
      },
      "delta_local_minus_highz_mg": {
        "max": 14.798410039391953,
        "mean": 2.0681163812640766,
        "min": -11.588111070503004,
        "p16": -1.15503596456836,
        "p50": 2.1794214016722364,
        "p84": 5.288536425869777,
        "sd": 3.2982864135389427
      },
      "h0_highz_gr": {
        "max": 84.48111581308255,
        "mean": 68.46055613462225,
        "min": 56.80893388243439,
        "p16": 65.13743038011832,
        "p50": 68.31855623757299,
        "p84": 71.74544388155259,
        "sd": 3.3441044401390947
      },
      "h0_highz_mg": {
        "max": 83.52129765020072,
        "mean": 70.68111705673203,
        "min": 59.020647482469954,
        "p16": 67.59655296533718,
        "p50": 70.56438700758508,
        "p84": 73.74898379126526,
        "sd": 3.145298242490955
      },
      "h0_local_obs": {
        "max": 77.13363276760724,
        "mean": 72.74923343799611,
        "min": 68.22777941049553,
        "p16": 71.75828336844121,
        "p50": 72.75073471456238,
        "p84": 73.74597855869308,
        "sd": 1.001463731220483
      },
      "local_minus_highz_gr_sigma": 1.228699360775474,
      "local_minus_highz_mg_sigma": 0.6266184754707841,
      "p_gr_above_local_ref": 0.08929,
      "p_gr_below_local_ref": 0.91071,
      "p_gr_below_planck_ref": 0.38597,
      "z_anchor": 0.35
    },
    {
      "apparent_gr_bias_vs_true": {
        "max": 9.241266835004424,
        "mean": -2.0287275891231076,
        "min": -9.855632478609024,
        "p16": -4.528382559120769,
        "p50": -2.2720652290344816,
        "p84": 0.5396598297270785,
        "sd": 2.5896441607325964
      },
      "delta_local_minus_highz_gr": {
        "max": 18.07398816978771,
        "mean": 4.093956651544859,
        "min": -13.84343590353734,
        "p16": 0.4128255033375871,
        "p50": 4.24501796959364,
        "p84": 7.843545419087895,
        "sd": 3.766757933130497
      },
      "delta_local_minus_highz_mg": {
        "max": 14.959197269955084,
        "mean": 2.0658064476776983,
        "min": -11.839650714530904,
        "p16": -1.1343210094451546,
        "p50": 2.1554932022554425,
        "p84": 5.280920674124239,
        "sd": 3.2977670511297927
      },
      "h0_highz_gr": {
        "max": 85.5900430878336,
        "mean": 68.65604005296471,
        "min": 55.83747183843238,
        "p16": 65.0133828250352,
        "p50": 68.50527853700115,
        "p84": 72.20931390653958,
        "sd": 3.630713801674982
      },
      "h0_highz_mg": {
        "max": 83.37296255205075,
        "mean": 70.68419025683187,
        "min": 58.70332468462696,
        "p16": 67.61280643330691,
        "p50": 70.5770866319263,
        "p84": 73.7221320076397,
        "sd": 3.143197993725065
      },
      "h0_local_obs": {
        "max": 77.26757517569519,
        "mean": 72.74999670450957,
        "min": 68.63544407706887,
        "p16": 71.75286540044276,
        "p50": 72.75580047101526,
        "p84": 73.73766312482124,
        "sd": 0.9984581412767932
      },
      "local_minus_highz_gr_sigma": 1.0871093547803572,
      "local_minus_highz_mg_sigma": 0.62629839058659,
      "p_gr_above_local_ref": 0.1129,
      "p_gr_below_local_ref": 0.8871,
      "p_gr_below_planck_ref": 0.37863,
      "z_anchor": 0.5
    },
    {
      "apparent_gr_bias_vs_true": {
        "max": 11.5111693051295,
        "mean": -1.1845316285431913,
        "min": -10.20524593928073,
        "p16": -4.042969001601349,
        "p50": -1.4924322540222406,
        "p84": 1.7249896266894018,
        "sd": 2.9965418656651073
      },
      "delta_local_minus_highz_gr": {
        "max": 17.98460621714434,
        "mean": 3.253602401243915,
        "min": -15.596190477563567,
        "p16": -0.7502394646892424,
        "p50": 3.459167758649002,
        "p84": 7.339174904804126,
        "sd": 4.102909915536079
      },
      "delta_local_minus_highz_mg": {
        "max": 14.97231190530811,
        "mean": 2.0709919593815984,
        "min": -12.131239773634107,
        "p16": -1.1579533103607729,
        "p50": 2.1846694988014406,
        "p84": 5.292563369048198,
        "sd": 3.30805984318986
      },
      "h0_highz_gr": {
        "max": 86.86413135882869,
        "mean": 69.50079665786154,
        "min": 55.84716661837718,
        "p16": 65.53634345858254,
        "p50": 69.26842777776692,
        "p84": 73.38470962335082,
        "sd": 3.973140390641552
      },
      "h0_highz_mg": {
        "max": 83.50594077967249,
        "mean": 70.68340709972385,
        "min": 58.98663446088114,
        "p16": 67.62562366220824,
        "p50": 70.57327014478031,
        "p84": 73.7441777627111,
        "sd": 3.144953129841531
      },
      "h0_local_obs": {
        "max": 76.93364373452506,
        "mean": 72.75439905910545,
        "min": 68.45109905431156,
        "p16": 71.7569300749441,
        "p50": 72.75440833035933,
        "p84": 73.75147130680237,
        "sd": 1.0018631459839797
      },
      "local_minus_highz_gr_sigma": 0.794132337876865,
      "local_minus_highz_mg_sigma": 0.627552282272187,
      "p_gr_above_local_ref": 0.18146,
      "p_gr_below_local_ref": 0.81854,
      "p_gr_below_planck_ref": 0.31112,
      "z_anchor": 0.62
    }
  ],
  "draws_total": 1600,
  "draws_used": 1600,
  "h0_posterior_mg_truth": {
    "max": 81.34840392208962,
    "mean": 70.68931182042479,
    "min": 60.443182238538995,
    "p16": 67.69470401834123,