{
  "apparent_gr_bias_vs_true": {
    "max": 11.37397476469495,
    "mean": -1.1484909688127098,
    "min": -10.82041149527992,
    "p16": -3.9066508984364425,
    "p50": -1.475409025856706,
    "p84": 1.6044567135257355,
    "sd": 2.9043912360092627
  },
  "delta_local_minus_highz_gr": {
    "max": 17.524727161255008,
    "mean": 3.6310631927533668,
    "min": -18.076517367560186,
    "p16": -0.35025875370222764,
    "p50": 3.8925043646980484,
    "p84": 7.595128063154516,
    "sd": 4.049722275759262
  },
  "delta_local_minus_highz_mg": {
    "max": 16.185462592155382,
    "mean": 2.272013769733181,
    "min": -13.771993673358267,
    "p16": -0.9096764542912381,
    "p50": 2.3521987697534854,
    "p84": 5.3856365371756265,
    "sd": 3.2138793166905733
  },
  "h0_highz_gr": {
    "max": 89.31518950603072,
    "mean": 69.37363329877634,
    "min": 57.11946441031272,
    "p16": 65.5408991437361,
    "p50": 69.08950843074538,
    "p84": 73.2403227576716,
    "sd": 3.927540005951045
  },
  "h0_highz_mg": {
    "max": 84.98135344697052,
    "mean": 70.73268272179654,
    "min": 58.45872897941235,
    "p16": 67.80871787520087,
    "p50": 70.62857081627561,
    "p84": 73.75594394122297,
    "sd": 3.0577942279469275
  },
  "h0_local_obs": {
    "max": 77.1365067274832,
    "mean": 73.00469649152971,
    "min": 68.69624133762012,
    "p16": 72.01859563297808,
    "p50": 73.00278188690547,
    "p84": 73.99574920396871,
    "sd": 0.996116995738255
  },
  "local_minus_highz_gr_sigma": 0.8959289619449167,
  "local_minus_highz_mg_sigma": 0.7062176541948594,
  "p_gr_above_local_ref": 0.17381,
  "p_gr_below_local_ref": 0.82619,
  "p_gr_below_planck_ref": 0.3176,
  "z_anchor": 0.62
}
