{
  "apparent_gr_bias_vs_true": {
    "max": 4.608074648321974,
    "mean": -1.5794450454339697,
    "min": -6.541637047264018,
    "p16": -2.907500824336253,
    "p50": -1.6708660086373186,
    "p84": -0.2561845456223539,
    "sd": 1.354295234842323
  },
  "delta_local_minus_highz_gr": {
    "max": 16.14815728101059,
    "mean": 4.053247090257139,
    "min": -12.172517100952518,
    "p16": 0.8927142633728739,
    "p50": 4.145034085628232,
    "p84": 7.202880200788144,
    "sd": 3.224618200802943
  },
  "delta_local_minus_highz_mg": {
    "max": 14.898830869012372,
    "mean": 2.2628813780486565,
    "min": -12.58735344522428,
    "p16": -0.8912835192880811,
    "p50": 2.3418360863278593,
    "p84": 5.384576698572119,
    "sd": 3.2279690875896128
  },
  "h0_highz_gr": {
    "max": 84.86023418042267,
    "mean": 68.94106344338257,
    "min": 57.546508149958626,
    "p16": 65.95236760000275,
    "p50": 68.84741296463599,
    "p84": 71.9560034489281,
    "sd": 3.058797021023798
  },
  "h0_highz_mg": {
    "max": 85.28275344673159,
    "mean": 70.73142915559103,
    "min": 58.79153406643806,
    "p16": 67.80507606802145,
    "p50": 70.63422231139651,
    "p84": 73.74810123187684,
    "sd": 3.0626562628462777
  },
  "h0_local_obs": {
    "max": 77.38146344428426,
    "mean": 72.9943105336397,
    "min": 68.91127065316566,
    "p16": 72.0032436041073,
    "p50": 72.99544120484909,
    "p84": 73.98448555132501,
    "sd": 1.001563971283582
  },
  "local_minus_highz_gr_sigma": 1.2595112263796349,
  "local_minus_highz_mg_sigma": 0.7023700262960397,
  "p_gr_above_local_ref": 0.09248,
  "p_gr_below_local_ref": 0.90752,
  "p_gr_below_planck_ref": 0.3092,
  "z_anchor": 0.2
}
