{
  "apparent_gr_bias_vs_true": {
    "max": 7.906018136318579,
    "mean": -2.2283978961490254,
    "min": -8.819552968756284,
    "p16": -4.153322943940805,
    "p50": -2.4158379876431937,
    "p84": -0.318240267333827,
    "sd": 1.9852946355644256
  },
  "delta_local_minus_highz_gr": {
    "max": 17.248890585816113,
    "mean": 4.723176445338113,
    "min": -13.680832397104695,
    "p16": 1.3314663985901034,
    "p50": 4.8699559999959305,
    "p84": 8.113110323775444,
    "sd": 3.4317767093068596
  },
  "delta_local_minus_highz_mg": {
    "max": 15.490977784512381,
    "mean": 2.285161760844604,
    "min": -13.5003409796809,
    "p16": -0.854369126205217,
    "p50": 2.364350441801534,
    "p84": 5.398107520617027,
    "sd": 3.2172167002891645
  },
  "h0_highz_gr": {
    "max": 85.76313852308817,
    "mean": 68.27749239510128,
    "min": 57.55245331000522,
    "p16": 65.05565578144405,
    "p50": 68.1056841221887,
    "p84": 71.55106833945689,
    "sd": 3.285628425784239
  },
  "h0_highz_mg": {
    "max": 85.58264710566438,
    "mean": 70.7155070795948,
    "min": 59.29779647173429,
    "p16": 67.7913562333627,
    "p50": 70.62422837894849,
    "p84": 73.7101202860764,
    "sd": 3.061708484066573
  },
  "h0_local_obs": {
    "max": 77.56595277913465,
    "mean": 73.00066884043939,
    "min": 68.45864684762287,
    "p16": 72.0050274807726,
    "p50": 72.99889914143074,
    "p84": 73.99645093084672,
    "sd": 1.0007101568192098
  },
  "local_minus_highz_gr_sigma": 1.3752405756702881,
  "local_minus_highz_mg_sigma": 0.7094839816250491,
  "p_gr_above_local_ref": 0.07896,
  "p_gr_below_local_ref": 0.92104,
  "p_gr_below_planck_ref": 0.41147,
  "z_anchor": 0.35
}
