{
  "apparent_gr_bias_vs_true": {
    "max": 9.940378994752294,
    "mean": -2.0348925969173584,
    "min": -9.948460211960118,
    "p16": -4.4200876078755895,
    "p50": -2.32154059999586,
    "p84": 0.3787775939232706,
    "sd": 2.5056565972286142
  },
  "delta_local_minus_highz_gr": {
    "max": 17.26606342509315,
    "mean": 4.519307193671271,
    "min": -14.977027471956362,
    "p16": 0.805066609721996,
    "p50": 4.730811265894424,
    "p84": 8.198148031531895,
    "sd": 3.741416318969737
  },
  "delta_local_minus_highz_mg": {
    "max": 15.521751713898816,
    "mean": 2.271186702172455,
    "min": -13.049229354655381,
    "p16": -0.8943751089065881,
    "p50": 2.338148303137139,
    "p84": 5.364086992229152,
    "sd": 3.224324762202337
  },
  "h0_highz_gr": {
    "max": 87.57939341151194,
    "mean": 68.48227386967042,
    "min": 57.50701188525866,
    "p16": 64.9380592530417,
    "p50": 68.2319825530922,
    "p84": 72.08466418951629,
    "sd": 3.601151298335602
  },
  "h0_highz_mg": {
    "max": 85.62411032570884,
    "mean": 70.73039436116925,
    "min": 59.24711464630271,
    "p16": 67.8231732155122,
    "p50": 70.63603499457301,
    "p84": 73.73927547489626,
    "sd": 3.0599533840941566
  },
  "h0_local_obs": {
    "max": 77.23187188662732,
    "mean": 73.0015810633417,
    "min": 68.81929930832953,
    "p16": 72.00602329866427,
    "p50": 73.00249653275225,
    "p84": 73.99625187478071,
    "sd": 0.9973996779876214
  },
  "local_minus_highz_gr_sigma": 1.2092058259599738,
  "local_minus_highz_mg_sigma": 0.7055105187684023,
  "p_gr_above_local_ref": 0.11056,
  "p_gr_below_local_ref": 0.88944,
  "p_gr_below_planck_ref": 0.4032,
  "z_anchor": 0.5
}
