{
  "anchor_results": [
    {
      "apparent_gr_bias_vs_true": {
        "max": 4.608074648321974,
        "mean": -1.5794450454339697,
        "min": -6.541637047264018,
        "p16": -2.907500824336253,
        "p50": -1.6708660086373186,
        "p84": -0.2561845456223539,
        "sd": 1.354295234842323
      },
      "delta_local_minus_highz_gr": {
        "max": 16.14815728101059,
        "mean": 4.053247090257139,
        "min": -12.172517100952518,
        "p16": 0.8927142633728739,
        "p50": 4.145034085628232,
        "p84": 7.202880200788144,
        "sd": 3.224618200802943
      },
      "delta_local_minus_highz_mg": {
        "max": 14.898830869012372,
        "mean": 2.2628813780486565,
        "min": -12.58735344522428,
        "p16": -0.8912835192880811,
        "p50": 2.3418360863278593,
        "p84": 5.384576698572119,
        "sd": 3.2279690875896128
      },
      "h0_highz_gr": {
        "max": 84.86023418042267,
        "mean": 68.94106344338257,
        "min": 57.546508149958626,
        "p16": 65.95236760000275,
        "p50": 68.84741296463599,
        "p84": 71.9560034489281,
        "sd": 3.058797021023798
      },
      "h0_highz_mg": {
        "max": 85.28275344673159,
        "mean": 70.73142915559103,
        "min": 58.79153406643806,
        "p16": 67.80507606802145,
        "p50": 70.63422231139651,
        "p84": 73.74810123187684,
        "sd": 3.0626562628462777
      },
      "h0_local_obs": {
        "max": 77.38146344428426,
        "mean": 72.9943105336397,
        "min": 68.91127065316566,
        "p16": 72.0032436041073,
        "p50": 72.99544120484909,
        "p84": 73.98448555132501,
        "sd": 1.001563971283582
      },
      "local_minus_highz_gr_sigma": 1.2595112263796349,
      "local_minus_highz_mg_sigma": 0.7023700262960397,
      "p_gr_above_local_ref": 0.09248,
      "p_gr_below_local_ref": 0.90752,
      "p_gr_below_planck_ref": 0.3092,
      "z_anchor": 0.2
    },
    {
      "apparent_gr_bias_vs_true": {
        "max": 7.906018136318579,
        "mean": -2.2283978961490254,
        "min": -8.819552968756284,
        "p16": -4.153322943940805,
        "p50": -2.4158379876431937,
        "p84": -0.318240267333827,
        "sd": 1.9852946355644256
      },
      "delta_local_minus_highz_gr": {
        "max": 17.248890585816113,
        "mean": 4.723176445338113,
        "min": -13.680832397104695,
        "p16": 1.3314663985901034,
        "p50": 4.8699559999959305,
        "p84": 8.113110323775444,
        "sd": 3.4317767093068596
      },
      "delta_local_minus_highz_mg": {
        "max": 15.490977784512381,
        "mean": 2.285161760844604,
        "min": -13.5003409796809,
        "p16": -0.854369126205217,
        "p50": 2.364350441801534,
        "p84": 5.398107520617027,
        "sd": 3.2172167002891645
      },
      "h0_highz_gr": {
        "max": 85.76313852308817,
        "mean": 68.27749239510128,
        "min": 57.55245331000522,
        "p16": 65.05565578144405,
        "p50": 68.1056841221887,
        "p84": 71.55106833945689,
        "sd": 3.285628425784239
      },
      "h0_highz_mg": {
        "max": 85.58264710566438,
        "mean": 70.7155070795948,
        "min": 59.29779647173429,
        "p16": 67.7913562333627,
        "p50": 70.62422837894849,
        "p84": 73.7101202860764,
        "sd": 3.061708484066573
      },
      "h0_local_obs": {
        "max": 77.56595277913465,
        "mean": 73.00066884043939,
        "min": 68.45864684762287,
        "p16": 72.0050274807726,
        "p50": 72.99889914143074,
        "p84": 73.99645093084672,
        "sd": 1.0007101568192098
      },
      "local_minus_highz_gr_sigma": 1.3752405756702881,
      "local_minus_highz_mg_sigma": 0.7094839816250491,
      "p_gr_above_local_ref": 0.07896,
      "p_gr_below_local_ref": 0.92104,
      "p_gr_below_planck_ref": 0.41147,
      "z_anchor": 0.35
    },
    {
      "apparent_gr_bias_vs_true": {
        "max": 9.940378994752294,
        "mean": -2.0348925969173584,
        "min": -9.948460211960118,
        "p16": -4.4200876078755895,
        "p50": -2.32154059999586,
        "p84": 0.3787775939232706,
        "sd": 2.5056565972286142
      },
      "delta_local_minus_highz_gr": {
        "max": 17.26606342509315,
        "mean": 4.519307193671271,
        "min": -14.977027471956362,
        "p16": 0.805066609721996,
        "p50": 4.730811265894424,
        "p84": 8.198148031531895,
        "sd": 3.741416318969737
      },
      "delta_local_minus_highz_mg": {
        "max": 15.521751713898816,
        "mean": 2.271186702172455,
        "min": -13.049229354655381,
        "p16": -0.8943751089065881,
        "p50": 2.338148303137139,
        "p84": 5.364086992229152,
        "sd": 3.224324762202337
      },
      "h0_highz_gr": {
        "max": 87.57939341151194,
        "mean": 68.48227386967042,
        "min": 57.50701188525866,
        "p16": 64.9380592530417,
        "p50": 68.2319825530922,
        "p84": 72.08466418951629,
        "sd": 3.601151298335602
      },
      "h0_highz_mg": {
        "max": 85.62411032570884,
        "mean": 70.73039436116925,
        "min": 59.24711464630271,
        "p16": 67.8231732155122,
        "p50": 70.63603499457301,
        "p84": 73.73927547489626,
        "sd": 3.0599533840941566
      },
      "h0_local_obs": {
        "max": 77.23187188662732,
        "mean": 73.0015810633417,
        "min": 68.81929930832953,
        "p16": 72.00602329866427,
        "p50": 73.00249653275225,
        "p84": 73.99625187478071,
        "sd": 0.9973996779876214
      },
      "local_minus_highz_gr_sigma": 1.2092058259599738,
      "local_minus_highz_mg_sigma": 0.7055105187684023,
      "p_gr_above_local_ref": 0.11056,
      "p_gr_below_local_ref": 0.88944,
      "p_gr_below_planck_ref": 0.4032,
      "z_anchor": 0.5
    },
    {
      "apparent_gr_bias_vs_true": {
        "max": 11.37397476469495,
        "mean": -1.1484909688127098,
        "min": -10.82041149527992,
        "p16": -3.9066508984364425,
        "p50": -1.475409025856706,
        "p84": 1.6044567135257355,
        "sd": 2.9043912360092627
      },
      "delta_local_minus_highz_gr": {
        "max": 17.524727161255008,
        "mean": 3.6310631927533668,
        "min": -18.076517367560186,
        "p16": -0.35025875370222764,
        "p50": 3.8925043646980484,
        "p84": 7.595128063154516,
        "sd": 4.049722275759262
      },
      "delta_local_minus_highz_mg": {
        "max": 16.185462592155382,
        "mean": 2.272013769733181,
        "min": -13.771993673358267,
        "p16": -0.9096764542912381,
        "p50": 2.3521987697534854,
        "p84": 5.3856365371756265,
        "sd": 3.2138793166905733
      },
      "h0_highz_gr": {
        "max": 89.31518950603072,
        "mean": 69.37363329877634,
        "min": 57.11946441031272,
        "p16": 65.5408991437361,
        "p50": 69.08950843074538,
        "p84": 73.2403227576716,
        "sd": 3.927540005951045
      },
      "h0_highz_mg": {
        "max": 84.98135344697052,
        "mean": 70.73268272179654,
        "min": 58.45872897941235,
        "p16": 67.80871787520087,
        "p50": 70.62857081627561,
        "p84": 73.75594394122297,
        "sd": 3.0577942279469275
      },
      "h0_local_obs": {
        "max": 77.1365067274832,
        "mean": 73.00469649152971,
        "min": 68.69624133762012,
        "p16": 72.01859563297808,
        "p50": 73.00278188690547,
        "p84": 73.99574920396871,
        "sd": 0.996116995738255
      },
      "local_minus_highz_gr_sigma": 0.8959289619449167,
      "local_minus_highz_mg_sigma": 0.7062176541948594,
      "p_gr_above_local_ref": 0.17381,
      "p_gr_below_local_ref": 0.82619,
      "p_gr_below_planck_ref": 0.3176,
      "z_anchor": 0.62
    }
  ],
  "draws_total": 1600,
  "draws_used": 1600,
  "h0_posterior_mg_truth": {
    "max": 83.06595172086378,
    "mean": 70.51873584122742,
    "min": 60.31514973881641,
    "p16": 67.70416163334278,