{
  "grid": {
    "logA_min": 18.8817981210941,
    "logA_max": 18.887639266483195,
    "n": 140
  },
  "weights": {
    "logA0_w": 18.884717155031034
  },
  "m": {
    "mean": -0.11202390398946684,
    "std": 0.1648385345692704,
    "p_gt0": 0.23375,
    "p_abs_lt_eps": 0.02875,
    "eps": 0.01
  },
  "slope": {
    "mean": -0.7080945913814677,
    "std": 0.3410360577633458,
    "p_gt0": 0.021875,
    "p_abs_lt_eps": 0.003125,
    "eps": 0.01
  }
}