{
  "apparent_gr_bias_vs_true": {
    "max": 11.873174656423757,
    "mean": -1.2732532463178463,
    "min": -10.032152661228835,
    "p16": -4.000007498015471,
    "p50": -1.6909767248940781,
    "p84": 1.7280905792080996,
    "sd": 2.913817963376953
  },
  "delta_local_minus_highz_gr": {
    "max": 17.755776609101645,
    "mean": 3.2884466925481854,
    "min": -20.968232765455582,
    "p16": -0.6671540345359978,
    "p50": 3.599569074461378,
    "p84": 7.227940624813708,
    "sd": 4.122093074158704
  },
  "delta_local_minus_highz_mg": {
    "max": 14.481756197130572,
    "mean": 1.8052039741623993,
    "min": -14.064995377639946,
    "p16": -1.303736849240908,
    "p50": 1.7908267756057938,
    "p84": 4.991984136537254,
    "sd": 3.2179839040036557
  },
  "h0_highz_gr": {
    "max": 92.57723851144512,
    "mean": 69.7078474267501,
    "min": 57.08210951543714,
    "p16": 65.91154964947216,
    "p50": 69.38619545541317,
    "p84": 73.54845890967682,
    "sd": 4.003158019391519
  },
  "h0_highz_mg": {
    "max": 85.67400112362948,
    "mean": 71.19109014513589,
    "min": 61.15883425077101,
    "p16": 68.18425193494664,
    "p50": 71.22127008875768,
    "p84": 74.12973814670622,
    "sd": 3.0615413011627264
  },
  "h0_local_obs": {
    "max": 77.56977841719676,
    "mean": 72.99629411929828,
    "min": 68.56975586141611,
    "p16": 71.99835521480766,
    "p50": 72.99607273195866,
    "p84": 73.98973381452393,
    "sd": 1.0004092691641961
  },
  "local_minus_highz_gr_sigma": 0.7969732585863986,
  "local_minus_highz_mg_sigma": 0.5604970825856003,
  "p_gr_above_local_ref": 0.18603,
  "p_gr_below_local_ref": 0.81397,
  "p_gr_below_planck_ref": 0.2859,
  "z_anchor": 0.62
}
