{
  "apparent_gr_bias_vs_true": {
    "max": 6.5942516175860675,
    "mean": -2.301305817991182,
    "min": -8.530634030456255,
    "p16": -4.159840339138976,
    "p50": -2.511540313327423,
    "p84": -0.37841236819140867,
    "sd": 1.9470377998863815
  },
  "delta_local_minus_highz_gr": {
    "max": 16.602765117602303,
    "mean": 4.330262968890534,
    "min": -15.093120556084912,
    "p16": 1.0206942788528983,
    "p50": 4.518605902483422,
    "p84": 7.625629180782851,
    "sd": 3.4279386582476805
  },
  "delta_local_minus_highz_mg": {
    "max": 12.832823890370527,
    "mean": 1.8149839069626672,
    "min": -14.644492389598184,
    "p16": -1.3026310939094292,
    "p50": 1.8192478539843435,
    "p84": 5.009780089971549,
    "sd": 3.2298909177164385
  },
  "h0_highz_gr": {
    "max": 86.76919756143249,
    "mean": 68.67284285894853,
    "min": 57.31357652724298,
    "p16": 65.54947916669694,
    "p50": 68.46569875693588,
    "p84": 71.82722254942199,
    "sd": 3.28325713527683
  },
  "h0_highz_mg": {
    "max": 86.3189741673068,
    "mean": 71.1881219208764,
    "min": 60.64327932882402,
    "p16": 68.1621427349151,
    "p50": 71.21034377874591,
    "p84": 74.13279123282719,
    "sd": 3.0741046105713714
  },
  "h0_local_obs": {
    "max": 77.28183470592842,
    "mean": 73.00310582783906,
    "min": 68.3455125382889,
    "p16": 72.0093371870641,
    "p50": 73.00311613133854,
    "p84": 74.00275027417024,
    "sd": 0.9985635048211319
  },
  "local_minus_highz_gr_sigma": 1.2616698615833843,
  "local_minus_highz_mg_sigma": 0.5614513848190662,
  "p_gr_above_local_ref": 0.09684,
  "p_gr_below_local_ref": 0.90316,
  "p_gr_below_planck_ref": 0.36119,
  "z_anchor": 0.35
}
