{
  "apparent_gr_bias_vs_true": {
    "max": 8.560974686070608,
    "mean": -2.1330169750835437,
    "min": -9.25158273806305,
    "p16": -4.472592019020383,
    "p50": -2.4571293344755603,
    "p84": 0.3568937273831079,
    "sd": 2.4704487638883834
  },
  "delta_local_minus_highz_gr": {
    "max": 17.268016278398783,
    "mean": 4.148361762394226,
    "min": -16.2481677742727,
    "p16": 0.5546885991002671,
    "p50": 4.421115992452712,
    "p84": 7.714801070878763,
    "sd": 3.7483969303672158
  },
  "delta_local_minus_highz_mg": {
    "max": 13.720555277366017,
    "mean": 1.801229150802173,
    "min": -13.268245470613522,
    "p16": -1.312855660508992,
    "p50": 1.7965230710936453,
    "p84": 4.9821490381204585,
    "sd": 3.2292072154982074
  },
  "h0_highz_gr": {
    "max": 89.04325123201114,
    "mean": 68.85249647530993,
    "min": 56.97061014365876,
    "p16": 65.44566753137798,
    "p50": 68.56041892659232,
    "p84": 72.33322498533714,
    "sd": 3.61851606673042
  },
  "h0_highz_mg": {
    "max": 86.06332892835196,
    "mean": 71.19962908690198,
    "min": 61.17482665205614,
    "p16": 68.18283798562665,
    "p50": 71.22661888894335,
    "p84": 74.14718492950146,
    "sd": 3.0734330995423957
  },
  "h0_local_obs": {
    "max": 77.26036905685454,
    "mean": 73.00085823770415,
    "min": 68.60682339830089,
    "p16": 72.01096076491265,
    "p50": 73.0007864565624,
    "p84": 73.99082952252269,
    "sd": 0.9951251893394782
  },
  "local_minus_highz_gr_sigma": 1.1050062898678008,
  "local_minus_highz_mg_sigma": 0.557306544284465,
  "p_gr_above_local_ref": 0.12836,
  "p_gr_below_local_ref": 0.87164,
  "p_gr_below_planck_ref": 0.35664,
  "z_anchor": 0.5
}
