{
  "apparent_gr_bias_vs_true": {
    "max": 4.790456927026497,
    "mean": -1.626208181871908,
    "min": -6.154025695806325,
    "p16": -2.917867707519373,
    "p50": -1.7231060776910638,
    "p84": -0.3257961471746152,
    "sd": 1.3287279798480676
  },
  "delta_local_minus_highz_gr": {
    "max": 14.901058040972188,
    "mean": 3.6422439708281495,
    "min": -14.831662738125416,
    "p16": 0.5054289988345033,
    "p50": 3.737303177086673,
    "p84": 6.785084472952628,
    "sd": 3.2163712326064844
  },
  "delta_local_minus_highz_mg": {
    "max": 13.401235901007027,
    "mean": 1.8064177513100008,
    "min": -15.217788140164146,
    "p16": -1.3212409820732227,
    "p50": 1.7967942890778374,
    "p84": 4.994303249987618,
    "sd": 3.223787610111116
  },
  "h0_highz_gr": {
    "max": 85.72591038875441,
    "mean": 69.36157839281339,
    "min": 58.81532904934439,
    "p16": 66.38459561244395,
    "p50": 69.25470446488752,
    "p84": 72.3204229254109,
    "sd": 3.0616610404632723
  },
  "h0_highz_mg": {
    "max": 86.11824385289859,
    "mean": 71.19740461233154,
    "min": 61.36946422020007,
    "p16": 68.1909303781297,
    "p50": 71.22484514660385,
    "p84": 74.1315794091405,
    "sd": 3.0691463377633896
  },
  "h0_local_obs": {
    "max": 77.75484005025669,
    "mean": 73.00382236364155,
    "min": 68.80804646832789,
    "p16": 72.01259967363485,
    "p50": 73.00278756312721,
    "p84": 73.9933282130919,
    "sd": 0.9989777724429502
  },
  "local_minus_highz_gr_sigma": 1.1308389551316473,
  "local_minus_highz_mg_sigma": 0.559617689617144,
  "p_gr_above_local_ref": 0.11326,
  "p_gr_below_local_ref": 0.88674,
  "p_gr_below_planck_ref": 0.2647,
  "z_anchor": 0.2
}
