{
  "anchor_results": [
    {
      "apparent_gr_bias_vs_true": {
        "max": 4.790456927026497,
        "mean": -1.626208181871908,
        "min": -6.154025695806325,
        "p16": -2.917867707519373,
        "p50": -1.7231060776910638,
        "p84": -0.3257961471746152,
        "sd": 1.3287279798480676
      },
      "delta_local_minus_highz_gr": {
        "max": 14.901058040972188,
        "mean": 3.6422439708281495,
        "min": -14.831662738125416,
        "p16": 0.5054289988345033,
        "p50": 3.737303177086673,
        "p84": 6.785084472952628,
        "sd": 3.2163712326064844
      },
      "delta_local_minus_highz_mg": {
        "max": 13.401235901007027,
        "mean": 1.8064177513100008,
        "min": -15.217788140164146,
        "p16": -1.3212409820732227,
        "p50": 1.7967942890778374,
        "p84": 4.994303249987618,
        "sd": 3.223787610111116
      },
      "h0_highz_gr": {
        "max": 85.72591038875441,
        "mean": 69.36157839281339,
        "min": 58.81532904934439,
        "p16": 66.38459561244395,
        "p50": 69.25470446488752,
        "p84": 72.3204229254109,
        "sd": 3.0616610404632723
      },
      "h0_highz_mg": {
        "max": 86.11824385289859,
        "mean": 71.19740461233154,
        "min": 61.36946422020007,
        "p16": 68.1909303781297,
        "p50": 71.22484514660385,
        "p84": 74.1315794091405,
        "sd": 3.0691463377633896
      },
      "h0_local_obs": {
        "max": 77.75484005025669,
        "mean": 73.00382236364155,
        "min": 68.80804646832789,
        "p16": 72.01259967363485,
        "p50": 73.00278756312721,
        "p84": 73.9933282130919,
        "sd": 0.9989777724429502
      },
      "local_minus_highz_gr_sigma": 1.1308389551316473,
      "local_minus_highz_mg_sigma": 0.559617689617144,
      "p_gr_above_local_ref": 0.11326,
      "p_gr_below_local_ref": 0.88674,
      "p_gr_below_planck_ref": 0.2647,
      "z_anchor": 0.2
    },
    {
      "apparent_gr_bias_vs_true": {
        "max": 6.5942516175860675,
        "mean": -2.301305817991182,
        "min": -8.530634030456255,
        "p16": -4.159840339138976,
        "p50": -2.511540313327423,
        "p84": -0.37841236819140867,
        "sd": 1.9470377998863815
      },
      "delta_local_minus_highz_gr": {
        "max": 16.602765117602303,
        "mean": 4.330262968890534,
        "min": -15.093120556084912,
        "p16": 1.0206942788528983,
        "p50": 4.518605902483422,
        "p84": 7.625629180782851,
        "sd": 3.4279386582476805
      },
      "delta_local_minus_highz_mg": {
        "max": 12.832823890370527,
        "mean": 1.8149839069626672,
        "min": -14.644492389598184,
        "p16": -1.3026310939094292,
        "p50": 1.8192478539843435,
        "p84": 5.009780089971549,
        "sd": 3.2298909177164385
      },
      "h0_highz_gr": {
        "max": 86.76919756143249,
        "mean": 68.67284285894853,
        "min": 57.31357652724298,
        "p16": 65.54947916669694,
        "p50": 68.46569875693588,
        "p84": 71.82722254942199,
        "sd": 3.28325713527683
      },
      "h0_highz_mg": {
        "max": 86.3189741673068,
        "mean": 71.1881219208764,
        "min": 60.64327932882402,
        "p16": 68.1621427349151,
        "p50": 71.21034377874591,
        "p84": 74.13279123282719,
        "sd": 3.0741046105713714
      },
      "h0_local_obs": {
        "max": 77.28183470592842,
        "mean": 73.00310582783906,
        "min": 68.3455125382889,
        "p16": 72.0093371870641,
        "p50": 73.00311613133854,
        "p84": 74.00275027417024,
        "sd": 0.9985635048211319
      },
      "local_minus_highz_gr_sigma": 1.2616698615833843,
      "local_minus_highz_mg_sigma": 0.5614513848190662,
      "p_gr_above_local_ref": 0.09684,
      "p_gr_below_local_ref": 0.90316,
      "p_gr_below_planck_ref": 0.36119,
      "z_anchor": 0.35
    },
    {
      "apparent_gr_bias_vs_true": {
        "max": 8.560974686070608,
        "mean": -2.1330169750835437,
        "min": -9.25158273806305,
        "p16": -4.472592019020383,
        "p50": -2.4571293344755603,
        "p84": 0.3568937273831079,
        "sd": 2.4704487638883834
      },
      "delta_local_minus_highz_gr": {
        "max": 17.268016278398783,
        "mean": 4.148361762394226,
        "min": -16.2481677742727,
        "p16": 0.5546885991002671,
        "p50": 4.421115992452712,
        "p84": 7.714801070878763,
        "sd": 3.7483969303672158
      },
      "delta_local_minus_highz_mg": {
        "max": 13.720555277366017,
        "mean": 1.801229150802173,
        "min": -13.268245470613522,
        "p16": -1.312855660508992,
        "p50": 1.7965230710936453,
        "p84": 4.9821490381204585,
        "sd": 3.2292072154982074
      },
      "h0_highz_gr": {
        "max": 89.04325123201114,
        "mean": 68.85249647530993,
        "min": 56.97061014365876,
        "p16": 65.44566753137798,
        "p50": 68.56041892659232,
        "p84": 72.33322498533714,
        "sd": 3.61851606673042
      },
      "h0_highz_mg": {
        "max": 86.06332892835196,
        "mean": 71.19962908690198,
        "min": 61.17482665205614,
        "p16": 68.18283798562665,
        "p50": 71.22661888894335,
        "p84": 74.14718492950146,
        "sd": 3.0734330995423957
      },
      "h0_local_obs": {
        "max": 77.26036905685454,
        "mean": 73.00085823770415,
        "min": 68.60682339830089,
        "p16": 72.01096076491265,
        "p50": 73.0007864565624,
        "p84": 73.99082952252269,
        "sd": 0.9951251893394782
      },
      "local_minus_highz_gr_sigma": 1.1050062898678008,
      "local_minus_highz_mg_sigma": 0.557306544284465,
      "p_gr_above_local_ref": 0.12836,
      "p_gr_below_local_ref": 0.87164,
      "p_gr_below_planck_ref": 0.35664,
      "z_anchor": 0.5
    },
    {
      "apparent_gr_bias_vs_true": {
        "max": 11.873174656423757,
        "mean": -1.2732532463178463,
        "min": -10.032152661228835,
        "p16": -4.000007498015471,
        "p50": -1.6909767248940781,
        "p84": 1.7280905792080996,
        "sd": 2.913817963376953
      },
      "delta_local_minus_highz_gr": {
        "max": 17.755776609101645,
        "mean": 3.2884466925481854,
        "min": -20.968232765455582,
        "p16": -0.6671540345359978,
        "p50": 3.599569074461378,
        "p84": 7.227940624813708,
        "sd": 4.122093074158704
      },
      "delta_local_minus_highz_mg": {
        "max": 14.481756197130572,
        "mean": 1.8052039741623993,
        "min": -14.064995377639946,
        "p16": -1.303736849240908,
        "p50": 1.7908267756057938,
        "p84": 4.991984136537254,
        "sd": 3.2179839040036557
      },
      "h0_highz_gr": {
        "max": 92.57723851144512,
        "mean": 69.7078474267501,
        "min": 57.08210951543714,
        "p16": 65.91154964947216,
        "p50": 69.38619545541317,
        "p84": 73.54845890967682,
        "sd": 4.003158019391519
      },
      "h0_highz_mg": {
        "max": 85.67400112362948,
        "mean": 71.19109014513589,
        "min": 61.15883425077101,
        "p16": 68.18425193494664,
        "p50": 71.22127008875768,
        "p84": 74.12973814670622,
        "sd": 3.0615413011627264
      },
      "h0_local_obs": {
        "max": 77.56977841719676,
        "mean": 72.99629411929828,
        "min": 68.56975586141611,
        "p16": 71.99835521480766,
        "p50": 72.99607273195866,
        "p84": 73.98973381452393,
        "sd": 1.0004092691641961
      },
      "local_minus_highz_gr_sigma": 0.7969732585863986,
      "local_minus_highz_mg_sigma": 0.5604970825856003,
      "p_gr_above_local_ref": 0.18603,
      "p_gr_below_local_ref": 0.81397,
      "p_gr_below_planck_ref": 0.2859,
      "z_anchor": 0.62
    }
  ],
  "draws_total": 1600,
  "draws_used": 1600,
  "h0_posterior_mg_truth": {
    "max": 83.833891578275,
    "mean": 70.9809853903875,
    "min": 62.52211725111513,
    "p16": 68.10255835254144,