{
  "apparent_gr_bias_vs_true": {
    "max": 11.139806846210433,
    "mean": -1.2401037103641055,
    "min": -10.694880538721542,
    "p16": -4.104723182200762,
    "p50": -1.4912952326867313,
    "p84": 1.6205733057831895,
    "sd": 2.9115810392405552
  },
  "delta_local_minus_highz_gr": {
    "max": 19.235485095766798,
    "mean": 3.8836642647401103,
    "min": -15.01333251745065,
    "p16": -0.03736618234165064,
    "p50": 4.096667623349589,
    "p84": 7.830041159964227,
    "sd": 3.9587907021146473
  },
  "delta_local_minus_highz_mg": {
    "max": 15.218921468470498,
    "mean": 2.639268988523831,
    "min": -10.80066886794306,
    "p16": -0.42851241349951746,
    "p50": 2.685403971420534,
    "p84": 5.7389633271763385,
    "sd": 3.133347978731672
  },
  "h0_highz_gr": {
    "max": 86.3722959991523,
    "mean": 69.36822031879753,
    "min": 55.71076518255506,
    "p16": 65.54703931029374,
    "p50": 69.1134552828851,
    "p84": 73.16237645185443,
    "sd": 3.8340947067912663
  },
  "h0_highz_mg": {
    "max": 82.71685807807035,
    "mean": 70.61261559501382,
    "min": 59.02267400512912,
    "p16": 67.65141627011306,
    "p50": 70.56701397525492,
    "p84": 73.49376278371626,
    "sd": 2.9737244755046928
  },
  "h0_local_obs": {
    "max": 77.85049403240285,
    "mean": 73.25188458353763,
    "min": 68.86056815046929,
    "p16": 72.2571391268684,
    "p50": 73.25090617149618,
    "p84": 74.25066412386865,
    "sd": 0.9998212019327932
  },
  "local_minus_highz_gr_sigma": 0.9801396299614404,
  "local_minus_highz_mg_sigma": 0.8412384032031834,
  "p_gr_above_local_ref": 0.17048,
  "p_gr_below_local_ref": 0.82952,
  "p_gr_below_planck_ref": 0.31936,
  "z_anchor": 0.62
}
