{
  "apparent_gr_bias_vs_true": {
    "max": 5.330117668893919,
    "mean": -1.76209572484743,
    "min": -6.411223341634425,
    "p16": -3.0718168873008302,
    "p50": -1.8600801129102678,
    "p84": -0.4344122056983605,
    "sd": 1.3435344335843133
  },
  "delta_local_minus_highz_gr": {
    "max": 17.05334956110346,
    "mean": 4.391195493140561,
    "min": -8.171873457403336,
    "p16": 1.3749555273793561,
    "p50": 4.425242836005403,
    "p84": 7.4594551413850105,
    "sd": 3.108114386453462
  },
  "delta_local_minus_highz_mg": {
    "max": 14.611880126647698,
    "mean": 2.6289028304592263,
    "min": -10.371021592861908,
    "p16": -0.39818145063384236,
    "p50": 2.6760637849840023,
    "p84": 5.719312821790852,
    "sd": 3.12310719832382
  },
  "h0_highz_gr": {
    "max": 81.06400101097373,
    "mean": 68.85528860155178,
    "min": 56.95055453858826,
    "p16": 65.97058814617877,
    "p50": 68.81251268931905,
    "p84": 71.68718806929373,
    "sd": 2.9442278266113227
  },
  "h0_highz_mg": {
    "max": 83.29024492969744,
    "mean": 70.61758126423312,
    "min": 59.04199795840627,
    "p16": 67.66845531836186,
    "p50": 70.56621932003071,
    "p84": 73.47420747231271,
    "sd": 2.960177483061518
  },
  "h0_local_obs": {
    "max": 77.40530296518325,
    "mean": 73.24648409469235,
    "min": 68.66947487154161,
    "p16": 72.2509324980056,
    "p50": 73.2459389408474,
    "p84": 74.24185714192322,
    "sd": 1.0000641661582077
  },
  "local_minus_highz_gr_sigma": 1.4122244515966738,
  "local_minus_highz_mg_sigma": 0.84137704255522,
  "p_gr_above_local_ref": 0.07573,
  "p_gr_below_local_ref": 0.92427,
  "p_gr_below_planck_ref": 0.30971,
  "z_anchor": 0.2
}
