{
  "apparent_gr_bias_vs_true": {
    "max": 9.045506216183057,
    "mean": -2.1696167104179453,
    "min": -9.814483561526288,
    "p16": -4.5995570881598775,
    "p50": -2.395353225454265,
    "p84": 0.2836239219787213,
    "sd": 2.4833678816744236
  },
  "delta_local_minus_highz_gr": {
    "max": 19.90091204478412,
    "mean": 4.822070893927119,
    "min": -12.832045064115931,
    "p16": 1.2832773135094202,
    "p50": 4.971679899304135,
    "p84": 8.382526195472678,
    "sd": 3.5976200251608206
  },
  "delta_local_minus_highz_mg": {
    "max": 15.638529698790329,
    "mean": 2.6547130594762387,
    "min": -10.84211637565491,
    "p16": -0.3797992214039084,
    "p50": 2.6919764708061606,
    "p84": 5.747466921787436,
    "sd": 3.1300347518569094
  },
  "h0_highz_gr": {
    "max": 84.57899608962087,
    "mean": 68.43119593611138,
    "min": 55.35391437647669,
    "p16": 64.99785335432489,
    "p50": 68.25740920074924,
    "p84": 71.83480628046051,
    "sd": 3.457455585929199
  },
  "h0_highz_mg": {
    "max": 83.33826548575551,
    "mean": 70.59855377056226,
    "min": 59.48332918786114,
    "p16": 67.64106771759755,
    "p50": 70.55461144702389,
    "p84": 73.4616821136615,
    "sd": 2.966017202195779
  },
  "h0_local_obs": {
    "max": 77.25045094544075,
    "mean": 73.2532668300385,
    "min": 68.94463236050827,
    "p16": 72.2575778736398,
    "p50": 73.25323401609523,
    "p84": 74.24811070309677,
    "sd": 1.0013086390623103
  },
  "local_minus_highz_gr_sigma": 1.3397743511051974,
  "local_minus_highz_mg_sigma": 0.8481356391029048,
  "p_gr_above_local_ref": 0.09292,
  "p_gr_below_local_ref": 0.90708,
  "p_gr_below_planck_ref": 0.40076,
  "z_anchor": 0.5
}
