{
  "apparent_gr_bias_vs_true": {
    "max": 7.2194183388157,
    "mean": -2.3755589368108647,
    "min": -8.580253780662929,
    "p16": -4.281531912184322,
    "p50": -2.565326592063812,
    "p84": -0.41076616470059624,
    "sd": 1.9618236623666125
  },
  "delta_local_minus_highz_gr": {
    "max": 18.101896162478177,
    "mean": 5.043407922282124,
    "min": -9.91270182200249,
    "p16": 1.8069944781791412,
    "p50": 5.125389281401077,
    "p84": 8.325756468905512,
    "sd": 3.3151686200334285
  },
  "delta_local_minus_highz_mg": {
    "max": 15.74778089337407,
    "mean": 2.669503058702661,
    "min": -11.264398568972538,
    "p16": -0.3665210829997994,
    "p50": 2.7036563678888896,
    "p84": 5.749786826348334,
    "sd": 3.12868963739095
  },
  "h0_highz_gr": {
    "max": 82.39151817750668,
    "mean": 68.20728665128942,
    "min": 56.365884752426645,
    "p16": 65.08101774740653,
    "p50": 68.12620320630197,
    "p84": 71.29480658966902,
    "sd": 3.165494479695393
  },
  "h0_highz_mg": {
    "max": 82.97372780174345,
    "mean": 70.58119151486888,
    "min": 59.798219043414896,
    "p16": 67.63159571535226,
    "p50": 70.53694325216416,
    "p84": 73.4475060752062,
    "sd": 2.9673147364195733
  },
  "h0_local_obs": {
    "max": 77.377235769036,
    "mean": 73.25069457357154,
    "min": 69.13252734656471,
    "p16": 72.2537641103512,
    "p50": 73.25113654667433,
    "p84": 74.23984538160266,
    "sd": 1.0009405729779168
  },
  "local_minus_highz_gr_sigma": 1.5192396908082995,
  "local_minus_highz_mg_sigma": 0.8525258997887825,
  "p_gr_above_local_ref": 0.06533,
  "p_gr_below_local_ref": 0.93467,
  "p_gr_below_planck_ref": 0.40566,
  "z_anchor": 0.35
}
