{
  "anchor_results": [
    {
      "apparent_gr_bias_vs_true": {
        "max": 5.330117668893919,
        "mean": -1.76209572484743,
        "min": -6.411223341634425,
        "p16": -3.0718168873008302,
        "p50": -1.8600801129102678,
        "p84": -0.4344122056983605,
        "sd": 1.3435344335843133
      },
      "delta_local_minus_highz_gr": {
        "max": 17.05334956110346,
        "mean": 4.391195493140561,
        "min": -8.171873457403336,
        "p16": 1.3749555273793561,
        "p50": 4.425242836005403,
        "p84": 7.4594551413850105,
        "sd": 3.108114386453462
      },
      "delta_local_minus_highz_mg": {
        "max": 14.611880126647698,
        "mean": 2.6289028304592263,
        "min": -10.371021592861908,
        "p16": -0.39818145063384236,
        "p50": 2.6760637849840023,
        "p84": 5.719312821790852,
        "sd": 3.12310719832382
      },
      "h0_highz_gr": {
        "max": 81.06400101097373,
        "mean": 68.85528860155178,
        "min": 56.95055453858826,
        "p16": 65.97058814617877,
        "p50": 68.81251268931905,
        "p84": 71.68718806929373,
        "sd": 2.9442278266113227
      },
      "h0_highz_mg": {
        "max": 83.29024492969744,
        "mean": 70.61758126423312,
        "min": 59.04199795840627,
        "p16": 67.66845531836186,
        "p50": 70.56621932003071,
        "p84": 73.47420747231271,
        "sd": 2.960177483061518
      },
      "h0_local_obs": {
        "max": 77.40530296518325,
        "mean": 73.24648409469235,
        "min": 68.66947487154161,
        "p16": 72.2509324980056,
        "p50": 73.2459389408474,
        "p84": 74.24185714192322,
        "sd": 1.0000641661582077
      },
      "local_minus_highz_gr_sigma": 1.4122244515966738,
      "local_minus_highz_mg_sigma": 0.84137704255522,
      "p_gr_above_local_ref": 0.07573,
      "p_gr_below_local_ref": 0.92427,
      "p_gr_below_planck_ref": 0.30971,
      "z_anchor": 0.2
    },
    {
      "apparent_gr_bias_vs_true": {
        "max": 7.2194183388157,
        "mean": -2.3755589368108647,
        "min": -8.580253780662929,
        "p16": -4.281531912184322,
        "p50": -2.565326592063812,
        "p84": -0.41076616470059624,
        "sd": 1.9618236623666125
      },
      "delta_local_minus_highz_gr": {
        "max": 18.101896162478177,
        "mean": 5.043407922282124,
        "min": -9.91270182200249,
        "p16": 1.8069944781791412,
        "p50": 5.125389281401077,
        "p84": 8.325756468905512,
        "sd": 3.3151686200334285
      },
      "delta_local_minus_highz_mg": {
        "max": 15.74778089337407,
        "mean": 2.669503058702661,
        "min": -11.264398568972538,
        "p16": -0.3665210829997994,
        "p50": 2.7036563678888896,
        "p84": 5.749786826348334,
        "sd": 3.12868963739095
      },
      "h0_highz_gr": {
        "max": 82.39151817750668,
        "mean": 68.20728665128942,
        "min": 56.365884752426645,
        "p16": 65.08101774740653,
        "p50": 68.12620320630197,
        "p84": 71.29480658966902,
        "sd": 3.165494479695393
      },
      "h0_highz_mg": {
        "max": 82.97372780174345,
        "mean": 70.58119151486888,
        "min": 59.798219043414896,
        "p16": 67.63159571535226,
        "p50": 70.53694325216416,
        "p84": 73.4475060752062,
        "sd": 2.9673147364195733
      },
      "h0_local_obs": {
        "max": 77.377235769036,
        "mean": 73.25069457357154,
        "min": 69.13252734656471,
        "p16": 72.2537641103512,
        "p50": 73.25113654667433,
        "p84": 74.23984538160266,
        "sd": 1.0009405729779168
      },
      "local_minus_highz_gr_sigma": 1.5192396908082995,
      "local_minus_highz_mg_sigma": 0.8525258997887825,
      "p_gr_above_local_ref": 0.06533,
      "p_gr_below_local_ref": 0.93467,
      "p_gr_below_planck_ref": 0.40566,
      "z_anchor": 0.35
    },
    {
      "apparent_gr_bias_vs_true": {
        "max": 9.045506216183057,
        "mean": -2.1696167104179453,
        "min": -9.814483561526288,
        "p16": -4.5995570881598775,
        "p50": -2.395353225454265,
        "p84": 0.2836239219787213,
        "sd": 2.4833678816744236
      },
      "delta_local_minus_highz_gr": {
        "max": 19.90091204478412,
        "mean": 4.822070893927119,
        "min": -12.832045064115931,
        "p16": 1.2832773135094202,
        "p50": 4.971679899304135,
        "p84": 8.382526195472678,
        "sd": 3.5976200251608206
      },
      "delta_local_minus_highz_mg": {
        "max": 15.638529698790329,
        "mean": 2.6547130594762387,
        "min": -10.84211637565491,
        "p16": -0.3797992214039084,
        "p50": 2.6919764708061606,
        "p84": 5.747466921787436,
        "sd": 3.1300347518569094
      },
      "h0_highz_gr": {
        "max": 84.57899608962087,
        "mean": 68.43119593611138,
        "min": 55.35391437647669,
        "p16": 64.99785335432489,
        "p50": 68.25740920074924,
        "p84": 71.83480628046051,
        "sd": 3.457455585929199
      },
      "h0_highz_mg": {
        "max": 83.33826548575551,
        "mean": 70.59855377056226,
        "min": 59.48332918786114,
        "p16": 67.64106771759755,
        "p50": 70.55461144702389,
        "p84": 73.4616821136615,
        "sd": 2.966017202195779
      },
      "h0_local_obs": {
        "max": 77.25045094544075,
        "mean": 73.2532668300385,
        "min": 68.94463236050827,
        "p16": 72.2575778736398,
        "p50": 73.25323401609523,
        "p84": 74.24811070309677,
        "sd": 1.0013086390623103
      },
      "local_minus_highz_gr_sigma": 1.3397743511051974,
      "local_minus_highz_mg_sigma": 0.8481356391029048,
      "p_gr_above_local_ref": 0.09292,
      "p_gr_below_local_ref": 0.90708,
      "p_gr_below_planck_ref": 0.40076,
      "z_anchor": 0.5
    },
    {
      "apparent_gr_bias_vs_true": {
        "max": 11.139806846210433,
        "mean": -1.2401037103641055,
        "min": -10.694880538721542,
        "p16": -4.104723182200762,
        "p50": -1.4912952326867313,
        "p84": 1.6205733057831895,
        "sd": 2.9115810392405552
      },
      "delta_local_minus_highz_gr": {
        "max": 19.235485095766798,
        "mean": 3.8836642647401103,
        "min": -15.01333251745065,
        "p16": -0.03736618234165064,
        "p50": 4.096667623349589,
        "p84": 7.830041159964227,
        "sd": 3.9587907021146473
      },
      "delta_local_minus_highz_mg": {
        "max": 15.218921468470498,
        "mean": 2.639268988523831,
        "min": -10.80066886794306,
        "p16": -0.42851241349951746,
        "p50": 2.685403971420534,
        "p84": 5.7389633271763385,
        "sd": 3.133347978731672
      },
      "h0_highz_gr": {
        "max": 86.3722959991523,
        "mean": 69.36822031879753,
        "min": 55.71076518255506,
        "p16": 65.54703931029374,
        "p50": 69.1134552828851,
        "p84": 73.16237645185443,
        "sd": 3.8340947067912663
      },
      "h0_highz_mg": {
        "max": 82.71685807807035,
        "mean": 70.61261559501382,
        "min": 59.02267400512912,
        "p16": 67.65141627011306,
        "p50": 70.56701397525492,
        "p84": 73.49376278371626,
        "sd": 2.9737244755046928
      },
      "h0_local_obs": {
        "max": 77.85049403240285,
        "mean": 73.25188458353763,
        "min": 68.86056815046929,
        "p16": 72.2571391268684,
        "p50": 73.25090617149618,
        "p84": 74.25066412386865,
        "sd": 0.9998212019327932
      },
      "local_minus_highz_gr_sigma": 0.9801396299614404,
      "local_minus_highz_mg_sigma": 0.8412384032031834,
      "p_gr_above_local_ref": 0.17048,
      "p_gr_below_local_ref": 0.82952,
      "p_gr_below_planck_ref": 0.31936,
      "z_anchor": 0.62
    }
  ],
  "draws_total": 1600,
  "draws_used": 1600,
  "h0_posterior_mg_truth": {
    "max": 81.06264119821896,
    "mean": 70.60034490571202,
    "min": 60.651398709331204,
    "p16": 67.71575777916435,