{
  "apparent_gr_bias_vs_true": {
    "max": 9.758121651155363,
    "mean": -2.34875706111777,
    "min": -10.010042556410419,
    "p16": -4.73514431479196,
    "p50": -2.646166386002797,
    "p84": 0.08515888759189252,
    "sd": 2.473037973750021
  },
  "delta_local_minus_highz_gr": {
    "max": 18.878707330715187,
    "mean": 4.726894505108265,
    "min": -14.116908584230558,
    "p16": 1.170813426417176,
    "p50": 4.90144198413266,
    "p84": 8.290847072793095,
    "sd": 3.652032180346496
  },
  "delta_local_minus_highz_mg": {
    "max": 15.56357119398163,
    "mean": 2.58777024595421,
    "min": -12.583927887499726,
    "p16": -0.5047055537302156,
    "p50": 2.528703332623408,
    "p84": 5.724237464430217,
    "sd": 3.19460192100306
  },
  "h0_highz_gr": {
    "max": 85.42979504094845,
    "mean": 68.27488211214015,
    "min": 55.784956541018694,
    "p16": 64.83226162748998,
    "p50": 68.07458879227389,
    "p84": 71.67497011690791,
    "sd": 3.5060161224386377
  },
  "h0_highz_mg": {
    "max": 83.6602117496907,
    "mean": 70.41400637129422,
    "min": 58.41875442613761,
    "p16": 67.42467301891803,
    "p50": 70.48772448710048,
    "p84": 73.30477278761,
    "sd": 3.0319889007583223
  },
  "h0_local_obs": {
    "max": 77.58714854669827,
    "mean": 73.00177661724842,
    "min": 68.79290365397331,
    "p16": 72.01173185408467,
    "p50": 72.99875213419648,
    "p84": 73.9982457670031,
    "sd": 0.9992777990240559
  },
  "local_minus_highz_gr_sigma": 1.2965172773389881,
  "local_minus_highz_mg_sigma": 0.810542190071981,
  "p_gr_above_local_ref": 0.09189,
  "p_gr_below_local_ref": 0.90811,
  "p_gr_below_planck_ref": 0.41674,
  "z_anchor": 0.5
}
