{
  "apparent_gr_bias_vs_true": {
    "max": 6.729747785560306,
    "mean": -2.5481752596864093,
    "min": -9.322876407611716,
    "p16": -4.442003458454675,
    "p50": -2.746831291808917,
    "p84": -0.6084402316099339,
    "sd": 1.9475308722695528
  },
  "delta_local_minus_highz_gr": {
    "max": 18.39357122505499,
    "mean": 4.9278079820892495,
    "min": -10.800880743562999,
    "p16": 1.661209334024868,
    "p50": 5.029667929416533,
    "p84": 8.22770559903246,
    "sd": 3.3503267851113434
  },
  "delta_local_minus_highz_mg": {
    "max": 15.906737984412729,
    "mean": 2.59074851004696,
    "min": -11.138759888250334,
    "p16": -0.4922528338041775,
    "p50": 2.5256352284308576,
    "p84": 5.7356721548356715,
    "sd": 3.1779166962863603
  },
  "h0_highz_gr": {
    "max": 83.26155802231366,
    "mean": 68.07356094765376,
    "min": 56.332657366920905,
    "p16": 64.91312023027126,
    "p50": 67.94393694323811,
    "p84": 71.17200678582321,
    "sd": 3.1985152140609014
  },
  "h0_highz_mg": {
    "max": 83.37768891653305,
    "mean": 70.41062041969606,
    "min": 58.79241446521247,
    "p16": 67.42745636975486,
    "p50": 70.50022590739111,
    "p84": 73.3125668805917,
    "sd": 3.0197184654126232
  },
  "h0_local_obs": {
    "max": 76.91905116415545,
    "mean": 73.00136892974301,
    "min": 68.43575696503498,
    "p16": 72.00557373927333,
    "p50": 73.00110977703612,
    "p84": 73.99695768423862,
    "sd": 1.0025312381590692
  },
  "local_minus_highz_gr_sigma": 1.4704634659530214,
  "local_minus_highz_mg_sigma": 0.8144471452392084,
  "p_gr_above_local_ref": 0.06706,
  "p_gr_below_local_ref": 0.93294,
  "p_gr_below_planck_ref": 0.42611,
  "z_anchor": 0.35
}
