{
  "apparent_gr_bias_vs_true": {
    "max": 4.666924205057697,
    "mean": -1.9341368817227973,
    "min": -6.432583858532425,
    "p16": -3.2476225654817346,
    "p50": -2.024265868277073,
    "p84": -0.605090155120693,
    "sd": 1.3346674140316188
  },
  "delta_local_minus_highz_gr": {
    "max": 17.25336937321766,
    "mean": 4.319195305242506,
    "min": -10.663063235203566,
    "p16": 1.2421708536264777,
    "p50": 4.344917293376291,
    "p84": 7.419012224168094,
    "sd": 3.157707384096172
  },
  "delta_local_minus_highz_mg": {
    "max": 15.726978058485223,
    "mean": 2.599246967813974,
    "min": -11.334327819307688,
    "p16": -0.4572456771883668,
    "p50": 2.534059359314419,
    "p84": 5.724454978601661,
    "sd": 3.1908361331750825
  },
  "h0_highz_gr": {
    "max": 82.16530536570828,
    "mean": 68.67766247298886,
    "min": 57.467844858112244,
    "p16": 65.74266398113626,
    "p50": 68.64343742325448,
    "p84": 71.54839666236181,
    "sd": 2.990235197986297
  },
  "h0_highz_mg": {
    "max": 83.05075031320195,
    "mean": 70.39761081041739,
    "min": 58.62331420399139,
    "p16": 67.40616822389008,
    "p50": 70.48647537084878,
    "p84": 73.26979906869379,
    "sd": 3.027168902185479
  },
  "h0_local_obs": {
    "max": 77.46789918179971,
    "mean": 72.99685777823136,
    "min": 68.53890215040542,
    "p16": 72.00086273890355,
    "p50": 72.99718914719706,
    "p84": 73.99170382408204,
    "sd": 1.0013876422649501
  },
  "local_minus_highz_gr_sigma": 1.3698617560076989,
  "local_minus_highz_mg_sigma": 0.8153057882406637,
  "p_gr_above_local_ref": 0.0729,
  "p_gr_below_local_ref": 0.9271,
  "p_gr_below_planck_ref": 0.32899,
  "z_anchor": 0.2
}
