{
  "apparent_gr_bias_vs_true": {
    "max": 12.667878938217498,
    "mean": -1.4810938380716199,
    "min": -10.96213227360581,
    "p16": -4.243218666882852,
    "p50": -1.8204953923622362,
    "p84": 1.3251234221130666,
    "sd": 2.8987287176984595
  },
  "delta_local_minus_highz_gr": {
    "max": 19.504160798746057,
    "mean": 3.85182608546359,
    "min": -16.235712530173387,
    "p16": -0.07301245471247682,
    "p50": 4.096093113345589,
    "p84": 7.770626315873382,
    "sd": 3.9880001265202516
  },
  "delta_local_minus_highz_mg": {
    "max": 15.703592757292427,
    "mean": 2.5840135010644008,
    "min": -11.784691376279667,
    "p16": -0.4752936075185073,
    "p50": 2.53135857625567,
    "p84": 5.70219675419468,
    "sd": 3.172345994667261
  },
  "h0_highz_gr": {
    "max": 89.19968917497086,
    "mean": 69.14659650005318,
    "min": 55.36498668069524,
    "p16": 65.33075057254189,
    "p50": 68.85950660033957,
    "p84": 72.96647792741365,
    "sd": 3.8675101570410924
  },
  "h0_highz_mg": {
    "max": 82.67238306824707,
    "mean": 70.41440908445236,
    "min": 58.790137128248894,
    "p16": 67.43035796976538,
    "p50": 70.48637110488951,
    "p84": 73.30655983236775,
    "sd": 3.0165789555443765
  },
  "h0_local_obs": {
    "max": 77.43041872948554,
    "mean": 72.99842258551676,
    "min": 68.66386200046969,
    "p16": 72.00743185390428,
    "p50": 72.99603872785218,
    "p84": 73.9907643997643,
    "sd": 0.9989120310394167
  },
  "local_minus_highz_gr_sigma": 0.9642339284179522,
  "local_minus_highz_mg_sigma": 0.8130916418358695,
  "p_gr_above_local_ref": 0.15787,
  "p_gr_below_local_ref": 0.84213,
  "p_gr_below_planck_ref": 0.33465,
  "z_anchor": 0.62
}
