{
  "anchor_results": [
    {
      "apparent_gr_bias_vs_true": {
        "max": 4.666924205057697,
        "mean": -1.9341368817227973,
        "min": -6.432583858532425,
        "p16": -3.2476225654817346,
        "p50": -2.024265868277073,
        "p84": -0.605090155120693,
        "sd": 1.3346674140316188
      },
      "delta_local_minus_highz_gr": {
        "max": 17.25336937321766,
        "mean": 4.319195305242506,
        "min": -10.663063235203566,
        "p16": 1.2421708536264777,
        "p50": 4.344917293376291,
        "p84": 7.419012224168094,
        "sd": 3.157707384096172
      },
      "delta_local_minus_highz_mg": {
        "max": 15.726978058485223,
        "mean": 2.599246967813974,
        "min": -11.334327819307688,
        "p16": -0.4572456771883668,
        "p50": 2.534059359314419,
        "p84": 5.724454978601661,
        "sd": 3.1908361331750825
      },
      "h0_highz_gr": {
        "max": 82.16530536570828,
        "mean": 68.67766247298886,
        "min": 57.467844858112244,
        "p16": 65.74266398113626,
        "p50": 68.64343742325448,
        "p84": 71.54839666236181,
        "sd": 2.990235197986297
      },
      "h0_highz_mg": {
        "max": 83.05075031320195,
        "mean": 70.39761081041739,
        "min": 58.62331420399139,
        "p16": 67.40616822389008,
        "p50": 70.48647537084878,
        "p84": 73.26979906869379,
        "sd": 3.027168902185479
      },
      "h0_local_obs": {
        "max": 77.46789918179971,
        "mean": 72.99685777823136,
        "min": 68.53890215040542,
        "p16": 72.00086273890355,
        "p50": 72.99718914719706,
        "p84": 73.99170382408204,
        "sd": 1.0013876422649501
      },
      "local_minus_highz_gr_sigma": 1.3698617560076989,
      "local_minus_highz_mg_sigma": 0.8153057882406637,
      "p_gr_above_local_ref": 0.0729,
      "p_gr_below_local_ref": 0.9271,
      "p_gr_below_planck_ref": 0.32899,
      "z_anchor": 0.2
    },
    {
      "apparent_gr_bias_vs_true": {
        "max": 6.729747785560306,
        "mean": -2.5481752596864093,
        "min": -9.322876407611716,
        "p16": -4.442003458454675,
        "p50": -2.746831291808917,
        "p84": -0.6084402316099339,
        "sd": 1.9475308722695528
      },
      "delta_local_minus_highz_gr": {
        "max": 18.39357122505499,
        "mean": 4.9278079820892495,
        "min": -10.800880743562999,
        "p16": 1.661209334024868,
        "p50": 5.029667929416533,
        "p84": 8.22770559903246,
        "sd": 3.3503267851113434
      },
      "delta_local_minus_highz_mg": {
        "max": 15.906737984412729,
        "mean": 2.59074851004696,
        "min": -11.138759888250334,
        "p16": -0.4922528338041775,
        "p50": 2.5256352284308576,
        "p84": 5.7356721548356715,
        "sd": 3.1779166962863603
      },
      "h0_highz_gr": {
        "max": 83.26155802231366,
        "mean": 68.07356094765376,
        "min": 56.332657366920905,
        "p16": 64.91312023027126,
        "p50": 67.94393694323811,
        "p84": 71.17200678582321,
        "sd": 3.1985152140609014
      },
      "h0_highz_mg": {
        "max": 83.37768891653305,
        "mean": 70.41062041969606,
        "min": 58.79241446521247,
        "p16": 67.42745636975486,
        "p50": 70.50022590739111,
        "p84": 73.3125668805917,
        "sd": 3.0197184654126232
      },
      "h0_local_obs": {
        "max": 76.91905116415545,
        "mean": 73.00136892974301,
        "min": 68.43575696503498,
        "p16": 72.00557373927333,
        "p50": 73.00110977703612,
        "p84": 73.99695768423862,
        "sd": 1.0025312381590692
      },
      "local_minus_highz_gr_sigma": 1.4704634659530214,
      "local_minus_highz_mg_sigma": 0.8144471452392084,
      "p_gr_above_local_ref": 0.06706,
      "p_gr_below_local_ref": 0.93294,
      "p_gr_below_planck_ref": 0.42611,
      "z_anchor": 0.35
    },
    {
      "apparent_gr_bias_vs_true": {
        "max": 9.758121651155363,
        "mean": -2.34875706111777,
        "min": -10.010042556410419,
        "p16": -4.73514431479196,
        "p50": -2.646166386002797,
        "p84": 0.08515888759189252,
        "sd": 2.473037973750021
      },
      "delta_local_minus_highz_gr": {
        "max": 18.878707330715187,
        "mean": 4.726894505108265,
        "min": -14.116908584230558,
        "p16": 1.170813426417176,
        "p50": 4.90144198413266,
        "p84": 8.290847072793095,
        "sd": 3.652032180346496
      },
      "delta_local_minus_highz_mg": {
        "max": 15.56357119398163,
        "mean": 2.58777024595421,
        "min": -12.583927887499726,
        "p16": -0.5047055537302156,
        "p50": 2.528703332623408,
        "p84": 5.724237464430217,
        "sd": 3.19460192100306
      },
      "h0_highz_gr": {
        "max": 85.42979504094845,
        "mean": 68.27488211214015,
        "min": 55.784956541018694,
        "p16": 64.83226162748998,
        "p50": 68.07458879227389,
        "p84": 71.67497011690791,
        "sd": 3.5060161224386377
      },
      "h0_highz_mg": {
        "max": 83.6602117496907,
        "mean": 70.41400637129422,
        "min": 58.41875442613761,
        "p16": 67.42467301891803,
        "p50": 70.48772448710048,
        "p84": 73.30477278761,
        "sd": 3.0319889007583223
      },
      "h0_local_obs": {
        "max": 77.58714854669827,
        "mean": 73.00177661724842,
        "min": 68.79290365397331,
        "p16": 72.01173185408467,
        "p50": 72.99875213419648,
        "p84": 73.9982457670031,
        "sd": 0.9992777990240559
      },
      "local_minus_highz_gr_sigma": 1.2965172773389881,
      "local_minus_highz_mg_sigma": 0.810542190071981,
      "p_gr_above_local_ref": 0.09189,
      "p_gr_below_local_ref": 0.90811,
      "p_gr_below_planck_ref": 0.41674,
      "z_anchor": 0.5
    },
    {
      "apparent_gr_bias_vs_true": {
        "max": 12.667878938217498,
        "mean": -1.4810938380716199,
        "min": -10.96213227360581,
        "p16": -4.243218666882852,
        "p50": -1.8204953923622362,
        "p84": 1.3251234221130666,
        "sd": 2.8987287176984595
      },
      "delta_local_minus_highz_gr": {
        "max": 19.504160798746057,
        "mean": 3.85182608546359,
        "min": -16.235712530173387,
        "p16": -0.07301245471247682,
        "p50": 4.096093113345589,
        "p84": 7.770626315873382,
        "sd": 3.9880001265202516
      },
      "delta_local_minus_highz_mg": {
        "max": 15.703592757292427,
        "mean": 2.5840135010644008,
        "min": -11.784691376279667,
        "p16": -0.4752936075185073,
        "p50": 2.53135857625567,
        "p84": 5.70219675419468,
        "sd": 3.172345994667261
      },
      "h0_highz_gr": {
        "max": 89.19968917497086,
        "mean": 69.14659650005318,
        "min": 55.36498668069524,
        "p16": 65.33075057254189,
        "p50": 68.85950660033957,
        "p84": 72.96647792741365,
        "sd": 3.8675101570410924
      },
      "h0_highz_mg": {
        "max": 82.67238306824707,
        "mean": 70.41440908445236,
        "min": 58.790137128248894,
        "p16": 67.43035796976538,
        "p50": 70.48637110488951,
        "p84": 73.30655983236775,
        "sd": 3.0165789555443765
      },
      "h0_local_obs": {
        "max": 77.43041872948554,
        "mean": 72.99842258551676,
        "min": 68.66386200046969,
        "p16": 72.00743185390428,
        "p50": 72.99603872785218,
        "p84": 73.9907643997643,
        "sd": 0.9989120310394167
      },
      "local_minus_highz_gr_sigma": 0.9642339284179522,
      "local_minus_highz_mg_sigma": 0.8130916418358695,
      "p_gr_above_local_ref": 0.15787,
      "p_gr_below_local_ref": 0.84213,
      "p_gr_below_planck_ref": 0.33465,
      "z_anchor": 0.62
    }
  ],
  "draws_total": 1600,
  "draws_used": 1600,
  "h0_posterior_mg_truth": {
    "max": 81.12434628314327,
    "mean": 70.6139339829599,
    "min": 60.40119844002723,
    "p16": 67.71835091504013,