{
  "apparent_gr_bias_vs_true": {
    "max": 6.763792716603604,
    "mean": -2.435610661059435,
    "min": -8.599216567659795,
    "p16": -4.449994562874769,
    "p50": -2.604724346465858,
    "p84": -0.38240459834960266,
    "sd": 2.0498948188353614
  },
  "delta_local_minus_highz_gr": {
    "max": 17.651195040778717,
    "mean": 4.5064789840045325,
    "min": -12.183237312146574,
    "p16": 1.1065173456348834,
    "p50": 4.643876521714816,
    "p84": 7.910634815715231,
    "sd": 3.4721425310189455
  },
  "delta_local_minus_highz_mg": {
    "max": 15.314769400873281,
    "mean": 2.2833006554380932,
    "min": -12.49321618655226,
    "p16": -0.926460550296406,
    "p50": 2.3745095116854245,
    "p84": 5.517174127127343,
    "sd": 3.2926402615843235
  },
  "h0_highz_gr": {
    "max": 84.22253090265605,
    "mean": 68.24001342084846,
    "min": 56.471054135874525,
    "p16": 64.94987303833912,
    "p50": 68.10047908980127,
    "p84": 71.50379835406528,
    "sd": 3.321979914963772
  },
  "h0_highz_mg": {
    "max": 83.30598981298593,
    "mean": 70.46319174941489,
    "min": 58.8547531941725,
    "p16": 67.40445541786264,
    "p50": 70.3537275440143,
    "p84": 73.51223219200389,
    "sd": 3.133831045504341
  },
  "h0_local_obs": {
    "max": 77.2121826466902,
    "mean": 72.746492404853,
    "min": 68.71245915675743,
    "p16": 71.75424416376154,
    "p50": 72.74672657442477,
    "p84": 73.73756261613838,
    "sd": 1.0014518150244762
  },
  "local_minus_highz_gr_sigma": 1.2989856976203755,
  "local_minus_highz_mg_sigma": 0.6941150632715771,
  "p_gr_above_local_ref": 0.07833,
  "p_gr_below_local_ref": 0.92167,
  "p_gr_below_planck_ref": 0.41129,
  "z_anchor": 0.35
}
