{
  "apparent_gr_bias_vs_true": {
    "max": 11.40520810813689,
    "mean": -1.3928865929185192,
    "min": -10.947363556176953,
    "p16": -4.252056316898175,
    "p50": -1.6875724954532814,
    "p84": 1.50455287371857,
    "sd": 2.9793162405255265
  },
  "delta_local_minus_highz_gr": {
    "max": 19.17072983242872,
    "mean": 3.4529817363491775,
    "min": -14.92714393249581,
    "p16": -0.5276244042019942,
    "p50": 3.6602936166039655,
    "p84": 7.496350797980889,
    "sd": 4.073292103619294
  },
  "delta_local_minus_highz_mg": {
    "max": 14.689973979284765,
    "mean": 2.2728103745553008,
    "min": -11.65005808830196,
    "p16": -0.9265542080302959,
    "p50": 2.371589793439682,
    "p84": 5.4861702286856735,
    "sd": 3.287877017504773
  },
  "h0_highz_gr": {
    "max": 86.63611556393312,
    "mean": 69.30126492416221,
    "min": 54.974850191890766,
    "p16": 65.37204393166765,
    "p50": 69.07581522913804,
    "p84": 73.1548816230907,
    "sd": 3.944658354555461
  },
  "h0_highz_mg": {
    "max": 83.03408575765916,
    "mean": 70.4814362859561,
    "min": 58.8655913458338,
    "p16": 67.44583583306635,
    "p50": 70.36895059787578,
    "p84": 73.50118621940001,
    "sd": 3.129202966321184
  },
  "h0_local_obs": {
    "max": 77.88245045131409,
    "mean": 72.75424666051138,
    "min": 68.57508327182529,
    "p16": 71.75620979143746,
    "p50": 72.75710183639205,
    "p84": 73.75006070191228,
    "sd": 1.0008169976679884
  },
  "local_minus_highz_gr_sigma": 0.8485155271885585,
  "local_minus_highz_mg_sigma": 0.6918533074589697,
  "p_gr_above_local_ref": 0.16938,
  "p_gr_below_local_ref": 0.83062,
  "p_gr_below_planck_ref": 0.32789,
  "z_anchor": 0.62
}
