{
  "apparent_gr_bias_vs_true": {
    "max": 9.039230416411712,
    "mean": -2.2280171870965306,
    "min": -9.871397596941819,
    "p16": -4.704172679149005,
    "p50": -2.4747065677638957,
    "p84": 0.3211261506360338,
    "sd": 2.573539586126589
  },
  "delta_local_minus_highz_gr": {
    "max": 18.610523626838756,
    "mean": 4.284101956515188,
    "min": -13.589962277213246,
    "p16": 0.6191912891750434,
    "p50": 4.44649305368408,
    "p84": 7.9998607882531285,
    "sd": 3.755170922263459
  },
  "delta_local_minus_highz_mg": {
    "max": 14.268669255051634,
    "mean": 2.267326881168909,
    "min": -11.498005278563298,
    "p16": -0.9354028610142273,
    "p50": 2.3686069305469104,
    "p84": 5.477351101471339,
    "sd": 3.2895465605903778
  },
  "h0_highz_gr": {
    "max": 84.86810709052149,
    "mean": 68.46880797755286,
    "min": 55.63167297134522,
    "p16": 64.86314639066292,
    "p50": 68.29411642953613,
    "p84": 71.99019043616002,
    "sd": 3.6166603755701727
  },
  "h0_highz_mg": {
    "max": 82.5671051271515,
    "mean": 70.48558305289914,
    "min": 59.08522409541953,
    "p16": 67.43592736116254,
    "p50": 70.3743680116339,
    "p84": 73.52479076516713,
    "sd": 3.1308100910459804
  },
  "h0_local_obs": {
    "max": 76.97091821379499,
    "mean": 72.75290993406806,
    "min": 68.23974528230217,
    "p16": 71.76162811910645,
    "p50": 72.75389234950833,
    "p84": 73.74589391223485,
    "sd": 1.0004539497162497
  },
  "local_minus_highz_gr_sigma": 1.1417075904752647,
  "local_minus_highz_mg_sigma": 0.689862625441454,
  "p_gr_above_local_ref": 0.10316,
  "p_gr_below_local_ref": 0.89684,
  "p_gr_below_planck_ref": 0.39902,
  "z_anchor": 0.5
}
