{
  "apparent_gr_bias_vs_true": {
    "max": 5.13920820476207,
    "mean": -1.8520604336676536,
    "min": -6.664197494631907,
    "p16": -3.235401059865707,
    "p50": -1.9468417951076518,
    "p84": -0.4511181996584377,
    "sd": 1.4014900736682923
  },
  "delta_local_minus_highz_gr": {
    "max": 16.300586871340975,
    "mean": 3.9112171621609813,
    "min": -11.22073426930676,
    "p16": 0.7465473564661143,
    "p50": 4.015535509923488,
    "p84": 7.083652921199491,
    "sd": 3.2537004128178406
  },
  "delta_local_minus_highz_mg": {
    "max": 14.219645419530949,
    "mean": 2.274358824201709,
    "min": -11.839791876621092,
    "p16": -0.913894080584514,
    "p50": 2.3731595262446845,
    "p84": 5.492202463001636,
    "sd": 3.2823630526928267
  },
  "h0_highz_gr": {
    "max": 82.6564584048976,
    "mean": 68.84064589806188,
    "min": 57.579828946880696,
    "p16": 65.80470322910209,
    "p50": 68.73530616156933,
    "p84": 71.82923005394505,
    "sd": 3.0908225679013226
  },
  "h0_highz_mg": {
    "max": 83.33875371168382,
    "mean": 70.47750423602115,
    "min": 59.136209507161766,
    "p16": 67.42433758360542,
    "p50": 70.37198517160155,
    "p84": 73.50506553978805,
    "sd": 3.12103408839233
  },
  "h0_local_obs": {
    "max": 77.52739567275104,
    "mean": 72.75186306022286,
    "min": 68.53477714180939,
    "p16": 71.75100059293938,
    "p50": 72.75488601551058,
    "p84": 73.74889618124556,
    "sd": 1.0020794139284372
  },
  "local_minus_highz_gr_sigma": 1.203982492451568,
  "local_minus_highz_mg_sigma": 0.6939682189729628,
  "p_gr_above_local_ref": 0.09195,
  "p_gr_below_local_ref": 0.90805,
  "p_gr_below_planck_ref": 0.32389,
  "z_anchor": 0.2
}
