{
  "anchor_results": [
    {
      "apparent_gr_bias_vs_true": {
        "max": 5.13920820476207,
        "mean": -1.8520604336676536,
        "min": -6.664197494631907,
        "p16": -3.235401059865707,
        "p50": -1.9468417951076518,
        "p84": -0.4511181996584377,
        "sd": 1.4014900736682923
      },
      "delta_local_minus_highz_gr": {
        "max": 16.300586871340975,
        "mean": 3.9112171621609813,
        "min": -11.22073426930676,
        "p16": 0.7465473564661143,
        "p50": 4.015535509923488,
        "p84": 7.083652921199491,
        "sd": 3.2537004128178406
      },
      "delta_local_minus_highz_mg": {
        "max": 14.219645419530949,
        "mean": 2.274358824201709,
        "min": -11.839791876621092,
        "p16": -0.913894080584514,
        "p50": 2.3731595262446845,
        "p84": 5.492202463001636,
        "sd": 3.2823630526928267
      },
      "h0_highz_gr": {
        "max": 82.6564584048976,
        "mean": 68.84064589806188,
        "min": 57.579828946880696,
        "p16": 65.80470322910209,
        "p50": 68.73530616156933,
        "p84": 71.82923005394505,
        "sd": 3.0908225679013226
      },
      "h0_highz_mg": {
        "max": 83.33875371168382,
        "mean": 70.47750423602115,
        "min": 59.136209507161766,
        "p16": 67.42433758360542,
        "p50": 70.37198517160155,
        "p84": 73.50506553978805,
        "sd": 3.12103408839233
      },
      "h0_local_obs": {
        "max": 77.52739567275104,
        "mean": 72.75186306022286,
        "min": 68.53477714180939,
        "p16": 71.75100059293938,
        "p50": 72.75488601551058,
        "p84": 73.74889618124556,
        "sd": 1.0020794139284372
      },
      "local_minus_highz_gr_sigma": 1.203982492451568,
      "local_minus_highz_mg_sigma": 0.6939682189729628,
      "p_gr_above_local_ref": 0.09195,
      "p_gr_below_local_ref": 0.90805,
      "p_gr_below_planck_ref": 0.32389,
      "z_anchor": 0.2
    },
    {
      "apparent_gr_bias_vs_true": {
        "max": 6.763792716603604,
        "mean": -2.435610661059435,
        "min": -8.599216567659795,
        "p16": -4.449994562874769,
        "p50": -2.604724346465858,
        "p84": -0.38240459834960266,
        "sd": 2.0498948188353614
      },
      "delta_local_minus_highz_gr": {
        "max": 17.651195040778717,
        "mean": 4.5064789840045325,
        "min": -12.183237312146574,
        "p16": 1.1065173456348834,
        "p50": 4.643876521714816,
        "p84": 7.910634815715231,
        "sd": 3.4721425310189455
      },
      "delta_local_minus_highz_mg": {
        "max": 15.314769400873281,
        "mean": 2.2833006554380932,
        "min": -12.49321618655226,
        "p16": -0.926460550296406,
        "p50": 2.3745095116854245,
        "p84": 5.517174127127343,
        "sd": 3.2926402615843235
      },
      "h0_highz_gr": {
        "max": 84.22253090265605,
        "mean": 68.24001342084846,
        "min": 56.471054135874525,
        "p16": 64.94987303833912,
        "p50": 68.10047908980127,
        "p84": 71.50379835406528,
        "sd": 3.321979914963772
      },
      "h0_highz_mg": {
        "max": 83.30598981298593,
        "mean": 70.46319174941489,
        "min": 58.8547531941725,
        "p16": 67.40445541786264,
        "p50": 70.3537275440143,
        "p84": 73.51223219200389,
        "sd": 3.133831045504341
      },
      "h0_local_obs": {
        "max": 77.2121826466902,
        "mean": 72.746492404853,
        "min": 68.71245915675743,
        "p16": 71.75424416376154,
        "p50": 72.74672657442477,
        "p84": 73.73756261613838,
        "sd": 1.0014518150244762
      },
      "local_minus_highz_gr_sigma": 1.2989856976203755,
      "local_minus_highz_mg_sigma": 0.6941150632715771,
      "p_gr_above_local_ref": 0.07833,
      "p_gr_below_local_ref": 0.92167,
      "p_gr_below_planck_ref": 0.41129,
      "z_anchor": 0.35
    },
    {
      "apparent_gr_bias_vs_true": {
        "max": 9.039230416411712,
        "mean": -2.2280171870965306,
        "min": -9.871397596941819,
        "p16": -4.704172679149005,
        "p50": -2.4747065677638957,
        "p84": 0.3211261506360338,
        "sd": 2.573539586126589
      },
      "delta_local_minus_highz_gr": {
        "max": 18.610523626838756,
        "mean": 4.284101956515188,
        "min": -13.589962277213246,
        "p16": 0.6191912891750434,
        "p50": 4.44649305368408,
        "p84": 7.9998607882531285,
        "sd": 3.755170922263459
      },
      "delta_local_minus_highz_mg": {
        "max": 14.268669255051634,
        "mean": 2.267326881168909,
        "min": -11.498005278563298,
        "p16": -0.9354028610142273,
        "p50": 2.3686069305469104,
        "p84": 5.477351101471339,
        "sd": 3.2895465605903778
      },
      "h0_highz_gr": {
        "max": 84.86810709052149,
        "mean": 68.46880797755286,
        "min": 55.63167297134522,
        "p16": 64.86314639066292,
        "p50": 68.29411642953613,
        "p84": 71.99019043616002,
        "sd": 3.6166603755701727
      },
      "h0_highz_mg": {
        "max": 82.5671051271515,
        "mean": 70.48558305289914,
        "min": 59.08522409541953,
        "p16": 67.43592736116254,
        "p50": 70.3743680116339,
        "p84": 73.52479076516713,
        "sd": 3.1308100910459804
      },
      "h0_local_obs": {
        "max": 76.97091821379499,
        "mean": 72.75290993406806,
        "min": 68.23974528230217,
        "p16": 71.76162811910645,
        "p50": 72.75389234950833,
        "p84": 73.74589391223485,
        "sd": 1.0004539497162497
      },
      "local_minus_highz_gr_sigma": 1.1417075904752647,
      "local_minus_highz_mg_sigma": 0.689862625441454,
      "p_gr_above_local_ref": 0.10316,
      "p_gr_below_local_ref": 0.89684,
      "p_gr_below_planck_ref": 0.39902,
      "z_anchor": 0.5
    },
    {
      "apparent_gr_bias_vs_true": {
        "max": 11.40520810813689,
        "mean": -1.3928865929185192,
        "min": -10.947363556176953,
        "p16": -4.252056316898175,
        "p50": -1.6875724954532814,
        "p84": 1.50455287371857,
        "sd": 2.9793162405255265
      },
      "delta_local_minus_highz_gr": {
        "max": 19.17072983242872,
        "mean": 3.4529817363491775,
        "min": -14.92714393249581,
        "p16": -0.5276244042019942,
        "p50": 3.6602936166039655,
        "p84": 7.496350797980889,
        "sd": 4.073292103619294
      },
      "delta_local_minus_highz_mg": {
        "max": 14.689973979284765,
        "mean": 2.2728103745553008,
        "min": -11.65005808830196,
        "p16": -0.9265542080302959,
        "p50": 2.371589793439682,
        "p84": 5.4861702286856735,
        "sd": 3.287877017504773
      },
      "h0_highz_gr": {
        "max": 86.63611556393312,
        "mean": 69.30126492416221,
        "min": 54.974850191890766,
        "p16": 65.37204393166765,
        "p50": 69.07581522913804,
        "p84": 73.1548816230907,
        "sd": 3.944658354555461
      },
      "h0_highz_mg": {
        "max": 83.03408575765916,
        "mean": 70.4814362859561,
        "min": 58.8655913458338,
        "p16": 67.44583583306635,
        "p50": 70.36895059787578,
        "p84": 73.50118621940001,
        "sd": 3.129202966321184
      },
      "h0_local_obs": {
        "max": 77.88245045131409,
        "mean": 72.75424666051138,
        "min": 68.57508327182529,
        "p16": 71.75620979143746,
        "p50": 72.75710183639205,
        "p84": 73.75006070191228,
        "sd": 1.0008169976679884
      },
      "local_minus_highz_gr_sigma": 0.8485155271885585,
      "local_minus_highz_mg_sigma": 0.6918533074589697,
      "p_gr_above_local_ref": 0.16938,
      "p_gr_below_local_ref": 0.83062,
      "p_gr_below_planck_ref": 0.32789,
      "z_anchor": 0.62
    }
  ],
  "draws_total": 1600,
  "draws_used": 1600,
  "h0_posterior_mg_truth": {
    "max": 81.34840392208962,
    "mean": 70.68931182042479,
    "min": 60.443182238538995,
    "p16": 67.69470401834123,