{
  "apparent_gr_bias_vs_true": {
    "max": 4.3134404005031115,
    "mean": -1.827821342107575,
    "min": -6.641031184238031,
    "p16": -3.1169453782445204,
    "p50": -1.9274703647514073,
    "p84": -0.5217208533206491,
    "sd": 1.329503164223276
  },
  "delta_local_minus_highz_gr": {
    "max": 15.790846793775586,
    "mean": 4.10398659351961,
    "min": -13.691992002634649,
    "p16": 1.0058155330647554,
    "p50": 4.198314812827384,
    "p84": 7.236984148060216,
    "sd": 3.20984666914947
  },
  "delta_local_minus_highz_mg": {
    "max": 14.096138593945696,
    "mean": 2.276857607641416,
    "min": -14.08056063132625,
    "p16": -0.8495944007540651,
    "p50": 2.273438506942128,
    "p84": 5.4709343449509555,
    "sd": 3.221295780228456
  },
  "h0_highz_gr": {
    "max": 85.60949393527027,
    "mean": 69.14444504177291,
    "min": 58.95075376180467,
    "p16": 66.17091031244875,
    "p50": 69.0337545211359,
    "p84": 72.11029920860187,
    "sd": 3.0524658273500935
  },
  "h0_highz_mg": {
    "max": 86.00129460751674,
    "mean": 70.9715740276511,
    "min": 61.08781261398373,
    "p16": 67.95025215488951,
    "p50": 70.99666324171295,
    "p84": 73.9037402402531,
    "sd": 3.0645613629346733
  },
  "h0_local_obs": {
    "max": 77.61470855705812,
    "mean": 73.24843163529252,
    "min": 68.59811035191095,
    "p16": 72.25226833251732,
    "p50": 73.24778061277777,
    "p84": 74.24617391604133,
    "sd": 0.9979625599785118
  },
  "local_minus_highz_gr_sigma": 1.277667042369644,
  "local_minus_highz_mg_sigma": 0.7063110336191544,
  "p_gr_above_local_ref": 0.09995,
  "p_gr_below_local_ref": 0.90005,
  "p_gr_below_planck_ref": 0.28897,
  "z_anchor": 0.2
}
