{
  "apparent_gr_bias_vs_true": {
    "max": 12.698397415877409,
    "mean": -1.4745475980015046,
    "min": -9.808453138091778,
    "p16": -4.203014508774423,
    "p50": -1.8961525987683672,
    "p84": 1.5259225395222982,
    "sd": 2.9026604574622117
  },
  "delta_local_minus_highz_gr": {
    "max": 17.603828812244757,
    "mean": 3.7535047489008577,
    "min": -21.053288682096962,
    "p16": -0.17816613720244556,
    "p50": 4.052748249559812,
    "p84": 7.6900808106343765,
    "sd": 4.1096943632498855
  },
  "delta_local_minus_highz_mg": {
    "max": 13.271684802704563,
    "mean": 2.277906352993479,
    "min": -14.142990714863387,
    "p16": -0.8319963167842439,
    "p50": 2.282076610895615,
    "p84": 5.463206184973907,
    "sd": 3.221629002174609
  },
  "h0_highz_gr": {
    "max": 93.0024140873757,
    "mean": 69.49960107893821,
    "min": 56.68294353540406,
    "p16": 65.70658307794443,
    "p50": 69.184805380575,
    "p84": 73.32087891468487,
    "sd": 3.990013169546259
  },
  "h0_highz_mg": {
    "max": 86.067472492572,
    "mean": 70.97519947484558,
    "min": 60.45571297707068,
    "p16": 67.95745570166919,
    "p50": 70.99707788358432,
    "p84": 73.91207552392359,
    "sd": 3.065415560601316
  },
  "h0_local_obs": {
    "max": 77.53183470592842,
    "mean": 73.25310582783906,
    "min": 68.5955125382889,
    "p16": 72.2593371870641,
    "p50": 73.25311613133854,
    "p84": 74.25275027417024,
    "sd": 0.9985635048211319
  },
  "local_minus_highz_gr_sigma": 0.912502700113057,
  "local_minus_highz_mg_sigma": 0.7064584012047886,
  "p_gr_above_local_ref": 0.1753,
  "p_gr_below_local_ref": 0.8247,
  "p_gr_below_planck_ref": 0.30465,
  "z_anchor": 0.62
}
