{
  "apparent_gr_bias_vs_true": {
    "max": 8.218491878856739,
    "mean": -2.3366541211883822,
    "min": -9.32295550988347,
    "p16": -4.66947360075004,
    "p50": -2.6587169238022383,
    "p84": 0.15326995373762511,
    "sd": 2.4691398205783277
  },
  "delta_local_minus_highz_gr": {
    "max": 17.64432732628613,
    "mean": 4.6026899101446235,
    "min": -17.64221931310381,
    "p16": 1.0039559571375383,
    "p50": 4.878529660431404,
    "p84": 8.170675593502793,
    "sd": 3.7459553917814157
  },
  "delta_local_minus_highz_mg": {
    "max": 13.840096813341077,
    "mean": 2.269381111034049,
    "min": -14.71628646542932,
    "p16": -0.8514400891658073,
    "p50": 2.2598342110552707,
    "p84": 5.450046758131201,
    "sd": 3.2155411373346254
  },
  "h0_highz_gr": {
    "max": 88.83985771233374,
    "mean": 68.65113245349693,
    "min": 56.369419852440544,
    "p16": 65.2444249256395,
    "p50": 68.35545311483783,
    "p84": 72.12640935165051,
    "sd": 3.614315788513175
  },
  "h0_highz_mg": {
    "max": 85.86674217816378,
    "mean": 70.9844412526075,
    "min": 61.181897868446725,
    "p16": 67.98631575174548,
    "p50": 71.01170731363463,
    "p84": 73.91056067443292,
    "sd": 3.0604678551018996
  },
  "h0_local_obs": {
    "max": 78.00484005025669,
    "mean": 73.25382236364155,
    "min": 69.05804646832789,
    "p16": 72.26259967363485,
    "p50": 73.25278756312721,
    "p84": 74.2433282130919,
    "sd": 0.9989777724429502
  },
  "local_minus_highz_gr_sigma": 1.2273499982636606,
  "local_minus_highz_mg_sigma": 0.7048425674158173,
  "p_gr_above_local_ref": 0.118,
  "p_gr_below_local_ref": 0.882,
  "p_gr_below_planck_ref": 0.38114,
  "z_anchor": 0.5
}
