{
  "apparent_gr_bias_vs_true": {
    "max": 6.04960975474296,
    "mean": -2.4947546066619406,
    "min": -9.025819069344891,
    "p16": -4.346883522294624,
    "p50": -2.7046408886764794,
    "p84": -0.5758816677199923,
    "sd": 1.9461108681157926
  },
  "delta_local_minus_highz_gr": {
    "max": 18.108058856565165,
    "mean": 4.774016290801986,
    "min": -13.527116892736814,
    "p16": 1.4863544074767645,
    "p50": 4.966983335563576,
    "p84": 8.055904492379312,
    "sd": 3.413761095895781
  },
  "delta_local_minus_highz_mg": {
    "max": 14.833946410754201,
    "mean": 2.272711999796239,
    "min": -13.086591741027206,
    "p16": -0.8517080983555644,
    "p50": 2.2879166693337822,
    "p84": 5.454525930666459,
    "sd": 3.213796597751408
  },
  "h0_highz_gr": {
    "max": 86.26929197530532,
    "mean": 68.47501579476622,
    "min": 57.677997761688296,
    "p16": 65.35856942320815,
    "p50": 68.25573010736676,
    "p84": 71.62238165007899,
    "sd": 3.266490941247277
  },
  "h0_highz_mg": {
    "max": 85.82166246467808,
    "mean": 70.97632008577197,
    "min": 60.76496480684748,
    "p16": 67.97232796033342,
    "p50": 70.9877412727403,
    "p84": 73.92184008065782,
    "sd": 3.054519146612966
  },
  "h0_local_obs": {
    "max": 77.69130765827192,
    "mean": 73.2490320855682,
    "min": 68.98527915740685,
    "p16": 72.2549006353023,
    "p50": 73.24779535071099,
    "p84": 74.24008212567135,
    "sd": 0.9998011253671084
  },
  "local_minus_highz_gr_sigma": 1.3974914381197314,
  "local_minus_highz_mg_sigma": 0.7071188439294733,
  "p_gr_above_local_ref": 0.08784,
  "p_gr_below_local_ref": 0.91216,
  "p_gr_below_planck_ref": 0.38614,
  "z_anchor": 0.35
}
