{
  "anchor_results": [
    {
      "apparent_gr_bias_vs_true": {
        "max": 4.3134404005031115,
        "mean": -1.827821342107575,
        "min": -6.641031184238031,
        "p16": -3.1169453782445204,
        "p50": -1.9274703647514073,
        "p84": -0.5217208533206491,
        "sd": 1.329503164223276
      },
      "delta_local_minus_highz_gr": {
        "max": 15.790846793775586,
        "mean": 4.10398659351961,
        "min": -13.691992002634649,
        "p16": 1.0058155330647554,
        "p50": 4.198314812827384,
        "p84": 7.236984148060216,
        "sd": 3.20984666914947
      },
      "delta_local_minus_highz_mg": {
        "max": 14.096138593945696,
        "mean": 2.276857607641416,
        "min": -14.08056063132625,
        "p16": -0.8495944007540651,
        "p50": 2.273438506942128,
        "p84": 5.4709343449509555,
        "sd": 3.221295780228456
      },
      "h0_highz_gr": {
        "max": 85.60949393527027,
        "mean": 69.14444504177291,
        "min": 58.95075376180467,
        "p16": 66.17091031244875,
        "p50": 69.0337545211359,
        "p84": 72.11029920860187,
        "sd": 3.0524658273500935
      },
      "h0_highz_mg": {
        "max": 86.00129460751674,
        "mean": 70.9715740276511,
        "min": 61.08781261398373,
        "p16": 67.95025215488951,
        "p50": 70.99666324171295,
        "p84": 73.9037402402531,
        "sd": 3.0645613629346733
      },
      "h0_local_obs": {
        "max": 77.61470855705812,
        "mean": 73.24843163529252,
        "min": 68.59811035191095,
        "p16": 72.25226833251732,
        "p50": 73.24778061277777,
        "p84": 74.24617391604133,
        "sd": 0.9979625599785118
      },
      "local_minus_highz_gr_sigma": 1.277667042369644,
      "local_minus_highz_mg_sigma": 0.7063110336191544,
      "p_gr_above_local_ref": 0.09995,
      "p_gr_below_local_ref": 0.90005,
      "p_gr_below_planck_ref": 0.28897,
      "z_anchor": 0.2
    },
    {
      "apparent_gr_bias_vs_true": {
        "max": 6.04960975474296,
        "mean": -2.4947546066619406,
        "min": -9.025819069344891,
        "p16": -4.346883522294624,
        "p50": -2.7046408886764794,
        "p84": -0.5758816677199923,
        "sd": 1.9461108681157926
      },
      "delta_local_minus_highz_gr": {
        "max": 18.108058856565165,
        "mean": 4.774016290801986,
        "min": -13.527116892736814,
        "p16": 1.4863544074767645,
        "p50": 4.966983335563576,
        "p84": 8.055904492379312,
        "sd": 3.413761095895781
      },
      "delta_local_minus_highz_mg": {
        "max": 14.833946410754201,
        "mean": 2.272711999796239,
        "min": -13.086591741027206,
        "p16": -0.8517080983555644,
        "p50": 2.2879166693337822,
        "p84": 5.454525930666459,
        "sd": 3.213796597751408
      },
      "h0_highz_gr": {
        "max": 86.26929197530532,
        "mean": 68.47501579476622,
        "min": 57.677997761688296,
        "p16": 65.35856942320815,
        "p50": 68.25573010736676,
        "p84": 71.62238165007899,
        "sd": 3.266490941247277
      },
      "h0_highz_mg": {
        "max": 85.82166246467808,
        "mean": 70.97632008577197,
        "min": 60.76496480684748,
        "p16": 67.97232796033342,
        "p50": 70.9877412727403,
        "p84": 73.92184008065782,
        "sd": 3.054519146612966
      },
      "h0_local_obs": {
        "max": 77.69130765827192,
        "mean": 73.2490320855682,
        "min": 68.98527915740685,
        "p16": 72.2549006353023,
        "p50": 73.24779535071099,
        "p84": 74.24008212567135,
        "sd": 0.9998011253671084
      },
      "local_minus_highz_gr_sigma": 1.3974914381197314,
      "local_minus_highz_mg_sigma": 0.7071188439294733,
      "p_gr_above_local_ref": 0.08784,
      "p_gr_below_local_ref": 0.91216,
      "p_gr_below_planck_ref": 0.38614,
      "z_anchor": 0.35
    },
    {
      "apparent_gr_bias_vs_true": {
        "max": 8.218491878856739,
        "mean": -2.3366541211883822,
        "min": -9.32295550988347,
        "p16": -4.66947360075004,
        "p50": -2.6587169238022383,
        "p84": 0.15326995373762511,
        "sd": 2.4691398205783277
      },
      "delta_local_minus_highz_gr": {
        "max": 17.64432732628613,
        "mean": 4.6026899101446235,
        "min": -17.64221931310381,
        "p16": 1.0039559571375383,
        "p50": 4.878529660431404,
        "p84": 8.170675593502793,
        "sd": 3.7459553917814157
      },
      "delta_local_minus_highz_mg": {
        "max": 13.840096813341077,
        "mean": 2.269381111034049,
        "min": -14.71628646542932,
        "p16": -0.8514400891658073,
        "p50": 2.2598342110552707,
        "p84": 5.450046758131201,
        "sd": 3.2155411373346254
      },
      "h0_highz_gr": {
        "max": 88.83985771233374,
        "mean": 68.65113245349693,
        "min": 56.369419852440544,
        "p16": 65.2444249256395,
        "p50": 68.35545311483783,
        "p84": 72.12640935165051,
        "sd": 3.614315788513175
      },
      "h0_highz_mg": {
        "max": 85.86674217816378,
        "mean": 70.9844412526075,
        "min": 61.181897868446725,
        "p16": 67.98631575174548,
        "p50": 71.01170731363463,
        "p84": 73.91056067443292,
        "sd": 3.0604678551018996
      },
      "h0_local_obs": {
        "max": 78.00484005025669,
        "mean": 73.25382236364155,
        "min": 69.05804646832789,
        "p16": 72.26259967363485,
        "p50": 73.25278756312721,
        "p84": 74.2433282130919,
        "sd": 0.9989777724429502
      },
      "local_minus_highz_gr_sigma": 1.2273499982636606,
      "local_minus_highz_mg_sigma": 0.7048425674158173,
      "p_gr_above_local_ref": 0.118,
      "p_gr_below_local_ref": 0.882,
      "p_gr_below_planck_ref": 0.38114,
      "z_anchor": 0.5
    },
    {
      "apparent_gr_bias_vs_true": {
        "max": 12.698397415877409,
        "mean": -1.4745475980015046,
        "min": -9.808453138091778,
        "p16": -4.203014508774423,
        "p50": -1.8961525987683672,
        "p84": 1.5259225395222982,
        "sd": 2.9026604574622117
      },
      "delta_local_minus_highz_gr": {
        "max": 17.603828812244757,
        "mean": 3.7535047489008577,
        "min": -21.053288682096962,
        "p16": -0.17816613720244556,
        "p50": 4.052748249559812,
        "p84": 7.6900808106343765,
        "sd": 4.1096943632498855
      },
      "delta_local_minus_highz_mg": {
        "max": 13.271684802704563,
        "mean": 2.277906352993479,
        "min": -14.142990714863387,
        "p16": -0.8319963167842439,
        "p50": 2.282076610895615,
        "p84": 5.463206184973907,
        "sd": 3.221629002174609
      },
      "h0_highz_gr": {
        "max": 93.0024140873757,
        "mean": 69.49960107893821,
        "min": 56.68294353540406,
        "p16": 65.70658307794443,
        "p50": 69.184805380575,
        "p84": 73.32087891468487,
        "sd": 3.990013169546259
      },
      "h0_highz_mg": {
        "max": 86.067472492572,
        "mean": 70.97519947484558,
        "min": 60.45571297707068,
        "p16": 67.95745570166919,
        "p50": 70.99707788358432,
        "p84": 73.91207552392359,
        "sd": 3.065415560601316
      },
      "h0_local_obs": {
        "max": 77.53183470592842,
        "mean": 73.25310582783906,
        "min": 68.5955125382889,
        "p16": 72.2593371870641,
        "p50": 73.25311613133854,
        "p84": 74.25275027417024,
        "sd": 0.9985635048211319
      },
      "local_minus_highz_gr_sigma": 0.912502700113057,
      "local_minus_highz_mg_sigma": 0.7064584012047886,
      "p_gr_above_local_ref": 0.1753,
      "p_gr_below_local_ref": 0.8247,
      "p_gr_below_planck_ref": 0.30465,
      "z_anchor": 0.62
    }
  ],
  "draws_total": 1600,
  "draws_used": 1600,
  "h0_posterior_mg_truth": {
    "max": 83.833891578275,
    "mean": 70.9809853903875,
    "min": 62.52211725111513,
    "p16": 68.10255835254144,