{
  "apparent_gr_bias_vs_true": {
    "max": 4.284289513557397,
    "mean": -1.9362805930904776,
    "min": -6.758002617315029,
    "p16": -3.2556323944846395,
    "p50": -2.0309932412980842,
    "p84": -0.6108006189221689,
    "sd": 1.3385147073070023
  },
  "delta_local_minus_highz_gr": {
    "max": 16.958331550038416,
    "mean": 4.562842052227297,
    "min": -10.546490746749427,
    "p16": 1.5055291405604112,
    "p50": 4.590744073437236,
    "p84": 7.655824092799474,
    "sd": 3.1508997776755456
  },
  "delta_local_minus_highz_mg": {
    "max": 15.75665616547844,
    "mean": 2.837065930616969,
    "min": -11.213493606127955,
    "p16": -0.2512216882160294,
    "p50": 2.7710980330169335,
    "p84": 5.991324744051535,
    "sd": 3.1899517514141262
  },
  "h0_highz_gr": {
    "max": 82.35749853978514,
    "mean": 68.68426723616881,
    "min": 57.6213086379263,
    "p16": 65.75467424092713,
    "p50": 68.6550893424279,
    "p84": 71.55197096136762,
    "sd": 2.9867449875825334
  },
  "h0_highz_mg": {
    "max": 83.05730399980264,
    "mean": 70.41004335777913,
    "min": 58.982231580103566,
    "p16": 67.41233939731363,
    "p50": 70.50873205267445,
    "p84": 73.30367412531494,
    "sd": 3.025878227536401
  },
  "h0_local_obs": {
    "max": 77.32411341591536,
    "mean": 73.24710928839609,
    "min": 68.58005416953847,
    "p16": 72.25488252659453,
    "p50": 73.24678848249016,
    "p84": 74.24144617028279,
    "sd": 0.9987024216771418
  },
  "local_minus_highz_gr_sigma": 1.4486566597762327,
  "local_minus_highz_mg_sigma": 0.8902446770483753,
  "p_gr_above_local_ref": 0.07332,
  "p_gr_below_local_ref": 0.92668,
  "p_gr_below_planck_ref": 0.32948,
  "z_anchor": 0.2
}
