{
  "apparent_gr_bias_vs_true": {
    "max": 9.225763538613876,
    "mean": -2.3731902212159435,
    "min": -10.161392113404297,
    "p16": -4.748929416660302,
    "p50": -2.660502592679208,
    "p84": 0.05423740714675757,
    "sd": 2.4627926933055004
  },
  "delta_local_minus_highz_gr": {
    "max": 19.33693263402779,
    "mean": 4.982524888070837,
    "min": -12.924222094244826,
    "p16": 1.4181397196912382,
    "p50": 5.172716154738424,
    "p84": 8.558389457230236,
    "sd": 3.6467380787681276
  },
  "delta_local_minus_highz_mg": {
    "max": 16.067610763539555,
    "mean": 2.8220967291721255,
    "min": -12.15787984682433,
    "p16": -0.25462566906161727,
    "p50": 2.755151828875526,
    "p84": 5.968345118123484,
    "sd": 3.1831119650241297
  },
  "h0_highz_gr": {
    "max": 85.37855677972875,
    "mean": 68.27148540477096,
    "min": 55.714227419822656,
    "p16": 64.8191702069073,
    "p50": 68.05274420894742,
    "p84": 71.70906129088598,
    "sd": 3.5097629809132873
  },
  "h0_highz_mg": {
    "max": 83.07326084023235,
    "mean": 70.43191356366965,
    "min": 58.95261803610744,
    "p16": 67.44699174839306,
    "p50": 70.51872328380138,
    "p84": 73.33070213682859,
    "sd": 3.026587417694684
  },
  "h0_local_obs": {
    "max": 77.67496257963853,
    "mean": 73.2540102928418,
    "min": 69.07853361551967,
    "p16": 72.2550678544036,
    "p50": 73.25276082639445,
    "p84": 74.24860094240732,
    "sd": 1.0041374716464284
  },
  "local_minus_highz_gr_sigma": 1.3652835567542647,
  "local_minus_highz_mg_sigma": 0.8853604055775423,
  "p_gr_above_local_ref": 0.09339,
  "p_gr_below_local_ref": 0.90661,
  "p_gr_below_planck_ref": 0.41918,
  "z_anchor": 0.5
}
