{
  "apparent_gr_bias_vs_true": {
    "max": 6.9379766790206645,
    "mean": -2.5545417055424866,
    "min": -8.46748622931527,
    "p16": -4.459991620965982,
    "p50": -2.7574000941108068,
    "p84": -0.6065755390926806,
    "sd": 1.9559649461624096
  },
  "delta_local_minus_highz_gr": {
    "max": 18.20259373852801,
    "mean": 5.179691289718612,
    "min": -10.976318714957827,
    "p16": 1.9208823257343408,
    "p50": 5.298822713522647,
    "p84": 8.468897403753424,
    "sd": 3.356827993830725
  },
  "delta_local_minus_highz_mg": {
    "max": 15.781478815091965,
    "mean": 2.8376316664736883,
    "min": -11.018042275191675,
    "p16": -0.23358556563606156,
    "p50": 2.7744839448259384,
    "p84": 5.967735225372977,
    "sd": 3.1783886802853094
  },
  "h0_highz_gr": {
    "max": 82.27770525672999,
    "mean": 68.06876431941926,
    "min": 56.53154247777192,
    "p16": 64.90938103226436,
    "p50": 67.92300648758822,
    "p84": 71.1833289565417,
    "sd": 3.2084229244349785
  },
  "h0_highz_mg": {
    "max": 82.91234870923297,
    "mean": 70.4108239426642,
    "min": 58.92069444150095,
    "p16": 67.43609990649999,
    "p50": 70.48923636569072,
    "p84": 73.29113959510973,
    "sd": 3.02199170491009
  },
  "h0_local_obs": {
    "max": 77.49484969586331,
    "mean": 73.24845560913788,
    "min": 69.00225316909265,
    "p16": 72.25590868453286,
    "p50": 73.24733825274063,
    "p84": 74.24130196750883,
    "sd": 0.9969319306484026
  },
  "local_minus_highz_gr_sigma": 1.5412759945188377,
  "local_minus_highz_mg_sigma": 0.8914544004712027,
  "p_gr_above_local_ref": 0.06639,
  "p_gr_below_local_ref": 0.93361,
  "p_gr_below_planck_ref": 0.42885,
  "z_anchor": 0.35
}
