{
  "apparent_gr_bias_vs_true": {
    "max": 12.455924905390503,
    "mean": -1.488097717181652,
    "min": -10.693133712944586,
    "p16": -4.256919443523338,
    "p50": -1.834110696694907,
    "p84": 1.3210637399336602,
    "sd": 2.9018638874760354
  },
  "delta_local_minus_highz_gr": {
    "max": 18.819371239304637,
    "mean": 4.128242568596469,
    "min": -15.408303675939962,
    "p16": 0.14971637001968482,
    "p50": 4.350035035123327,
    "p84": 8.056813012054961,
    "sd": 4.004695227936969
  },
  "delta_local_minus_highz_mg": {
    "max": 15.380999973766578,
    "mean": 2.8514260506833344,
    "min": -10.80067185614621,
    "p16": -0.2304049686275431,
    "p50": 2.786519161900962,
    "p84": 5.992280108710897,
    "sd": 3.18514588374431
  },
  "h0_highz_gr": {
    "max": 88.34472964078451,
    "mean": 69.12248724322828,
    "min": 55.00938730150717,
    "p16": 65.28326575931204,
    "p50": 68.86256596334471,
    "p84": 72.97252762563436,
    "sd": 3.879461443714679
  },
  "h0_highz_mg": {
    "max": 83.14732656712332,
    "mean": 70.39930376114141,
    "min": 58.77842346782052,
    "p16": 67.39879909409927,
    "p50": 70.48303634166658,
    "p84": 73.31181248279415,
    "sd": 3.0275055151947208
  },
  "h0_local_obs": {
    "max": 77.45970141931328,
    "mean": 73.25072981182474,
    "min": 68.86889907967077,
    "p16": 72.2535633712721,
    "p50": 73.25163125382252,
    "p84": 74.24488469057219,
    "sd": 1.0006168796312096
  },
  "local_minus_highz_gr_sigma": 1.0304447197903954,
  "local_minus_highz_mg_sigma": 0.8943171385764199,
  "p_gr_above_local_ref": 0.15825,
  "p_gr_below_local_ref": 0.84175,
  "p_gr_below_planck_ref": 0.3381,
  "z_anchor": 0.62
}
