{
  "anchor_results": [
    {
      "apparent_gr_bias_vs_true": {
        "max": 4.284289513557397,
        "mean": -1.9362805930904776,
        "min": -6.758002617315029,
        "p16": -3.2556323944846395,
        "p50": -2.0309932412980842,
        "p84": -0.6108006189221689,
        "sd": 1.3385147073070023
      },
      "delta_local_minus_highz_gr": {
        "max": 16.958331550038416,
        "mean": 4.562842052227297,
        "min": -10.546490746749427,
        "p16": 1.5055291405604112,
        "p50": 4.590744073437236,
        "p84": 7.655824092799474,
        "sd": 3.1508997776755456
      },
      "delta_local_minus_highz_mg": {
        "max": 15.75665616547844,
        "mean": 2.837065930616969,
        "min": -11.213493606127955,
        "p16": -0.2512216882160294,
        "p50": 2.7710980330169335,
        "p84": 5.991324744051535,
        "sd": 3.1899517514141262
      },
      "h0_highz_gr": {
        "max": 82.35749853978514,
        "mean": 68.68426723616881,
        "min": 57.6213086379263,
        "p16": 65.75467424092713,
        "p50": 68.6550893424279,
        "p84": 71.55197096136762,
        "sd": 2.9867449875825334
      },
      "h0_highz_mg": {
        "max": 83.05730399980264,
        "mean": 70.41004335777913,
        "min": 58.982231580103566,
        "p16": 67.41233939731363,
        "p50": 70.50873205267445,
        "p84": 73.30367412531494,
        "sd": 3.025878227536401
      },
      "h0_local_obs": {
        "max": 77.32411341591536,
        "mean": 73.24710928839609,
        "min": 68.58005416953847,
        "p16": 72.25488252659453,
        "p50": 73.24678848249016,
        "p84": 74.24144617028279,
        "sd": 0.9987024216771418
      },
      "local_minus_highz_gr_sigma": 1.4486566597762327,
      "local_minus_highz_mg_sigma": 0.8902446770483753,
      "p_gr_above_local_ref": 0.07332,
      "p_gr_below_local_ref": 0.92668,
      "p_gr_below_planck_ref": 0.32948,
      "z_anchor": 0.2
    },
    {
      "apparent_gr_bias_vs_true": {
        "max": 6.9379766790206645,
        "mean": -2.5545417055424866,
        "min": -8.46748622931527,
        "p16": -4.459991620965982,
        "p50": -2.7574000941108068,
        "p84": -0.6065755390926806,
        "sd": 1.9559649461624096
      },
      "delta_local_minus_highz_gr": {
        "max": 18.20259373852801,
        "mean": 5.179691289718612,
        "min": -10.976318714957827,
        "p16": 1.9208823257343408,
        "p50": 5.298822713522647,
        "p84": 8.468897403753424,
        "sd": 3.356827993830725
      },
      "delta_local_minus_highz_mg": {
        "max": 15.781478815091965,
        "mean": 2.8376316664736883,
        "min": -11.018042275191675,
        "p16": -0.23358556563606156,
        "p50": 2.7744839448259384,
        "p84": 5.967735225372977,
        "sd": 3.1783886802853094
      },
      "h0_highz_gr": {
        "max": 82.27770525672999,
        "mean": 68.06876431941926,
        "min": 56.53154247777192,
        "p16": 64.90938103226436,
        "p50": 67.92300648758822,
        "p84": 71.1833289565417,
        "sd": 3.2084229244349785
      },
      "h0_highz_mg": {
        "max": 82.91234870923297,
        "mean": 70.4108239426642,
        "min": 58.92069444150095,
        "p16": 67.43609990649999,
        "p50": 70.48923636569072,
        "p84": 73.29113959510973,
        "sd": 3.02199170491009
      },
      "h0_local_obs": {
        "max": 77.49484969586331,
        "mean": 73.24845560913788,
        "min": 69.00225316909265,
        "p16": 72.25590868453286,
        "p50": 73.24733825274063,
        "p84": 74.24130196750883,
        "sd": 0.9969319306484026
      },
      "local_minus_highz_gr_sigma": 1.5412759945188377,
      "local_minus_highz_mg_sigma": 0.8914544004712027,
      "p_gr_above_local_ref": 0.06639,
      "p_gr_below_local_ref": 0.93361,
      "p_gr_below_planck_ref": 0.42885,
      "z_anchor": 0.35
    },
    {
      "apparent_gr_bias_vs_true": {
        "max": 9.225763538613876,
        "mean": -2.3731902212159435,
        "min": -10.161392113404297,
        "p16": -4.748929416660302,
        "p50": -2.660502592679208,
        "p84": 0.05423740714675757,
        "sd": 2.4627926933055004
      },
      "delta_local_minus_highz_gr": {
        "max": 19.33693263402779,
        "mean": 4.982524888070837,
        "min": -12.924222094244826,
        "p16": 1.4181397196912382,
        "p50": 5.172716154738424,
        "p84": 8.558389457230236,
        "sd": 3.6467380787681276
      },
      "delta_local_minus_highz_mg": {
        "max": 16.067610763539555,
        "mean": 2.8220967291721255,
        "min": -12.15787984682433,
        "p16": -0.25462566906161727,
        "p50": 2.755151828875526,
        "p84": 5.968345118123484,
        "sd": 3.1831119650241297
      },
      "h0_highz_gr": {
        "max": 85.37855677972875,
        "mean": 68.27148540477096,
        "min": 55.714227419822656,
        "p16": 64.8191702069073,
        "p50": 68.05274420894742,
        "p84": 71.70906129088598,
        "sd": 3.5097629809132873
      },
      "h0_highz_mg": {
        "max": 83.07326084023235,
        "mean": 70.43191356366965,
        "min": 58.95261803610744,
        "p16": 67.44699174839306,
        "p50": 70.51872328380138,
        "p84": 73.33070213682859,
        "sd": 3.026587417694684
      },
      "h0_local_obs": {
        "max": 77.67496257963853,
        "mean": 73.2540102928418,
        "min": 69.07853361551967,
        "p16": 72.2550678544036,
        "p50": 73.25276082639445,
        "p84": 74.24860094240732,
        "sd": 1.0041374716464284
      },
      "local_minus_highz_gr_sigma": 1.3652835567542647,
      "local_minus_highz_mg_sigma": 0.8853604055775423,
      "p_gr_above_local_ref": 0.09339,
      "p_gr_below_local_ref": 0.90661,
      "p_gr_below_planck_ref": 0.41918,
      "z_anchor": 0.5
    },
    {
      "apparent_gr_bias_vs_true": {
        "max": 12.455924905390503,
        "mean": -1.488097717181652,
        "min": -10.693133712944586,
        "p16": -4.256919443523338,
        "p50": -1.834110696694907,
        "p84": 1.3210637399336602,
        "sd": 2.9018638874760354
      },
      "delta_local_minus_highz_gr": {
        "max": 18.819371239304637,
        "mean": 4.128242568596469,
        "min": -15.408303675939962,
        "p16": 0.14971637001968482,
        "p50": 4.350035035123327,
        "p84": 8.056813012054961,
        "sd": 4.004695227936969
      },
      "delta_local_minus_highz_mg": {
        "max": 15.380999973766578,
        "mean": 2.8514260506833344,
        "min": -10.80067185614621,
        "p16": -0.2304049686275431,
        "p50": 2.786519161900962,
        "p84": 5.992280108710897,
        "sd": 3.18514588374431
      },
      "h0_highz_gr": {
        "max": 88.34472964078451,
        "mean": 69.12248724322828,
        "min": 55.00938730150717,
        "p16": 65.28326575931204,
        "p50": 68.86256596334471,
        "p84": 72.97252762563436,
        "sd": 3.879461443714679
      },
      "h0_highz_mg": {
        "max": 83.14732656712332,
        "mean": 70.39930376114141,
        "min": 58.77842346782052,
        "p16": 67.39879909409927,
        "p50": 70.48303634166658,
        "p84": 73.31181248279415,
        "sd": 3.0275055151947208
      },
      "h0_local_obs": {
        "max": 77.45970141931328,
        "mean": 73.25072981182474,
        "min": 68.86889907967077,
        "p16": 72.2535633712721,
        "p50": 73.25163125382252,
        "p84": 74.24488469057219,
        "sd": 1.0006168796312096
      },
      "local_minus_highz_gr_sigma": 1.0304447197903954,
      "local_minus_highz_mg_sigma": 0.8943171385764199,
      "p_gr_above_local_ref": 0.15825,
      "p_gr_below_local_ref": 0.84175,
      "p_gr_below_planck_ref": 0.3381,
      "z_anchor": 0.62
    }
  ],
  "draws_total": 1600,
  "draws_used": 1600,
  "h0_posterior_mg_truth": {
    "max": 81.12434628314327,
    "mean": 70.6139339829599,
    "min": 60.40119844002723,
    "p16": 67.71835091504013,