{
  "apparent_gr_bias_vs_true": {
    "max": 10.03369305146768,
    "mean": -1.9405306412268388,
    "min": -10.215752903612902,
    "p16": -4.3236731473073045,
    "p50": -2.2379610415087114,
    "p84": 0.5145563217414537,
    "sd": 2.480991429681105
  },
  "delta_local_minus_highz_gr": {
    "max": 18.368897747074335,
    "mean": 4.555395396111842,
    "min": -13.930597771824253,
    "p16": 0.9683560158895943,
    "p50": 4.733627365824702,
    "p84": 8.139816581946404,
    "sd": 3.6615352379855333
  },
  "delta_local_minus_highz_mg": {
    "max": 16.26452696991948,
    "mean": 2.4032470824414585,
    "min": -12.41628715363727,
    "p16": -0.6848316454606163,
    "p50": 2.3444409371381028,
    "p84": 5.545240803558489,
    "sd": 3.1963059109524394
  },
  "h0_highz_gr": {
    "max": 85.83385838827046,
    "mean": 68.68879040347348,
    "min": 55.891258446498604,
    "p16": 65.20558258616569,
    "p50": 68.47669280773151,
    "p84": 72.13583392913317,
    "sd": 3.5216669214351586
  },
  "h0_highz_mg": {
    "max": 83.53219665113518,
    "mean": 70.84093871714386,
    "min": 59.02284190710268,
    "p16": 67.84991974021818,
    "p50": 70.9236786003602,
    "p84": 73.74396939928522,
    "sd": 3.034796552001421
  },
  "h0_local_obs": {
    "max": 77.41263766833768,
    "mean": 73.24418579958532,
    "min": 68.94185897553609,
    "p16": 72.24561921044625,
    "p50": 73.2465385956279,
    "p84": 74.24189332562914,
    "sd": 1.0033738197431865
  },
  "local_minus_highz_gr_sigma": 1.2443399293437691,
  "local_minus_highz_mg_sigma": 0.7521176198399941,
  "p_gr_above_local_ref": 0.11148,
  "p_gr_below_local_ref": 0.88852,
  "p_gr_below_planck_ref": 0.36892,
  "z_anchor": 0.5
}
