{
  "apparent_gr_bias_vs_true": {
    "max": 6.766217772742635,
    "mean": -2.1427879413287574,
    "min": -7.902627895352097,
    "p16": -4.05308720882199,
    "p50": -2.3470732740792144,
    "p84": -0.16726753447600143,
    "sd": 1.9667254668569147
  },
  "delta_local_minus_highz_gr": {
    "max": 18.219403207807872,
    "mean": 4.772463061667696,
    "min": -11.689930161268535,
    "p16": 1.4943109027699673,
    "p50": 4.8624416948909115,
    "p84": 8.07307078922009,
    "sd": 3.35900754743761
  },
  "delta_local_minus_highz_mg": {
    "max": 15.725069576449329,
    "mean": 2.420702714965536,
    "min": -11.914512924089763,
    "p16": -0.6553727038424313,
    "p50": 2.3538674915277085,
    "p84": 5.561046092271592,
    "sd": 3.189978998606753
  },
  "h0_highz_gr": {
    "max": 82.5488304815729,
    "mean": 68.47629209166108,
    "min": 56.18736967763881,
    "p16": 65.32217460690104,
    "p50": 68.3426987244736,
    "p84": 71.60303687216916,
    "sd": 3.20675274711346
  },
  "h0_highz_mg": {
    "max": 82.99345903273078,
    "mean": 70.82805243836326,
    "min": 58.64078281060528,
    "p16": 67.82681714733897,
    "p50": 70.91643491781502,
    "p84": 73.72397528956577,
    "sd": 3.0332023793894987
  },
  "h0_local_obs": {
    "max": 78.03601646893466,
    "mean": 73.24875515332879,
    "min": 68.65372575783154,
    "p16": 72.25502660717035,
    "p50": 73.24873724337917,
    "p84": 74.24427180936816,
    "sd": 1.0018418159596902
  },
  "local_minus_highz_gr_sigma": 1.420774705485793,
  "local_minus_highz_mg_sigma": 0.7579396552068546,
  "p_gr_above_local_ref": 0.08192,
  "p_gr_below_local_ref": 0.91808,
  "p_gr_below_planck_ref": 0.37272,
  "z_anchor": 0.35
}
