{
  "apparent_gr_bias_vs_true": {
    "max": 4.781396575529314,
    "mean": -1.5238548270923924,
    "min": -6.263493934855134,
    "p16": -2.8418059480868716,
    "p50": -1.6150022990911523,
    "p84": -0.18929946906686312,
    "sd": 1.3410280695899925
  },
  "delta_local_minus_highz_gr": {
    "max": 17.24973865045252,
    "mean": 4.146580206219797,
    "min": -10.975092978669863,
    "p16": 1.0986436012620795,
    "p50": 4.171068255076101,
    "p84": 7.229423748010258,
    "sd": 3.1525148560752263
  },
  "delta_local_minus_highz_mg": {
    "max": 15.74508830321978,
    "mean": 2.4113237220422916,
    "min": -11.647829577875669,
    "p16": -0.6548329402794906,
    "p50": 2.346751115951214,
    "p84": 5.530075965013169,
    "sd": 3.1777468854707474
  },
  "h0_highz_gr": {
    "max": 82.75476033471767,
    "mean": 69.09587332282666,
    "min": 57.42810060802807,
    "p16": 66.17124838064679,
    "p50": 69.05740087879164,
    "p84": 71.96864302592346,
    "sd": 2.9883029894945934
  },
  "h0_highz_mg": {
    "max": 83.4358269625334,
    "mean": 70.83112980700419,
    "min": 58.93275095526081,
    "p16": 67.85655871208915,
    "p50": 70.92020878936259,
    "p84": 73.70955628003472,
    "sd": 3.0148684087145683
  },
  "h0_local_obs": {
    "max": 77.52610274725741,
    "mean": 73.24245352904647,
    "min": 68.23264885080417,
    "p16": 72.24616668102362,
    "p50": 73.2430552317706,
    "p84": 74.24745070133396,
    "sd": 1.0011758270576487
  },
  "local_minus_highz_gr_sigma": 1.3158804521002214,
  "local_minus_highz_mg_sigma": 0.7591405149427728,
  "p_gr_above_local_ref": 0.09294,
  "p_gr_below_local_ref": 0.90706,
  "p_gr_below_planck_ref": 0.28028,
  "z_anchor": 0.2
}
