{
  "apparent_gr_bias_vs_true": {
    "max": 12.979077052370116,
    "mean": -1.0613798712205378,
    "min": -10.245748852669124,
    "p16": -3.854240232902503,
    "p50": -1.4098863901178973,
    "p84": 1.771768608683866,
    "sd": 2.9244785042074866
  },
  "delta_local_minus_highz_gr": {
    "max": 18.860983476635198,
    "mean": 3.69135831024934,
    "min": -16.7199796861984,
    "p16": -0.2737054979738275,
    "p50": 3.9347752678201573,
    "p84": 7.656563391151499,
    "sd": 4.02967141137156
  },
  "delta_local_minus_highz_mg": {
    "max": 14.984774410113296,
    "mean": 2.41886345291769,
    "min": -10.815118319264727,
    "p16": -0.6724695673777643,
    "p50": 2.351626372246322,
    "p84": 5.579002202464188,
    "sd": 3.2050147819165673
  },
  "h0_highz_gr": {
    "max": 88.85480895455143,
    "mean": 69.560100793938,
    "min": 55.35788481978965,
    "p16": 65.70550375618701,
    "p50": 69.27282106305759,
    "p84": 73.39775831813373,
    "sd": 3.897830585050154
  },
  "h0_highz_mg": {
    "max": 82.94950232574695,
    "mean": 70.83259565126964,
    "min": 58.91888241912685,
    "p16": 67.818427834463,
    "p50": 70.92294443414748,
    "p84": 73.72951999492572,
    "sd": 3.0424187590913174
  },
  "h0_local_obs": {
    "max": 78.14137040844963,
    "mean": 73.25145910418733,
    "min": 68.28506153491551,
    "p16": 72.26118855918729,
    "p50": 73.24726846839883,
    "p84": 74.24630419439616,
    "sd": 1.0017855298933653
  },
  "local_minus_highz_gr_sigma": 0.9173211956897458,
  "local_minus_highz_mg_sigma": 0.7552934924312298,
  "p_gr_above_local_ref": 0.18557,
  "p_gr_below_local_ref": 0.81443,
  "p_gr_below_planck_ref": 0.29497,
  "z_anchor": 0.62
}
