{
  "anchor_results": [
    {
      "apparent_gr_bias_vs_true": {
        "max": 4.781396575529314,
        "mean": -1.5238548270923924,
        "min": -6.263493934855134,
        "p16": -2.8418059480868716,
        "p50": -1.6150022990911523,
        "p84": -0.18929946906686312,
        "sd": 1.3410280695899925
      },
      "delta_local_minus_highz_gr": {
        "max": 17.24973865045252,
        "mean": 4.146580206219797,
        "min": -10.975092978669863,
        "p16": 1.0986436012620795,
        "p50": 4.171068255076101,
        "p84": 7.229423748010258,
        "sd": 3.1525148560752263
      },
      "delta_local_minus_highz_mg": {
        "max": 15.74508830321978,
        "mean": 2.4113237220422916,
        "min": -11.647829577875669,
        "p16": -0.6548329402794906,
        "p50": 2.346751115951214,
        "p84": 5.530075965013169,
        "sd": 3.1777468854707474
      },
      "h0_highz_gr": {
        "max": 82.75476033471767,
        "mean": 69.09587332282666,
        "min": 57.42810060802807,
        "p16": 66.17124838064679,
        "p50": 69.05740087879164,
        "p84": 71.96864302592346,
        "sd": 2.9883029894945934
      },
      "h0_highz_mg": {
        "max": 83.4358269625334,
        "mean": 70.83112980700419,
        "min": 58.93275095526081,
        "p16": 67.85655871208915,
        "p50": 70.92020878936259,
        "p84": 73.70955628003472,
        "sd": 3.0148684087145683
      },
      "h0_local_obs": {
        "max": 77.52610274725741,
        "mean": 73.24245352904647,
        "min": 68.23264885080417,
        "p16": 72.24616668102362,
        "p50": 73.2430552317706,
        "p84": 74.24745070133396,
        "sd": 1.0011758270576487
      },
      "local_minus_highz_gr_sigma": 1.3158804521002214,
      "local_minus_highz_mg_sigma": 0.7591405149427728,
      "p_gr_above_local_ref": 0.09294,
      "p_gr_below_local_ref": 0.90706,
      "p_gr_below_planck_ref": 0.28028,
      "z_anchor": 0.2
    },
    {
      "apparent_gr_bias_vs_true": {
        "max": 6.766217772742635,
        "mean": -2.1427879413287574,
        "min": -7.902627895352097,
        "p16": -4.05308720882199,
        "p50": -2.3470732740792144,
        "p84": -0.16726753447600143,
        "sd": 1.9667254668569147
      },
      "delta_local_minus_highz_gr": {
        "max": 18.219403207807872,
        "mean": 4.772463061667696,
        "min": -11.689930161268535,
        "p16": 1.4943109027699673,
        "p50": 4.8624416948909115,
        "p84": 8.07307078922009,
        "sd": 3.35900754743761
      },
      "delta_local_minus_highz_mg": {
        "max": 15.725069576449329,
        "mean": 2.420702714965536,
        "min": -11.914512924089763,
        "p16": -0.6553727038424313,
        "p50": 2.3538674915277085,
        "p84": 5.561046092271592,
        "sd": 3.189978998606753
      },
      "h0_highz_gr": {
        "max": 82.5488304815729,
        "mean": 68.47629209166108,
        "min": 56.18736967763881,
        "p16": 65.32217460690104,
        "p50": 68.3426987244736,
        "p84": 71.60303687216916,
        "sd": 3.20675274711346
      },
      "h0_highz_mg": {
        "max": 82.99345903273078,
        "mean": 70.82805243836326,
        "min": 58.64078281060528,
        "p16": 67.82681714733897,
        "p50": 70.91643491781502,
        "p84": 73.72397528956577,
        "sd": 3.0332023793894987
      },
      "h0_local_obs": {
        "max": 78.03601646893466,
        "mean": 73.24875515332879,
        "min": 68.65372575783154,
        "p16": 72.25502660717035,
        "p50": 73.24873724337917,
        "p84": 74.24427180936816,
        "sd": 1.0018418159596902
      },
      "local_minus_highz_gr_sigma": 1.420774705485793,
      "local_minus_highz_mg_sigma": 0.7579396552068546,
      "p_gr_above_local_ref": 0.08192,
      "p_gr_below_local_ref": 0.91808,
      "p_gr_below_planck_ref": 0.37272,
      "z_anchor": 0.35
    },
    {
      "apparent_gr_bias_vs_true": {
        "max": 10.03369305146768,
        "mean": -1.9405306412268388,
        "min": -10.215752903612902,
        "p16": -4.3236731473073045,
        "p50": -2.2379610415087114,
        "p84": 0.5145563217414537,
        "sd": 2.480991429681105
      },
      "delta_local_minus_highz_gr": {
        "max": 18.368897747074335,
        "mean": 4.555395396111842,
        "min": -13.930597771824253,
        "p16": 0.9683560158895943,
        "p50": 4.733627365824702,
        "p84": 8.139816581946404,
        "sd": 3.6615352379855333
      },
      "delta_local_minus_highz_mg": {
        "max": 16.26452696991948,
        "mean": 2.4032470824414585,
        "min": -12.41628715363727,
        "p16": -0.6848316454606163,
        "p50": 2.3444409371381028,
        "p84": 5.545240803558489,
        "sd": 3.1963059109524394
      },
      "h0_highz_gr": {
        "max": 85.83385838827046,
        "mean": 68.68879040347348,
        "min": 55.891258446498604,
        "p16": 65.20558258616569,
        "p50": 68.47669280773151,
        "p84": 72.13583392913317,
        "sd": 3.5216669214351586
      },
      "h0_highz_mg": {
        "max": 83.53219665113518,
        "mean": 70.84093871714386,
        "min": 59.02284190710268,
        "p16": 67.84991974021818,
        "p50": 70.9236786003602,
        "p84": 73.74396939928522,
        "sd": 3.034796552001421
      },
      "h0_local_obs": {
        "max": 77.41263766833768,
        "mean": 73.24418579958532,
        "min": 68.94185897553609,
        "p16": 72.24561921044625,
        "p50": 73.2465385956279,
        "p84": 74.24189332562914,
        "sd": 1.0033738197431865
      },
      "local_minus_highz_gr_sigma": 1.2443399293437691,
      "local_minus_highz_mg_sigma": 0.7521176198399941,
      "p_gr_above_local_ref": 0.11148,
      "p_gr_below_local_ref": 0.88852,
      "p_gr_below_planck_ref": 0.36892,
      "z_anchor": 0.5
    },
    {
      "apparent_gr_bias_vs_true": {
        "max": 12.979077052370116,
        "mean": -1.0613798712205378,
        "min": -10.245748852669124,
        "p16": -3.854240232902503,
        "p50": -1.4098863901178973,
        "p84": 1.771768608683866,
        "sd": 2.9244785042074866
      },
      "delta_local_minus_highz_gr": {
        "max": 18.860983476635198,
        "mean": 3.69135831024934,
        "min": -16.7199796861984,
        "p16": -0.2737054979738275,
        "p50": 3.9347752678201573,
        "p84": 7.656563391151499,
        "sd": 4.02967141137156
      },
      "delta_local_minus_highz_mg": {
        "max": 14.984774410113296,
        "mean": 2.41886345291769,
        "min": -10.815118319264727,
        "p16": -0.6724695673777643,
        "p50": 2.351626372246322,
        "p84": 5.579002202464188,
        "sd": 3.2050147819165673
      },
      "h0_highz_gr": {
        "max": 88.85480895455143,
        "mean": 69.560100793938,
        "min": 55.35788481978965,
        "p16": 65.70550375618701,
        "p50": 69.27282106305759,
        "p84": 73.39775831813373,
        "sd": 3.897830585050154
      },
      "h0_highz_mg": {
        "max": 82.94950232574695,
        "mean": 70.83259565126964,
        "min": 58.91888241912685,
        "p16": 67.818427834463,
        "p50": 70.92294443414748,
        "p84": 73.72951999492572,
        "sd": 3.0424187590913174
      },
      "h0_local_obs": {
        "max": 78.14137040844963,
        "mean": 73.25145910418733,
        "min": 68.28506153491551,
        "p16": 72.26118855918729,
        "p50": 73.24726846839883,
        "p84": 74.24630419439616,
        "sd": 1.0017855298933653
      },
      "local_minus_highz_gr_sigma": 0.9173211956897458,
      "local_minus_highz_mg_sigma": 0.7552934924312298,
      "p_gr_above_local_ref": 0.18557,
      "p_gr_below_local_ref": 0.81443,
      "p_gr_below_planck_ref": 0.29497,
      "z_anchor": 0.62
    }
  ],
  "draws_total": 1600,
  "draws_used": 1600,
  "h0_posterior_mg_truth": {
    "max": 81.12434628314327,
    "mean": 70.6139339829599,
    "min": 60.40119844002723,
    "p16": 67.71835091504013,