{
  "apparent_gr_bias_vs_true": {
    "max": 9.272542416806317,
    "mean": -2.025818744381679,
    "min": -9.684844973759922,
    "p16": -4.519566483772347,
    "p50": -2.2763042128071334,
    "p84": 0.5398039632719424,
    "sd": 2.5931348610532385
  },
  "delta_local_minus_highz_gr": {
    "max": 18.691171691074082,
    "mean": 4.584396138071943,
    "min": -13.95940295553315,
    "p16": 0.8891371922755513,
    "p50": 4.7622913385650065,
    "p84": 8.339129102323392,
    "sd": 3.780205138955107
  },
  "delta_local_minus_highz_mg": {
    "max": 14.693148428329891,
    "mean": 2.556307722658309,
    "min": -11.630339851365932,
    "p16": -0.650086425102968,
    "p50": 2.6566119479380887,
    "p84": 5.788630209192056,
    "sd": 3.2987663945778163
  },
  "h0_highz_gr": {
    "max": 85.79210488617836,
    "mean": 68.66722954747938,
    "min": 55.922652461787365,
    "p16": 65.01954582646538,
    "p50": 68.48374311241545,
    "p84": 72.2340365653652,
    "sd": 3.6481904186982934
  },
  "h0_highz_mg": {
    "max": 83.46304178201115,
    "mean": 70.69531796289303,
    "min": 59.13516419452595,
    "p16": 67.62646043699277,
    "p50": 70.58326716248192,
    "p84": 73.73284728350828,
    "sd": 3.145694525042387
  },
  "h0_local_obs": {
    "max": 77.69797479683294,
    "mean": 73.25162568555133,
    "min": 68.9662069997732,
    "p16": 72.25829159736278,
    "p50": 73.25104222430116,
    "p84": 74.24704696011054,
    "sd": 0.9978224442369447
  },
  "local_minus_highz_gr_sigma": 1.2119174666388293,
  "local_minus_highz_mg_sigma": 0.7744469276959641,
  "p_gr_above_local_ref": 0.11519,
  "p_gr_below_local_ref": 0.88481,
  "p_gr_below_planck_ref": 0.37797,
  "z_anchor": 0.5
}
