{
  "apparent_gr_bias_vs_true": {
    "max": 7.149810944199899,
    "mean": -2.2241274044861683,
    "min": -8.932591181427341,
    "p16": -4.246108991587814,
    "p50": -2.3965168126400727,
    "p84": -0.16365239608783366,
    "sd": 2.0630356219716375
  },
  "delta_local_minus_highz_gr": {
    "max": 18.20202556945972,
    "mean": 4.793198177186891,
    "min": -12.252081612079877,
    "p16": 1.3649460697246412,
    "p50": 4.942868745391124,
    "p84": 8.21631592645855,
    "sd": 3.4946495453226425
  },
  "delta_local_minus_highz_mg": {
    "max": 15.47231190530811,
    "mean": 2.5709919593815984,
    "min": -11.631239773634121,
    "p16": -0.6579533103607706,
    "p50": 2.6846694988014477,
    "p84": 5.792563369048198,
    "sd": 3.30805984318986
  },
  "h0_highz_gr": {
    "max": 83.9745233857784,
    "mean": 68.46120088191856,
    "min": 56.956640610125234,
    "p16": 65.1437809990443,
    "p50": 68.31249744554768,
    "p84": 71.74059359388052,
    "sd": 3.3402542210702637
  },
  "h0_highz_mg": {
    "max": 83.50594077967247,
    "mean": 70.68340709972385,
    "min": 58.98663446088114,
    "p16": 67.62562366220824,
    "p50": 70.57327014478031,
    "p84": 73.74417776271112,
    "sd": 3.144953129841531
  },
  "h0_local_obs": {
    "max": 77.43364373452506,
    "mean": 73.25439905910545,
    "min": 68.95109905431156,
    "p16": 72.2569300749441,
    "p50": 73.25440833035933,
    "p84": 74.25147130680237,
    "sd": 1.0018631459839797
  },
  "local_minus_highz_gr_sigma": 1.3746965719694886,
  "local_minus_highz_mg_sigma": 0.7790623543971348,
  "p_gr_above_local_ref": 0.08864,
  "p_gr_below_local_ref": 0.91136,
  "p_gr_below_planck_ref": 0.38703,
  "z_anchor": 0.35
}
