{
  "apparent_gr_bias_vs_true": {
    "max": 11.377741197134213,
    "mean": -1.1935708433335996,
    "min": -10.335906738394428,
    "p16": -4.034488146069858,
    "p50": -1.5110577924906536,
    "p84": 1.7300611420958252,
    "sd": 2.9895725997474245
  },
  "delta_local_minus_highz_gr": {
    "max": 18.893632729236437,
    "mean": 3.746880694722384,
    "min": -15.730331154906338,
    "p16": -0.24031873437053944,
    "p50": 3.939603767453683,
    "p84": 7.817855731337129,
    "sd": 4.08037425084568
  },
  "delta_local_minus_highz_mg": {
    "max": 15.580136796846695,
    "mean": 2.553102155103875,
    "min": -11.900852544367282,
    "p16": -0.6553505836268766,
    "p50": 2.645083393165031,
    "p84": 5.776519680135484,
    "sd": 3.290134803986878
  },
  "h0_highz_gr": {
    "max": 86.54519659198724,
    "mean": 69.49903284263569,
    "min": 55.795388832113545,
    "p16": 65.52859421204995,
    "p50": 69.27206651192253,
    "p84": 73.37771274740594,
    "sd": 3.959002025763011
  },
  "h0_highz_mg": {
    "max": 83.13114611244136,
    "mean": 70.69281138225419,
    "min": 58.46239492475567,
    "p16": 67.63408736030851,
    "p50": 70.59518980041965,
    "p84": 73.73648298750692,
    "sd": 3.1338386150083846
  },
  "h0_local_obs": {
    "max": 77.1799180706967,
    "mean": 73.24591353735806,
    "min": 68.82722737222306,
    "p16": 72.25513757230716,
    "p50": 73.24722455611828,
    "p84": 74.2408846251527,
    "sd": 1.001060547217263
  },
  "local_minus_highz_gr_sigma": 0.9176010709773352,
  "local_minus_highz_mg_sigma": 0.7761320327308083,
  "p_gr_above_local_ref": 0.18301,
  "p_gr_below_local_ref": 0.81699,
  "p_gr_below_planck_ref": 0.3095,
  "z_anchor": 0.62
}
