{
  "apparent_gr_bias_vs_true": {
    "max": 4.553851927389047,
    "mean": -1.648480827832346,
    "min": -6.65787852724857,
    "p16": -3.028646382619913,
    "p50": -1.7346944514489593,
    "p84": -0.25252041492020966,
    "sd": 1.39624858288115
  },
  "delta_local_minus_highz_gr": {
    "max": 16.354074370642337,
    "mean": 4.213709890254098,
    "min": -11.224919931694501,
    "p16": 1.0484380518851617,
    "p50": 4.309025484605357,
    "p84": 7.407323363318724,
    "sd": 3.2671127388978247
  },
  "delta_local_minus_highz_mg": {
    "max": 15.459197269955077,
    "mean": 2.5658064476776983,
    "min": -11.339650714530919,
    "p16": -0.6343210094451547,
    "p50": 2.6554932022554283,
    "p84": 5.780920674124239,
    "sd": 3.2977670511297927
  },
  "h0_highz_gr": {
    "max": 83.4532722765294,
    "mean": 69.03628681425548,
    "min": 58.25332576272658,
    "p16": 65.97996931823711,
    "p50": 68.95094340189169,
    "p84": 72.04294047891612,
    "sd": 3.1098769765091085
  },
  "h0_highz_mg": {
    "max": 83.37296255205077,
    "mean": 70.68419025683187,
    "min": 58.70332468462697,
    "p16": 67.61280643330691,
    "p50": 70.5770866319263,
    "p84": 73.7221320076397,
    "sd": 3.143197993725065
  },
  "h0_local_obs": {
    "max": 77.76757517569519,
    "mean": 73.24999670450957,
    "min": 69.13544407706887,
    "p16": 72.25286540044276,
    "p50": 73.25580047101526,
    "p84": 74.23766312482124,
    "sd": 0.9984581412767932
  },
  "local_minus_highz_gr_sigma": 1.28989767093824,
  "local_minus_highz_mg_sigma": 0.7778852905332548,
  "p_gr_above_local_ref": 0.10232,
  "p_gr_below_local_ref": 0.89768,
  "p_gr_below_planck_ref": 0.30263,
  "z_anchor": 0.2
}
