{
  "anchor_results": [
    {
      "apparent_gr_bias_vs_true": {
        "max": 4.553851927389047,
        "mean": -1.648480827832346,
        "min": -6.65787852724857,
        "p16": -3.028646382619913,
        "p50": -1.7346944514489593,
        "p84": -0.25252041492020966,
        "sd": 1.39624858288115
      },
      "delta_local_minus_highz_gr": {
        "max": 16.354074370642337,
        "mean": 4.213709890254098,
        "min": -11.224919931694501,
        "p16": 1.0484380518851617,
        "p50": 4.309025484605357,
        "p84": 7.407323363318724,
        "sd": 3.2671127388978247
      },
      "delta_local_minus_highz_mg": {
        "max": 15.459197269955077,
        "mean": 2.5658064476776983,
        "min": -11.339650714530919,
        "p16": -0.6343210094451547,
        "p50": 2.6554932022554283,
        "p84": 5.780920674124239,
        "sd": 3.2977670511297927
      },
      "h0_highz_gr": {
        "max": 83.4532722765294,
        "mean": 69.03628681425548,
        "min": 58.25332576272658,
        "p16": 65.97996931823711,
        "p50": 68.95094340189169,
        "p84": 72.04294047891612,
        "sd": 3.1098769765091085
      },
      "h0_highz_mg": {
        "max": 83.37296255205077,
        "mean": 70.68419025683187,
        "min": 58.70332468462697,
        "p16": 67.61280643330691,
        "p50": 70.5770866319263,
        "p84": 73.7221320076397,
        "sd": 3.143197993725065
      },
      "h0_local_obs": {
        "max": 77.76757517569519,
        "mean": 73.24999670450957,
        "min": 69.13544407706887,
        "p16": 72.25286540044276,
        "p50": 73.25580047101526,
        "p84": 74.23766312482124,
        "sd": 0.9984581412767932
      },
      "local_minus_highz_gr_sigma": 1.28989767093824,
      "local_minus_highz_mg_sigma": 0.7778852905332548,
      "p_gr_above_local_ref": 0.10232,
      "p_gr_below_local_ref": 0.89768,
      "p_gr_below_planck_ref": 0.30263,
      "z_anchor": 0.2
    },
    {
      "apparent_gr_bias_vs_true": {
        "max": 7.149810944199899,
        "mean": -2.2241274044861683,
        "min": -8.932591181427341,
        "p16": -4.246108991587814,
        "p50": -2.3965168126400727,
        "p84": -0.16365239608783366,
        "sd": 2.0630356219716375
      },
      "delta_local_minus_highz_gr": {
        "max": 18.20202556945972,
        "mean": 4.793198177186891,
        "min": -12.252081612079877,
        "p16": 1.3649460697246412,
        "p50": 4.942868745391124,
        "p84": 8.21631592645855,
        "sd": 3.4946495453226425
      },
      "delta_local_minus_highz_mg": {
        "max": 15.47231190530811,
        "mean": 2.5709919593815984,
        "min": -11.631239773634121,
        "p16": -0.6579533103607706,
        "p50": 2.6846694988014477,
        "p84": 5.792563369048198,
        "sd": 3.30805984318986
      },
      "h0_highz_gr": {
        "max": 83.9745233857784,
        "mean": 68.46120088191856,
        "min": 56.956640610125234,
        "p16": 65.1437809990443,
        "p50": 68.31249744554768,
        "p84": 71.74059359388052,
        "sd": 3.3402542210702637
      },
      "h0_highz_mg": {
        "max": 83.50594077967247,
        "mean": 70.68340709972385,
        "min": 58.98663446088114,
        "p16": 67.62562366220824,
        "p50": 70.57327014478031,
        "p84": 73.74417776271112,
        "sd": 3.144953129841531
      },
      "h0_local_obs": {
        "max": 77.43364373452506,
        "mean": 73.25439905910545,
        "min": 68.95109905431156,
        "p16": 72.2569300749441,
        "p50": 73.25440833035933,
        "p84": 74.25147130680237,
        "sd": 1.0018631459839797
      },
      "local_minus_highz_gr_sigma": 1.3746965719694886,
      "local_minus_highz_mg_sigma": 0.7790623543971348,
      "p_gr_above_local_ref": 0.08864,
      "p_gr_below_local_ref": 0.91136,
      "p_gr_below_planck_ref": 0.38703,
      "z_anchor": 0.35
    },
    {
      "apparent_gr_bias_vs_true": {
        "max": 9.272542416806317,
        "mean": -2.025818744381679,
        "min": -9.684844973759922,
        "p16": -4.519566483772347,
        "p50": -2.2763042128071334,
        "p84": 0.5398039632719424,
        "sd": 2.5931348610532385
      },
      "delta_local_minus_highz_gr": {
        "max": 18.691171691074082,
        "mean": 4.584396138071943,
        "min": -13.95940295553315,
        "p16": 0.8891371922755513,
        "p50": 4.7622913385650065,
        "p84": 8.339129102323392,
        "sd": 3.780205138955107
      },
      "delta_local_minus_highz_mg": {
        "max": 14.693148428329891,
        "mean": 2.556307722658309,
        "min": -11.630339851365932,
        "p16": -0.650086425102968,
        "p50": 2.6566119479380887,
        "p84": 5.788630209192056,
        "sd": 3.2987663945778163
      },
      "h0_highz_gr": {
        "max": 85.79210488617836,
        "mean": 68.66722954747938,
        "min": 55.922652461787365,
        "p16": 65.01954582646538,
        "p50": 68.48374311241545,
        "p84": 72.2340365653652,
        "sd": 3.6481904186982934
      },
      "h0_highz_mg": {
        "max": 83.46304178201115,
        "mean": 70.69531796289303,
        "min": 59.13516419452595,
        "p16": 67.62646043699277,
        "p50": 70.58326716248192,
        "p84": 73.73284728350828,
        "sd": 3.145694525042387
      },
      "h0_local_obs": {
        "max": 77.69797479683294,
        "mean": 73.25162568555133,
        "min": 68.9662069997732,
        "p16": 72.25829159736278,
        "p50": 73.25104222430116,
        "p84": 74.24704696011054,
        "sd": 0.9978224442369447
      },
      "local_minus_highz_gr_sigma": 1.2119174666388293,
      "local_minus_highz_mg_sigma": 0.7744469276959641,
      "p_gr_above_local_ref": 0.11519,
      "p_gr_below_local_ref": 0.88481,
      "p_gr_below_planck_ref": 0.37797,
      "z_anchor": 0.5
    },
    {
      "apparent_gr_bias_vs_true": {
        "max": 11.377741197134213,
        "mean": -1.1935708433335996,
        "min": -10.335906738394428,
        "p16": -4.034488146069858,
        "p50": -1.5110577924906536,
        "p84": 1.7300611420958252,
        "sd": 2.9895725997474245
      },
      "delta_local_minus_highz_gr": {
        "max": 18.893632729236437,
        "mean": 3.746880694722384,
        "min": -15.730331154906338,
        "p16": -0.24031873437053944,
        "p50": 3.939603767453683,
        "p84": 7.817855731337129,
        "sd": 4.08037425084568
      },
      "delta_local_minus_highz_mg": {
        "max": 15.580136796846695,
        "mean": 2.553102155103875,
        "min": -11.900852544367282,
        "p16": -0.6553505836268766,
        "p50": 2.645083393165031,
        "p84": 5.776519680135484,
        "sd": 3.290134803986878
      },
      "h0_highz_gr": {
        "max": 86.54519659198724,
        "mean": 69.49903284263569,
        "min": 55.795388832113545,
        "p16": 65.52859421204995,
        "p50": 69.27206651192253,
        "p84": 73.37771274740594,
        "sd": 3.959002025763011
      },
      "h0_highz_mg": {
        "max": 83.13114611244136,
        "mean": 70.69281138225419,
        "min": 58.46239492475567,
        "p16": 67.63408736030851,
        "p50": 70.59518980041965,
        "p84": 73.73648298750692,
        "sd": 3.1338386150083846
      },
      "h0_local_obs": {
        "max": 77.1799180706967,
        "mean": 73.24591353735806,
        "min": 68.82722737222306,
        "p16": 72.25513757230716,
        "p50": 73.24722455611828,
        "p84": 74.2408846251527,
        "sd": 1.001060547217263
      },
      "local_minus_highz_gr_sigma": 0.9176010709773352,
      "local_minus_highz_mg_sigma": 0.7761320327308083,
      "p_gr_above_local_ref": 0.18301,
      "p_gr_below_local_ref": 0.81699,
      "p_gr_below_planck_ref": 0.3095,
      "z_anchor": 0.62
    }
  ],
  "draws_total": 1600,
  "draws_used": 1600,
  "h0_posterior_mg_truth": {
    "max": 81.34840392208962,
    "mean": 70.68931182042479,
    "min": 60.443182238538995,
    "p16": 67.69470401834123,