{
  "apparent_gr_bias_vs_true": {
    "max": 9.207475319198352,
    "mean": -2.023099226930661,
    "min": -9.869143997239973,
    "p16": -4.514782518833025,
    "p50": -2.275546282371643,
    "p84": 0.5331320577924183,
    "sd": 2.5780395877278472
  },
  "delta_local_minus_highz_gr": {
    "max": 18.435095732212105,
    "mean": 4.337827059717981,
    "min": -15.182718754226443,
    "p16": 0.6530719391630186,
    "p50": 4.500091759903583,
    "p84": 8.0656246377948,
    "sd": 3.7752445981505875
  },
  "delta_local_minus_highz_mg": {
    "max": 16.585506369239305,
    "mean": 2.313415935120597,
    "min": -12.90800214430277,
    "p16": -0.9056306624786891,
    "p50": 2.4134638944484195,
    "p84": 5.550923536151175,
    "sd": 3.3016634988500373
  },
  "h0_highz_gr": {
    "max": 85.73013091841855,
    "mean": 68.66419227474915,
    "min": 55.8797129963405,
    "p16": 65.0238429935154,
    "p50": 68.4874407563681,
    "p84": 72.21993323194674,
    "sd": 3.6356784332625405
  },
  "h0_highz_mg": {
    "max": 83.40275026838765,
    "mean": 70.68860339934653,
    "min": 58.25333963482857,
    "p16": 67.62851830030316,
    "p50": 70.5719653836171,
    "p84": 73.73951779427105,
    "sd": 3.1447884053615467
  },
  "h0_local_obs": {
    "max": 77.7198866389407,
    "mean": 73.00201933446712,
    "min": 68.05204426610076,
    "p16": 72.00470291666704,
    "p50": 73.00406853724404,
    "p84": 74.00014468940759,
    "sd": 1.0013174746133353
  },
  "local_minus_highz_gr_sigma": 1.1504044966973248,
  "local_minus_highz_mg_sigma": 0.7010449776307184,
  "p_gr_above_local_ref": 0.11353,
  "p_gr_below_local_ref": 0.88647,
  "p_gr_below_planck_ref": 0.37778,
  "z_anchor": 0.5
}
