{
  "apparent_gr_bias_vs_true": {
    "max": 4.93008707933862,
    "mean": -1.6468388611769873,
    "min": -6.4394371817393505,
    "p16": -3.0301311461153166,
    "p50": -1.7337227012484,
    "p84": -0.25450014610226857,
    "sd": 1.3962650802453687
  },
  "delta_local_minus_highz_gr": {
    "max": 16.5518197596582,
    "mean": 3.944366059715781,
    "min": -11.596508307138564,
    "p16": 0.7533618110458349,
    "p50": 4.047555776114663,
    "p84": 7.145179014917536,
    "sd": 3.266507656240276
  },
  "delta_local_minus_highz_mg": {
    "max": 15.29130418556911,
    "mean": 2.2977031931346534,
    "min": -11.412037758703832,
    "p16": -0.9407218272303873,
    "p50": 2.390920043177971,
    "p84": 5.543050226844663,
    "sd": 3.297696299098453
  },
  "h0_highz_gr": {
    "max": 83.24895578062852,
    "mean": 69.05353940388855,
    "min": 58.35965458266194,
    "p16": 65.98980069242441,
    "p50": 68.94735501340033,
    "p84": 72.07443765667675,
    "sd": 3.108568055261321
  },
  "h0_highz_mg": {
    "max": 83.82529493230967,
    "mean": 70.70020227046969,
    "min": 58.29554657387993,
    "p16": 67.62017432009732,
    "p50": 70.60620769610613,
    "p84": 73.76223660693125,
    "sd": 3.141103443054462
  },
  "h0_local_obs": {
    "max": 77.2690097130182,
    "mean": 72.99790546360433,
    "min": 68.33226250814946,
    "p16": 72.00349089215658,
    "p50": 72.9940357303207,
    "p84": 73.99798370739913,
    "sd": 1.0029059521508565
  },
  "local_minus_highz_gr_sigma": 1.2079070895762039,
  "local_minus_highz_mg_sigma": 0.6970251833526041,
  "p_gr_above_local_ref": 0.10322,
  "p_gr_below_local_ref": 0.89678,
  "p_gr_below_planck_ref": 0.30011,
  "z_anchor": 0.2
}
