{
  "apparent_gr_bias_vs_true": {
    "max": 8.27176244241413,
    "mean": -2.2263418496939336,
    "min": -8.899023358022504,
    "p16": -4.23084069511735,
    "p50": -2.4034697463481507,
    "p84": -0.15786346565689577,
    "sd": 2.055237573751541
  },
  "delta_local_minus_highz_gr": {
    "max": 16.869805190955553,
    "mean": 4.540010158735987,
    "min": -12.007280371543544,
    "p16": 1.1203221565044346,
    "p50": 4.672576003877467,
    "p84": 7.968775365447318,
    "sd": 3.4895397767823755
  },
  "delta_local_minus_highz_mg": {
    "max": 14.965256977736615,
    "mean": 2.3159648113632025,
    "min": -11.722163863424257,
    "p16": -0.8989140381745789,
    "p50": 2.418034464031251,
    "p84": 5.544314758477565,
    "sd": 3.3057400174623295
  },
  "h0_highz_gr": {
    "max": 84.0974575476375,
    "mean": 68.45692474115782,
    "min": 56.945621904053716,
    "p16": 65.15642860077605,
    "p50": 68.30207258892241,
    "p84": 71.75893713093564,
    "sd": 3.340133851956574
  },
  "h0_highz_mg": {
    "max": 83.14199825440326,
    "mean": 70.68097008853059,
    "min": 59.05467886598459,
    "p16": 67.60165112331875,
    "p50": 70.57268474408949,
    "p84": 73.73230649447085,
    "sd": 3.1503735308724456
  },
  "h0_local_obs": {
    "max": 77.7130183925787,
    "mean": 72.9969348998938,
    "min": 68.6120581045045,
    "p16": 72.00813812833115,
    "p50": 72.99741185801813,
    "p84": 73.98793266516246,
    "sd": 0.9982801022432984
  },
  "local_minus_highz_gr_sigma": 1.3021249243583586,
  "local_minus_highz_mg_sigma": 0.7006871416820368,
  "p_gr_above_local_ref": 0.0885,
  "p_gr_below_local_ref": 0.9115,
  "p_gr_below_planck_ref": 0.38646,
  "z_anchor": 0.35
}
