{
  "apparent_gr_bias_vs_true": {
    "max": 11.55787000350928,
    "mean": -1.1919411926873587,
    "min": -10.372926728945231,
    "p16": -4.0317781799250545,
    "p50": -1.4998243692196098,
    "p84": 1.7171615579079913,
    "sd": 2.9829354636492207
  },
  "delta_local_minus_highz_gr": {
    "max": 18.95806559924381,
    "mean": 3.5160578899818735,
    "min": -14.701939279520005,
    "p16": -0.4726277042783829,
    "p50": 3.7280656033323467,
    "p84": 7.5749207046028815,
    "sd": 4.078391379540415
  },
  "delta_local_minus_highz_mg": {
    "max": 15.437294615132899,
    "mean": 2.3218635058334662,
    "min": -11.577021580011404,
    "p16": -0.894038835528736,
    "p50": 2.4256905289623916,
    "p84": 5.572139382458789,
    "sd": 3.2993893637262763
  },
  "h0_highz_gr": {
    "max": 86.969973186235,
    "mean": 69.4857435392304,
    "min": 55.829362960326705,
    "p16": 65.55588867642318,
    "p50": 69.24088778748062,
    "p84": 73.36429301806167,
    "sd": 3.957661321951091
  },
  "h0_highz_mg": {
    "max": 83.32245316785358,
    "mean": 70.67993792337882,
    "min": 58.82640189835529,
    "p16": 67.60613442044293,
    "p50": 70.56658726043906,
    "p84": 73.72784975353994,
    "sd": 3.144185732994366
  },
  "h0_local_obs": {
    "max": 77.64829927267012,
    "mean": 73.00180142921228,
    "min": 68.5345628146298,
    "p16": 72.00365710414232,
    "p50": 73.00324552771588,
    "p84": 73.9925612181247,
    "sd": 0.9996041225367857
  },
  "local_minus_highz_gr_sigma": 0.8613473784901958,
  "local_minus_highz_mg_sigma": 0.7037273613711903,
  "p_gr_above_local_ref": 0.18066,
  "p_gr_below_local_ref": 0.81934,
  "p_gr_below_planck_ref": 0.31194,
  "z_anchor": 0.62
}
