{
  "anchor_results": [
    {
      "apparent_gr_bias_vs_true": {
        "max": 4.93008707933862,
        "mean": -1.6468388611769873,
        "min": -6.4394371817393505,
        "p16": -3.0301311461153166,
        "p50": -1.7337227012484,
        "p84": -0.25450014610226857,
        "sd": 1.3962650802453687
      },
      "delta_local_minus_highz_gr": {
        "max": 16.5518197596582,
        "mean": 3.944366059715781,
        "min": -11.596508307138564,
        "p16": 0.7533618110458349,
        "p50": 4.047555776114663,
        "p84": 7.145179014917536,
        "sd": 3.266507656240276
      },
      "delta_local_minus_highz_mg": {
        "max": 15.29130418556911,
        "mean": 2.2977031931346534,
        "min": -11.412037758703832,
        "p16": -0.9407218272303873,
        "p50": 2.390920043177971,
        "p84": 5.543050226844663,
        "sd": 3.297696299098453
      },
      "h0_highz_gr": {
        "max": 83.24895578062852,
        "mean": 69.05353940388855,
        "min": 58.35965458266194,
        "p16": 65.98980069242441,
        "p50": 68.94735501340033,
        "p84": 72.07443765667675,
        "sd": 3.108568055261321
      },
      "h0_highz_mg": {
        "max": 83.82529493230967,
        "mean": 70.70020227046969,
        "min": 58.29554657387993,
        "p16": 67.62017432009732,
        "p50": 70.60620769610613,
        "p84": 73.76223660693125,
        "sd": 3.141103443054462
      },
      "h0_local_obs": {
        "max": 77.2690097130182,
        "mean": 72.99790546360433,
        "min": 68.33226250814946,
        "p16": 72.00349089215658,
        "p50": 72.9940357303207,
        "p84": 73.99798370739913,
        "sd": 1.0029059521508565
      },
      "local_minus_highz_gr_sigma": 1.2079070895762039,
      "local_minus_highz_mg_sigma": 0.6970251833526041,
      "p_gr_above_local_ref": 0.10322,
      "p_gr_below_local_ref": 0.89678,
      "p_gr_below_planck_ref": 0.30011,
      "z_anchor": 0.2
    },
    {
      "apparent_gr_bias_vs_true": {
        "max": 8.27176244241413,
        "mean": -2.2263418496939336,
        "min": -8.899023358022504,
        "p16": -4.23084069511735,
        "p50": -2.4034697463481507,
        "p84": -0.15786346565689577,
        "sd": 2.055237573751541
      },
      "delta_local_minus_highz_gr": {
        "max": 16.869805190955553,
        "mean": 4.540010158735987,
        "min": -12.007280371543544,
        "p16": 1.1203221565044346,
        "p50": 4.672576003877467,
        "p84": 7.968775365447318,
        "sd": 3.4895397767823755
      },
      "delta_local_minus_highz_mg": {
        "max": 14.965256977736615,
        "mean": 2.3159648113632025,
        "min": -11.722163863424257,
        "p16": -0.8989140381745789,
        "p50": 2.418034464031251,
        "p84": 5.544314758477565,
        "sd": 3.3057400174623295
      },
      "h0_highz_gr": {
        "max": 84.0974575476375,
        "mean": 68.45692474115782,
        "min": 56.945621904053716,
        "p16": 65.15642860077605,
        "p50": 68.30207258892241,
        "p84": 71.75893713093564,
        "sd": 3.340133851956574
      },
      "h0_highz_mg": {
        "max": 83.14199825440326,
        "mean": 70.68097008853059,
        "min": 59.05467886598459,
        "p16": 67.60165112331875,
        "p50": 70.57268474408949,
        "p84": 73.73230649447085,
        "sd": 3.1503735308724456
      },
      "h0_local_obs": {
        "max": 77.7130183925787,
        "mean": 72.9969348998938,
        "min": 68.6120581045045,
        "p16": 72.00813812833115,
        "p50": 72.99741185801813,
        "p84": 73.98793266516246,
        "sd": 0.9982801022432984
      },
      "local_minus_highz_gr_sigma": 1.3021249243583586,
      "local_minus_highz_mg_sigma": 0.7006871416820368,
      "p_gr_above_local_ref": 0.0885,
      "p_gr_below_local_ref": 0.9115,
      "p_gr_below_planck_ref": 0.38646,
      "z_anchor": 0.35
    },
    {
      "apparent_gr_bias_vs_true": {
        "max": 9.207475319198352,
        "mean": -2.023099226930661,
        "min": -9.869143997239973,
        "p16": -4.514782518833025,
        "p50": -2.275546282371643,
        "p84": 0.5331320577924183,
        "sd": 2.5780395877278472
      },
      "delta_local_minus_highz_gr": {
        "max": 18.435095732212105,
        "mean": 4.337827059717981,
        "min": -15.182718754226443,
        "p16": 0.6530719391630186,
        "p50": 4.500091759903583,
        "p84": 8.0656246377948,
        "sd": 3.7752445981505875
      },
      "delta_local_minus_highz_mg": {
        "max": 16.585506369239305,
        "mean": 2.313415935120597,
        "min": -12.90800214430277,
        "p16": -0.9056306624786891,
        "p50": 2.4134638944484195,
        "p84": 5.550923536151175,
        "sd": 3.3016634988500373
      },
      "h0_highz_gr": {
        "max": 85.73013091841855,
        "mean": 68.66419227474915,
        "min": 55.8797129963405,
        "p16": 65.0238429935154,
        "p50": 68.4874407563681,
        "p84": 72.21993323194674,
        "sd": 3.6356784332625405
      },
      "h0_highz_mg": {
        "max": 83.40275026838765,
        "mean": 70.68860339934653,
        "min": 58.25333963482857,
        "p16": 67.62851830030316,
        "p50": 70.5719653836171,
        "p84": 73.73951779427105,
        "sd": 3.1447884053615467
      },
      "h0_local_obs": {
        "max": 77.7198866389407,
        "mean": 73.00201933446712,
        "min": 68.05204426610076,
        "p16": 72.00470291666704,
        "p50": 73.00406853724404,
        "p84": 74.00014468940759,
        "sd": 1.0013174746133353
      },
      "local_minus_highz_gr_sigma": 1.1504044966973248,
      "local_minus_highz_mg_sigma": 0.7010449776307184,
      "p_gr_above_local_ref": 0.11353,
      "p_gr_below_local_ref": 0.88647,
      "p_gr_below_planck_ref": 0.37778,
      "z_anchor": 0.5
    },
    {
      "apparent_gr_bias_vs_true": {
        "max": 11.55787000350928,
        "mean": -1.1919411926873587,
        "min": -10.372926728945231,
        "p16": -4.0317781799250545,
        "p50": -1.4998243692196098,
        "p84": 1.7171615579079913,
        "sd": 2.9829354636492207
      },
      "delta_local_minus_highz_gr": {
        "max": 18.95806559924381,
        "mean": 3.5160578899818735,
        "min": -14.701939279520005,
        "p16": -0.4726277042783829,
        "p50": 3.7280656033323467,
        "p84": 7.5749207046028815,
        "sd": 4.078391379540415
      },
      "delta_local_minus_highz_mg": {
        "max": 15.437294615132899,
        "mean": 2.3218635058334662,
        "min": -11.577021580011404,
        "p16": -0.894038835528736,
        "p50": 2.4256905289623916,
        "p84": 5.572139382458789,
        "sd": 3.2993893637262763
      },
      "h0_highz_gr": {
        "max": 86.969973186235,
        "mean": 69.4857435392304,
        "min": 55.829362960326705,
        "p16": 65.55588867642318,
        "p50": 69.24088778748062,
        "p84": 73.36429301806167,
        "sd": 3.957661321951091
      },
      "h0_highz_mg": {
        "max": 83.32245316785358,
        "mean": 70.67993792337882,
        "min": 58.82640189835529,
        "p16": 67.60613442044293,
        "p50": 70.56658726043906,
        "p84": 73.72784975353994,
        "sd": 3.144185732994366
      },
      "h0_local_obs": {
        "max": 77.64829927267012,
        "mean": 73.00180142921228,
        "min": 68.5345628146298,
        "p16": 72.00365710414232,
        "p50": 73.00324552771588,
        "p84": 73.9925612181247,
        "sd": 0.9996041225367857
      },
      "local_minus_highz_gr_sigma": 0.8613473784901958,
      "local_minus_highz_mg_sigma": 0.7037273613711903,
      "p_gr_above_local_ref": 0.18066,
      "p_gr_below_local_ref": 0.81934,
      "p_gr_below_planck_ref": 0.31194,
      "z_anchor": 0.62
    }
  ],
  "draws_total": 1600,
  "draws_used": 1600,
  "h0_posterior_mg_truth": {
    "max": 81.34840392208962,
    "mean": 70.68931182042479,
    "min": 60.443182238538995,
    "p16": 67.69470401834123,