{
  "apparent_gr_bias_vs_true": {
    "max": 12.014845874578697,
    "mean": -1.3422656400533504,
    "min": -9.897869260717961,
    "p16": -4.061276571678366,
    "p50": -1.682987964668591,
    "p84": 1.40728377141884,
    "sd": 2.8883624204152674
  },
  "delta_local_minus_highz_gr": {
    "max": 16.540573885372538,
    "mean": 3.8277656993193134,
    "min": -16.56172770245489,
    "p16": -0.17741659140749674,
    "p50": 4.097784596249895,
    "p84": 7.781553844091686,
    "sd": 4.052330546873848
  },
  "delta_local_minus_highz_mg": {
    "max": 15.180614946187383,
    "mean": 2.488037646506332,
    "min": -13.313957207326325,
    "p16": -0.6567250367774591,
    "p50": 2.565967834895872,
    "p84": 5.583969518451081,
    "sd": 3.2249822146068925
  },
  "h0_highz_gr": {
    "max": 89.28012313532923,
    "mean": 69.16833187269155,
    "min": 57.59690486398554,
    "p16": 65.36578868890437,
    "p50": 68.88026182186533,
    "p84": 73.05366442538858,
    "sd": 3.922576179114307
  },
  "h0_highz_mg": {
    "max": 84.94798859985809,
    "mean": 70.50805992550454,
    "min": 58.94736384973561,
    "p16": 67.6024227181729,
    "p50": 70.41896821686058,
    "p84": 73.50482776088948,
    "sd": 3.0599923136710463
  },
  "h0_local_obs": {
    "max": 77.61343338390556,
    "mean": 72.99609757201087,
    "min": 68.75488874061283,
    "p16": 71.99987587832898,
    "p50": 72.99422394779744,
    "p84": 73.99667144734298,
    "sd": 1.0002042496883636
  },
  "local_minus_highz_gr_sigma": 0.9455856409065932,
  "local_minus_highz_mg_sigma": 0.772863169839193,
  "p_gr_above_local_ref": 0.16297,
  "p_gr_below_local_ref": 0.83703,
  "p_gr_below_planck_ref": 0.3369,
  "z_anchor": 0.62
}
