{
  "apparent_gr_bias_vs_true": {
    "max": 9.767500512758346,
    "mean": -2.245209080954362,
    "min": -9.982993965848252,
    "p16": -4.6204050634575164,
    "p50": -2.5311069227693253,
    "p84": 0.15156724070622035,
    "sd": 2.5037810210924514
  },
  "delta_local_minus_highz_gr": {
    "max": 17.429995046072015,
    "mean": 4.721819566057647,
    "min": -15.550630316262428,
    "p16": 1.0118675151632954,
    "p50": 4.944192352056099,
    "p84": 8.400080788537313,
    "sd": 3.734280674713305
  },
  "delta_local_minus_highz_mg": {
    "max": 15.668222790326801,
    "mean": 2.4787929629429954,
    "min": -13.617481894701854,
    "p16": -0.6714975284112153,
    "p50": 2.560717890624929,
    "p84": 5.57740118953938,
    "sd": 3.20902704854689
  },
  "h0_highz_gr": {
    "max": 86.58795617063149,
    "mean": 68.27834585014969,
    "min": 57.24311892957975,
    "p16": 64.74807489622904,
    "p50": 68.02291544642907,
    "p84": 71.85826262717268,
    "sd": 3.597162646587946
  },
  "h0_highz_mg": {
    "max": 84.65480774907091,
    "mean": 70.52137245326435,
    "min": 58.97523656244998,
    "p16": 67.60838492352212,
    "p50": 70.42651653964798,
    "p84": 73.50888814329497,
    "sd": 3.0499729582586053
  },
  "h0_local_obs": {
    "max": 77.88927316923778,
    "mean": 73.00016541620734,
    "min": 68.33165956527087,
    "p16": 72.0099543768204,
    "p50": 72.99694196783665,
    "p84": 73.99386361971717,
    "sd": 0.9991802339070518
  },
  "local_minus_highz_gr_sigma": 1.2646913758888014,
  "local_minus_highz_mg_sigma": 0.7722757888425039,
  "p_gr_above_local_ref": 0.10067,
  "p_gr_below_local_ref": 0.89933,
  "p_gr_below_planck_ref": 0.42782,
  "z_anchor": 0.5
}
