{
  "apparent_gr_bias_vs_true": {
    "max": 4.9787111165336455,
    "mean": -1.7884481607604756,
    "min": -6.619039449696359,
    "p16": -3.1210126640780316,
    "p50": -1.8846868011902274,
    "p84": -0.45623747764861705,
    "sd": 1.3606187888206447
  },
  "delta_local_minus_highz_gr": {
    "max": 16.223378792753977,
    "mean": 4.278568506262285,
    "min": -12.50056987299672,
    "p16": 1.1541462923848218,
    "p50": 4.350643013527225,
    "p84": 7.416548508747704,
    "sd": 3.20530427158698
  },
  "delta_local_minus_highz_mg": {
    "max": 14.961708604407015,
    "mean": 2.4899961499030288,
    "min": -12.915695969464892,
    "p16": -0.6297563616448844,
    "p50": 2.547701862383839,
    "p84": 5.5968457230378394,
    "sd": 3.2097299667781103
  },
  "h0_highz_gr": {
    "max": 84.2880923312502,
    "mean": 68.71922952995293,
    "min": 58.07863714107562,
    "p16": 65.74567077906532,
    "p50": 68.63508075186056,
    "p84": 71.70857608861061,
    "sd": 3.0503274704029577
  },
  "h0_highz_mg": {
    "max": 84.70776290221116,
    "mean": 70.5078018863122,
    "min": 59.41005901657735,
    "p16": 67.59183756460617,
    "p50": 70.42726322545494,
    "p84": 73.48666251098236,
    "sd": 3.054376399690017
  },
  "h0_local_obs": {
    "max": 77.74694544579623,
    "mean": 72.99779803621522,
    "min": 69.04350378610027,
    "p16": 72.00593473119444,
    "p50": 73.00027112071882,
    "p84": 73.9949685380608,
    "sd": 0.9986753320887094
  },
  "local_minus_highz_gr_sigma": 1.3328616651281955,
  "local_minus_highz_mg_sigma": 0.7747561153791819,
  "p_gr_above_local_ref": 0.07974,
  "p_gr_below_local_ref": 0.92026,
  "p_gr_below_planck_ref": 0.33694,
  "z_anchor": 0.2
}
