{
  "apparent_gr_bias_vs_true": {
    "max": 7.238862196382129,
    "mean": -2.4378309366574493,
    "min": -8.91486752616008,
    "p16": -4.3581705044082035,
    "p50": -2.623405086034829,
    "p84": -0.5403874981150649,
    "sd": 1.9804461684958228
  },
  "delta_local_minus_highz_gr": {
    "max": 16.77512605501603,
    "mean": 4.910674246742838,
    "min": -12.038475346093563,
    "p16": 1.511534328831736,
    "p50": 5.070276135402111,
    "p84": 8.280636855785845,
    "sd": 3.4287487571462285
  },
  "delta_local_minus_highz_mg": {
    "max": 14.201068580692997,
    "mean": 2.476067398271834,
    "min": -11.859801489477078,
    "p16": -0.6619520684414323,
    "p50": 2.5666527158378045,
    "p84": 5.5655482154376275,
    "sd": 3.210501395896024
  },
  "h0_highz_gr": {
    "max": 85.13930376581821,
    "mean": 68.08614471203776,
    "min": 57.42998486649184,
    "p16": 64.85470795435197,
    "p50": 67.91714896638038,
    "p84": 71.35614464392543,
    "sd": 3.2799156430536356
  },
  "h0_highz_mg": {
    "max": 84.96012522968022,
    "mean": 70.52075156050877,
    "min": 59.171614034322815,
    "p16": 67.61982176389786,
    "p50": 70.42413947285745,
    "p84": 73.51711833305343,
    "sd": 3.0520816046931203
  },
  "h0_local_obs": {
    "max": 77.44034822668226,
    "mean": 72.9968189587806,
    "min": 68.86928749116186,
    "p16": 72.00383993601977,
    "p50": 72.9941751239578,
    "p84": 73.99258183715365,
    "sd": 1.0000084688606214
  },
  "local_minus_highz_gr_sigma": 1.432112813327267,
  "local_minus_highz_mg_sigma": 0.7709453456444045,
  "p_gr_above_local_ref": 0.07048,
  "p_gr_below_local_ref": 0.92952,
  "p_gr_below_planck_ref": 0.4351,
  "z_anchor": 0.35
}
