{
  "anchor_results": [
    {
      "apparent_gr_bias_vs_true": {
        "max": 4.9787111165336455,
        "mean": -1.7884481607604756,
        "min": -6.619039449696359,
        "p16": -3.1210126640780316,
        "p50": -1.8846868011902274,
        "p84": -0.45623747764861705,
        "sd": 1.3606187888206447
      },
      "delta_local_minus_highz_gr": {
        "max": 16.223378792753977,
        "mean": 4.278568506262285,
        "min": -12.50056987299672,
        "p16": 1.1541462923848218,
        "p50": 4.350643013527225,
        "p84": 7.416548508747704,
        "sd": 3.20530427158698
      },
      "delta_local_minus_highz_mg": {
        "max": 14.961708604407015,
        "mean": 2.4899961499030288,
        "min": -12.915695969464892,
        "p16": -0.6297563616448844,
        "p50": 2.547701862383839,
        "p84": 5.5968457230378394,
        "sd": 3.2097299667781103
      },
      "h0_highz_gr": {
        "max": 84.2880923312502,
        "mean": 68.71922952995293,
        "min": 58.07863714107562,
        "p16": 65.74567077906532,
        "p50": 68.63508075186056,
        "p84": 71.70857608861061,
        "sd": 3.0503274704029577
      },
      "h0_highz_mg": {
        "max": 84.70776290221116,
        "mean": 70.5078018863122,
        "min": 59.41005901657735,
        "p16": 67.59183756460617,
        "p50": 70.42726322545494,
        "p84": 73.48666251098236,
        "sd": 3.054376399690017
      },
      "h0_local_obs": {
        "max": 77.74694544579623,
        "mean": 72.99779803621522,
        "min": 69.04350378610027,
        "p16": 72.00593473119444,
        "p50": 73.00027112071882,
        "p84": 73.9949685380608,
        "sd": 0.9986753320887094
      },
      "local_minus_highz_gr_sigma": 1.3328616651281955,
      "local_minus_highz_mg_sigma": 0.7747561153791819,
      "p_gr_above_local_ref": 0.07974,
      "p_gr_below_local_ref": 0.92026,
      "p_gr_below_planck_ref": 0.33694,
      "z_anchor": 0.2
    },
    {
      "apparent_gr_bias_vs_true": {
        "max": 7.238862196382129,
        "mean": -2.4378309366574493,
        "min": -8.91486752616008,
        "p16": -4.3581705044082035,
        "p50": -2.623405086034829,
        "p84": -0.5403874981150649,
        "sd": 1.9804461684958228
      },
      "delta_local_minus_highz_gr": {
        "max": 16.77512605501603,
        "mean": 4.910674246742838,
        "min": -12.038475346093563,
        "p16": 1.511534328831736,
        "p50": 5.070276135402111,
        "p84": 8.280636855785845,
        "sd": 3.4287487571462285
      },
      "delta_local_minus_highz_mg": {
        "max": 14.201068580692997,
        "mean": 2.476067398271834,
        "min": -11.859801489477078,
        "p16": -0.6619520684414323,
        "p50": 2.5666527158378045,
        "p84": 5.5655482154376275,
        "sd": 3.210501395896024
      },
      "h0_highz_gr": {
        "max": 85.13930376581821,
        "mean": 68.08614471203776,
        "min": 57.42998486649184,
        "p16": 64.85470795435197,
        "p50": 67.91714896638038,
        "p84": 71.35614464392543,
        "sd": 3.2799156430536356
      },
      "h0_highz_mg": {
        "max": 84.96012522968022,
        "mean": 70.52075156050877,
        "min": 59.171614034322815,
        "p16": 67.61982176389786,
        "p50": 70.42413947285745,
        "p84": 73.51711833305343,
        "sd": 3.0520816046931203
      },
      "h0_local_obs": {
        "max": 77.44034822668226,
        "mean": 72.9968189587806,
        "min": 68.86928749116186,
        "p16": 72.00383993601977,
        "p50": 72.9941751239578,
        "p84": 73.99258183715365,
        "sd": 1.0000084688606214
      },
      "local_minus_highz_gr_sigma": 1.432112813327267,
      "local_minus_highz_mg_sigma": 0.7709453456444045,
      "p_gr_above_local_ref": 0.07048,
      "p_gr_below_local_ref": 0.92952,
      "p_gr_below_planck_ref": 0.4351,
      "z_anchor": 0.35
    },
    {
      "apparent_gr_bias_vs_true": {
        "max": 9.767500512758346,
        "mean": -2.245209080954362,
        "min": -9.982993965848252,
        "p16": -4.6204050634575164,
        "p50": -2.5311069227693253,
        "p84": 0.15156724070622035,
        "sd": 2.5037810210924514
      },
      "delta_local_minus_highz_gr": {
        "max": 17.429995046072015,
        "mean": 4.721819566057647,
        "min": -15.550630316262428,
        "p16": 1.0118675151632954,
        "p50": 4.944192352056099,
        "p84": 8.400080788537313,
        "sd": 3.734280674713305
      },
      "delta_local_minus_highz_mg": {
        "max": 15.668222790326801,
        "mean": 2.4787929629429954,
        "min": -13.617481894701854,
        "p16": -0.6714975284112153,
        "p50": 2.560717890624929,
        "p84": 5.57740118953938,
        "sd": 3.20902704854689
      },
      "h0_highz_gr": {
        "max": 86.58795617063149,
        "mean": 68.27834585014969,
        "min": 57.24311892957975,
        "p16": 64.74807489622904,
        "p50": 68.02291544642907,
        "p84": 71.85826262717268,
        "sd": 3.597162646587946
      },
      "h0_highz_mg": {
        "max": 84.65480774907091,
        "mean": 70.52137245326435,
        "min": 58.97523656244998,
        "p16": 67.60838492352212,
        "p50": 70.42651653964798,
        "p84": 73.50888814329497,
        "sd": 3.0499729582586053
      },
      "h0_local_obs": {
        "max": 77.88927316923778,
        "mean": 73.00016541620734,
        "min": 68.33165956527087,
        "p16": 72.0099543768204,
        "p50": 72.99694196783665,
        "p84": 73.99386361971717,
        "sd": 0.9991802339070518
      },
      "local_minus_highz_gr_sigma": 1.2646913758888014,
      "local_minus_highz_mg_sigma": 0.7722757888425039,
      "p_gr_above_local_ref": 0.10067,
      "p_gr_below_local_ref": 0.89933,
      "p_gr_below_planck_ref": 0.42782,
      "z_anchor": 0.5
    },
    {
      "apparent_gr_bias_vs_true": {
        "max": 12.014845874578697,
        "mean": -1.3422656400533504,
        "min": -9.897869260717961,
        "p16": -4.061276571678366,
        "p50": -1.682987964668591,
        "p84": 1.40728377141884,
        "sd": 2.8883624204152674
      },
      "delta_local_minus_highz_gr": {
        "max": 16.540573885372538,
        "mean": 3.8277656993193134,
        "min": -16.56172770245489,
        "p16": -0.17741659140749674,
        "p50": 4.097784596249895,
        "p84": 7.781553844091686,
        "sd": 4.052330546873848
      },
      "delta_local_minus_highz_mg": {
        "max": 15.180614946187383,
        "mean": 2.488037646506332,
        "min": -13.313957207326325,
        "p16": -0.6567250367774591,
        "p50": 2.565967834895872,
        "p84": 5.583969518451081,
        "sd": 3.2249822146068925
      },
      "h0_highz_gr": {
        "max": 89.28012313532923,
        "mean": 69.16833187269155,
        "min": 57.59690486398554,
        "p16": 65.36578868890437,
        "p50": 68.88026182186533,
        "p84": 73.05366442538858,
        "sd": 3.922576179114307
      },
      "h0_highz_mg": {
        "max": 84.94798859985809,
        "mean": 70.50805992550454,
        "min": 58.94736384973561,
        "p16": 67.6024227181729,
        "p50": 70.41896821686058,
        "p84": 73.50482776088948,
        "sd": 3.0599923136710463
      },
      "h0_local_obs": {
        "max": 77.61343338390556,
        "mean": 72.99609757201087,
        "min": 68.75488874061283,
        "p16": 71.99987587832898,
        "p50": 72.99422394779744,
        "p84": 73.99667144734298,
        "sd": 1.0002042496883636
      },
      "local_minus_highz_gr_sigma": 0.9455856409065932,
      "local_minus_highz_mg_sigma": 0.772863169839193,
      "p_gr_above_local_ref": 0.16297,
      "p_gr_below_local_ref": 0.83703,
      "p_gr_below_planck_ref": 0.3369,
      "z_anchor": 0.62
    }
  ],
  "draws_total": 1600,
  "draws_used": 1600,
  "h0_posterior_mg_truth": {
    "max": 83.06595172086378,
    "mean": 70.51873584122742,
    "min": 60.31514973881641,
    "p16": 67.70416163334278,