{
  "cat_mode": "catalog",
  "delta_lpd_data": {
    "max": 2.7373749115971293,
    "mean": 2.3694641740292326,
    "p16": 2.2236491099441027,
    "p50": 2.362648444312029,
    "p84": 2.508708037430341
  },
  "delta_lpd_sel": {
    "max": 1.0853642713273075,
    "mean": 0.9551778234567325,
    "p16": 0.9168572213978962,
    "p50": 0.9526647089129483,
    "p84": 0.9920803365669428
  },
  "delta_lpd_total": {
    "max": 3.8003866337598993,
    "mean": 3.3246419974859647,
    "p16": 3.1575094568007898,
    "p50": 3.3138783209218445,
    "p84": 3.4981155964508615
  },
  "f_post_mean_gr": {
    "max": 0.12380328554792458,
    "mean": 0.12380091743149554,
    "p16": 0.12380014769420514,
    "p50": 0.12380084054363313,
    "p84": 0.12380181215995119
  },
  "f_post_mean_mu": {
    "max": 0.12379996757912388,
    "mean": 0.12379792979026819,
    "p16": 0.12379727902899801,
    "p50": 0.12379787263824032,
    "p84": 0.12379869310640283
  },
  "n_f": 101,
  "n_rep": 256,
  "seed": 56,
  "sigma_floor_frac": 0.05,
  "smooth_prior_beta": 1.5,
  "smooth_prior_z0": 0.1,
  "truth": "gr",
  "truth_alpha": 0.0,
  "truth_catalog_sampler": "prob_only",
  "truth_fmiss": null,
  "truth_z_mode": "catalog_hist",
  "z_hist_nbins": 200
}
