{
  "cat_mode": "catalog",
  "delta_lpd_data": {
    "max": 2.9267059841727985,
    "mean": 2.3738862330847064,
    "p16": 2.2306050169154843,
    "p50": 2.365403751241459,
    "p84": 2.516367337371116
  },
  "delta_lpd_sel": {
    "max": 1.1757113535517476,
    "mean": 0.9792710068433266,
    "p16": 0.9348654757697545,
    "p50": 0.9741838639148739,
    "p84": 1.0256885926061101
  },
  "delta_lpd_total": {
    "max": 4.102417337724546,
    "mean": 3.353157239928033,
    "p16": 3.1764939438272903,
    "p50": 3.325420634669541,
    "p84": 3.5183957692383387
  },
  "f_post_mean_gr": {
    "max": 0.12380393854236724,
    "mean": 0.12380138536899866,
    "p16": 0.1238006063723971,
    "p50": 0.12380134692115088,
    "p84": 0.12380215273289874
  },
  "f_post_mean_mu": {
    "max": 0.1238006856758662,
    "mean": 0.1237983613368445,
    "p16": 0.12379767528181643,
    "p50": 0.12379836477171385,
    "p84": 0.12379902802630229
  },
  "n_f": 101,
  "n_rep": 256,
  "seed": 0,
  "sigma_floor_frac": 0.05,
  "smooth_prior_beta": 1.5,
  "smooth_prior_z0": 0.1,
  "truth": "dial",
  "truth_alpha": 0.25,
  "truth_catalog_sampler": "weighted",
  "truth_fmiss": null,
  "truth_z_mode": "catalog_hist",
  "z_hist_nbins": 200
}
