{
  "cat_mode": "toy_uniform_z",
  "delta_lpd_data": {
    "max": 2.034866192379141,
    "mean": -0.3239191914765688,
    "p16": -0.6136978983928236,
    "p50": -0.3887694309360725,
    "p84": -0.03812069752473007
  },
  "delta_lpd_sel": {
    "max": 1.4597369815779473,
    "mean": 0.9446313559886712,
    "p16": 0.8902218505364827,
    "p50": 0.930654587096857,
    "p84": 0.9975969934144747
  },
  "delta_lpd_total": {
    "max": 3.4946031739570884,
    "mean": 0.6207121645121024,
    "p16": 0.28348612083082186,
    "p50": 0.5413257396427031,
    "p84": 0.9479298287592376
  },
  "n_f": 101,
  "n_rep": 512,
  "seed": 2,
  "sigma_floor_frac": 0.05,
  "truth": "mg",
  "truth_z_mode": "missing_prior",
  "z_hist_nbins": 200
}
