{
  "cat_mode": "catalog",
  "delta_lpd_data": {
    "max": 3.215905363478896,
    "mean": 2.4446570042850224,
    "p16": 2.255360060037515,
    "p50": 2.4176325835767187,
    "p84": 2.626139701056451
  },
  "delta_lpd_sel": {
    "max": 1.2096818465060437,
    "mean": 1.0031074215652338,
    "p16": 0.9471993283308336,
    "p50": 0.9941538108675445,
    "p84": 1.0595728424536959
  },
  "delta_lpd_total": {
    "max": 4.42558720998494,
    "mean": 3.4477644258502558,
    "p16": 3.219823828860888,
    "p50": 3.411385350251834,
    "p84": 3.6697100032956995
  },
  "f_post_mean_gr": {
    "max": 0.12380411299021593,
    "mean": 0.12380164425426883,
    "p16": 0.12380077020600358,
    "p50": 0.12380155167759592,
    "p84": 0.12380248434947548
  },
  "f_post_mean_mu": {
    "max": 0.12380083267492183,
    "mean": 0.12379859407407678,
    "p16": 0.12379782919190237,
    "p50": 0.12379853927143486,
    "p84": 0.1237993157780305
  },
  "n_f": 101,
  "n_rep": 256,
  "seed": 0,
  "sigma_floor_frac": 0.05,
  "smooth_prior_beta": 1.5,
  "smooth_prior_z0": 0.1,
  "truth": "dial",
  "truth_alpha": 0.75,
  "truth_catalog_sampler": "weighted",
  "truth_fmiss": null,
  "truth_z_mode": "catalog_hist",
  "z_hist_nbins": 200
}
