{
  "cat_mode": "catalog",
  "delta_lpd_data": {
    "max": 2.778044681268625,
    "mean": 2.3460043554715337,
    "p16": 2.206462821520099,
    "p50": 2.3296042322781716,
    "p84": 2.4738351273396857
  },
  "delta_lpd_sel": {
    "max": 1.128133953242525,
    "mean": 0.9650396458054786,
    "p16": 0.9295041893695349,
    "p50": 0.9615055657482685,
    "p84": 1.0019303384014984
  },
  "delta_lpd_total": {
    "max": 3.815031147140985,
    "mean": 3.311044001277012,
    "p16": 3.1483119858068265,
    "p50": 3.2893417067205064,
    "p84": 3.4623988239628534
  },
  "n_f": 101,
  "n_rep": 512,
  "seed": 1,
  "sigma_floor_frac": 0.05,
  "truth": "gr",
  "truth_z_mode": "catalog_hist",
  "z_hist_nbins": 200
}
