{
  "cat_mode": "catalog",
  "delta_lpd_data": {
    "max": 2.7721621320635847,
    "mean": 2.3629120412990754,
    "p16": 2.2263680336959792,
    "p50": 2.3471050227170736,
    "p84": 2.5009638742723324
  },
  "delta_lpd_sel": {
    "max": 1.1114511780623104,
    "mean": 0.974300046874747,
    "p16": 0.9390710014424031,
    "p50": 0.9692823102025017,
    "p84": 1.012371321094173
  },
  "delta_lpd_total": {
    "max": 3.883613310125895,
    "mean": 3.337212088173822,
    "p16": 3.164622048639694,
    "p50": 3.329977626111031,
    "p84": 3.496582632111779
  },
  "f_post_mean_gr": {
    "max": 0.12380391914260253,
    "mean": 0.12380135437286718,
    "p16": 0.12380055128985912,
    "p50": 0.12380128494924941,
    "p84": 0.12380223135472718
  },
  "f_post_mean_mu": {
    "max": 0.12380060705348914,
    "mean": 0.1237983302549194,
    "p16": 0.12379764491580661,
    "p50": 0.12379828774759341,
    "p84": 0.12379913175844717
  },
  "n_f": 101,
  "n_rep": 256,
  "seed": 50,
  "sigma_floor_frac": 0.05,
  "smooth_prior_beta": 1.5,
  "smooth_prior_z0": 0.1,
  "truth": "gr",
  "truth_alpha": 0.0,
  "truth_catalog_sampler": "weighted",
  "truth_fmiss": 0.0,
  "truth_z_mode": "catalog_miss_mix",
  "z_hist_nbins": 200
}
