{
  "cat_mode": "event_hist_swap",
  "delta_lpd_data": {
    "max": 4.083519332801643,
    "mean": 2.484516720931553,
    "p16": 2.297680200626496,
    "p50": 2.4508148560155973,
    "p84": 2.646573554101667
  },
  "delta_lpd_sel": {
    "max": 1.3611665411406761,
    "mean": 1.0222105338685445,
    "p16": 0.9647304874013628,
    "p50": 1.0113940490958129,
    "p84": 1.077633276986046
  },
  "delta_lpd_total": {
    "max": 5.444685873942319,
    "mean": 3.5067272548000976,
    "p16": 3.270256517380551,
    "p50": 3.461867620999641,
    "p84": 3.721611205767533
  },
  "f_post_mean_gr": {
    "max": 0.12380496722813865,
    "mean": 0.12380185024517068,
    "p16": 0.12380104721655923,
    "p50": 0.12380181633808297,
    "p84": 0.12380254824272835
  },
  "f_post_mean_mu": {
    "max": 0.12380179457231323,
    "mean": 0.12379881622647082,
    "p16": 0.12379809078638643,
    "p50": 0.12379879052139717,
    "p84": 0.12379946330389507
  },
  "n_f": 101,
  "n_rep": 256,
  "seed": 102,
  "sigma_floor_frac": 0.05,
  "smooth_prior_beta": 1.5,
  "smooth_prior_z0": 0.1,
  "truth": "mg",
  "truth_alpha": 1.0,
  "truth_catalog_sampler": "weighted",
  "truth_fmiss": null,
  "truth_z_mode": "catalog_hist",
  "z_hist_nbins": 200
}
