{
  "cat_mode": "catalog",
  "delta_lpd_data": {
    "max": 2.830906907699301,
    "mean": 2.368355251669736,
    "p16": 2.2266641067604667,
    "p50": 2.36384925376683,
    "p84": 2.500793720373963
  },
  "delta_lpd_sel": {
    "max": 1.1107367561825185,
    "mean": 0.9724471964797268,
    "p16": 0.934697850153475,
    "p50": 0.967721706508641,
    "p84": 1.0093429982497297
  },
  "delta_lpd_total": {
    "max": 3.9091480472798708,
    "mean": 3.340802448149463,
    "p16": 3.1665579000880144,
    "p50": 3.3270438536812037,
    "p84": 3.4962646140425706
  },
  "f_post_mean_gr": {
    "max": 0.12380439325079075,
    "mean": 0.12380143429065396,
    "p16": 0.12380056079741701,
    "p50": 0.12380141110270282,
    "p84": 0.12380228551166982
  },
  "f_post_mean_mu": {
    "max": 0.12380109549195033,
    "mean": 0.12379839585410156,
    "p16": 0.1237976609522407,
    "p50": 0.12379834676341725,
    "p84": 0.12379914158923934
  },
  "n_f": 101,
  "n_rep": 256,
  "seed": 55,
  "sigma_floor_frac": 0.05,
  "smooth_prior_beta": 1.5,
  "smooth_prior_z0": 0.1,
  "truth": "gr",
  "truth_alpha": 0.0,
  "truth_catalog_sampler": "weighted",
  "truth_fmiss": null,
  "truth_z_mode": "global_pz",
  "z_hist_nbins": 200
}
