{
  "cat_mode": "catalog",
  "delta_lpd_data": {
    "max": 2.8007726553909436,
    "mean": 2.4040267304988614,
    "p16": 2.261418829394205,
    "p50": 2.395511225638856,
    "p84": 2.543218178766915
  },
  "delta_lpd_sel": {
    "max": 1.1397103233788357,
    "mean": 1.0071478471113526,
    "p16": 0.96673357022932,
    "p50": 1.0029814812237703,
    "p84": 1.0494405064036414
  },
  "delta_lpd_total": {
    "max": 3.89583595225497,
    "mean": 3.411174577610214,
    "p16": 3.233390764910007,
    "p50": 3.395815755610755,
    "p84": 3.5939638108871237
  },
  "f_post_mean_gr": {
    "max": 0.12380448827763686,
    "mean": 0.12380212720783558,
    "p16": 0.12380118431347846,
    "p50": 0.1238021074247129,
    "p84": 0.12380317460327492
  },
  "f_post_mean_mu": {
    "max": 0.12380111180254855,
    "mean": 0.12379902334983438,
    "p16": 0.12379816617933061,
    "p50": 0.12379899231974449,
    "p84": 0.12379995367110416
  },
  "n_f": 101,
  "n_rep": 256,
  "seed": 52,
  "sigma_floor_frac": 0.05,
  "smooth_prior_beta": 1.5,
  "smooth_prior_z0": 0.1,
  "truth": "gr",
  "truth_alpha": 0.0,
  "truth_catalog_sampler": "weighted",
  "truth_fmiss": 0.5,
  "truth_z_mode": "catalog_miss_mix",
  "z_hist_nbins": 200
}
