{
  "cat_mode": "catalog",
  "delta_lpd_data": {
    "max": 3.4595838059243533,
    "mean": 2.4874707768597166,
    "p16": 2.2656159916895375,
    "p50": 2.440307802493564,
    "p84": 2.6818248959665025
  },
  "delta_lpd_sel": {
    "max": 1.2624046870212169,
    "mean": 1.0165147443358145,
    "p16": 0.9528324858673557,
    "p50": 1.0066061261734518,
    "p84": 1.0834605592532853
  },
  "delta_lpd_total": {
    "max": 4.72198849294557,
    "mean": 3.5039855211955313,
    "p16": 3.239281895439626,
    "p50": 3.441980675933081,
    "p84": 3.7629220225285165
  },
  "f_post_mean_gr": {
    "max": 0.12380447603177236,
    "mean": 0.12380177447468621,
    "p16": 0.12380085636121885,
    "p50": 0.12380167718585111,
    "p84": 0.12380261245759429
  },
  "f_post_mean_mu": {
    "max": 0.12380093843841175,
    "mean": 0.12379871189061159,
    "p16": 0.12379791152112278,
    "p50": 0.12379861954519791,
    "p84": 0.12379944919119085
  },
  "n_f": 101,
  "n_rep": 256,
  "seed": 0,
  "sigma_floor_frac": 0.05,
  "smooth_prior_beta": 1.5,
  "smooth_prior_z0": 0.1,
  "truth": "dial",
  "truth_alpha": 1.0,
  "truth_catalog_sampler": "weighted",
  "truth_fmiss": null,
  "truth_z_mode": "catalog_hist",
  "z_hist_nbins": 200
}
