{
  "cat_mode": "catalog",
  "delta_lpd_data": {
    "max": 2.853134340198352,
    "mean": 2.331358403519122,
    "p16": 2.194168522475843,
    "p50": 2.314822554469913,
    "p84": 2.449152812307676
  },
  "delta_lpd_sel": {
    "max": 1.125872162546358,
    "mean": 0.9651862491666274,
    "p16": 0.9254970795611541,
    "p50": 0.9618080385720447,
    "p84": 1.0028908586981629
  },
  "delta_lpd_total": {
    "max": 3.97900650274471,
    "mean": 3.296544652685749,
    "p16": 3.1315725738795095,
    "p50": 3.269263994931407,
    "p84": 3.4514456268544107
  },
  "f_post_mean_gr": {
    "max": 0.12380391644625183,
    "mean": 0.12380116850374293,
    "p16": 0.12380036471894654,
    "p50": 0.12380112691288706,
    "p84": 0.12380193301400459
  },
  "f_post_mean_mu": {
    "max": 0.12380055147150221,
    "mean": 0.12379817417680528,
    "p16": 0.12379748068620539,
    "p50": 0.1237981302149796,
    "p84": 0.1237988258102211
  },
  "n_f": 101,
  "n_rep": 256,
  "seed": 57,
  "sigma_floor_frac": 0.1,
  "smooth_prior_beta": 1.5,
  "smooth_prior_z0": 0.1,
  "truth": "gr",
  "truth_alpha": 0.0,
  "truth_catalog_sampler": "weighted",
  "truth_fmiss": null,
  "truth_z_mode": "catalog_hist",
  "z_hist_nbins": 200
}
