{
  "cat_mode": "catalog",
  "delta_lpd_data": {
    "max": 2.8200717445147916,
    "mean": 2.3853676463592777,
    "p16": 2.246693476419222,
    "p50": 2.3753525629604866,
    "p84": 2.5411916976974283
  },
  "delta_lpd_sel": {
    "max": 1.1269146873835325,
    "mean": 0.9932415001341008,
    "p16": 0.9498351502342188,
    "p50": 0.9897650236295163,
    "p84": 1.0396124088471936
  },
  "delta_lpd_total": {
    "max": 3.946986431898324,
    "mean": 3.3786091464933783,
    "p16": 3.201558915113469,
    "p50": 3.3611125342173978,
    "p84": 3.5538828659396358
  },
  "f_post_mean_gr": {
    "max": 0.12380433900415991,
    "mean": 0.12380167131536893,
    "p16": 0.12380080064890413,
    "p50": 0.12380155941577188,
    "p84": 0.1238025766348403
  },
  "f_post_mean_mu": {
    "max": 0.12380098919868074,
    "mean": 0.12379862433747474,
    "p16": 0.12379784487790951,
    "p50": 0.1237985591446189,
    "p84": 0.1237994106028907
  },
  "n_f": 101,
  "n_rep": 256,
  "seed": 51,
  "sigma_floor_frac": 0.05,
  "smooth_prior_beta": 1.5,
  "smooth_prior_z0": 0.1,
  "truth": "gr",
  "truth_alpha": 0.0,
  "truth_catalog_sampler": "weighted",
  "truth_fmiss": 0.25,
  "truth_z_mode": "catalog_miss_mix",
  "z_hist_nbins": 200
}
