{
  "cat_mode": "global_pz",
  "delta_lpd_data": {
    "max": 3.61669981269182,
    "mean": 2.53712171897412,
    "p16": 2.340701283898261,
    "p50": 2.5059610758548416,
    "p84": 2.760870261385247
  },
  "delta_lpd_sel": {
    "max": 1.3159628172994076,
    "mean": 1.0404783964880975,
    "p16": 0.9753614557055187,
    "p50": 1.0334958602104507,
    "p84": 1.1013912964916757
  },
  "delta_lpd_total": {
    "max": 4.932662629991228,
    "mean": 3.5776001154622175,
    "p16": 3.329291637132485,
    "p50": 3.5304020782230054,
    "p84": 3.8567983406931714
  },
  "f_post_mean_gr": {
    "max": 0.12380390929467507,
    "mean": 0.12380161050756501,
    "p16": 0.12380068925040058,
    "p50": 0.12380164338616657,
    "p84": 0.12380236012953125
  },
  "f_post_mean_mu": {
    "max": 0.12380071778887958,
    "mean": 0.1237985875578016,
    "p16": 0.12379775598216526,
    "p50": 0.12379860292108048,
    "p84": 0.12379923881606031
  },
  "n_f": 101,
  "n_rep": 256,
  "seed": 100,
  "sigma_floor_frac": 0.05,
  "smooth_prior_beta": 1.5,
  "smooth_prior_z0": 0.1,
  "truth": "mg",
  "truth_alpha": 1.0,
  "truth_catalog_sampler": "weighted",
  "truth_fmiss": null,
  "truth_z_mode": "global_pz",
  "z_hist_nbins": 200
}
