{
  "cat_mode": "toy_uniform_z",
  "delta_lpd_data": {
    "max": 1.0730161401693152,
    "mean": -0.3094862855387223,
    "p16": -0.615020793343291,
    "p50": -0.3657582650074076,
    "p84": -0.03238700584559541
  },
  "delta_lpd_sel": {
    "max": 1.2784250034045783,
    "mean": 0.9465536462722215,
    "p16": 0.8909593545890466,
    "p50": 0.9322121266558092,
    "p84": 0.9964183654670001
  },
  "delta_lpd_total": {
    "max": 2.3514411435738936,
    "mean": 0.6370673607334992,
    "p16": 0.2776154208221627,
    "p50": 0.5761961778475104,
    "p84": 0.9507229143601945
  },
  "f_post_mean_gr": {
    "max": 0.9418417199841761,
    "mean": 0.9418417184875554,
    "p16": 0.9418417176769048,
    "p50": 0.9418417188169282,
    "p84": 0.9418417193508563
  },
  "f_post_mean_mu": {
    "max": 0.9418417195203571,
    "mean": 0.9418417178955379,
    "p16": 0.9418417170810662,
    "p50": 0.9418417182475083,
    "p84": 0.9418417188086081
  },
  "n_f": 101,
  "n_rep": 256,
  "seed": 2,
  "sigma_floor_frac": 0.05,
  "smooth_prior_beta": 1.5,
  "smooth_prior_z0": 0.1,
  "truth": "mg",
  "truth_alpha": 1.0,
  "truth_catalog_sampler": "weighted",
  "truth_fmiss": null,
  "truth_z_mode": "missing_prior",
  "z_hist_nbins": 200
}
