{
  "cat_mode": "smooth_prior",
  "delta_lpd_data": {
    "max": 3.962836541969267,
    "mean": 3.1440841035493,
    "p16": 3.0055334081665137,
    "p50": 3.115827698617437,
    "p84": 3.266991800984664
  },
  "delta_lpd_sel": {
    "max": 1.5937828208018914,
    "mean": 1.424747960497216,
    "p16": 1.3743364178378557,
    "p50": 1.4207479752410705,
    "p84": 1.4711202776724464
  },
  "delta_lpd_total": {
    "max": 5.538233372066543,
    "mean": 4.568832064046516,
    "p16": 4.3951503780223335,
    "p50": 4.532045155157249,
    "p84": 4.7185203075951225
  },
  "f_post_mean_gr": {
    "max": 0.12382466906347636,
    "mean": 0.12381412705483692,
    "p16": 0.12381231621375877,
    "p50": 0.12381382596568878,
    "p84": 0.12381582197806115
  },
  "f_post_mean_mu": {
    "max": 0.12381590121155857,
    "mean": 0.12380756627866023,
    "p16": 0.12380616070891734,
    "p50": 0.12380729295729373,
    "p84": 0.12380879720262652
  },
  "n_f": 101,
  "n_rep": 256,
  "seed": 101,
  "sigma_floor_frac": 0.05,
  "smooth_prior_beta": 1.5,
  "smooth_prior_z0": 0.1,
  "truth": "mg",
  "truth_alpha": 1.0,
  "truth_catalog_sampler": "weighted",
  "truth_fmiss": null,
  "truth_z_mode": "smooth_prior",
  "z_hist_nbins": 200
}
