{
  "cat_mode": "catalog",
  "delta_lpd_data": {
    "max": 3.6554628560408844,
    "mean": 2.503345851567308,
    "p16": 2.297848201661337,
    "p50": 2.466679697242796,
    "p84": 2.7012822247712758
  },
  "delta_lpd_sel": {
    "max": 1.3470217625717282,
    "mean": 1.0192847906355575,
    "p16": 0.9568899107320135,
    "p50": 1.009936234143808,
    "p84": 1.0822470207616357
  },
  "delta_lpd_total": {
    "max": 4.97402008799628,
    "mean": 3.5226306422028655,
    "p16": 3.2662668260256145,
    "p50": 3.4706157485162805,
    "p84": 3.786152236805342
  },
  "n_f": 101,
  "n_rep": 512,
  "seed": 0,
  "sigma_floor_frac": 0.05,
  "truth": "mg",
  "truth_z_mode": "catalog_hist",
  "z_hist_nbins": 200
}
