{
  "cat_mode": "catalog",
  "delta_lpd_data": {
    "max": 2.8844937298026423,
    "mean": 2.3455245354264314,
    "p16": 2.2145207015092807,
    "p50": 2.337423299724719,
    "p84": 2.471634732008391
  },
  "delta_lpd_sel": {
    "max": 1.1638224016315633,
    "mean": 0.9687319813289403,
    "p16": 0.9288735496342383,
    "p50": 0.9649591649352658,
    "p84": 1.0090404666270274
  },
  "delta_lpd_total": {
    "max": 4.0483161314342055,
    "mean": 3.3142565167553717,
    "p16": 3.1548994583245986,
    "p50": 3.3000151320352415,
    "p84": 3.465026338185294
  },
  "f_post_mean_gr": {
    "max": 0.12380386494084165,
    "mean": 0.12380125717569726,
    "p16": 0.12380049869553982,
    "p50": 0.12380122424301687,
    "p84": 0.12380197905123104
  },
  "f_post_mean_mu": {
    "max": 0.12380061208675222,
    "mean": 0.12379824657570795,
    "p16": 0.12379757153966067,
    "p50": 0.12379825340965361,
    "p84": 0.12379885792716236
  },
  "n_f": 101,
  "n_rep": 256,
  "seed": 0,
  "sigma_floor_frac": 0.05,
  "smooth_prior_beta": 1.5,
  "smooth_prior_z0": 0.1,
  "truth": "dial",
  "truth_alpha": 0.0,
  "truth_catalog_sampler": "weighted",
  "truth_fmiss": null,
  "truth_z_mode": "catalog_hist",
  "z_hist_nbins": 200
}
