{
  "cat_mode": "catalog",
  "delta_lpd_data": {
    "max": 2.837700045492511,
    "mean": 2.345982325770119,
    "p16": 2.217403778460016,
    "p50": 2.3429625193887205,
    "p84": 2.4769074863949414
  },
  "delta_lpd_sel": {
    "max": 1.1573000541504257,
    "mean": 0.9671498670414632,
    "p16": 0.927731614873909,
    "p50": 0.9642211281432083,
    "p84": 1.0057625843840072
  },
  "delta_lpd_total": {
    "max": 3.9950000996429367,
    "mean": 3.313132192811582,
    "p16": 3.152650726686306,
    "p50": 3.308794718063808,
    "p84": 3.467613475418068
  },
  "f_post_mean_gr": {
    "max": 0.1238039040715298,
    "mean": 0.1238012829883659,
    "p16": 0.1238004648634569,
    "p50": 0.12380115720126145,
    "p84": 0.12380206391616705
  },
  "f_post_mean_mu": {
    "max": 0.12380062525175825,
    "mean": 0.1237982676970607,
    "p16": 0.12379753359092523,
    "p50": 0.12379818765640657,
    "p84": 0.12379894009293749
  },
  "n_f": 101,
  "n_rep": 256,
  "seed": 1,
  "sigma_floor_frac": 0.05,
  "smooth_prior_beta": 1.5,
  "smooth_prior_z0": 0.1,
  "split_diag": {
    "enabled": true,
    "groups": [
      "dist_high",
      "dist_low",
      "dist_mid",
      "sky_large",
      "sky_small"
    ],
    "n_rep": 64
  },
  "truth": "gr",
  "truth_alpha": 0.0,
  "truth_catalog_sampler": "weighted",
  "truth_fmiss": null,
  "truth_z_mode": "catalog_hist",
  "z_hist_nbins": 200
}
