{
  "cat_mode": "catalog",
  "delta_lpd_data": {
    "max": 3.005808510744288,
    "mean": 2.4068627105542286,
    "p16": 2.2433858103788453,
    "p50": 2.3953611300779443,
    "p84": 2.554243626429559
  },
  "delta_lpd_sel": {
    "max": 1.1878961673183142,
    "mean": 0.9907082282449691,
    "p16": 0.9416869712619246,
    "p50": 0.9843629178059103,
    "p84": 1.0427560354269076
  },
  "delta_lpd_total": {
    "max": 4.168217548422831,
    "mean": 3.397570938799198,
    "p16": 3.197302607515178,
    "p50": 3.3673034165114757,
    "p84": 3.590993863925189
  },
  "f_post_mean_gr": {
    "max": 0.12380401170024402,
    "mean": 0.1238015144729083,
    "p16": 0.12380069404840692,
    "p50": 0.12380145510984643,
    "p84": 0.1238023171453137
  },
  "f_post_mean_mu": {
    "max": 0.12380075921035527,
    "mean": 0.12379847719131701,
    "p16": 0.12379776580168327,
    "p50": 0.12379846271911926,
    "p84": 0.12379916366406057
  },
  "n_f": 101,
  "n_rep": 256,
  "seed": 0,
  "sigma_floor_frac": 0.05,
  "smooth_prior_beta": 1.5,
  "smooth_prior_z0": 0.1,
  "truth": "dial",
  "truth_alpha": 0.5,
  "truth_catalog_sampler": "weighted",
  "truth_fmiss": null,
  "truth_z_mode": "catalog_hist",
  "z_hist_nbins": 200
}
