{
  "cat_mode": "catalog",
  "delta_lpd_data": {
    "max": 3.126631220292211,
    "mean": 2.417982040144442,
    "p16": 2.261883447644999,
    "p50": 2.4183322894639474,
    "p84": 2.5504725238451043
  },
  "delta_lpd_sel": {
    "max": 1.223791848267183,
    "mean": 1.0250704967054642,
    "p16": 0.9787952555316792,
    "p50": 1.0232065786216396,
    "p84": 1.0649853613292124
  },
  "delta_lpd_total": {
    "max": 4.350423068559394,
    "mean": 3.4430525368499056,
    "p16": 3.243460965905297,
    "p50": 3.443451485407337,
    "p84": 3.605209912026703
  },
  "f_post_mean_gr": {
    "max": 0.1238047073714046,
    "mean": 0.12380240075220666,
    "p16": 0.12380147901503216,
    "p50": 0.12380234949086602,
    "p84": 0.12380331431807637
  },
  "f_post_mean_mu": {
    "max": 0.12380133557641015,
    "mean": 0.12379927902758078,
    "p16": 0.12379846943841483,
    "p50": 0.12379926559299805,
    "p84": 0.12380005217882381
  },
  "n_f": 101,
  "n_rep": 256,
  "seed": 53,
  "sigma_floor_frac": 0.05,
  "smooth_prior_beta": 1.5,
  "smooth_prior_z0": 0.1,
  "truth": "gr",
  "truth_alpha": 0.0,
  "truth_catalog_sampler": "weighted",
  "truth_fmiss": 0.75,
  "truth_z_mode": "catalog_miss_mix",
  "z_hist_nbins": 200
}
