{
  "cat_mode": "catalog",
  "delta_lpd_data": {
    "max": 3.1254460365458385,
    "mean": 2.440818364730717,
    "p16": 2.277541675325722,
    "p50": 2.4143149981736087,
    "p84": 2.6030865864263886
  },
  "delta_lpd_sel": {
    "max": 1.2188716492011054,
    "mean": 1.0408581323440627,
    "p16": 0.9920199489255083,
    "p50": 1.0379676530719877,
    "p84": 1.0846770773580487
  },
  "delta_lpd_total": {
    "max": 4.344317685746944,
    "mean": 3.4816764970747793,
    "p16": 3.284303247652929,
    "p50": 3.4484387856612955,
    "p84": 3.6772722714402564
  },
  "f_post_mean_gr": {
    "max": 0.12380539071312141,
    "mean": 0.12380284858965634,
    "p16": 0.12380179995678169,
    "p50": 0.12380285381104233,
    "p84": 0.12380375484795263
  },
  "f_post_mean_mu": {
    "max": 0.12380196429475215,
    "mean": 0.12379967119695752,
    "p16": 0.12379881133765082,
    "p50": 0.12379966572753576,
    "p84": 0.12380043279580759
  },
  "n_f": 101,
  "n_rep": 256,
  "seed": 54,
  "sigma_floor_frac": 0.05,
  "smooth_prior_beta": 1.5,
  "smooth_prior_z0": 0.1,
  "truth": "gr",
  "truth_alpha": 0.0,
  "truth_catalog_sampler": "weighted",
  "truth_fmiss": 0.9,
  "truth_z_mode": "catalog_miss_mix",
  "z_hist_nbins": 200
}
