{
  "apparent_gr_bias_vs_true": {
    "max": 4.366244667601364,
    "mean": -1.7541907801091217,
    "min": -6.872499483235089,
    "p16": -3.063589191399265,
    "p50": -1.8515163380850694,
    "p84": -0.41890808105616995,
    "sd": 1.338163287559426
  },
  "delta_local_minus_highz_gr": {
    "max": 16.686485365130657,
    "mean": 4.164506327261279,
    "min": -9.211460784073779,
    "p16": 1.1469810849306816,
    "p50": 4.204379221835893,
    "p84": 7.216713174513914,
    "sd": 3.115372090813201
  },
  "delta_local_minus_highz_mg": {
    "max": 14.590488091970627,
    "mean": 2.409666868524373,
    "min": -11.140919115687609,
    "p16": -0.6275919520947201,
    "p50": 2.456777468925061,
    "p84": 5.495813302669603,
    "sd": 3.133359814035613
  },
  "h0_highz_gr": {
    "max": 81.36201096398392,
    "mean": 68.83223472461962,
    "min": 57.14399063298182,
    "p16": 65.94299525289298,
    "p50": 68.78792875780499,
    "p84": 71.68955461925388,
    "sd": 2.9572233741903573
  },
  "h0_highz_mg": {
    "max": 83.27958081987855,
    "mean": 70.58707418335653,
    "min": 59.09660605551088,
    "p16": 67.64064756795494,
    "p50": 70.54327326979923,
    "p84": 73.4684357528074,
    "sd": 2.9767499756660607
  },
  "h0_local_obs": {
    "max": 77.22747142831867,
    "mean": 72.9967410518809,
    "min": 68.73634764836122,
    "p16": 72.01066280694468,
    "p50": 72.99848138429766,
    "p84": 73.98865788508326,
    "sd": 0.9973318800970582
  },
  "local_minus_highz_gr_sigma": 1.3340398859317801,
  "local_minus_highz_mg_sigma": 0.7673537803149624,
  "p_gr_above_local_ref": 0.0765,
  "p_gr_below_local_ref": 0.9235,
  "p_gr_below_planck_ref": 0.31384,
  "z_anchor": 0.2
}
