{
  "apparent_gr_bias_vs_true": {
    "max": 7.811249805092075,
    "mean": -2.3855946148047016,
    "min": -8.418346912265278,
    "p16": -4.294307622539788,
    "p50": -2.5724369506248195,
    "p84": -0.4373620958604218,
    "sd": 1.9689783108592012
  },
  "delta_local_minus_highz_gr": {
    "max": 18.040169646112247,
    "mean": 4.764694383097832,
    "min": -9.856734090453841,
    "p16": 1.5194902642223065,
    "p50": 4.843911524125971,
    "p84": 8.051756224854088,
    "sd": 3.3198588820074653
  },
  "delta_local_minus_highz_mg": {
    "max": 14.361880126647705,
    "mean": 2.378902830459227,
    "min": -10.621021592861908,
    "p16": -0.6481814506338304,
    "p50": 2.4260637849840023,
    "p84": 5.469312821790854,
    "sd": 3.1231071983238206
  },
  "h0_highz_gr": {
    "max": 82.34239604736085,
    "mean": 68.2317897115945,
    "min": 55.73174560295177,
    "p16": 65.10644655212832,
    "p50": 68.13950049245857,
    "p84": 71.31196994762762,
    "sd": 3.1669656035416356
  },
  "h0_highz_mg": {
    "max": 83.29024492969744,
    "mean": 70.61758126423312,
    "min": 59.04199795840627,
    "p16": 67.66845531836185,
    "p50": 70.56621932003071,
    "p84": 73.4742074723127,
    "sd": 2.960177483061518
  },
  "h0_local_obs": {
    "max": 77.15530296518325,
    "mean": 72.99648409469235,
    "min": 68.41947487154161,
    "p16": 72.0009324980056,
    "p50": 72.9959389408474,
    "p84": 73.99185714192322,
    "sd": 1.0000641661582077
  },
  "local_minus_highz_gr_sigma": 1.4346757831181471,
  "local_minus_highz_mg_sigma": 0.7613648571668153,
  "p_gr_above_local_ref": 0.06653,
  "p_gr_below_local_ref": 0.93347,
  "p_gr_below_planck_ref": 0.40215,
  "z_anchor": 0.35
}
