{
  "apparent_gr_bias_vs_true": {
    "max": 10.79469277554928,
    "mean": -1.250311894619948,
    "min": -9.949997675253698,
    "p16": -4.114902795769971,
    "p50": -1.4898105140725306,
    "p84": 1.604628548926817,
    "sd": 2.9115449084762406
  },
  "delta_local_minus_highz_gr": {
    "max": 19.630194767855585,
    "mean": 3.652766078129122,
    "min": -14.917344028837277,
    "p16": -0.24214127276254999,
    "p50": 3.862447452324112,
    "p84": 7.561504271568072,
    "sd": 3.9356232688331425
  },
  "delta_local_minus_highz_mg": {
    "max": 15.388529698790329,
    "mean": 2.4047130594762383,
    "min": -11.09211637565491,
    "p16": -0.6297992214039084,
    "p50": 2.4419764708061678,
    "p84": 5.497466921787436,
    "sd": 3.1300347518569094
  },
  "h0_highz_gr": {
    "max": 86.53820217753137,
    "mean": 69.35050075190937,
    "min": 55.3744606848705,
    "p16": 65.56287345536947,
    "p50": 69.10134763163146,
    "p84": 73.13375543816994,
    "sd": 3.8079493779630584
  },
  "h0_highz_mg": {
    "max": 83.33826548575551,
    "mean": 70.59855377056226,
    "min": 59.48332918786114,
    "p16": 67.64106771759754,
    "p50": 70.55461144702389,
    "p84": 73.46168211366148,
    "sd": 2.966017202195779
  },
  "h0_local_obs": {
    "max": 77.00045094544075,
    "mean": 73.0032668300385,
    "min": 68.69463236050827,
    "p16": 72.0075778736398,
    "p50": 73.00323401609523,
    "p84": 73.99811070309677,
    "sd": 1.0013086390623103
  },
  "local_minus_highz_gr_sigma": 0.9277891919277806,
  "local_minus_highz_mg_sigma": 0.7682648941201835,
  "p_gr_above_local_ref": 0.16847,
  "p_gr_below_local_ref": 0.83153,
  "p_gr_below_planck_ref": 0.32008,
  "z_anchor": 0.62
}
