{
  "apparent_gr_bias_vs_true": {
    "max": 9.580578935209616,
    "mean": -2.152165376746617,
    "min": -9.652080611279104,
    "p16": -4.5731594977957535,
    "p50": -2.3918783567187205,
    "p84": 0.29590683835729586,
    "sd": 2.4791572685252032
  },
  "delta_local_minus_highz_gr": {
    "max": 18.446467168346196,
    "mean": 4.570014362217876,
    "min": -12.08994624379298,
    "p16": 1.0440006494180347,
    "p50": 4.7178318795708805,
    "p84": 8.157885767655598,
    "sd": 3.607867957681173
  },
  "delta_local_minus_highz_mg": {
    "max": 15.49778089337407,
    "mean": 2.4195030587026616,
    "min": -11.514398568972524,
    "p16": -0.6165210829997875,
    "p50": 2.4536563678888754,
    "p84": 5.499786826348334,
    "sd": 3.12868963739095
  },
  "h0_highz_gr": {
    "max": 84.32441092724824,
    "mean": 68.43068021135366,
    "min": 55.772666909181176,
    "p16": 64.95843353023731,
    "p50": 68.26078592266082,
    "p84": 71.83229294550812,
    "sd": 3.471394698788415
  },
  "h0_highz_mg": {
    "max": 82.97372780174345,
    "mean": 70.58119151486888,
    "min": 59.79821904341489,
    "p16": 67.63159571535225,
    "p50": 70.53694325216418,
    "p84": 73.44750607520619,
    "sd": 2.9673147364195733
  },
  "h0_local_obs": {
    "max": 77.127235769036,
    "mean": 73.00069457357154,
    "min": 68.88252734656471,
    "p16": 72.0037641103512,
    "p50": 73.00113654667433,
    "p84": 73.98984538160266,
    "sd": 1.0009405729779168
  },
  "local_minus_highz_gr_sigma": 1.2650352846106157,
  "local_minus_highz_mg_sigma": 0.7726865176040044,
  "p_gr_above_local_ref": 0.09291,
  "p_gr_below_local_ref": 0.90709,
  "p_gr_below_planck_ref": 0.39979,
  "z_anchor": 0.5
}
