{
  "anchor_results": [
    {
      "apparent_gr_bias_vs_true": {
        "max": 4.366244667601364,
        "mean": -1.7541907801091217,
        "min": -6.872499483235089,
        "p16": -3.063589191399265,
        "p50": -1.8515163380850694,
        "p84": -0.41890808105616995,
        "sd": 1.338163287559426
      },
      "delta_local_minus_highz_gr": {
        "max": 16.686485365130657,
        "mean": 4.164506327261279,
        "min": -9.211460784073779,
        "p16": 1.1469810849306816,
        "p50": 4.204379221835893,
        "p84": 7.216713174513914,
        "sd": 3.115372090813201
      },
      "delta_local_minus_highz_mg": {
        "max": 14.590488091970627,
        "mean": 2.409666868524373,
        "min": -11.140919115687609,
        "p16": -0.6275919520947201,
        "p50": 2.456777468925061,
        "p84": 5.495813302669603,
        "sd": 3.133359814035613
      },
      "h0_highz_gr": {
        "max": 81.36201096398392,
        "mean": 68.83223472461962,
        "min": 57.14399063298182,
        "p16": 65.94299525289298,
        "p50": 68.78792875780499,
        "p84": 71.68955461925388,
        "sd": 2.9572233741903573
      },
      "h0_highz_mg": {
        "max": 83.27958081987855,
        "mean": 70.58707418335653,
        "min": 59.09660605551088,
        "p16": 67.64064756795494,
        "p50": 70.54327326979923,
        "p84": 73.4684357528074,
        "sd": 2.9767499756660607
      },
      "h0_local_obs": {
        "max": 77.22747142831867,
        "mean": 72.9967410518809,
        "min": 68.73634764836122,
        "p16": 72.01066280694468,
        "p50": 72.99848138429766,
        "p84": 73.98865788508326,
        "sd": 0.9973318800970582
      },
      "local_minus_highz_gr_sigma": 1.3340398859317801,
      "local_minus_highz_mg_sigma": 0.7673537803149624,
      "p_gr_above_local_ref": 0.0765,
      "p_gr_below_local_ref": 0.9235,
      "p_gr_below_planck_ref": 0.31384,
      "z_anchor": 0.2
    },
    {
      "apparent_gr_bias_vs_true": {
        "max": 7.811249805092075,
        "mean": -2.3855946148047016,
        "min": -8.418346912265278,
        "p16": -4.294307622539788,
        "p50": -2.5724369506248195,
        "p84": -0.4373620958604218,
        "sd": 1.9689783108592012
      },
      "delta_local_minus_highz_gr": {
        "max": 18.040169646112247,
        "mean": 4.764694383097832,
        "min": -9.856734090453841,
        "p16": 1.5194902642223065,
        "p50": 4.843911524125971,
        "p84": 8.051756224854088,
        "sd": 3.3198588820074653
      },
      "delta_local_minus_highz_mg": {
        "max": 14.361880126647705,
        "mean": 2.378902830459227,
        "min": -10.621021592861908,
        "p16": -0.6481814506338304,
        "p50": 2.4260637849840023,
        "p84": 5.469312821790854,
        "sd": 3.1231071983238206
      },
      "h0_highz_gr": {
        "max": 82.34239604736085,
        "mean": 68.2317897115945,
        "min": 55.73174560295177,
        "p16": 65.10644655212832,
        "p50": 68.13950049245857,
        "p84": 71.31196994762762,
        "sd": 3.1669656035416356
      },
      "h0_highz_mg": {
        "max": 83.29024492969744,
        "mean": 70.61758126423312,
        "min": 59.04199795840627,
        "p16": 67.66845531836185,
        "p50": 70.56621932003071,
        "p84": 73.4742074723127,
        "sd": 2.960177483061518
      },
      "h0_local_obs": {
        "max": 77.15530296518325,
        "mean": 72.99648409469235,
        "min": 68.41947487154161,
        "p16": 72.0009324980056,
        "p50": 72.9959389408474,
        "p84": 73.99185714192322,
        "sd": 1.0000641661582077
      },
      "local_minus_highz_gr_sigma": 1.4346757831181471,
      "local_minus_highz_mg_sigma": 0.7613648571668153,
      "p_gr_above_local_ref": 0.06653,
      "p_gr_below_local_ref": 0.93347,
      "p_gr_below_planck_ref": 0.40215,
      "z_anchor": 0.35
    },
    {
      "apparent_gr_bias_vs_true": {
        "max": 9.580578935209616,
        "mean": -2.152165376746617,
        "min": -9.652080611279104,
        "p16": -4.5731594977957535,
        "p50": -2.3918783567187205,
        "p84": 0.29590683835729586,
        "sd": 2.4791572685252032
      },
      "delta_local_minus_highz_gr": {
        "max": 18.446467168346196,
        "mean": 4.570014362217876,
        "min": -12.08994624379298,
        "p16": 1.0440006494180347,
        "p50": 4.7178318795708805,
        "p84": 8.157885767655598,
        "sd": 3.607867957681173
      },
      "delta_local_minus_highz_mg": {
        "max": 15.49778089337407,
        "mean": 2.4195030587026616,
        "min": -11.514398568972524,
        "p16": -0.6165210829997875,
        "p50": 2.4536563678888754,
        "p84": 5.499786826348334,
        "sd": 3.12868963739095
      },
      "h0_highz_gr": {
        "max": 84.32441092724824,
        "mean": 68.43068021135366,
        "min": 55.772666909181176,
        "p16": 64.95843353023731,
        "p50": 68.26078592266082,
        "p84": 71.83229294550812,
        "sd": 3.471394698788415
      },
      "h0_highz_mg": {
        "max": 82.97372780174345,
        "mean": 70.58119151486888,
        "min": 59.79821904341489,
        "p16": 67.63159571535225,
        "p50": 70.53694325216418,
        "p84": 73.44750607520619,
        "sd": 2.9673147364195733
      },
      "h0_local_obs": {
        "max": 77.127235769036,
        "mean": 73.00069457357154,
        "min": 68.88252734656471,
        "p16": 72.0037641103512,
        "p50": 73.00113654667433,
        "p84": 73.98984538160266,
        "sd": 1.0009405729779168
      },
      "local_minus_highz_gr_sigma": 1.2650352846106157,
      "local_minus_highz_mg_sigma": 0.7726865176040044,
      "p_gr_above_local_ref": 0.09291,
      "p_gr_below_local_ref": 0.90709,
      "p_gr_below_planck_ref": 0.39979,
      "z_anchor": 0.5
    },
    {
      "apparent_gr_bias_vs_true": {
        "max": 10.79469277554928,
        "mean": -1.250311894619948,
        "min": -9.949997675253698,
        "p16": -4.114902795769971,
        "p50": -1.4898105140725306,
        "p84": 1.604628548926817,
        "sd": 2.9115449084762406
      },
      "delta_local_minus_highz_gr": {
        "max": 19.630194767855585,
        "mean": 3.652766078129122,
        "min": -14.917344028837277,
        "p16": -0.24214127276254999,
        "p50": 3.862447452324112,
        "p84": 7.561504271568072,
        "sd": 3.9356232688331425
      },
      "delta_local_minus_highz_mg": {
        "max": 15.388529698790329,
        "mean": 2.4047130594762383,
        "min": -11.09211637565491,
        "p16": -0.6297992214039084,
        "p50": 2.4419764708061678,
        "p84": 5.497466921787436,
        "sd": 3.1300347518569094
      },
      "h0_highz_gr": {
        "max": 86.53820217753137,
        "mean": 69.35050075190937,
        "min": 55.3744606848705,
        "p16": 65.56287345536947,
        "p50": 69.10134763163146,
        "p84": 73.13375543816994,
        "sd": 3.8079493779630584
      },
      "h0_highz_mg": {
        "max": 83.33826548575551,
        "mean": 70.59855377056226,
        "min": 59.48332918786114,
        "p16": 67.64106771759754,
        "p50": 70.55461144702389,
        "p84": 73.46168211366148,
        "sd": 2.966017202195779
      },
      "h0_local_obs": {
        "max": 77.00045094544075,
        "mean": 73.0032668300385,
        "min": 68.69463236050827,
        "p16": 72.0075778736398,
        "p50": 73.00323401609523,
        "p84": 73.99811070309677,
        "sd": 1.0013086390623103
      },
      "local_minus_highz_gr_sigma": 0.9277891919277806,
      "local_minus_highz_mg_sigma": 0.7682648941201835,
      "p_gr_above_local_ref": 0.16847,
      "p_gr_below_local_ref": 0.83153,
      "p_gr_below_planck_ref": 0.32008,
      "z_anchor": 0.62
    }
  ],
  "draws_total": 1600,
  "draws_used": 1600,
  "h0_posterior_mg_truth": {
    "max": 81.06264119821896,
    "mean": 70.60034490571202,
    "min": 60.651398709331204,
    "p16": 67.71575777916435,