{
  "apparent_gr_bias_vs_true": {
    "max": 7.20628702367641,
    "mean": -2.0211577265904865,
    "min": -8.21189347478564,
    "p16": -4.040314775962144,
    "p50": -2.192324942332789,
    "p84": 0.06143970257920895,
    "sd": 2.064414172426761
  },
  "delta_local_minus_highz_gr": {
    "max": 17.112523187653927,
    "mean": 4.07973512028075,
    "min": -13.336338298042989,
    "p16": 0.6609692795314714,
    "p50": 4.218130858643505,
    "p84": 7.529132137680194,
    "sd": 3.495055816450953
  },
  "delta_local_minus_highz_mg": {
    "max": 14.011818881614268,
    "mean": 1.8442285777827334,
    "min": -12.374385063132195,
    "p16": -1.3706495057802266,
    "p50": 1.9443671640717497,
    "p84": 5.084290583140328,
    "sd": 3.307299317261827
  },
  "h0_highz_gr": {
    "max": 84.6690402286882,
    "mean": 68.67189056527057,
    "min": 56.93491509441373,
    "p16": 65.32788551781846,
    "p50": 68.53346416194094,
    "p84": 71.96711878706837,
    "sd": 3.3519641693783258
  },
  "h0_highz_mg": {
    "max": 83.70708699377741,
    "mean": 70.9073971077686,
    "min": 59.31649374124157,
    "p16": 67.83050956536694,
    "p50": 70.79546066062733,
    "p84": 73.95339294427487,
    "sd": 3.1546467159031244
  },
  "h0_local_obs": {
    "max": 77.19797479683294,
    "mean": 72.75162568555133,
    "min": 68.4662069997732,
    "p16": 71.75829159736278,
    "p50": 72.75104222430116,
    "p84": 73.74704696011054,
    "sd": 0.9978224442369447
  },
  "local_minus_highz_gr_sigma": 1.1663212800168512,
  "local_minus_highz_mg_sigma": 0.5572782285922215,
  "p_gr_above_local_ref": 0.09836,
  "p_gr_below_local_ref": 0.90164,
  "p_gr_below_planck_ref": 0.36029,
  "z_anchor": 0.35
}
