{
  "apparent_gr_bias_vs_true": {
    "max": 9.214168807578432,
    "mean": -1.8231594810233853,
    "min": -9.833947545029275,
    "p16": -4.315557258958265,
    "p50": -2.0765446790260214,
    "p84": 0.7528934468694265,
    "sd": 2.5935011369003496
  },
  "delta_local_minus_highz_gr": {
    "max": 18.011587097834877,
    "mean": 3.8764693324121704,
    "min": -14.95986667198946,
    "p16": 0.19557500424464197,
    "p50": 4.0256788208162035,
    "p84": 7.629812204136622,
    "sd": 3.77639234371419
  },
  "delta_local_minus_highz_mg": {
    "max": 14.893315565832545,
    "mean": 1.8410243440459748,
    "min": -12.644897756133545,
    "p16": -1.3753378962914717,
    "p50": 1.933904473413257,
    "p84": 5.073278137590921,
    "sd": 3.2986473572545902
  },
  "h0_highz_gr": {
    "max": 85.27470058877338,
    "mean": 68.86944420494589,
    "min": 56.17466584978148,
    "p16": 65.221138287494,
    "p50": 68.7079101763581,
    "p84": 72.43919462530128,
    "sd": 3.6442228186062415
  },
  "h0_highz_mg": {
    "max": 83.3743349055315,
    "mean": 70.9048891933121,
    "min": 58.64372447147128,
    "p16": 67.83814956516137,
    "p50": 70.8071883723307,
    "p84": 73.9570698225032,
    "sd": 3.142768553804312
  },
  "h0_local_obs": {
    "max": 76.6799180706967,
    "mean": 72.74591353735806,
    "min": 68.32722737222306,
    "p16": 71.75513757230716,
    "p50": 72.74722455611828,
    "p84": 73.7408846251527,
    "sd": 1.001060547217263
  },
  "local_minus_highz_gr_sigma": 1.0258096383314996,
  "local_minus_highz_mg_sigma": 0.5582196024693529,
  "p_gr_above_local_ref": 0.12582,
  "p_gr_below_local_ref": 0.87418,
  "p_gr_below_planck_ref": 0.35508,
  "z_anchor": 0.5
}
