{
  "apparent_gr_bias_vs_true": {
    "max": 12.443451907548294,
    "mean": -0.9951853378402669,
    "min": -10.141101169174767,
    "p16": -3.852581498625028,
    "p50": -1.3128979689323401,
    "p84": 1.937856039990432,
    "sd": 2.985468888295259
  },
  "delta_local_minus_highz_gr": {
    "max": 18.13968038556044,
    "mean": 3.0473438859695174,
    "min": -16.074074689040103,
    "p16": -0.9886365778901017,
    "p50": 3.2569280754545815,
    "p84": 7.133395585495778,
    "sd": 4.103261019437131
  },
  "delta_local_minus_highz_mg": {
    "max": 14.96755183470625,
    "mean": 1.8383746292548055,
    "min": -12.243630132990802,
    "p16": -1.3924780166465842,
    "p50": 1.9492428979196674,
    "p84": 5.080210350035986,
    "sd": 3.307180995288065
  },
  "h0_highz_gr": {
    "max": 87.04404404338484,
    "mean": 69.70353647485305,
    "min": 55.391873635338854,
    "p16": 65.71916340099322,
    "p50": 69.46659420338096,
    "p84": 73.59722089434838,
    "sd": 3.9748410798859535
  },
  "h0_highz_mg": {
    "max": 83.50147100559909,
    "mean": 70.91250573156776,
    "min": 59.45802280343884,
    "p16": 67.83506954881778,
    "p50": 70.79493635640605,
    "p84": 73.98170473512188,
    "sd": 3.151332854834426
  },
  "h0_local_obs": {
    "max": 76.87188622682224,
    "mean": 72.75088036082256,
    "min": 68.21215718037604,
    "p16": 71.755126287998,
    "p50": 72.75130747400654,
    "p84": 73.74691598146697,
    "sd": 0.9999500450669612
  },
  "local_minus_highz_gr_sigma": 0.7434899063676272,
  "local_minus_highz_mg_sigma": 0.5560400603769363,
  "p_gr_above_local_ref": 0.19595,
  "p_gr_below_local_ref": 0.80405,
  "p_gr_below_planck_ref": 0.29235,
  "z_anchor": 0.62
}
