{
  "apparent_gr_bias_vs_true": {
    "max": 5.405754734910488,
    "mean": -1.4374137610711173,
    "min": -6.3643341118127665,
    "p16": -2.82352843485305,
    "p50": -1.5289998542880383,
    "p84": -0.03842108064764843,
    "sd": 1.4043734081368613
  },
  "delta_local_minus_highz_gr": {
    "max": 16.184671715390976,
    "mean": 3.506484533771841,
    "min": -12.240956324423692,
    "p16": 0.29332959362714806,
    "p50": 3.627325166570067,
    "p84": 6.700655546650221,
    "sd": 3.291582994324828
  },
  "delta_local_minus_highz_mg": {
    "max": 14.790982358592501,
    "mean": 1.858935974522392,
    "min": -12.374428566724276,
    "p16": -1.3784294790098255,
    "p50": 1.9731920936788114,
    "p84": 5.0885914440485145,
    "sd": 3.316593037491506
  },
  "h0_highz_gr": {
    "max": 83.45130837277486,
    "mean": 69.24791452533361,
    "min": 58.363251201117286,
    "p16": 66.19321509754958,
    "p50": 69.12908990759479,
    "p84": 72.27250326551783,
    "sd": 3.127224326657755
  },
  "h0_highz_mg": {
    "max": 83.7492569737848,
    "mean": 70.89546308458306,
    "min": 59.16796400759675,
    "p16": 67.82858791388901,
    "p50": 70.7847216986589,
    "p84": 73.96492652977628,
    "sd": 3.1539032839403753
  },
  "h0_local_obs": {
    "max": 76.93364373452506,
    "mean": 72.75439905910545,
    "min": 68.45109905431156,
    "p16": 71.7569300749441,
    "p50": 72.75440833035933,
    "p84": 73.75147130680237,
    "sd": 1.0018631459839797
  },
  "local_minus_highz_gr_sigma": 1.0680017758831002,
  "local_minus_highz_mg_sigma": 0.5618427380580686,
  "p_gr_above_local_ref": 0.11578,
  "p_gr_below_local_ref": 0.88422,
  "p_gr_below_planck_ref": 0.28023,
  "z_anchor": 0.2
}
