{
  "anchor_results": [
    {
      "apparent_gr_bias_vs_true": {
        "max": 5.405754734910488,
        "mean": -1.4374137610711173,
        "min": -6.3643341118127665,
        "p16": -2.82352843485305,
        "p50": -1.5289998542880383,
        "p84": -0.03842108064764843,
        "sd": 1.4043734081368613
      },
      "delta_local_minus_highz_gr": {
        "max": 16.184671715390976,
        "mean": 3.506484533771841,
        "min": -12.240956324423692,
        "p16": 0.29332959362714806,
        "p50": 3.627325166570067,
        "p84": 6.700655546650221,
        "sd": 3.291582994324828
      },
      "delta_local_minus_highz_mg": {
        "max": 14.790982358592501,
        "mean": 1.858935974522392,
        "min": -12.374428566724276,
        "p16": -1.3784294790098255,
        "p50": 1.9731920936788114,
        "p84": 5.0885914440485145,
        "sd": 3.316593037491506
      },
      "h0_highz_gr": {
        "max": 83.45130837277486,
        "mean": 69.24791452533361,
        "min": 58.363251201117286,
        "p16": 66.19321509754958,
        "p50": 69.12908990759479,
        "p84": 72.27250326551783,
        "sd": 3.127224326657755
      },
      "h0_highz_mg": {
        "max": 83.7492569737848,
        "mean": 70.89546308458306,
        "min": 59.16796400759675,
        "p16": 67.82858791388901,
        "p50": 70.7847216986589,
        "p84": 73.96492652977628,
        "sd": 3.1539032839403753
      },
      "h0_local_obs": {
        "max": 76.93364373452506,
        "mean": 72.75439905910545,
        "min": 68.45109905431156,
        "p16": 71.7569300749441,
        "p50": 72.75440833035933,
        "p84": 73.75147130680237,
        "sd": 1.0018631459839797
      },
      "local_minus_highz_gr_sigma": 1.0680017758831002,
      "local_minus_highz_mg_sigma": 0.5618427380580686,
      "p_gr_above_local_ref": 0.11578,
      "p_gr_below_local_ref": 0.88422,
      "p_gr_below_planck_ref": 0.28023,
      "z_anchor": 0.2
    },
    {
      "apparent_gr_bias_vs_true": {
        "max": 7.20628702367641,
        "mean": -2.0211577265904865,
        "min": -8.21189347478564,
        "p16": -4.040314775962144,
        "p50": -2.192324942332789,
        "p84": 0.06143970257920895,
        "sd": 2.064414172426761
      },
      "delta_local_minus_highz_gr": {
        "max": 17.112523187653927,
        "mean": 4.07973512028075,
        "min": -13.336338298042989,
        "p16": 0.6609692795314714,
        "p50": 4.218130858643505,
        "p84": 7.529132137680194,
        "sd": 3.495055816450953
      },
      "delta_local_minus_highz_mg": {
        "max": 14.011818881614268,
        "mean": 1.8442285777827334,
        "min": -12.374385063132195,
        "p16": -1.3706495057802266,
        "p50": 1.9443671640717497,
        "p84": 5.084290583140328,
        "sd": 3.307299317261827
      },
      "h0_highz_gr": {
        "max": 84.6690402286882,
        "mean": 68.67189056527057,
        "min": 56.93491509441373,
        "p16": 65.32788551781846,
        "p50": 68.53346416194094,
        "p84": 71.96711878706837,
        "sd": 3.3519641693783258
      },
      "h0_highz_mg": {
        "max": 83.70708699377741,
        "mean": 70.9073971077686,
        "min": 59.31649374124157,
        "p16": 67.83050956536694,
        "p50": 70.79546066062733,
        "p84": 73.95339294427487,
        "sd": 3.1546467159031244
      },
      "h0_local_obs": {
        "max": 77.19797479683294,
        "mean": 72.75162568555133,
        "min": 68.4662069997732,
        "p16": 71.75829159736278,
        "p50": 72.75104222430116,
        "p84": 73.74704696011054,
        "sd": 0.9978224442369447
      },
      "local_minus_highz_gr_sigma": 1.1663212800168512,
      "local_minus_highz_mg_sigma": 0.5572782285922215,
      "p_gr_above_local_ref": 0.09836,
      "p_gr_below_local_ref": 0.90164,
      "p_gr_below_planck_ref": 0.36029,
      "z_anchor": 0.35
    },
    {
      "apparent_gr_bias_vs_true": {
        "max": 9.214168807578432,
        "mean": -1.8231594810233853,
        "min": -9.833947545029275,
        "p16": -4.315557258958265,
        "p50": -2.0765446790260214,
        "p84": 0.7528934468694265,
        "sd": 2.5935011369003496
      },
      "delta_local_minus_highz_gr": {
        "max": 18.011587097834877,
        "mean": 3.8764693324121704,
        "min": -14.95986667198946,
        "p16": 0.19557500424464197,
        "p50": 4.0256788208162035,
        "p84": 7.629812204136622,
        "sd": 3.77639234371419
      },
      "delta_local_minus_highz_mg": {
        "max": 14.893315565832545,
        "mean": 1.8410243440459748,
        "min": -12.644897756133545,
        "p16": -1.3753378962914717,
        "p50": 1.933904473413257,
        "p84": 5.073278137590921,
        "sd": 3.2986473572545902
      },
      "h0_highz_gr": {
        "max": 85.27470058877338,
        "mean": 68.86944420494589,
        "min": 56.17466584978148,
        "p16": 65.221138287494,
        "p50": 68.7079101763581,
        "p84": 72.43919462530128,
        "sd": 3.6442228186062415
      },
      "h0_highz_mg": {
        "max": 83.3743349055315,
        "mean": 70.9048891933121,
        "min": 58.64372447147128,
        "p16": 67.83814956516137,
        "p50": 70.8071883723307,
        "p84": 73.9570698225032,
        "sd": 3.142768553804312
      },
      "h0_local_obs": {
        "max": 76.6799180706967,
        "mean": 72.74591353735806,
        "min": 68.32722737222306,
        "p16": 71.75513757230716,
        "p50": 72.74722455611828,
        "p84": 73.7408846251527,
        "sd": 1.001060547217263
      },
      "local_minus_highz_gr_sigma": 1.0258096383314996,
      "local_minus_highz_mg_sigma": 0.5582196024693529,
      "p_gr_above_local_ref": 0.12582,
      "p_gr_below_local_ref": 0.87418,
      "p_gr_below_planck_ref": 0.35508,
      "z_anchor": 0.5
    },
    {
      "apparent_gr_bias_vs_true": {
        "max": 12.443451907548294,
        "mean": -0.9951853378402669,
        "min": -10.141101169174767,
        "p16": -3.852581498625028,
        "p50": -1.3128979689323401,
        "p84": 1.937856039990432,
        "sd": 2.985468888295259
      },
      "delta_local_minus_highz_gr": {
        "max": 18.13968038556044,
        "mean": 3.0473438859695174,
        "min": -16.074074689040103,
        "p16": -0.9886365778901017,
        "p50": 3.2569280754545815,
        "p84": 7.133395585495778,
        "sd": 4.103261019437131
      },
      "delta_local_minus_highz_mg": {
        "max": 14.96755183470625,
        "mean": 1.8383746292548055,
        "min": -12.243630132990802,
        "p16": -1.3924780166465842,
        "p50": 1.9492428979196674,
        "p84": 5.080210350035986,
        "sd": 3.307180995288065
      },
      "h0_highz_gr": {
        "max": 87.04404404338484,
        "mean": 69.70353647485305,
        "min": 55.391873635338854,
        "p16": 65.71916340099322,
        "p50": 69.46659420338096,
        "p84": 73.59722089434838,
        "sd": 3.9748410798859535
      },
      "h0_highz_mg": {
        "max": 83.50147100559909,
        "mean": 70.91250573156776,
        "min": 59.45802280343884,
        "p16": 67.83506954881778,
        "p50": 70.79493635640605,
        "p84": 73.98170473512188,
        "sd": 3.151332854834426
      },
      "h0_local_obs": {
        "max": 76.87188622682224,
        "mean": 72.75088036082256,
        "min": 68.21215718037604,
        "p16": 71.755126287998,
        "p50": 72.75130747400654,
        "p84": 73.74691598146697,
        "sd": 0.9999500450669612
      },
      "local_minus_highz_gr_sigma": 0.7434899063676272,
      "local_minus_highz_mg_sigma": 0.5560400603769363,
      "p_gr_above_local_ref": 0.19595,
      "p_gr_below_local_ref": 0.80405,
      "p_gr_below_planck_ref": 0.29235,
      "z_anchor": 0.62
    }
  ],
  "draws_total": 1600,
  "draws_used": 1600,
  "h0_posterior_mg_truth": {
    "max": 81.34840392208962,
    "mean": 70.68931182042479,
    "min": 60.443182238538995,
    "p16": 67.69470401834123,