{
  "apparent_gr_bias_vs_true": {
    "max": 10.596160522549141,
    "mean": -2.025944561968586,
    "min": -10.161356584385679,
    "p16": -4.509724954746279,
    "p50": -2.2765329327606523,
    "p84": 0.5439826249151469,
    "sd": 2.5845140015517187
  },
  "delta_local_minus_highz_gr": {
    "max": 17.540695505051886,
    "mean": 4.089612871010639,
    "min": -13.62192535927744,
    "p16": 0.39430002743187864,
    "p50": 4.2617578276552095,
    "p84": 7.8185658962619415,
    "sd": 3.778553761735286
  },
  "delta_local_minus_highz_mg": {
    "max": 14.715256977736622,
    "mean": 2.065964811363202,
    "min": -11.972163863424228,
    "p16": -1.148914038174579,
    "p50": 2.168034464031244,
    "p84": 5.294314758477578,
    "sd": 3.3057400174623295
  },
  "h0_highz_gr": {
    "max": 85.4621025353714,
    "mean": 68.65732202888316,
    "min": 56.04400921919545,
    "p16": 65.03871278957381,
    "p50": 68.45534558378517,
    "p84": 72.22599792250922,
    "sd": 3.6403474405901566
  },
  "h0_highz_mg": {
    "max": 83.14199825440328,
    "mean": 70.68097008853059,
    "min": 59.0546788659846,
    "p16": 67.60165112331875,
    "p50": 70.57268474408949,
    "p84": 73.73230649447083,
    "sd": 3.150373530872446
  },
  "h0_local_obs": {
    "max": 77.4630183925787,
    "mean": 72.7469348998938,
    "min": 68.3620581045045,
    "p16": 71.75813812833115,
    "p50": 72.74741185801813,
    "p84": 73.73793266516246,
    "sd": 0.9982801022432984
  },
  "local_minus_highz_gr_sigma": 1.083283976357903,
  "local_minus_highz_mg_sigma": 0.6250505065479303,
  "p_gr_above_local_ref": 0.11455,
  "p_gr_below_local_ref": 0.88545,
  "p_gr_below_planck_ref": 0.37934,
  "z_anchor": 0.5
}
