{
  "apparent_gr_bias_vs_true": {
    "max": 11.966797833099548,
    "mean": -1.1841394266926768,
    "min": -10.185920236405522,
    "p16": -4.036669847813651,
    "p50": -1.4909403184586338,
    "p84": 1.7262960491461925,
    "sd": 2.9814336552093934
  },
  "delta_local_minus_highz_gr": {
    "max": 18.39456016067566,
    "mean": 3.2488672594799963,
    "min": -16.931996711180034,
    "p16": -0.762106724634367,
    "p50": 3.4440720431513085,
    "p84": 7.323629088080703,
    "sd": 4.088963129333969
  },
  "delta_local_minus_highz_mg": {
    "max": 16.335506369239297,
    "mean": 2.063415935120597,
    "min": -13.15800214430277,
    "p16": -1.155630662478689,
    "p50": 2.1634638944484195,
    "p84": 5.300923536151175,
    "sd": 3.3016634988500373
  },
  "h0_highz_gr": {
    "max": 87.26412002757124,
    "mean": 69.50315207498714,
    "min": 55.67267505394935,
    "p16": 65.53389485844856,
    "p50": 69.28321537482134,
    "p84": 73.37001652079407,
    "sd": 3.9598601179794204
  },
  "h0_highz_mg": {
    "max": 83.40275026838763,
    "mean": 70.68860339934653,
    "min": 58.25333963482858,
    "p16": 67.62851830030316,
    "p50": 70.5719653836171,
    "p84": 73.73951779427105,
    "sd": 3.1447884053615462
  },
  "h0_local_obs": {
    "max": 77.4698866389407,
    "mean": 72.75201933446712,
    "min": 67.80204426610076,
    "p16": 71.75470291666704,
    "p50": 72.75406853724404,
    "p84": 73.75014468940759,
    "sd": 1.0013174746133353
  },
  "local_minus_highz_gr_sigma": 0.7954768355239127,
  "local_minus_highz_mg_sigma": 0.625286337886351,
  "p_gr_above_local_ref": 0.1823,
  "p_gr_below_local_ref": 0.8177,
  "p_gr_below_planck_ref": 0.30867,
  "z_anchor": 0.62
}
