{
  "apparent_gr_bias_vs_true": {
    "max": 6.867151593174071,
    "mean": -2.22823989991031,
    "min": -8.400569071362789,
    "p16": -4.242851906444984,
    "p50": -2.4015576953871047,
    "p84": -0.17476365336151786,
    "sd": 2.055131774848183
  },
  "delta_local_minus_highz_gr": {
    "max": 17.523741487071646,
    "mean": 4.275767098449103,
    "min": -12.606960479739712,
    "p16": 0.8795377433354589,
    "p50": 4.412586829277856,
    "p84": 7.683521265012087,
    "sd": 3.4743242199527726
  },
  "delta_local_minus_highz_mg": {
    "max": 15.04130418556911,
    "mean": 2.0477031931346534,
    "min": -11.662037758703846,
    "p16": -1.1907218272303874,
    "p50": 2.140920043177964,
    "p84": 5.293050226844649,
    "sd": 3.297696299098453
  },
  "h0_highz_gr": {
    "max": 84.01715329612112,
    "mean": 68.47213836515523,
    "min": 57.265327886649864,
    "p16": 65.15268135604558,
    "p50": 68.33619269469492,
    "p84": 71.7399701484856,
    "sd": 3.3266714021117583
  },
  "h0_highz_mg": {
    "max": 83.82529493230966,
    "mean": 70.70020227046969,
    "min": 58.29554657387994,
    "p16": 67.6201743200973,
    "p50": 70.60620769610613,
    "p84": 73.76223660693125,
    "sd": 3.141103443054462
  },
  "h0_local_obs": {
    "max": 77.0190097130182,
    "mean": 72.74790546360433,
    "min": 68.08226250814946,
    "p16": 71.75349089215658,
    "p50": 72.7440357303207,
    "p84": 73.74798370739913,
    "sd": 1.0029059521508565
  },
  "local_minus_highz_gr_sigma": 1.230889356675237,
  "local_minus_highz_mg_sigma": 0.6211858424147425,
  "p_gr_above_local_ref": 0.08736,
  "p_gr_below_local_ref": 0.91264,
  "p_gr_below_planck_ref": 0.3841,
  "z_anchor": 0.35
}
