{
  "apparent_gr_bias_vs_true": {
    "max": 4.615643578712522,
    "mean": -1.6487881061655865,
    "min": -6.608597853663582,
    "p16": -3.019944563246958,
    "p50": -1.7394729232368817,
    "p84": -0.25504664479700884,
    "sd": 1.3910851472506436
  },
  "delta_local_minus_highz_gr": {
    "max": 16.27997462723019,
    "mean": 3.7001588411573705,
    "min": -11.540251943352203,
    "p16": 0.5362516475214716,
    "p50": 3.8026724377640164,
    "p84": 6.889471969757763,
    "sd": 3.2691960276566774
  },
  "delta_local_minus_highz_mg": {
    "max": 15.485837055426828,
    "mean": 2.0484834357516473,
    "min": -11.979876599577636,
    "p16": -1.1593951219989032,
    "p50": 2.1489859022390476,
    "p84": 5.276974310351204,
    "sd": 3.2999016665228016
  },
  "h0_highz_gr": {
    "max": 84.33467404937022,
    "mean": 69.0533458345826,
    "min": 57.40481641694369,
    "p16": 65.99943041475215,
    "p50": 68.94802088032344,
    "p84": 72.06809304422079,
    "sd": 3.116734495707924
  },
  "h0_highz_mg": {
    "max": 84.14589429868957,
    "mean": 70.70502123998833,
    "min": 59.29273466221217,
    "p16": 67.62553652243979,
    "p50": 70.59237827865996,
    "p84": 73.76842677089512,
    "sd": 3.1515293208698103
  },
  "h0_local_obs": {
    "max": 77.52376179283348,
    "mean": 72.75350467573998,
    "min": 68.51438656534074,
    "p16": 71.76142428938671,
    "p50": 72.75640823706576,
    "p84": 73.74474449943516,
    "sd": 0.9976019608733077
  },
  "local_minus_highz_gr_sigma": 1.1304304814581048,
  "local_minus_highz_mg_sigma": 0.6195550803891958,
  "p_gr_above_local_ref": 0.10426,
  "p_gr_below_local_ref": 0.89574,
  "p_gr_below_planck_ref": 0.30277,
  "z_anchor": 0.2
}
