{
  "anchor_results": [
    {
      "apparent_gr_bias_vs_true": {
        "max": 4.615643578712522,
        "mean": -1.6487881061655865,
        "min": -6.608597853663582,
        "p16": -3.019944563246958,
        "p50": -1.7394729232368817,
        "p84": -0.25504664479700884,
        "sd": 1.3910851472506436
      },
      "delta_local_minus_highz_gr": {
        "max": 16.27997462723019,
        "mean": 3.7001588411573705,
        "min": -11.540251943352203,
        "p16": 0.5362516475214716,
        "p50": 3.8026724377640164,
        "p84": 6.889471969757763,
        "sd": 3.2691960276566774
      },
      "delta_local_minus_highz_mg": {
        "max": 15.485837055426828,
        "mean": 2.0484834357516473,
        "min": -11.979876599577636,
        "p16": -1.1593951219989032,
        "p50": 2.1489859022390476,
        "p84": 5.276974310351204,
        "sd": 3.2999016665228016
      },
      "h0_highz_gr": {
        "max": 84.33467404937022,
        "mean": 69.0533458345826,
        "min": 57.40481641694369,
        "p16": 65.99943041475215,
        "p50": 68.94802088032344,
        "p84": 72.06809304422079,
        "sd": 3.116734495707924
      },
      "h0_highz_mg": {
        "max": 84.14589429868957,
        "mean": 70.70502123998833,
        "min": 59.29273466221217,
        "p16": 67.62553652243979,
        "p50": 70.59237827865996,
        "p84": 73.76842677089512,
        "sd": 3.1515293208698103
      },
      "h0_local_obs": {
        "max": 77.52376179283348,
        "mean": 72.75350467573998,
        "min": 68.51438656534074,
        "p16": 71.76142428938671,
        "p50": 72.75640823706576,
        "p84": 73.74474449943516,
        "sd": 0.9976019608733077
      },
      "local_minus_highz_gr_sigma": 1.1304304814581048,
      "local_minus_highz_mg_sigma": 0.6195550803891958,
      "p_gr_above_local_ref": 0.10426,
      "p_gr_below_local_ref": 0.89574,
      "p_gr_below_planck_ref": 0.30277,
      "z_anchor": 0.2
    },
    {
      "apparent_gr_bias_vs_true": {
        "max": 6.867151593174071,
        "mean": -2.22823989991031,
        "min": -8.400569071362789,
        "p16": -4.242851906444984,
        "p50": -2.4015576953871047,
        "p84": -0.17476365336151786,
        "sd": 2.055131774848183
      },
      "delta_local_minus_highz_gr": {
        "max": 17.523741487071646,
        "mean": 4.275767098449103,
        "min": -12.606960479739712,
        "p16": 0.8795377433354589,
        "p50": 4.412586829277856,
        "p84": 7.683521265012087,
        "sd": 3.4743242199527726
      },
      "delta_local_minus_highz_mg": {
        "max": 15.04130418556911,
        "mean": 2.0477031931346534,
        "min": -11.662037758703846,
        "p16": -1.1907218272303874,
        "p50": 2.140920043177964,
        "p84": 5.293050226844649,
        "sd": 3.297696299098453
      },
      "h0_highz_gr": {
        "max": 84.01715329612112,
        "mean": 68.47213836515523,
        "min": 57.265327886649864,
        "p16": 65.15268135604558,
        "p50": 68.33619269469492,
        "p84": 71.7399701484856,
        "sd": 3.3266714021117583
      },
      "h0_highz_mg": {
        "max": 83.82529493230966,
        "mean": 70.70020227046969,
        "min": 58.29554657387994,
        "p16": 67.6201743200973,
        "p50": 70.60620769610613,
        "p84": 73.76223660693125,
        "sd": 3.141103443054462
      },
      "h0_local_obs": {
        "max": 77.0190097130182,
        "mean": 72.74790546360433,
        "min": 68.08226250814946,
        "p16": 71.75349089215658,
        "p50": 72.7440357303207,
        "p84": 73.74798370739913,
        "sd": 1.0029059521508565
      },
      "local_minus_highz_gr_sigma": 1.230889356675237,
      "local_minus_highz_mg_sigma": 0.6211858424147425,
      "p_gr_above_local_ref": 0.08736,
      "p_gr_below_local_ref": 0.91264,
      "p_gr_below_planck_ref": 0.3841,
      "z_anchor": 0.35
    },
    {
      "apparent_gr_bias_vs_true": {
        "max": 10.596160522549141,
        "mean": -2.025944561968586,
        "min": -10.161356584385679,
        "p16": -4.509724954746279,
        "p50": -2.2765329327606523,
        "p84": 0.5439826249151469,
        "sd": 2.5845140015517187
      },
      "delta_local_minus_highz_gr": {
        "max": 17.540695505051886,
        "mean": 4.089612871010639,
        "min": -13.62192535927744,
        "p16": 0.39430002743187864,
        "p50": 4.2617578276552095,
        "p84": 7.8185658962619415,
        "sd": 3.778553761735286
      },
      "delta_local_minus_highz_mg": {
        "max": 14.715256977736622,
        "mean": 2.065964811363202,
        "min": -11.972163863424228,
        "p16": -1.148914038174579,
        "p50": 2.168034464031244,
        "p84": 5.294314758477578,
        "sd": 3.3057400174623295
      },
      "h0_highz_gr": {
        "max": 85.4621025353714,
        "mean": 68.65732202888316,
        "min": 56.04400921919545,
        "p16": 65.03871278957381,
        "p50": 68.45534558378517,
        "p84": 72.22599792250922,
        "sd": 3.6403474405901566
      },
      "h0_highz_mg": {
        "max": 83.14199825440328,
        "mean": 70.68097008853059,
        "min": 59.0546788659846,
        "p16": 67.60165112331875,
        "p50": 70.57268474408949,
        "p84": 73.73230649447083,
        "sd": 3.150373530872446
      },
      "h0_local_obs": {
        "max": 77.4630183925787,
        "mean": 72.7469348998938,
        "min": 68.3620581045045,
        "p16": 71.75813812833115,
        "p50": 72.74741185801813,
        "p84": 73.73793266516246,
        "sd": 0.9982801022432984
      },
      "local_minus_highz_gr_sigma": 1.083283976357903,
      "local_minus_highz_mg_sigma": 0.6250505065479303,
      "p_gr_above_local_ref": 0.11455,
      "p_gr_below_local_ref": 0.88545,
      "p_gr_below_planck_ref": 0.37934,
      "z_anchor": 0.5
    },
    {
      "apparent_gr_bias_vs_true": {
        "max": 11.966797833099548,
        "mean": -1.1841394266926768,
        "min": -10.185920236405522,
        "p16": -4.036669847813651,
        "p50": -1.4909403184586338,
        "p84": 1.7262960491461925,
        "sd": 2.9814336552093934
      },
      "delta_local_minus_highz_gr": {
        "max": 18.39456016067566,
        "mean": 3.2488672594799963,
        "min": -16.931996711180034,
        "p16": -0.762106724634367,
        "p50": 3.4440720431513085,
        "p84": 7.323629088080703,
        "sd": 4.088963129333969
      },
      "delta_local_minus_highz_mg": {
        "max": 16.335506369239297,
        "mean": 2.063415935120597,
        "min": -13.15800214430277,
        "p16": -1.155630662478689,
        "p50": 2.1634638944484195,
        "p84": 5.300923536151175,
        "sd": 3.3016634988500373
      },
      "h0_highz_gr": {
        "max": 87.26412002757124,
        "mean": 69.50315207498714,
        "min": 55.67267505394935,
        "p16": 65.53389485844856,
        "p50": 69.28321537482134,
        "p84": 73.37001652079407,
        "sd": 3.9598601179794204
      },
      "h0_highz_mg": {
        "max": 83.40275026838763,
        "mean": 70.68860339934653,
        "min": 58.25333963482858,
        "p16": 67.62851830030316,
        "p50": 70.5719653836171,
        "p84": 73.73951779427105,
        "sd": 3.1447884053615462
      },
      "h0_local_obs": {
        "max": 77.4698866389407,
        "mean": 72.75201933446712,
        "min": 67.80204426610076,
        "p16": 71.75470291666704,
        "p50": 72.75406853724404,
        "p84": 73.75014468940759,
        "sd": 1.0013174746133353
      },
      "local_minus_highz_gr_sigma": 0.7954768355239127,
      "local_minus_highz_mg_sigma": 0.625286337886351,
      "p_gr_above_local_ref": 0.1823,
      "p_gr_below_local_ref": 0.8177,
      "p_gr_below_planck_ref": 0.30867,
      "z_anchor": 0.62
    }
  ],
  "draws_total": 1600,
  "draws_used": 1600,
  "h0_posterior_mg_truth": {
    "max": 81.34840392208962,
    "mean": 70.68931182042479,
    "min": 60.443182238538995,
    "p16": 67.69470401834123,