{
  "apparent_gr_bias_vs_true": {
    "max": 4.6447850586600055,
    "mean": -1.8293599830053142,
    "min": -6.430659553383492,
    "p16": -3.1149453860951404,
    "p50": -1.9235214918667722,
    "p84": -0.5337053410133779,
    "sd": 1.3249690485242653
  },
  "delta_local_minus_highz_gr": {
    "max": 14.814266935507277,
    "mean": 3.5968803664572966,
    "min": -14.127239817305636,
    "p16": 0.48863146632033877,
    "p50": 3.686884121390534,
    "p84": 6.741234868478251,
    "sd": 3.20701298244842
  },
  "delta_local_minus_highz_mg": {
    "max": 13.535821898530862,
    "mean": 1.7657114064186636,
    "min": -14.514131014580329,
    "p16": -1.3466486672828142,
    "p50": 1.762923066563225,
    "p84": 4.9457836109236215,
    "sd": 3.2188389704621403
  },
  "h0_highz_gr": {
    "max": 85.4507617722389,
    "mean": 69.14948590194831,
    "min": 58.71333217154665,
    "p16": 66.18876796079192,
    "p50": 69.03986939190933,
    "p84": 72.09530567313305,
    "sd": 3.042995314972525
  },
  "h0_highz_mg": {
    "max": 85.8418359903817,
    "mean": 70.98065486198695,
    "min": 60.5212925291713,
    "p16": 67.96425440624316,
    "p50": 70.99769799306263,
    "p84": 73.90397969746894,
    "sd": 3.0556599703540055
  },
  "h0_local_obs": {
    "max": 77.22902037780584,
    "mean": 72.74636626840561,
    "min": 68.43643759348484,
    "p16": 71.74810469779538,
    "p50": 72.74470360713286,
    "p84": 73.74277914607963,
    "sd": 1.0012808121051637
  },
  "local_minus_highz_gr_sigma": 1.1229388627964203,
  "local_minus_highz_mg_sigma": 0.5491882654745042,
  "p_gr_above_local_ref": 0.1001,
  "p_gr_below_local_ref": 0.8999,
  "p_gr_below_planck_ref": 0.28777,
  "z_anchor": 0.2
}
