{
  "apparent_gr_bias_vs_true": {
    "max": 11.81409116862325,
    "mean": -1.4613771537838613,
    "min": -9.789135783427838,
    "p16": -4.195908930112897,
    "p50": -1.8824297068308198,
    "p84": 1.5206304349974282,
    "sd": 2.9105922453553617
  },
  "delta_local_minus_highz_gr": {
    "max": 17.506064279099625,
    "mean": 3.2406388379239064,
    "min": -20.39197644529841,
    "p16": -0.6880998067299805,
    "p50": 3.5530713769744438,
    "p84": 7.172097151157074,
    "sd": 4.1058566316057155
  },
  "delta_local_minus_highz_mg": {
    "max": 14.333946410754194,
    "mean": 1.772711999796239,
    "min": -13.58659174102722,
    "p16": -1.3517080983555763,
    "p50": 1.7879166693337893,
    "p84": 4.954525930666459,
    "sd": 3.213796597751408
  },
  "h0_highz_gr": {
    "max": 92.73679775940707,
    "mean": 69.5083932476443,
    "min": 57.30258236646645,
    "p16": 65.72285188677691,
    "p50": 69.19179486208367,
    "p84": 73.34455089327817,
    "sd": 3.987057568172147
  },
  "h0_highz_mg": {
    "max": 85.82166246467808,
    "mean": 70.97632008577197,
    "min": 60.76496480684748,
    "p16": 67.97232796033342,
    "p50": 70.98774127274028,
    "p84": 73.92184008065782,
    "sd": 3.054519146612966
  },
  "h0_local_obs": {
    "max": 77.19130765827192,
    "mean": 72.7490320855682,
    "min": 68.48527915740685,
    "p16": 71.7549006353023,
    "p50": 72.74779535071099,
    "p84": 73.74008212567135,
    "sd": 0.9998011253671084
  },
  "local_minus_highz_gr_sigma": 0.7883709456596614,
  "local_minus_highz_mg_sigma": 0.551551652839517,
  "p_gr_above_local_ref": 0.17711,
  "p_gr_below_local_ref": 0.82289,
  "p_gr_below_planck_ref": 0.30616,
  "z_anchor": 0.62
}
