{
  "apparent_gr_bias_vs_true": {
    "max": 6.90845869093161,
    "mean": -2.5067884136800793,
    "min": -8.701307986411194,
    "p16": -4.3567508776256725,
    "p50": -2.7151709864009987,
    "p84": -0.613249309847575,
    "sd": 1.935705997992283
  },
  "delta_local_minus_highz_gr": {
    "max": 16.830545093067087,
    "mean": 4.273365879301351,
    "min": -14.717899664606108,
    "p16": 0.9974838401841356,
    "p50": 4.472382616667495,
    "p84": 7.539967132758545,
    "sd": 3.4113557486942643
  },
  "delta_local_minus_highz_mg": {
    "max": 12.90947013078074,
    "mean": 1.7651644356162317,
    "min": -14.272978417589442,
    "p16": -1.3202019798277018,
    "p50": 1.754912479205494,
    "p84": 4.963479471881717,
    "sd": 3.2153178471422983
  },
  "h0_highz_gr": {
    "max": 86.60941280470661,
    "mean": 68.47523086070949,
    "min": 57.755558777676214,
    "p16": 65.35694061982589,
    "p50": 68.25587601612054,
    "p84": 71.60492056097384,
    "sd": 3.2654590988946346
  },
  "h0_highz_mg": {
    "max": 86.16001849322228,
    "mean": 70.98343230439461,
    "min": 60.74003308745248,
    "p16": 67.9646803907107,
    "p50": 71.00968754714583,
    "p84": 73.91241289899173,
    "sd": 3.061282807399095
  },
  "h0_local_obs": {
    "max": 76.68683212397771,
    "mean": 72.74859674001085,
    "min": 67.96011614468752,
    "p16": 71.74760557519653,
    "p50": 72.75343217195494,
    "p84": 73.74146618346633,
    "sd": 0.9991475595418985
  },
  "local_minus_highz_gr_sigma": 1.2512981025698966,
  "local_minus_highz_mg_sigma": 0.548107038300526,
  "p_gr_above_local_ref": 0.08732,
  "p_gr_below_local_ref": 0.91268,
  "p_gr_below_planck_ref": 0.38557,
  "z_anchor": 0.35
}
