{
  "apparent_gr_bias_vs_true": {
    "max": 7.837499951642457,
    "mean": -2.331684454628687,
    "min": -9.794230576148095,
    "p16": -4.67009173578831,
    "p50": -2.650923030472782,
    "p84": 0.16538017587871867,
    "sd": 2.469916333231885
  },
  "delta_local_minus_highz_gr": {
    "max": 17.610948307269993,
    "mean": 4.107849706040721,
    "min": -17.533770743942895,
    "p16": 0.5138325776155119,
    "p50": 4.385343991878635,
    "p84": 7.669941140606364,
    "sd": 3.7419051619860437
  },
  "delta_local_minus_highz_mg": {
    "max": 13.596138593945703,
    "mean": 1.776857607641416,
    "min": -14.580560631326236,
    "p16": -1.3495944007540532,
    "p50": 1.773438506942135,
    "p84": 4.970934344950958,
    "sd": 3.221295780228456
  },
  "h0_highz_gr": {
    "max": 88.97906898756487,
    "mean": 68.6405819292518,
    "min": 56.914037621241654,
    "p16": 65.24011915383957,
    "p50": 68.34382239907714,
    "p84": 72.09921896132941,
    "sd": 3.6069300226260217
  },
  "h0_highz_mg": {
    "max": 86.00129460751673,
    "mean": 70.9715740276511,
    "min": 61.08781261398372,
    "p16": 67.95025215488951,
    "p50": 70.99666324171295,
    "p84": 73.9037402402531,
    "sd": 3.0645613629346733
  },
  "h0_local_obs": {
    "max": 77.11470855705812,
    "mean": 72.74843163529252,
    "min": 68.09811035191095,
    "p16": 71.75226833251732,
    "p50": 72.74778061277777,
    "p84": 73.74617391604133,
    "sd": 0.9979625599785118
  },
  "local_minus_highz_gr_sigma": 1.0974793139019003,
  "local_minus_highz_mg_sigma": 0.5512044886932251,
  "p_gr_above_local_ref": 0.11873,
  "p_gr_below_local_ref": 0.88127,
  "p_gr_below_planck_ref": 0.38231,
  "z_anchor": 0.5
}
