{
  "anchor_results": [
    {
      "apparent_gr_bias_vs_true": {
        "max": 4.6447850586600055,
        "mean": -1.8293599830053142,
        "min": -6.430659553383492,
        "p16": -3.1149453860951404,
        "p50": -1.9235214918667722,
        "p84": -0.5337053410133779,
        "sd": 1.3249690485242653
      },
      "delta_local_minus_highz_gr": {
        "max": 14.814266935507277,
        "mean": 3.5968803664572966,
        "min": -14.127239817305636,
        "p16": 0.48863146632033877,
        "p50": 3.686884121390534,
        "p84": 6.741234868478251,
        "sd": 3.20701298244842
      },
      "delta_local_minus_highz_mg": {
        "max": 13.535821898530862,
        "mean": 1.7657114064186636,
        "min": -14.514131014580329,
        "p16": -1.3466486672828142,
        "p50": 1.762923066563225,
        "p84": 4.9457836109236215,
        "sd": 3.2188389704621403
      },
      "h0_highz_gr": {
        "max": 85.4507617722389,
        "mean": 69.14948590194831,
        "min": 58.71333217154665,
        "p16": 66.18876796079192,
        "p50": 69.03986939190933,
        "p84": 72.09530567313305,
        "sd": 3.042995314972525
      },
      "h0_highz_mg": {
        "max": 85.8418359903817,
        "mean": 70.98065486198695,
        "min": 60.5212925291713,
        "p16": 67.96425440624316,
        "p50": 70.99769799306263,
        "p84": 73.90397969746894,
        "sd": 3.0556599703540055
      },
      "h0_local_obs": {
        "max": 77.22902037780584,
        "mean": 72.74636626840561,
        "min": 68.43643759348484,
        "p16": 71.74810469779538,
        "p50": 72.74470360713286,
        "p84": 73.74277914607963,
        "sd": 1.0012808121051637
      },
      "local_minus_highz_gr_sigma": 1.1229388627964203,
      "local_minus_highz_mg_sigma": 0.5491882654745042,
      "p_gr_above_local_ref": 0.1001,
      "p_gr_below_local_ref": 0.8999,
      "p_gr_below_planck_ref": 0.28777,
      "z_anchor": 0.2
    },
    {
      "apparent_gr_bias_vs_true": {
        "max": 6.90845869093161,
        "mean": -2.5067884136800793,
        "min": -8.701307986411194,
        "p16": -4.3567508776256725,
        "p50": -2.7151709864009987,
        "p84": -0.613249309847575,
        "sd": 1.935705997992283
      },
      "delta_local_minus_highz_gr": {
        "max": 16.830545093067087,
        "mean": 4.273365879301351,
        "min": -14.717899664606108,
        "p16": 0.9974838401841356,
        "p50": 4.472382616667495,
        "p84": 7.539967132758545,
        "sd": 3.4113557486942643
      },
      "delta_local_minus_highz_mg": {
        "max": 12.90947013078074,
        "mean": 1.7651644356162317,
        "min": -14.272978417589442,
        "p16": -1.3202019798277018,
        "p50": 1.754912479205494,
        "p84": 4.963479471881717,
        "sd": 3.2153178471422983
      },
      "h0_highz_gr": {
        "max": 86.60941280470661,
        "mean": 68.47523086070949,
        "min": 57.755558777676214,
        "p16": 65.35694061982589,
        "p50": 68.25587601612054,
        "p84": 71.60492056097384,
        "sd": 3.2654590988946346
      },
      "h0_highz_mg": {
        "max": 86.16001849322228,
        "mean": 70.98343230439461,
        "min": 60.74003308745248,
        "p16": 67.9646803907107,
        "p50": 71.00968754714583,
        "p84": 73.91241289899173,
        "sd": 3.061282807399095
      },
      "h0_local_obs": {
        "max": 76.68683212397771,
        "mean": 72.74859674001085,
        "min": 67.96011614468752,
        "p16": 71.74760557519653,
        "p50": 72.75343217195494,
        "p84": 73.74146618346633,
        "sd": 0.9991475595418985
      },
      "local_minus_highz_gr_sigma": 1.2512981025698966,
      "local_minus_highz_mg_sigma": 0.548107038300526,
      "p_gr_above_local_ref": 0.08732,
      "p_gr_below_local_ref": 0.91268,
      "p_gr_below_planck_ref": 0.38557,
      "z_anchor": 0.35
    },
    {
      "apparent_gr_bias_vs_true": {
        "max": 7.837499951642457,
        "mean": -2.331684454628687,
        "min": -9.794230576148095,
        "p16": -4.67009173578831,
        "p50": -2.650923030472782,
        "p84": 0.16538017587871867,
        "sd": 2.469916333231885
      },
      "delta_local_minus_highz_gr": {
        "max": 17.610948307269993,
        "mean": 4.107849706040721,
        "min": -17.533770743942895,
        "p16": 0.5138325776155119,
        "p50": 4.385343991878635,
        "p84": 7.669941140606364,
        "sd": 3.7419051619860437
      },
      "delta_local_minus_highz_mg": {
        "max": 13.596138593945703,
        "mean": 1.776857607641416,
        "min": -14.580560631326236,
        "p16": -1.3495944007540532,
        "p50": 1.773438506942135,
        "p84": 4.970934344950958,
        "sd": 3.221295780228456
      },
      "h0_highz_gr": {
        "max": 88.97906898756487,
        "mean": 68.6405819292518,
        "min": 56.914037621241654,
        "p16": 65.24011915383957,
        "p50": 68.34382239907714,
        "p84": 72.09921896132941,
        "sd": 3.6069300226260217
      },
      "h0_highz_mg": {
        "max": 86.00129460751673,
        "mean": 70.9715740276511,
        "min": 61.08781261398372,
        "p16": 67.95025215488951,
        "p50": 70.99666324171295,
        "p84": 73.9037402402531,
        "sd": 3.0645613629346733
      },
      "h0_local_obs": {
        "max": 77.11470855705812,
        "mean": 72.74843163529252,
        "min": 68.09811035191095,
        "p16": 71.75226833251732,
        "p50": 72.74778061277777,
        "p84": 73.74617391604133,
        "sd": 0.9979625599785118
      },
      "local_minus_highz_gr_sigma": 1.0974793139019003,
      "local_minus_highz_mg_sigma": 0.5512044886932251,
      "p_gr_above_local_ref": 0.11873,
      "p_gr_below_local_ref": 0.88127,
      "p_gr_below_planck_ref": 0.38231,
      "z_anchor": 0.5
    },
    {
      "apparent_gr_bias_vs_true": {
        "max": 11.81409116862325,
        "mean": -1.4613771537838613,
        "min": -9.789135783427838,
        "p16": -4.195908930112897,
        "p50": -1.8824297068308198,
        "p84": 1.5206304349974282,
        "sd": 2.9105922453553617
      },
      "delta_local_minus_highz_gr": {
        "max": 17.506064279099625,
        "mean": 3.2406388379239064,
        "min": -20.39197644529841,
        "p16": -0.6880998067299805,
        "p50": 3.5530713769744438,
        "p84": 7.172097151157074,
        "sd": 4.1058566316057155
      },
      "delta_local_minus_highz_mg": {
        "max": 14.333946410754194,
        "mean": 1.772711999796239,
        "min": -13.58659174102722,
        "p16": -1.3517080983555763,
        "p50": 1.7879166693337893,
        "p84": 4.954525930666459,
        "sd": 3.213796597751408
      },
      "h0_highz_gr": {
        "max": 92.73679775940707,
        "mean": 69.5083932476443,
        "min": 57.30258236646645,
        "p16": 65.72285188677691,
        "p50": 69.19179486208367,
        "p84": 73.34455089327817,
        "sd": 3.987057568172147
      },
      "h0_highz_mg": {
        "max": 85.82166246467808,
        "mean": 70.97632008577197,
        "min": 60.76496480684748,
        "p16": 67.97232796033342,
        "p50": 70.98774127274028,
        "p84": 73.92184008065782,
        "sd": 3.054519146612966
      },
      "h0_local_obs": {
        "max": 77.19130765827192,
        "mean": 72.7490320855682,
        "min": 68.48527915740685,
        "p16": 71.7549006353023,
        "p50": 72.74779535071099,
        "p84": 73.74008212567135,
        "sd": 0.9998011253671084
      },
      "local_minus_highz_gr_sigma": 0.7883709456596614,
      "local_minus_highz_mg_sigma": 0.551551652839517,
      "p_gr_above_local_ref": 0.17711,
      "p_gr_below_local_ref": 0.82289,
      "p_gr_below_planck_ref": 0.30616,
      "z_anchor": 0.62
    }
  ],
  "draws_total": 1600,
  "draws_used": 1600,
  "h0_posterior_mg_truth": {
    "max": 83.833891578275,
    "mean": 70.9809853903875,
    "min": 62.52211725111513,
    "p16": 68.10255835254144,