{
  "apparent_gr_bias_vs_true": {
    "max": 4.663732872513066,
    "mean": -1.7314696551417363,
    "min": -6.452893665923071,
    "p16": -3.0495164649085194,
    "p50": -1.8282059760621365,
    "p84": -0.40082533976082546,
    "sd": 1.3372704891979208
  },
  "delta_local_minus_highz_gr": {
    "max": 16.557253123909206,
    "mean": 3.8566192393178627,
    "min": -10.00773850530011,
    "p16": 0.7865319798452334,
    "p50": 3.890756929668491,
    "p84": 6.956883158297956,
    "sd": 3.1589290349454013
  },
  "delta_local_minus_highz_mg": {
    "max": 15.098752813226476,
    "mean": 2.1257617483988027,
    "min": -11.761415314041102,
    "p16": -0.9535036162161543,
    "p50": 2.0613237981389787,
    "p84": 5.262914281657249,
    "sd": 3.1865498958140264
  },
  "h0_highz_gr": {
    "max": 82.47673911945718,
    "mean": 68.89183636982001,
    "min": 57.67019411912025,
    "p16": 65.95101024083738,
    "p50": 68.84468300195726,
    "p84": 71.78296513413875,
    "sd": 3.0012456429920484
  },
  "h0_highz_mg": {
    "max": 83.15551764963631,
    "mean": 70.62269386073908,
    "min": 59.10218812688399,
    "p16": 67.639488908842,
    "p50": 70.70157886052533,
    "p84": 73.51076283436481,
    "sd": 3.0305857862395835
  },
  "h0_local_obs": {
    "max": 76.99484969586331,
    "mean": 72.74845560913788,
    "min": 68.50225316909265,
    "p16": 71.75590868453286,
    "p50": 72.74733825274063,
    "p84": 73.74130196750883,
    "sd": 0.9969319306484026
  },
  "local_minus_highz_gr_sigma": 1.2191145025414873,
  "local_minus_highz_mg_sigma": 0.6661097542532807,
  "p_gr_above_local_ref": 0.08325,
  "p_gr_below_local_ref": 0.91675,
  "p_gr_below_planck_ref": 0.30486,
  "z_anchor": 0.2
}
