{
  "apparent_gr_bias_vs_true": {
    "max": 12.517863486851184,
    "mean": -1.2811320477103907,
    "min": -10.287468830619481,
    "p16": -4.048313873994013,
    "p50": -1.619517448708855,
    "p84": 1.5325507814465187,
    "sd": 2.9014171719825224
  },
  "delta_local_minus_highz_gr": {
    "max": 19.14830956685004,
    "mean": 3.3962622498531525,
    "min": -15.825754992892811,
    "p16": -0.5425689649831565,
    "p50": 3.6277664872868485,
    "p84": 7.319669296586874,
    "sd": 4.003853898590395
  },
  "delta_local_minus_highz_mg": {
    "max": 15.366349168924351,
    "mean": 2.113421981464292,
    "min": -11.320946923535814,
    "p16": -0.9563963254292912,
    "p50": 2.0505330404083963,
    "p84": 5.253728054021969,
    "sd": 3.180499355121099
  },
  "h0_highz_gr": {
    "max": 87.9360941662962,
    "mean": 69.34962611029681,
    "min": 54.76574569271028,
    "p16": 65.52275160269808,
    "p50": 69.07173696938817,
    "p84": 73.16205210426942,
    "sd": 3.8745748919484533
  },
  "h0_highz_mg": {
    "max": 82.88393149288262,
    "mean": 70.63246637868568,
    "min": 58.51808845303928,
    "p16": 67.64089952298885,
    "p50": 70.71956534366518,
    "p84": 73.52934273156335,
    "sd": 3.0184433534542863
  },
  "h0_local_obs": {
    "max": 77.11333149805793,
    "mean": 72.74588836014998,
    "min": 68.31074206461489,
    "p16": 71.75258999775473,
    "p50": 72.74464206723832,
    "p84": 73.73764294955156,
    "sd": 0.9996947124620688
  },
  "local_minus_highz_gr_sigma": 0.8487385801285935,
  "local_minus_highz_mg_sigma": 0.6646441077923598,
  "p_gr_above_local_ref": 0.17016,
  "p_gr_below_local_ref": 0.82984,
  "p_gr_below_planck_ref": 0.31337,
  "z_anchor": 0.62
}
