{
  "apparent_gr_bias_vs_true": {
    "max": 10.00498280568172,
    "mean": -2.155024374044145,
    "min": -9.800297639686569,
    "p16": -4.551744991891673,
    "p50": -2.4528671001772153,
    "p84": 0.2975914993759256,
    "sd": 2.4781510462713126
  },
  "delta_local_minus_highz_gr": {
    "max": 17.603404100224473,
    "mean": 4.295169225458962,
    "min": -13.550725210884693,
    "p16": 0.6928959259359965,
    "p50": 4.455506057207451,
    "p84": 7.901415810256195,
    "sd": 3.663001888193296
  },
  "delta_local_minus_highz_mg": {
    "max": 14.699506288383532,
    "mean": 2.1395942958021044,
    "min": -11.543840796549546,
    "p16": -0.9500170149749846,
    "p50": 2.073973508961764,
    "p84": 5.288946851178015,
    "sd": 3.193318525376068
  },
  "h0_highz_gr": {
    "max": 85.95672385211803,
    "mean": 68.45556058636578,
    "min": 55.707370159702464,
    "p16": 64.967954406603,
    "p50": 68.26580914661294,
    "p84": 71.91720667047083,
    "sd": 3.5253275390659606
  },
  "h0_highz_mg": {
    "max": 83.39069960597273,
    "mean": 70.61113551602264,
    "min": 58.9596270631406,
    "p16": 67.60159294189886,
    "p50": 70.69506278528121,
    "p84": 73.53168892189835,
    "sd": 3.036113824226892
  },
  "h0_local_obs": {
    "max": 76.95970141931328,
    "mean": 72.75072981182474,
    "min": 68.36889907967077,
    "p16": 71.7535633712721,
    "p50": 72.75163125382252,
    "p84": 73.74488469057219,
    "sd": 1.0006168796312096
  },
  "local_minus_highz_gr_sigma": 1.1721297153251773,
  "local_minus_highz_mg_sigma": 0.6693430452014569,
  "p_gr_above_local_ref": 0.10195,
  "p_gr_below_local_ref": 0.89805,
  "p_gr_below_planck_ref": 0.39698,
  "z_anchor": 0.5
}
