{
  "apparent_gr_bias_vs_true": {
    "max": 6.506315365117018,
    "mean": -2.3617777478684303,
    "min": -8.317990602282713,
    "p16": -4.267184793964798,
    "p50": -2.5534708763294134,
    "p84": -0.4110433602473116,
    "sd": 1.9519374040453124
  },
  "delta_local_minus_highz_gr": {
    "max": 17.873684640729422,
    "mean": 4.471112414723324,
    "min": -10.876642677723169,
    "p16": 1.19974823664851,
    "p50": 4.58090453771392,
    "p84": 7.76446430286289,
    "sd": 3.3561709463574467
  },
  "delta_local_minus_highz_mg": {
    "max": 15.386407168219463,
    "mean": 2.1101627022941645,
    "min": -12.897800844488572,
    "p16": -0.9738576309846365,
    "p50": 2.042363885837119,
    "p84": 5.2646539451984715,
    "sd": 3.191279396158054
  },
  "h0_highz_gr": {
    "max": 82.8211714594208,
    "mean": 68.28289787811848,
    "min": 56.67345047429546,
    "p16": 65.14135096769407,
    "p50": 68.13509988175522,
    "p84": 71.3980024767128,
    "sd": 3.207018909881573
  },
  "h0_highz_mg": {
    "max": 83.3164297806357,
    "mean": 70.64384759054764,
    "min": 59.13411172149049,
    "p16": 67.65024409517179,
    "p50": 70.73095281165305,
    "p84": 73.55071838652754,
    "sd": 3.035193512460377
  },
  "h0_local_obs": {
    "max": 77.17496257963853,
    "mean": 72.7540102928418,
    "min": 68.57853361551967,
    "p16": 71.7550678544036,
    "p50": 72.75276082639445,
    "p84": 73.74860094240732,
    "sd": 1.0041374716464284
  },
  "local_minus_highz_gr_sigma": 1.3309611511996453,
  "local_minus_highz_mg_sigma": 0.6603163353775113,
  "p_gr_above_local_ref": 0.07499,
  "p_gr_below_local_ref": 0.92501,
  "p_gr_below_planck_ref": 0.39933,
  "z_anchor": 0.35
}
