{
  "anchor_results": [
    {
      "apparent_gr_bias_vs_true": {
        "max": 4.663732872513066,
        "mean": -1.7314696551417363,
        "min": -6.452893665923071,
        "p16": -3.0495164649085194,
        "p50": -1.8282059760621365,
        "p84": -0.40082533976082546,
        "sd": 1.3372704891979208
      },
      "delta_local_minus_highz_gr": {
        "max": 16.557253123909206,
        "mean": 3.8566192393178627,
        "min": -10.00773850530011,
        "p16": 0.7865319798452334,
        "p50": 3.890756929668491,
        "p84": 6.956883158297956,
        "sd": 3.1589290349454013
      },
      "delta_local_minus_highz_mg": {
        "max": 15.098752813226476,
        "mean": 2.1257617483988027,
        "min": -11.761415314041102,
        "p16": -0.9535036162161543,
        "p50": 2.0613237981389787,
        "p84": 5.262914281657249,
        "sd": 3.1865498958140264
      },
      "h0_highz_gr": {
        "max": 82.47673911945718,
        "mean": 68.89183636982001,
        "min": 57.67019411912025,
        "p16": 65.95101024083738,
        "p50": 68.84468300195726,
        "p84": 71.78296513413875,
        "sd": 3.0012456429920484
      },
      "h0_highz_mg": {
        "max": 83.15551764963631,
        "mean": 70.62269386073908,
        "min": 59.10218812688399,
        "p16": 67.639488908842,
        "p50": 70.70157886052533,
        "p84": 73.51076283436481,
        "sd": 3.0305857862395835
      },
      "h0_local_obs": {
        "max": 76.99484969586331,
        "mean": 72.74845560913788,
        "min": 68.50225316909265,
        "p16": 71.75590868453286,
        "p50": 72.74733825274063,
        "p84": 73.74130196750883,
        "sd": 0.9969319306484026
      },
      "local_minus_highz_gr_sigma": 1.2191145025414873,
      "local_minus_highz_mg_sigma": 0.6661097542532807,
      "p_gr_above_local_ref": 0.08325,
      "p_gr_below_local_ref": 0.91675,
      "p_gr_below_planck_ref": 0.30486,
      "z_anchor": 0.2
    },
    {
      "apparent_gr_bias_vs_true": {
        "max": 6.506315365117018,
        "mean": -2.3617777478684303,
        "min": -8.317990602282713,
        "p16": -4.267184793964798,
        "p50": -2.5534708763294134,
        "p84": -0.4110433602473116,
        "sd": 1.9519374040453124
      },
      "delta_local_minus_highz_gr": {
        "max": 17.873684640729422,
        "mean": 4.471112414723324,
        "min": -10.876642677723169,
        "p16": 1.19974823664851,
        "p50": 4.58090453771392,
        "p84": 7.76446430286289,
        "sd": 3.3561709463574467
      },
      "delta_local_minus_highz_mg": {
        "max": 15.386407168219463,
        "mean": 2.1101627022941645,
        "min": -12.897800844488572,
        "p16": -0.9738576309846365,
        "p50": 2.042363885837119,
        "p84": 5.2646539451984715,
        "sd": 3.191279396158054
      },
      "h0_highz_gr": {
        "max": 82.8211714594208,
        "mean": 68.28289787811848,
        "min": 56.67345047429546,
        "p16": 65.14135096769407,
        "p50": 68.13509988175522,
        "p84": 71.3980024767128,
        "sd": 3.207018909881573
      },
      "h0_highz_mg": {
        "max": 83.3164297806357,
        "mean": 70.64384759054764,
        "min": 59.13411172149049,
        "p16": 67.65024409517179,
        "p50": 70.73095281165305,
        "p84": 73.55071838652754,
        "sd": 3.035193512460377
      },
      "h0_local_obs": {
        "max": 77.17496257963853,
        "mean": 72.7540102928418,
        "min": 68.57853361551967,
        "p16": 71.7550678544036,
        "p50": 72.75276082639445,
        "p84": 73.74860094240732,
        "sd": 1.0041374716464284
      },
      "local_minus_highz_gr_sigma": 1.3309611511996453,
      "local_minus_highz_mg_sigma": 0.6603163353775113,
      "p_gr_above_local_ref": 0.07499,
      "p_gr_below_local_ref": 0.92501,
      "p_gr_below_planck_ref": 0.39933,
      "z_anchor": 0.35
    },
    {
      "apparent_gr_bias_vs_true": {
        "max": 10.00498280568172,
        "mean": -2.155024374044145,
        "min": -9.800297639686569,
        "p16": -4.551744991891673,
        "p50": -2.4528671001772153,
        "p84": 0.2975914993759256,
        "sd": 2.4781510462713126
      },
      "delta_local_minus_highz_gr": {
        "max": 17.603404100224473,
        "mean": 4.295169225458962,
        "min": -13.550725210884693,
        "p16": 0.6928959259359965,
        "p50": 4.455506057207451,
        "p84": 7.901415810256195,
        "sd": 3.663001888193296
      },
      "delta_local_minus_highz_mg": {
        "max": 14.699506288383532,
        "mean": 2.1395942958021044,
        "min": -11.543840796549546,
        "p16": -0.9500170149749846,
        "p50": 2.073973508961764,
        "p84": 5.288946851178015,
        "sd": 3.193318525376068
      },
      "h0_highz_gr": {
        "max": 85.95672385211803,
        "mean": 68.45556058636578,
        "min": 55.707370159702464,
        "p16": 64.967954406603,
        "p50": 68.26580914661294,
        "p84": 71.91720667047083,
        "sd": 3.5253275390659606
      },
      "h0_highz_mg": {
        "max": 83.39069960597273,
        "mean": 70.61113551602264,
        "min": 58.9596270631406,
        "p16": 67.60159294189886,
        "p50": 70.69506278528121,
        "p84": 73.53168892189835,
        "sd": 3.036113824226892
      },
      "h0_local_obs": {
        "max": 76.95970141931328,
        "mean": 72.75072981182474,
        "min": 68.36889907967077,
        "p16": 71.7535633712721,
        "p50": 72.75163125382252,
        "p84": 73.74488469057219,
        "sd": 1.0006168796312096
      },
      "local_minus_highz_gr_sigma": 1.1721297153251773,
      "local_minus_highz_mg_sigma": 0.6693430452014569,
      "p_gr_above_local_ref": 0.10195,
      "p_gr_below_local_ref": 0.89805,
      "p_gr_below_planck_ref": 0.39698,
      "z_anchor": 0.5
    },
    {
      "apparent_gr_bias_vs_true": {
        "max": 12.517863486851184,
        "mean": -1.2811320477103907,
        "min": -10.287468830619481,
        "p16": -4.048313873994013,
        "p50": -1.619517448708855,
        "p84": 1.5325507814465187,
        "sd": 2.9014171719825224
      },
      "delta_local_minus_highz_gr": {
        "max": 19.14830956685004,
        "mean": 3.3962622498531525,
        "min": -15.825754992892811,
        "p16": -0.5425689649831565,
        "p50": 3.6277664872868485,
        "p84": 7.319669296586874,
        "sd": 4.003853898590395
      },
      "delta_local_minus_highz_mg": {
        "max": 15.366349168924351,
        "mean": 2.113421981464292,
        "min": -11.320946923535814,
        "p16": -0.9563963254292912,
        "p50": 2.0505330404083963,
        "p84": 5.253728054021969,
        "sd": 3.180499355121099
      },
      "h0_highz_gr": {
        "max": 87.9360941662962,
        "mean": 69.34962611029681,
        "min": 54.76574569271028,
        "p16": 65.52275160269808,
        "p50": 69.07173696938817,
        "p84": 73.16205210426942,
        "sd": 3.8745748919484533
      },
      "h0_highz_mg": {
        "max": 82.88393149288262,
        "mean": 70.63246637868568,
        "min": 58.51808845303928,
        "p16": 67.64089952298885,
        "p50": 70.71956534366518,
        "p84": 73.52934273156335,
        "sd": 3.0184433534542863
      },
      "h0_local_obs": {
        "max": 77.11333149805793,
        "mean": 72.74588836014998,
        "min": 68.31074206461489,
        "p16": 71.75258999775473,
        "p50": 72.74464206723832,
        "p84": 73.73764294955156,
        "sd": 0.9996947124620688
      },
      "local_minus_highz_gr_sigma": 0.8487385801285935,
      "local_minus_highz_mg_sigma": 0.6646441077923598,
      "p_gr_above_local_ref": 0.17016,
      "p_gr_below_local_ref": 0.82984,
      "p_gr_below_planck_ref": 0.31337,
      "z_anchor": 0.62
    }
  ],
  "draws_total": 1600,
  "draws_used": 1600,
  "h0_posterior_mg_truth": {
    "max": 81.12434628314327,
    "mean": 70.6139339829599,
    "min": 60.40119844002723,
    "p16": 67.71835091504013,