{
  "apparent_gr_bias_vs_true": {
    "max": 4.912234113436696,
    "mean": -1.9898244301265888,
    "min": -6.566597776042528,
    "p16": -3.320738914149046,
    "p50": -2.0864662996083965,
    "p84": -0.6617078139669763,
    "sd": 1.3569178958778796
  },
  "delta_local_minus_highz_gr": {
    "max": 16.584878212287713,
    "mean": 4.208552085699889,
    "min": -13.189764644378869,
    "p16": 1.07191644856182,
    "p50": 4.3014875200799025,
    "p84": 7.3379391311146795,
    "sd": 3.201491954630315
  },
  "delta_local_minus_highz_mg": {
    "max": 15.318005118906463,
    "mean": 2.4285091900676745,
    "min": -13.6103074710269,
    "p16": -0.717707140187303,
    "p50": 2.5054136854312645,
    "p84": 5.523676138500499,
    "sd": 3.205519592495894
  },
  "h0_highz_gr": {
    "max": 84.46327918726303,
    "mean": 68.5422908814943,
    "min": 57.53509831085063,
    "p16": 65.58775252681264,
    "p50": 68.44604509779845,
    "p84": 71.53389300142456,
    "sd": 3.0397979664029675
  },
  "h0_highz_mg": {
    "max": 84.88382201391106,
    "mean": 70.32233377712652,
    "min": 58.779877374030896,
    "p16": 67.4248623387672,
    "p50": 70.22274460464698,
    "p84": 73.3076237432602,
    "sd": 3.043036116068735
  },
  "h0_local_obs": {
    "max": 76.89524503878934,
    "mean": 72.75084296719419,
    "min": 68.63851168039032,
    "p16": 71.75754101165164,
    "p50": 72.74929593685764,
    "p84": 73.74247784497409,
    "sd": 0.9988308592664964
  },
  "local_minus_highz_gr_sigma": 1.315148659326179,
  "local_minus_highz_mg_sigma": 0.7581665414377313,
  "p_gr_above_local_ref": 0.07265,
  "p_gr_below_local_ref": 0.92735,
  "p_gr_below_planck_ref": 0.36007,
  "z_anchor": 0.2
}
