{
  "apparent_gr_bias_vs_true": {
    "max": 7.01253953652818,
    "mean": -2.633819627770862,
    "min": -9.294085201479476,
    "p16": -4.559061406244686,
    "p50": -2.825522908774154,
    "p84": -0.7354373457228403,
    "sd": 1.9834145583256173
  },
  "delta_local_minus_highz_gr": {
    "max": 16.934017515625108,
    "mean": 4.860354278894158,
    "min": -14.90699628087792,
    "p16": 1.501913463768903,
    "p50": 5.008834484267389,
    "p84": 8.21717242286534,
    "sd": 3.4177626983115963
  },
  "delta_local_minus_highz_mg": {
    "max": 15.172408036381086,
    "mean": 2.4349204966773383,
    "min": -14.727341145782503,
    "p16": -0.6747449299252894,
    "p50": 2.4959746569614225,
    "p84": 5.534070257116295,
    "sd": 3.201453940357064
  },
  "h0_highz_gr": {
    "max": 85.36576673557711,
    "mean": 67.88728038734996,
    "min": 57.23070705640689,
    "p16": 64.6858878939238,
    "p50": 67.71625937527995,
    "p84": 71.12845080617865,
    "sd": 3.269543465047047
  },
  "h0_highz_mg": {
    "max": 85.1861116004817,
    "mean": 70.3127141695668,
    "min": 59.14540457006908,
    "p16": 67.39234286391326,
    "p50": 70.23110176324359,
    "p84": 73.2825799087918,
    "sd": 3.0450537338397075
  },
  "h0_local_obs": {
    "max": 77.12287139361277,
    "mean": 72.74763466624414,
    "min": 68.60438716728822,
    "p16": 71.75777303618575,
    "p50": 72.74862569656469,
    "p84": 73.7417022560448,
    "sd": 1.0005848859414486
  },
  "local_minus_highz_gr_sigma": 1.4215503938812024,
  "local_minus_highz_mg_sigma": 0.7597134827623258,
  "p_gr_above_local_ref": 0.06252,
  "p_gr_below_local_ref": 0.93748,
  "p_gr_below_planck_ref": 0.45967,
  "z_anchor": 0.35
}
