{
  "apparent_gr_bias_vs_true": {
    "max": 9.186583286197163,
    "mean": -2.435329303893597,
    "min": -9.762609364904591,
    "p16": -4.803473038681946,
    "p50": -2.7266445020316787,
    "p84": -0.04033956991771078,
    "sd": 2.496711648766921
  },
  "delta_local_minus_highz_gr": {
    "max": 18.151070198058775,
    "mean": 4.655068437297508,
    "min": -14.670019806568604,
    "p16": 0.9726014620853517,
    "p50": 4.8721694775844355,
    "p84": 8.300426838250058,
    "sd": 3.713869965514168
  },
  "delta_local_minus_highz_mg": {
    "max": 14.971478052318048,
    "mean": 2.431208967470476,
    "min": -12.776071574231693,
    "p16": -0.6983071387532488,
    "p50": 2.5104539993062147,
    "p84": 5.504335063497101,
    "sd": 3.194968110907024
  },
  "h0_highz_gr": {
    "max": 86.06441248489193,
    "mean": 68.09571028328942,
    "min": 57.051173893037365,
    "p16": 64.58650065426578,
    "p50": 67.84638123281945,
    "p84": 71.67000003287407,
    "sd": 3.582079636166561
  },
  "h0_highz_mg": {
    "max": 84.14295261326907,
    "mean": 70.31956975311644,
    "min": 58.7774834674273,
    "p16": 67.41610039180681,
    "p50": 70.22571215619078,
    "p84": 73.29469609415088,
    "sd": 3.042246689938905
  },
  "h0_local_obs": {
    "max": 76.92122971193074,
    "mean": 72.75077872058691,
    "min": 68.51541535178848,
    "p16": 71.76243086101275,
    "p50": 72.74615935152909,
    "p84": 73.7396763733235,
    "sd": 0.9965293812329682
  },
  "local_minus_highz_gr_sigma": 1.251683869896355,
  "local_minus_highz_mg_sigma": 0.7591871471982768,
  "p_gr_above_local_ref": 0.09194,
  "p_gr_below_local_ref": 0.90806,
  "p_gr_below_planck_ref": 0.44829,
  "z_anchor": 0.5
}
