{
  "apparent_gr_bias_vs_true": {
    "max": 11.362581393285481,
    "mean": -1.5506518529122442,
    "min": -10.365493010835145,
    "p16": -4.280374494918146,
    "p50": -1.8840845372205024,
    "p84": 1.2013448080676215,
    "sd": 2.889617801456288
  },
  "delta_local_minus_highz_gr": {
    "max": 16.44542032227441,
    "mean": 3.7911025556210567,
    "min": -17.1511519435673,
    "p16": -0.18705367136953724,
    "p50": 4.057543671813683,
    "p84": 7.751267013765058,
    "sd": 4.0358135488949864
  },
  "delta_local_minus_highz_mg": {
    "max": 15.082373945025104,
    "mean": 2.4514632345056984,
    "min": -12.878005558655815,
    "p16": -0.6863991429486571,
    "p50": 2.514303263604674,
    "p84": 5.569523195945412,
    "sd": 3.2063184436598062
  },
  "h0_highz_gr": {
    "max": 88.82594919983617,
    "mean": 68.95669393672112,
    "min": 57.78537999679407,
    "p16": 65.14723407924778,
    "p50": 68.65970950792088,
    "p84": 72.82104147064675,
    "sd": 3.9106745469602116
  },
  "h0_highz_mg": {
    "max": 84.51585252141501,
    "mean": 70.2963332578365,
    "min": 59.14025810779562,
    "p16": 67.38629082218806,
    "p50": 70.21202507307422,
    "p84": 73.2771324619884,
    "sd": 3.045223823198995
  },
  "h0_local_obs": {
    "max": 76.95753827362776,
    "mean": 72.74779649234219,
    "min": 68.50000012456398,
    "p16": 71.75438569242996,
    "p50": 72.75119848242969,
    "p84": 73.74260057115106,
    "sd": 0.9978616181989073
  },
  "local_minus_highz_gr_sigma": 0.9392041457141992,
  "local_minus_highz_mg_sigma": 0.764836378112908,
  "p_gr_above_local_ref": 0.15041,
  "p_gr_below_local_ref": 0.84959,
  "p_gr_below_planck_ref": 0.35814,
  "z_anchor": 0.62
}
