{
  "anchor_results": [
    {
      "apparent_gr_bias_vs_true": {
        "max": 4.912234113436696,
        "mean": -1.9898244301265888,
        "min": -6.566597776042528,
        "p16": -3.320738914149046,
        "p50": -2.0864662996083965,
        "p84": -0.6617078139669763,
        "sd": 1.3569178958778796
      },
      "delta_local_minus_highz_gr": {
        "max": 16.584878212287713,
        "mean": 4.208552085699889,
        "min": -13.189764644378869,
        "p16": 1.07191644856182,
        "p50": 4.3014875200799025,
        "p84": 7.3379391311146795,
        "sd": 3.201491954630315
      },
      "delta_local_minus_highz_mg": {
        "max": 15.318005118906463,
        "mean": 2.4285091900676745,
        "min": -13.6103074710269,
        "p16": -0.717707140187303,
        "p50": 2.5054136854312645,
        "p84": 5.523676138500499,
        "sd": 3.205519592495894
      },
      "h0_highz_gr": {
        "max": 84.46327918726303,
        "mean": 68.5422908814943,
        "min": 57.53509831085063,
        "p16": 65.58775252681264,
        "p50": 68.44604509779845,
        "p84": 71.53389300142456,
        "sd": 3.0397979664029675
      },
      "h0_highz_mg": {
        "max": 84.88382201391106,
        "mean": 70.32233377712652,
        "min": 58.779877374030896,
        "p16": 67.4248623387672,
        "p50": 70.22274460464698,
        "p84": 73.3076237432602,
        "sd": 3.043036116068735
      },
      "h0_local_obs": {
        "max": 76.89524503878934,
        "mean": 72.75084296719419,
        "min": 68.63851168039032,
        "p16": 71.75754101165164,
        "p50": 72.74929593685764,
        "p84": 73.74247784497409,
        "sd": 0.9988308592664964
      },
      "local_minus_highz_gr_sigma": 1.315148659326179,
      "local_minus_highz_mg_sigma": 0.7581665414377313,
      "p_gr_above_local_ref": 0.07265,
      "p_gr_below_local_ref": 0.92735,
      "p_gr_below_planck_ref": 0.36007,
      "z_anchor": 0.2
    },
    {
      "apparent_gr_bias_vs_true": {
        "max": 7.01253953652818,
        "mean": -2.633819627770862,
        "min": -9.294085201479476,
        "p16": -4.559061406244686,
        "p50": -2.825522908774154,
        "p84": -0.7354373457228403,
        "sd": 1.9834145583256173
      },
      "delta_local_minus_highz_gr": {
        "max": 16.934017515625108,
        "mean": 4.860354278894158,
        "min": -14.90699628087792,
        "p16": 1.501913463768903,
        "p50": 5.008834484267389,
        "p84": 8.21717242286534,
        "sd": 3.4177626983115963
      },
      "delta_local_minus_highz_mg": {
        "max": 15.172408036381086,
        "mean": 2.4349204966773383,
        "min": -14.727341145782503,
        "p16": -0.6747449299252894,
        "p50": 2.4959746569614225,
        "p84": 5.534070257116295,
        "sd": 3.201453940357064
      },
      "h0_highz_gr": {
        "max": 85.36576673557711,
        "mean": 67.88728038734996,
        "min": 57.23070705640689,
        "p16": 64.6858878939238,
        "p50": 67.71625937527995,
        "p84": 71.12845080617865,
        "sd": 3.269543465047047
      },
      "h0_highz_mg": {
        "max": 85.1861116004817,
        "mean": 70.3127141695668,
        "min": 59.14540457006908,
        "p16": 67.39234286391326,
        "p50": 70.23110176324359,
        "p84": 73.2825799087918,
        "sd": 3.0450537338397075
      },
      "h0_local_obs": {
        "max": 77.12287139361277,
        "mean": 72.74763466624414,
        "min": 68.60438716728822,
        "p16": 71.75777303618575,
        "p50": 72.74862569656469,
        "p84": 73.7417022560448,
        "sd": 1.0005848859414486
      },
      "local_minus_highz_gr_sigma": 1.4215503938812024,
      "local_minus_highz_mg_sigma": 0.7597134827623258,
      "p_gr_above_local_ref": 0.06252,
      "p_gr_below_local_ref": 0.93748,
      "p_gr_below_planck_ref": 0.45967,
      "z_anchor": 0.35
    },
    {
      "apparent_gr_bias_vs_true": {
        "max": 9.186583286197163,
        "mean": -2.435329303893597,
        "min": -9.762609364904591,
        "p16": -4.803473038681946,
        "p50": -2.7266445020316787,
        "p84": -0.04033956991771078,
        "sd": 2.496711648766921
      },
      "delta_local_minus_highz_gr": {
        "max": 18.151070198058775,
        "mean": 4.655068437297508,
        "min": -14.670019806568604,
        "p16": 0.9726014620853517,
        "p50": 4.8721694775844355,
        "p84": 8.300426838250058,
        "sd": 3.713869965514168
      },
      "delta_local_minus_highz_mg": {
        "max": 14.971478052318048,
        "mean": 2.431208967470476,
        "min": -12.776071574231693,
        "p16": -0.6983071387532488,
        "p50": 2.5104539993062147,
        "p84": 5.504335063497101,
        "sd": 3.194968110907024
      },
      "h0_highz_gr": {
        "max": 86.06441248489193,
        "mean": 68.09571028328942,
        "min": 57.051173893037365,
        "p16": 64.58650065426578,
        "p50": 67.84638123281945,
        "p84": 71.67000003287407,
        "sd": 3.582079636166561
      },
      "h0_highz_mg": {
        "max": 84.14295261326907,
        "mean": 70.31956975311644,
        "min": 58.7774834674273,
        "p16": 67.41610039180681,
        "p50": 70.22571215619078,
        "p84": 73.29469609415088,
        "sd": 3.042246689938905
      },
      "h0_local_obs": {
        "max": 76.92122971193074,
        "mean": 72.75077872058691,
        "min": 68.51541535178848,
        "p16": 71.76243086101275,
        "p50": 72.74615935152909,
        "p84": 73.7396763733235,
        "sd": 0.9965293812329682
      },
      "local_minus_highz_gr_sigma": 1.251683869896355,
      "local_minus_highz_mg_sigma": 0.7591871471982768,
      "p_gr_above_local_ref": 0.09194,
      "p_gr_below_local_ref": 0.90806,
      "p_gr_below_planck_ref": 0.44829,
      "z_anchor": 0.5
    },
    {
      "apparent_gr_bias_vs_true": {
        "max": 11.362581393285481,
        "mean": -1.5506518529122442,
        "min": -10.365493010835145,
        "p16": -4.280374494918146,
        "p50": -1.8840845372205024,
        "p84": 1.2013448080676215,
        "sd": 2.889617801456288
      },
      "delta_local_minus_highz_gr": {
        "max": 16.44542032227441,
        "mean": 3.7911025556210567,
        "min": -17.1511519435673,
        "p16": -0.18705367136953724,
        "p50": 4.057543671813683,
        "p84": 7.751267013765058,
        "sd": 4.0358135488949864
      },
      "delta_local_minus_highz_mg": {
        "max": 15.082373945025104,
        "mean": 2.4514632345056984,
        "min": -12.878005558655815,
        "p16": -0.6863991429486571,
        "p50": 2.514303263604674,
        "p84": 5.569523195945412,
        "sd": 3.2063184436598062
      },
      "h0_highz_gr": {
        "max": 88.82594919983617,
        "mean": 68.95669393672112,
        "min": 57.78537999679407,
        "p16": 65.14723407924778,
        "p50": 68.65970950792088,
        "p84": 72.82104147064675,
        "sd": 3.9106745469602116
      },
      "h0_highz_mg": {
        "max": 84.51585252141501,
        "mean": 70.2963332578365,
        "min": 59.14025810779562,
        "p16": 67.38629082218806,
        "p50": 70.21202507307422,
        "p84": 73.2771324619884,
        "sd": 3.045223823198995
      },
      "h0_local_obs": {
        "max": 76.95753827362776,
        "mean": 72.74779649234219,
        "min": 68.50000012456398,
        "p16": 71.75438569242996,
        "p50": 72.75119848242969,
        "p84": 73.74260057115106,
        "sd": 0.9978616181989073
      },
      "local_minus_highz_gr_sigma": 0.9392041457141992,
      "local_minus_highz_mg_sigma": 0.764836378112908,
      "p_gr_above_local_ref": 0.15041,
      "p_gr_below_local_ref": 0.84959,
      "p_gr_below_planck_ref": 0.35814,
      "z_anchor": 0.62
    }
  ],
  "draws_total": 1600,
  "draws_used": 1600,
  "h0_posterior_mg_truth": {
    "max": 83.06595172086378,
    "mean": 70.51873584122742,
    "min": 60.31514973881641,
    "p16": 67.70416163334278,