{
  "apparent_gr_bias_vs_true": {
    "max": 8.172083189628182,
    "mean": -2.142237438918864,
    "min": -9.54101577760791,
    "p16": -4.470369475772871,
    "p50": -2.4662418216858555,
    "p84": 0.3583284652158974,
    "sd": 2.4666475371987313
  },
  "delta_local_minus_highz_gr": {
    "max": 18.14256537967298,
    "mean": 4.4074308851492034,
    "min": -16.781437298618442,
    "p16": 0.8067880093932166,
    "p50": 4.686039190419585,
    "p84": 7.975543595297848,
    "sd": 3.7427059798788385
  },
  "delta_local_minus_highz_mg": {
    "max": 14.731756197130565,
    "mean": 2.0552039741623997,
    "min": -13.814995377639931,
    "p16": -1.053736849240896,
    "p50": 2.040826775605794,
    "p84": 5.241984136537254,
    "sd": 3.2179839040036557
  },
  "h0_highz_gr": {
    "max": 88.64044304460798,
    "mean": 68.83886323414909,
    "min": 56.9453207448658,
    "p16": 65.44771316644655,
    "p50": 68.54971207221503,
    "p84": 72.31000492116662,
    "sd": 3.61099494492705
  },
  "h0_highz_mg": {
    "max": 85.67400112362947,
    "mean": 71.19109014513589,
    "min": 61.158834250771,
    "p16": 68.18425193494663,
    "p50": 71.22127008875768,
    "p84": 74.12973814670623,
    "sd": 3.0615413011627264
  },
  "h0_local_obs": {
    "max": 77.81977841719676,
    "mean": 73.24629411929828,
    "min": 68.81975586141611,
    "p16": 72.24835521480766,
    "p50": 73.24607273195866,
    "p84": 74.23973381452393,
    "sd": 1.0004092691641961
  },
  "local_minus_highz_gr_sigma": 1.1762862578209907,
  "local_minus_highz_mg_sigma": 0.6381194857333757,
  "p_gr_above_local_ref": 0.12728,
  "p_gr_below_local_ref": 0.87272,
  "p_gr_below_planck_ref": 0.35764,
  "z_anchor": 0.5
}
