{
  "apparent_gr_bias_vs_true": {
    "max": 4.762269540666523,
    "mean": -1.6239792516430294,
    "min": -6.32635315112725,
    "p16": -2.9114780232665254,
    "p50": -1.7243686816414439,
    "p84": -0.3237514636364542,
    "sd": 1.32957785555498
  },
  "delta_local_minus_highz_gr": {
    "max": 15.264026369874266,
    "mean": 3.9029364025423816,
    "min": -14.002637800392932,
    "p16": 0.7826476902725062,
    "p50": 3.9975934015422965,
    "p84": 7.0460539809165414,
    "sd": 3.2157213617663034
  },
  "delta_local_minus_highz_mg": {
    "max": 13.08282389037052,
    "mean": 2.0649839069626674,
    "min": -14.394492389598184,
    "p16": -1.0526310939094412,
    "p50": 2.0692478539843364,
    "p84": 5.259780089971538,
    "sd": 3.2298909177164385
  },
  "h0_highz_gr": {
    "max": 85.92572622539245,
    "mean": 69.35016942529668,
    "min": 58.67916301947837,
    "p16": 66.37229124542276,
    "p50": 69.24525317922448,
    "p84": 72.29831008368353,
    "sd": 3.0603544384066974
  },
  "h0_highz_mg": {
    "max": 86.3189741673068,
    "mean": 71.1881219208764,
    "min": 60.64327932882402,
    "p16": 68.16214273491511,
    "p50": 71.21034377874591,
    "p84": 74.13279123282719,
    "sd": 3.0741046105713714
  },
  "h0_local_obs": {
    "max": 77.53183470592842,
    "mean": 73.25310582783906,
    "min": 68.5955125382889,
    "p16": 72.2593371870641,
    "p50": 73.25311613133854,
    "p84": 74.25275027417024,
    "sd": 0.9985635048211319
  },
  "local_minus_highz_gr_sigma": 1.2122458481329732,
  "local_minus_highz_mg_sigma": 0.6387869720197596,
  "p_gr_above_local_ref": 0.11164,
  "p_gr_below_local_ref": 0.88836,
  "p_gr_below_planck_ref": 0.26486,
  "z_anchor": 0.2
}
