{
  "apparent_gr_bias_vs_true": {
    "max": 12.363209681358938,
    "mean": -1.2659553436797704,
    "min": -9.486473867511982,
    "p16": -4.018173326834097,
    "p50": -1.6974688630610402,
    "p84": 1.740484658113998,
    "sd": 2.923827670436629
  },
  "delta_local_minus_highz_gr": {
    "max": 19.078869171765895,
    "mean": 3.5311766517498437,
    "min": -19.997941115111047,
    "p16": -0.42168722454856605,
    "p50": 3.8471751850748888,
    "p84": 7.487663100835399,
    "sd": 4.136889682521505
  },
  "delta_local_minus_highz_mg": {
    "max": 14.09464069431192,
    "mean": 2.0534906253798946,
    "min": -13.257243291524162,
    "p16": -1.0591382968424374,
    "p50": 2.0493138655252707,
    "p84": 5.243741443778977,
    "sd": 3.219034895928628
  },
  "h0_highz_gr": {
    "max": 93.15578993340044,
    "mean": 69.70992072355364,
    "min": 57.13620022065509,
    "p16": 65.89792932894282,
    "p50": 69.39285521555439,
    "p84": 73.56327991144865,
    "sd": 4.012965939271894
  },
  "h0_highz_mg": {
    "max": 86.20941151144905,
    "mean": 71.18760674992359,
    "min": 61.0110385800565,
    "p16": 68.16810794736689,
    "p50": 71.22641440916009,
    "p84": 74.11792429860235,
    "sd": 3.0584116763821587
  },
  "h0_local_obs": {
    "max": 78.1321300605287,
    "mean": 73.24109737530347,
    "min": 68.8345419275901,
    "p16": 72.24828742236865,
    "p50": 73.24004484579757,
    "p84": 74.23428291075298,
    "sd": 0.9985308764079617
  },
  "local_minus_highz_gr_sigma": 0.85383101321324,
  "local_minus_highz_mg_sigma": 0.6381769577469936,
  "p_gr_above_local_ref": 0.18744,
  "p_gr_below_local_ref": 0.81256,
  "p_gr_below_planck_ref": 0.28724,
  "z_anchor": 0.62
}
