{
  "apparent_gr_bias_vs_true": {
    "max": 7.219347113097797,
    "mean": -2.300656613083096,
    "min": -8.534916964290318,
    "p16": -4.161534964877497,
    "p50": -2.516751816128348,
    "p84": -0.37048204451757444,
    "sd": 1.947569393957227
  },
  "delta_local_minus_highz_gr": {
    "max": 16.803331644473985,
    "mean": 4.5660014003937786,
    "min": -13.467135467669976,
    "p16": 1.260168289639305,
    "p50": 4.754089301475275,
    "p84": 7.854106468055092,
    "sd": 3.430621177723354
  },
  "delta_local_minus_highz_mg": {
    "max": 13.970555277366017,
    "mean": 2.0512291508021727,
    "min": -13.018245470613522,
    "p16": -1.0628556605089876,
    "p50": 2.0465230710936453,
    "p84": 5.2321490381204585,
    "sd": 3.2292072154982074
  },
  "h0_highz_gr": {
    "max": 86.51221892540842,
    "mean": 68.68485683731038,
    "min": 57.67984245951181,
    "p16": 65.55504333370492,
    "p50": 68.46606440885344,
    "p84": 71.84331723697225,
    "sd": 3.2870633216182332
  },
  "h0_highz_mg": {
    "max": 86.06332892835196,
    "mean": 71.19962908690198,
    "min": 61.17482665205614,
    "p16": 68.18283798562665,
    "p50": 71.22661888894335,
    "p84": 74.14718492950146,
    "sd": 3.0734330995423957
  },
  "h0_local_obs": {
    "max": 77.51036905685454,
    "mean": 73.25085823770415,
    "min": 68.85682339830089,
    "p16": 72.26096076491265,
    "p50": 73.2507864565624,
    "p84": 74.24082952252269,
    "sd": 0.9951251893394782
  },
  "local_minus_highz_gr_sigma": 1.3289449597121343,
  "local_minus_highz_mg_sigma": 0.6346574110573393,
  "p_gr_above_local_ref": 0.09853,
  "p_gr_below_local_ref": 0.90147,
  "p_gr_below_planck_ref": 0.35985,
  "z_anchor": 0.35
}
