{
  "anchor_results": [
    {
      "apparent_gr_bias_vs_true": {
        "max": 4.762269540666523,
        "mean": -1.6239792516430294,
        "min": -6.32635315112725,
        "p16": -2.9114780232665254,
        "p50": -1.7243686816414439,
        "p84": -0.3237514636364542,
        "sd": 1.32957785555498
      },
      "delta_local_minus_highz_gr": {
        "max": 15.264026369874266,
        "mean": 3.9029364025423816,
        "min": -14.002637800392932,
        "p16": 0.7826476902725062,
        "p50": 3.9975934015422965,
        "p84": 7.0460539809165414,
        "sd": 3.2157213617663034
      },
      "delta_local_minus_highz_mg": {
        "max": 13.08282389037052,
        "mean": 2.0649839069626674,
        "min": -14.394492389598184,
        "p16": -1.0526310939094412,
        "p50": 2.0692478539843364,
        "p84": 5.259780089971538,
        "sd": 3.2298909177164385
      },
      "h0_highz_gr": {
        "max": 85.92572622539245,
        "mean": 69.35016942529668,
        "min": 58.67916301947837,
        "p16": 66.37229124542276,
        "p50": 69.24525317922448,
        "p84": 72.29831008368353,
        "sd": 3.0603544384066974
      },
      "h0_highz_mg": {
        "max": 86.3189741673068,
        "mean": 71.1881219208764,
        "min": 60.64327932882402,
        "p16": 68.16214273491511,
        "p50": 71.21034377874591,
        "p84": 74.13279123282719,
        "sd": 3.0741046105713714
      },
      "h0_local_obs": {
        "max": 77.53183470592842,
        "mean": 73.25310582783906,
        "min": 68.5955125382889,
        "p16": 72.2593371870641,
        "p50": 73.25311613133854,
        "p84": 74.25275027417024,
        "sd": 0.9985635048211319
      },
      "local_minus_highz_gr_sigma": 1.2122458481329732,
      "local_minus_highz_mg_sigma": 0.6387869720197596,
      "p_gr_above_local_ref": 0.11164,
      "p_gr_below_local_ref": 0.88836,
      "p_gr_below_planck_ref": 0.26486,
      "z_anchor": 0.2
    },
    {
      "apparent_gr_bias_vs_true": {
        "max": 7.219347113097797,
        "mean": -2.300656613083096,
        "min": -8.534916964290318,
        "p16": -4.161534964877497,
        "p50": -2.516751816128348,
        "p84": -0.37048204451757444,
        "sd": 1.947569393957227
      },
      "delta_local_minus_highz_gr": {
        "max": 16.803331644473985,
        "mean": 4.5660014003937786,
        "min": -13.467135467669976,
        "p16": 1.260168289639305,
        "p50": 4.754089301475275,
        "p84": 7.854106468055092,
        "sd": 3.430621177723354
      },
      "delta_local_minus_highz_mg": {
        "max": 13.970555277366017,
        "mean": 2.0512291508021727,
        "min": -13.018245470613522,
        "p16": -1.0628556605089876,
        "p50": 2.0465230710936453,
        "p84": 5.2321490381204585,
        "sd": 3.2292072154982074
      },
      "h0_highz_gr": {
        "max": 86.51221892540842,
        "mean": 68.68485683731038,
        "min": 57.67984245951181,
        "p16": 65.55504333370492,
        "p50": 68.46606440885344,
        "p84": 71.84331723697225,
        "sd": 3.2870633216182332
      },
      "h0_highz_mg": {
        "max": 86.06332892835196,
        "mean": 71.19962908690198,
        "min": 61.17482665205614,
        "p16": 68.18283798562665,
        "p50": 71.22661888894335,
        "p84": 74.14718492950146,
        "sd": 3.0734330995423957
      },
      "h0_local_obs": {
        "max": 77.51036905685454,
        "mean": 73.25085823770415,
        "min": 68.85682339830089,
        "p16": 72.26096076491265,
        "p50": 73.2507864565624,
        "p84": 74.24082952252269,
        "sd": 0.9951251893394782
      },
      "local_minus_highz_gr_sigma": 1.3289449597121343,
      "local_minus_highz_mg_sigma": 0.6346574110573393,
      "p_gr_above_local_ref": 0.09853,
      "p_gr_below_local_ref": 0.90147,
      "p_gr_below_planck_ref": 0.35985,
      "z_anchor": 0.35
    },
    {
      "apparent_gr_bias_vs_true": {
        "max": 8.172083189628182,
        "mean": -2.142237438918864,
        "min": -9.54101577760791,
        "p16": -4.470369475772871,
        "p50": -2.4662418216858555,
        "p84": 0.3583284652158974,
        "sd": 2.4666475371987313
      },
      "delta_local_minus_highz_gr": {
        "max": 18.14256537967298,
        "mean": 4.4074308851492034,
        "min": -16.781437298618442,
        "p16": 0.8067880093932166,
        "p50": 4.686039190419585,
        "p84": 7.975543595297848,
        "sd": 3.7427059798788385
      },
      "delta_local_minus_highz_mg": {
        "max": 14.731756197130565,
        "mean": 2.0552039741623997,
        "min": -13.814995377639931,
        "p16": -1.053736849240896,
        "p50": 2.040826775605794,
        "p84": 5.241984136537254,
        "sd": 3.2179839040036557
      },
      "h0_highz_gr": {
        "max": 88.64044304460798,
        "mean": 68.83886323414909,
        "min": 56.9453207448658,
        "p16": 65.44771316644655,
        "p50": 68.54971207221503,
        "p84": 72.31000492116662,
        "sd": 3.61099494492705
      },
      "h0_highz_mg": {
        "max": 85.67400112362947,
        "mean": 71.19109014513589,
        "min": 61.158834250771,
        "p16": 68.18425193494663,
        "p50": 71.22127008875768,
        "p84": 74.12973814670623,
        "sd": 3.0615413011627264
      },
      "h0_local_obs": {
        "max": 77.81977841719676,
        "mean": 73.24629411929828,
        "min": 68.81975586141611,
        "p16": 72.24835521480766,
        "p50": 73.24607273195866,
        "p84": 74.23973381452393,
        "sd": 1.0004092691641961
      },
      "local_minus_highz_gr_sigma": 1.1762862578209907,
      "local_minus_highz_mg_sigma": 0.6381194857333757,
      "p_gr_above_local_ref": 0.12728,
      "p_gr_below_local_ref": 0.87272,
      "p_gr_below_planck_ref": 0.35764,
      "z_anchor": 0.5
    },
    {
      "apparent_gr_bias_vs_true": {
        "max": 12.363209681358938,
        "mean": -1.2659553436797704,
        "min": -9.486473867511982,
        "p16": -4.018173326834097,
        "p50": -1.6974688630610402,
        "p84": 1.740484658113998,
        "sd": 2.923827670436629
      },
      "delta_local_minus_highz_gr": {
        "max": 19.078869171765895,
        "mean": 3.5311766517498437,
        "min": -19.997941115111047,
        "p16": -0.42168722454856605,
        "p50": 3.8471751850748888,
        "p84": 7.487663100835399,
        "sd": 4.136889682521505
      },
      "delta_local_minus_highz_mg": {
        "max": 14.09464069431192,
        "mean": 2.0534906253798946,
        "min": -13.257243291524162,
        "p16": -1.0591382968424374,
        "p50": 2.0493138655252707,
        "p84": 5.243741443778977,
        "sd": 3.219034895928628
      },
      "h0_highz_gr": {
        "max": 93.15578993340044,
        "mean": 69.70992072355364,
        "min": 57.13620022065509,
        "p16": 65.89792932894282,
        "p50": 69.39285521555439,
        "p84": 73.56327991144865,
        "sd": 4.012965939271894
      },
      "h0_highz_mg": {
        "max": 86.20941151144905,
        "mean": 71.18760674992359,
        "min": 61.0110385800565,
        "p16": 68.16810794736689,
        "p50": 71.22641440916009,
        "p84": 74.11792429860235,
        "sd": 3.0584116763821587
      },
      "h0_local_obs": {
        "max": 78.1321300605287,
        "mean": 73.24109737530347,
        "min": 68.8345419275901,
        "p16": 72.24828742236865,
        "p50": 73.24004484579757,
        "p84": 74.23428291075298,
        "sd": 0.9985308764079617
      },
      "local_minus_highz_gr_sigma": 0.85383101321324,
      "local_minus_highz_mg_sigma": 0.6381769577469936,
      "p_gr_above_local_ref": 0.18744,
      "p_gr_below_local_ref": 0.81256,
      "p_gr_below_planck_ref": 0.28724,
      "z_anchor": 0.62
    }
  ],
  "draws_total": 1600,
  "draws_used": 1600,
  "h0_posterior_mg_truth": {
    "max": 83.833891578275,
    "mean": 70.9809853903875,
    "min": 62.52211725111513,
    "p16": 68.10255835254144,