{
  "apparent_gr_bias_vs_true": {
    "max": 7.896559182656532,
    "mean": -2.1800037586563437,
    "min": -8.827528344471162,
    "p16": -4.086740436480686,
    "p50": -2.3667435839032294,
    "p84": -0.21489470208555345,
    "sd": 1.969680726862968
  },
  "delta_local_minus_highz_gr": {
    "max": 17.88252283075937,
    "mean": 4.833540332512909,
    "min": -11.754513036022843,
    "p16": 1.5713709557136089,
    "p50": 4.9107793953771335,
    "p84": 8.157707749209118,
    "sd": 3.3339474667816
  },
  "delta_local_minus_highz_mg": {
    "max": 14.859999682277348,
    "mean": 2.4446620780049533,
    "min": -11.36106659550444,
    "p16": -0.6160417301792392,
    "p50": 2.482935188309952,
    "p84": 5.559583107624464,
    "sd": 3.135551537169774
  },
  "h0_highz_gr": {
    "max": 82.94769896687204,
    "mean": 68.41832272770995,
    "min": 56.37592698385071,
    "p16": 65.26465675637891,
    "p50": 68.33505571245894,
    "p84": 71.52017924267305,
    "sd": 3.1813932005988312
  },
  "h0_highz_mg": {
    "max": 83.19874656832675,
    "mean": 70.8072009822179,
    "min": 59.64388358168351,
    "p16": 67.8351824468029,
    "p50": 70.7670711635653,
    "p84": 73.67020441684828,
    "sd": 2.971132646888244
  },
  "h0_local_obs": {
    "max": 78.02739567275104,
    "mean": 73.25186306022286,
    "min": 69.03477714180939,
    "p16": 72.25100059293938,
    "p50": 73.25488601551058,
    "p84": 74.24889618124556,
    "sd": 1.0020794139284372
  },
  "local_minus_highz_gr_sigma": 1.4494001339836713,
  "local_minus_highz_mg_sigma": 0.7798201531183896,
  "p_gr_above_local_ref": 0.07447,
  "p_gr_below_local_ref": 0.92553,
  "p_gr_below_planck_ref": 0.38094,
  "z_anchor": 0.35
}
