{
  "apparent_gr_bias_vs_true": {
    "max": 11.893858876283929,
    "mean": -1.0515198027918602,
    "min": -9.760641270529348,
    "p16": -3.9272285008614407,
    "p50": -1.2930611488402448,
    "p84": 1.8235404056362678,
    "sd": 2.912360966030834
  },
  "delta_local_minus_highz_gr": {
    "max": 18.545554352992056,
    "mean": 3.6906167439696564,
    "min": -15.13421018370451,
    "p16": -0.2454196229428038,
    "p50": 3.89675307060169,
    "p84": 7.645918634254266,
    "sd": 3.9657987526121925
  },
  "delta_local_minus_highz_mg": {
    "max": 14.249000367342042,
    "mean": 2.426560645372749,
    "min": -11.010013501491215,
    "p16": -0.6535106394269508,
    "p50": 2.466653121712767,
    "p84": 5.536044233449428,
    "sd": 3.1483127659151595
  },
  "h0_highz_gr": {
    "max": 86.52007054839216,
    "mean": 69.5622931900984,
    "min": 55.46168229546075,
    "p16": 65.73851311004854,
    "p50": 69.3270445422019,
    "p84": 73.37602373751555,
    "sd": 3.8407232943272818
  },
  "h0_highz_mg": {
    "max": 83.84182917623943,
    "mean": 70.82634928869531,
    "min": 59.674969196070975,
    "p16": 67.8631885740157,
    "p50": 70.77024265482692,
    "p84": 73.71434328140802,
    "sd": 2.9877715363334394
  },
  "h0_local_obs": {
    "max": 77.47091821379499,
    "mean": 73.25290993406806,
    "min": 68.73974528230217,
    "p16": 72.26162811910645,
    "p50": 73.25389234950833,
    "p84": 74.24589391223485,
    "sd": 1.0004539497162497
  },
  "local_minus_highz_gr_sigma": 0.929913899753425,
  "local_minus_highz_mg_sigma": 0.7701706752677769,
  "p_gr_above_local_ref": 0.18471,
  "p_gr_below_local_ref": 0.81529,
  "p_gr_below_planck_ref": 0.30184,
  "z_anchor": 0.62
}
