{
  "apparent_gr_bias_vs_true": {
    "max": 5.021387130630117,
    "mean": -1.559967195383,
    "min": -5.9758316846060495,
    "p16": -2.865433508522381,
    "p50": -1.6630780513870604,
    "p84": -0.22148124406554584,
    "sd": 1.3446656343096302
  },
  "delta_local_minus_highz_gr": {
    "max": 16.863083948872458,
    "mean": 4.208310504657703,
    "min": -8.881188346130045,
    "p16": 1.20239609906804,
    "p50": 4.248937864088823,
    "p84": 7.279044961631688,
    "sd": 3.1188642651553447
  },
  "delta_local_minus_highz_mg": {
    "max": 15.036549400016703,
    "mean": 2.437293252279493,
    "min": -10.642925499526385,
    "p16": -0.6029805870747867,
    "p50": 2.483104028228297,
    "p84": 5.541403434732198,
    "sd": 3.134477923163094
  },
  "h0_highz_gr": {
    "max": 81.01682374486381,
    "mean": 69.04357666084158,
    "min": 57.64451842059166,
    "p16": 66.16882422766827,
    "p50": 68.9985531863463,
    "p84": 71.89413930639334,
    "sd": 2.9545056220847044
  },
  "h0_highz_mg": {
    "max": 83.06310903488985,
    "mean": 70.8145939132198,
    "min": 59.380453631401686,
    "p16": 67.85608498139122,
    "p50": 70.77335154711761,
    "p84": 73.68776605533142,
    "sd": 2.972190506919508
  },
  "h0_local_obs": {
    "max": 77.5216306776666,
    "mean": 73.25188716549928,
    "min": 67.5690100584767,
    "p16": 72.25497876217935,
    "p50": 73.24764890578214,
    "p84": 74.24934980468429,
    "sd": 1.0021482569244688
  },
  "local_minus_highz_gr_sigma": 1.3491845679576446,
  "local_minus_highz_mg_sigma": 0.7772210062877316,
  "p_gr_above_local_ref": 0.08484,
  "p_gr_below_local_ref": 0.91516,
  "p_gr_below_planck_ref": 0.28887,
  "z_anchor": 0.2
}
