{
  "apparent_gr_bias_vs_true": {
    "max": 9.899379639921534,
    "mean": -1.9728199558195103,
    "min": -9.327685195887256,
    "p16": -4.431675021691258,
    "p50": -2.204019357456829,
    "p84": 0.4880624963405498,
    "sd": 2.4953245530230608
  },
  "delta_local_minus_highz_gr": {
    "max": 18.621400141970213,
    "mean": 4.6117084887892466,
    "min": -12.78680925615457,
    "p16": 1.051816708121798,
    "p50": 4.76537244100399,
    "p84": 8.210461664600812,
    "sd": 3.6382063838224625
  },
  "delta_local_minus_highz_mg": {
    "max": 15.603895106841826,
    "mean": 2.4275867264007926,
    "min": -11.397129582062135,
    "p16": -0.6561314417546191,
    "p50": 2.4862667188277356,
    "p84": 5.54527014832876,
    "sd": 3.1569692675233867
  },
  "h0_highz_gr": {
    "max": 85.4245276825938,
    "mean": 68.63478391606375,
    "min": 55.70673536749623,
    "p16": 65.15672457422131,
    "p50": 68.4638779556313,
    "p84": 72.03689538516514,
    "sd": 3.4985603231330975
  },
  "h0_highz_mg": {
    "max": 83.69553307357633,
    "mean": 70.8189056784522,
    "min": 58.95651417055684,
    "p16": 67.85906082345046,
    "p50": 70.75939516596355,
    "p84": 73.70322258294347,
    "sd": 2.991139113171097
  },
  "h0_local_obs": {
    "max": 77.7121826466902,
    "mean": 73.246492404853,
    "min": 69.21245915675743,
    "p16": 72.25424416376154,
    "p50": 73.24672657442477,
    "p84": 74.23756261613838,
    "sd": 1.0014518150244762
  },
  "local_minus_highz_gr_sigma": 1.2674157381588864,
  "local_minus_highz_mg_sigma": 0.7697161345916542,
  "p_gr_above_local_ref": 0.10345,
  "p_gr_below_local_ref": 0.89655,
  "p_gr_below_planck_ref": 0.37795,
  "z_anchor": 0.5
}
