{
  "anchor_results": [
    {
      "apparent_gr_bias_vs_true": {
        "max": 5.021387130630117,
        "mean": -1.559967195383,
        "min": -5.9758316846060495,
        "p16": -2.865433508522381,
        "p50": -1.6630780513870604,
        "p84": -0.22148124406554584,
        "sd": 1.3446656343096302
      },
      "delta_local_minus_highz_gr": {
        "max": 16.863083948872458,
        "mean": 4.208310504657703,
        "min": -8.881188346130045,
        "p16": 1.20239609906804,
        "p50": 4.248937864088823,
        "p84": 7.279044961631688,
        "sd": 3.1188642651553447
      },
      "delta_local_minus_highz_mg": {
        "max": 15.036549400016703,
        "mean": 2.437293252279493,
        "min": -10.642925499526385,
        "p16": -0.6029805870747867,
        "p50": 2.483104028228297,
        "p84": 5.541403434732198,
        "sd": 3.134477923163094
      },
      "h0_highz_gr": {
        "max": 81.01682374486381,
        "mean": 69.04357666084158,
        "min": 57.64451842059166,
        "p16": 66.16882422766827,
        "p50": 68.9985531863463,
        "p84": 71.89413930639334,
        "sd": 2.9545056220847044
      },
      "h0_highz_mg": {
        "max": 83.06310903488985,
        "mean": 70.8145939132198,
        "min": 59.380453631401686,
        "p16": 67.85608498139122,
        "p50": 70.77335154711761,
        "p84": 73.68776605533142,
        "sd": 2.972190506919508
      },
      "h0_local_obs": {
        "max": 77.5216306776666,
        "mean": 73.25188716549928,
        "min": 67.5690100584767,
        "p16": 72.25497876217935,
        "p50": 73.24764890578214,
        "p84": 74.24934980468429,
        "sd": 1.0021482569244688
      },
      "local_minus_highz_gr_sigma": 1.3491845679576446,
      "local_minus_highz_mg_sigma": 0.7772210062877316,
      "p_gr_above_local_ref": 0.08484,
      "p_gr_below_local_ref": 0.91516,
      "p_gr_below_planck_ref": 0.28887,
      "z_anchor": 0.2
    },
    {
      "apparent_gr_bias_vs_true": {
        "max": 7.896559182656532,
        "mean": -2.1800037586563437,
        "min": -8.827528344471162,
        "p16": -4.086740436480686,
        "p50": -2.3667435839032294,
        "p84": -0.21489470208555345,
        "sd": 1.969680726862968
      },
      "delta_local_minus_highz_gr": {
        "max": 17.88252283075937,
        "mean": 4.833540332512909,
        "min": -11.754513036022843,
        "p16": 1.5713709557136089,
        "p50": 4.9107793953771335,
        "p84": 8.157707749209118,
        "sd": 3.3339474667816
      },
      "delta_local_minus_highz_mg": {
        "max": 14.859999682277348,
        "mean": 2.4446620780049533,
        "min": -11.36106659550444,
        "p16": -0.6160417301792392,
        "p50": 2.482935188309952,
        "p84": 5.559583107624464,
        "sd": 3.135551537169774
      },
      "h0_highz_gr": {
        "max": 82.94769896687204,
        "mean": 68.41832272770995,
        "min": 56.37592698385071,
        "p16": 65.26465675637891,
        "p50": 68.33505571245894,
        "p84": 71.52017924267305,
        "sd": 3.1813932005988312
      },
      "h0_highz_mg": {
        "max": 83.19874656832675,
        "mean": 70.8072009822179,
        "min": 59.64388358168351,
        "p16": 67.8351824468029,
        "p50": 70.7670711635653,
        "p84": 73.67020441684828,
        "sd": 2.971132646888244
      },
      "h0_local_obs": {
        "max": 78.02739567275104,
        "mean": 73.25186306022286,
        "min": 69.03477714180939,
        "p16": 72.25100059293938,
        "p50": 73.25488601551058,
        "p84": 74.24889618124556,
        "sd": 1.0020794139284372
      },
      "local_minus_highz_gr_sigma": 1.4494001339836713,
      "local_minus_highz_mg_sigma": 0.7798201531183896,
      "p_gr_above_local_ref": 0.07447,
      "p_gr_below_local_ref": 0.92553,
      "p_gr_below_planck_ref": 0.38094,
      "z_anchor": 0.35
    },
    {
      "apparent_gr_bias_vs_true": {
        "max": 9.899379639921534,
        "mean": -1.9728199558195103,
        "min": -9.327685195887256,
        "p16": -4.431675021691258,
        "p50": -2.204019357456829,
        "p84": 0.4880624963405498,
        "sd": 2.4953245530230608
      },
      "delta_local_minus_highz_gr": {
        "max": 18.621400141970213,
        "mean": 4.6117084887892466,
        "min": -12.78680925615457,
        "p16": 1.051816708121798,
        "p50": 4.76537244100399,
        "p84": 8.210461664600812,
        "sd": 3.6382063838224625
      },
      "delta_local_minus_highz_mg": {
        "max": 15.603895106841826,
        "mean": 2.4275867264007926,
        "min": -11.397129582062135,
        "p16": -0.6561314417546191,
        "p50": 2.4862667188277356,
        "p84": 5.54527014832876,
        "sd": 3.1569692675233867
      },
      "h0_highz_gr": {
        "max": 85.4245276825938,
        "mean": 68.63478391606375,
        "min": 55.70673536749623,
        "p16": 65.15672457422131,
        "p50": 68.4638779556313,
        "p84": 72.03689538516514,
        "sd": 3.4985603231330975
      },
      "h0_highz_mg": {
        "max": 83.69553307357633,
        "mean": 70.8189056784522,
        "min": 58.95651417055684,
        "p16": 67.85906082345046,
        "p50": 70.75939516596355,
        "p84": 73.70322258294347,
        "sd": 2.991139113171097
      },
      "h0_local_obs": {
        "max": 77.7121826466902,
        "mean": 73.246492404853,
        "min": 69.21245915675743,
        "p16": 72.25424416376154,
        "p50": 73.24672657442477,
        "p84": 74.23756261613838,
        "sd": 1.0014518150244762
      },
      "local_minus_highz_gr_sigma": 1.2674157381588864,
      "local_minus_highz_mg_sigma": 0.7697161345916542,
      "p_gr_above_local_ref": 0.10345,
      "p_gr_below_local_ref": 0.89655,
      "p_gr_below_planck_ref": 0.37795,
      "z_anchor": 0.5
    },
    {
      "apparent_gr_bias_vs_true": {
        "max": 11.893858876283929,
        "mean": -1.0515198027918602,
        "min": -9.760641270529348,
        "p16": -3.9272285008614407,
        "p50": -1.2930611488402448,
        "p84": 1.8235404056362678,
        "sd": 2.912360966030834
      },
      "delta_local_minus_highz_gr": {
        "max": 18.545554352992056,
        "mean": 3.6906167439696564,
        "min": -15.13421018370451,
        "p16": -0.2454196229428038,
        "p50": 3.89675307060169,
        "p84": 7.645918634254266,
        "sd": 3.9657987526121925
      },
      "delta_local_minus_highz_mg": {
        "max": 14.249000367342042,
        "mean": 2.426560645372749,
        "min": -11.010013501491215,
        "p16": -0.6535106394269508,
        "p50": 2.466653121712767,
        "p84": 5.536044233449428,
        "sd": 3.1483127659151595
      },
      "h0_highz_gr": {
        "max": 86.52007054839216,
        "mean": 69.5622931900984,
        "min": 55.46168229546075,
        "p16": 65.73851311004854,
        "p50": 69.3270445422019,
        "p84": 73.37602373751555,
        "sd": 3.8407232943272818
      },
      "h0_highz_mg": {
        "max": 83.84182917623943,
        "mean": 70.82634928869531,
        "min": 59.674969196070975,
        "p16": 67.8631885740157,
        "p50": 70.77024265482692,
        "p84": 73.71434328140802,
        "sd": 2.9877715363334394
      },
      "h0_local_obs": {
        "max": 77.47091821379499,
        "mean": 73.25290993406806,
        "min": 68.73974528230217,
        "p16": 72.26162811910645,
        "p50": 73.25389234950833,
        "p84": 74.24589391223485,
        "sd": 1.0004539497162497
      },
      "local_minus_highz_gr_sigma": 0.929913899753425,
      "local_minus_highz_mg_sigma": 0.7701706752677769,
      "p_gr_above_local_ref": 0.18471,
      "p_gr_below_local_ref": 0.81529,
      "p_gr_below_planck_ref": 0.30184,
      "z_anchor": 0.62
    }
  ],
  "draws_total": 1600,
  "draws_used": 1600,
  "h0_posterior_mg_truth": {
    "max": 81.06264119821896,
    "mean": 70.60034490571202,
    "min": 60.651398709331204,
    "p16": 67.71575777916435,