{
  "apparent_gr_bias_vs_true": {
    "max": 5.1227927930234,
    "mean": -1.5675603635720874,
    "min": -6.661277611861522,
    "p16": -2.9015971825298768,
    "p50": -1.6634393453668892,
    "p84": -0.2344694309861642,
    "sd": 1.3658949461528973
  },
  "delta_local_minus_highz_gr": {
    "max": 16.45843489828183,
    "mean": 4.302702251522387,
    "min": -12.388203101632797,
    "p16": 1.157736148380006,
    "p50": 4.3802303757511964,
    "p84": 7.4475376358742045,
    "sd": 3.2116559301177654
  },
  "delta_local_minus_highz_mg": {
    "max": 15.18568684637983,
    "mean": 2.518153435094146,
    "min": -12.802037789394149,
    "p16": -0.627892075556403,
    "p50": 2.5892068908034815,
    "p84": 5.602464251548558,
    "sd": 3.2150664397136595
  },
  "h0_highz_gr": {
    "max": 84.49772988627174,
    "mean": 68.9501931234406,
    "min": 58.10529772251211,
    "p16": 65.98007975534546,
    "p50": 68.86411117778906,
    "p84": 71.93686050195919,
    "sd": 3.05166943313869
  },
  "h0_highz_mg": {
    "max": 84.91844424301523,
    "mean": 70.73474193986884,
    "min": 59.362413121430244,
    "p16": 67.83261908364025,
    "p50": 70.6264309582341,
    "p84": 73.71549289777234,
    "sd": 3.0562656794779137
  },
  "h0_local_obs": {
    "max": 78.07069356629036,
    "mean": 73.25289537496296,
    "min": 69.20151283893088,
    "p16": 72.25662672636348,
    "p50": 73.25244025492742,
    "p84": 74.24905597441202,
    "sd": 1.0013793601203302
  },
  "local_minus_highz_gr_sigma": 1.339847559623797,
  "local_minus_highz_mg_sigma": 0.7830796923538315,
  "p_gr_above_local_ref": 0.09267,
  "p_gr_below_local_ref": 0.90733,
  "p_gr_below_planck_ref": 0.30837,
  "z_anchor": 0.2
}
