{
  "apparent_gr_bias_vs_true": {
    "max": 12.704667701431731,
    "mean": -1.1160387575931334,
    "min": -10.25882020675678,
    "p16": -3.866837046474438,
    "p50": -1.4512908023344195,
    "p84": 1.655131992113194,
    "sd": 2.911488564611529
  },
  "delta_local_minus_highz_gr": {
    "max": 17.087516526522613,
    "mean": 3.831300400067279,
    "min": -17.397840965587605,
    "p16": -0.2141854838124868,
    "p50": 4.082338911423918,
    "p84": 7.819801983603816,
    "sd": 4.068696271143495
  },
  "delta_local_minus_highz_mg": {
    "max": 15.727543431799617,
    "mean": 2.503084159598903,
    "min": -13.10076905371632,
    "p16": -0.6481645171184368,
    "p50": 2.575945050505325,
    "p84": 5.611096517557075,
    "sd": 3.2192872156010517
  },
  "h0_highz_gr": {
    "max": 89.29367236034324,
    "mean": 69.41379646414961,
    "min": 58.00268040782796,
    "p16": 65.58924507073654,
    "p50": 69.12947258726635,
    "p84": 73.32272466242966,
    "sd": 3.941492026733256
  },
  "h0_highz_mg": {
    "max": 84.96088037656726,
    "mean": 70.74201270461799,
    "min": 59.362653502550955,
    "p16": 67.81503290043581,
    "p50": 70.65744051820714,
    "p84": 73.73476653134185,
    "sd": 3.0556848376163397
  },
  "h0_local_obs": {
    "max": 77.5134581259254,
    "mean": 73.24509686421689,
    "min": 69.01454852527092,
    "p16": 72.2387694156326,
    "p50": 73.24910913210778,
    "p84": 74.24972905846953,
    "sd": 1.0086435705134358
  },
  "local_minus_highz_gr_sigma": 0.9421919418378565,
  "local_minus_highz_mg_sigma": 0.7785271919878465,
  "p_gr_above_local_ref": 0.17775,
  "p_gr_below_local_ref": 0.82225,
  "p_gr_below_planck_ref": 0.31434,
  "z_anchor": 0.62
}
