{
  "apparent_gr_bias_vs_true": {
    "max": 10.099981937073608,
    "mean": -2.022324640886024,
    "min": -9.55287249278868,
    "p16": -4.420750512961459,
    "p50": -2.3121817913963554,
    "p84": 0.4048195808401274,
    "sd": 2.51142186646256
  },
  "delta_local_minus_highz_gr": {
    "max": 18.362852492779858,
    "mean": 4.765352922797646,
    "min": -15.624256241834985,
    "p16": 1.0819507588735677,
    "p50": 4.985740644962,
    "p84": 8.436109604040732,
    "sd": 3.7425276953892626
  },
  "delta_local_minus_highz_mg": {
    "max": 15.93786754806721,
    "mean": 2.5306646421842016,
    "min": -13.698867973210326,
    "p16": -0.6116114761460237,
    "p50": 2.6027331298892378,
    "p84": 5.644152364096441,
    "sd": 3.2228066071519135
  },
  "h0_highz_gr": {
    "max": 87.0443815224665,
    "mean": 68.48867712595313,
    "min": 57.422346470644676,
    "p16": 64.95210949828785,
    "p50": 68.23907057258766,
    "p84": 72.08087799429231,
    "sd": 3.6052502048143436
  },
  "h0_highz_mg": {
    "max": 85.10104302381575,
    "mean": 70.72336540656659,
    "min": 59.15988734372228,
    "p16": 67.79334419794417,
    "p50": 70.62930260311049,
    "p84": 73.72561503087452,
    "sd": 3.0654253314780924
  },
  "h0_local_obs": {
    "max": 77.67436054715118,
    "mean": 73.25403004875079,
    "min": 68.49796867504757,
    "p16": 72.26075528756165,
    "p50": 73.25545495551088,
    "p84": 74.24777942319561,
    "sd": 0.9997430213833534
  },
  "local_minus_highz_gr_sigma": 1.273692899026959,
  "local_minus_highz_mg_sigma": 0.7848453226855545,
  "p_gr_above_local_ref": 0.1111,
  "p_gr_below_local_ref": 0.8889,
  "p_gr_below_planck_ref": 0.40237,
  "z_anchor": 0.5
}
