{
  "apparent_gr_bias_vs_true": {
    "max": 7.446724947414651,
    "mean": -2.223882345490107,
    "min": -9.622178200725159,
    "p16": -4.155049226447118,
    "p50": -2.423549926113097,
    "p84": -0.3021386317307131,
    "sd": 1.994994699716247
  },
  "delta_local_minus_highz_gr": {
    "max": 17.45383886529676,
    "mean": 4.964924475140975,
    "min": -12.738422814364512,
    "p16": 1.5636126672952293,
    "p50": 5.093492907264391,
    "p84": 8.34872840166816,
    "sd": 3.429985153357316
  },
  "delta_local_minus_highz_mg": {
    "max": 15.110855496553505,
    "mean": 2.5328754945818543,
    "min": -12.55901988270709,
    "p16": -0.6049758627869801,
    "p50": 2.5875846232608524,
    "p84": 5.619383580214848,
    "sd": 3.2052602671609023
  },
  "h0_highz_gr": {
    "max": 85.2459285809529,
    "mean": 68.28652670075343,
    "min": 57.4464405698195,
    "p16": 65.05642247064043,
    "p50": 68.12669511731889,
    "p84": 71.55365430790994,
    "sd": 3.2822579080486545
  },
  "h0_highz_mg": {
    "max": 85.06652564929549,
    "mean": 70.71857568131254,
    "min": 59.18856877544335,
    "p16": 67.82246791797104,
    "p50": 70.62118852244471,
    "p84": 73.71294572850677,
    "sd": 3.0481002508346764
  },
  "h0_local_obs": {
    "max": 78.22905950211586,
    "mean": 73.25145117589439,
    "min": 68.63829978562767,
    "p16": 72.25997598672977,
    "p50": 73.25093365970606,
    "p84": 74.24594835353577,
    "sd": 0.9993335250472251
  },
  "local_minus_highz_gr_sigma": 1.4469884766851517,
  "local_minus_highz_mg_sigma": 0.789563100472119,
  "p_gr_above_local_ref": 0.0772,
  "p_gr_below_local_ref": 0.9228,
  "p_gr_below_planck_ref": 0.40662,
  "z_anchor": 0.35
}
