{
  "anchor_results": [
    {
      "apparent_gr_bias_vs_true": {
        "max": 5.1227927930234,
        "mean": -1.5675603635720874,
        "min": -6.661277611861522,
        "p16": -2.9015971825298768,
        "p50": -1.6634393453668892,
        "p84": -0.2344694309861642,
        "sd": 1.3658949461528973
      },
      "delta_local_minus_highz_gr": {
        "max": 16.45843489828183,
        "mean": 4.302702251522387,
        "min": -12.388203101632797,
        "p16": 1.157736148380006,
        "p50": 4.3802303757511964,
        "p84": 7.4475376358742045,
        "sd": 3.2116559301177654
      },
      "delta_local_minus_highz_mg": {
        "max": 15.18568684637983,
        "mean": 2.518153435094146,
        "min": -12.802037789394149,
        "p16": -0.627892075556403,
        "p50": 2.5892068908034815,
        "p84": 5.602464251548558,
        "sd": 3.2150664397136595
      },
      "h0_highz_gr": {
        "max": 84.49772988627174,
        "mean": 68.9501931234406,
        "min": 58.10529772251211,
        "p16": 65.98007975534546,
        "p50": 68.86411117778906,
        "p84": 71.93686050195919,
        "sd": 3.05166943313869
      },
      "h0_highz_mg": {
        "max": 84.91844424301523,
        "mean": 70.73474193986884,
        "min": 59.362413121430244,
        "p16": 67.83261908364025,
        "p50": 70.6264309582341,
        "p84": 73.71549289777234,
        "sd": 3.0562656794779137
      },
      "h0_local_obs": {
        "max": 78.07069356629036,
        "mean": 73.25289537496296,
        "min": 69.20151283893088,
        "p16": 72.25662672636348,
        "p50": 73.25244025492742,
        "p84": 74.24905597441202,
        "sd": 1.0013793601203302
      },
      "local_minus_highz_gr_sigma": 1.339847559623797,
      "local_minus_highz_mg_sigma": 0.7830796923538315,
      "p_gr_above_local_ref": 0.09267,
      "p_gr_below_local_ref": 0.90733,
      "p_gr_below_planck_ref": 0.30837,
      "z_anchor": 0.2
    },
    {
      "apparent_gr_bias_vs_true": {
        "max": 7.446724947414651,
        "mean": -2.223882345490107,
        "min": -9.622178200725159,
        "p16": -4.155049226447118,
        "p50": -2.423549926113097,
        "p84": -0.3021386317307131,
        "sd": 1.994994699716247
      },
      "delta_local_minus_highz_gr": {
        "max": 17.45383886529676,
        "mean": 4.964924475140975,
        "min": -12.738422814364512,
        "p16": 1.5636126672952293,
        "p50": 5.093492907264391,
        "p84": 8.34872840166816,
        "sd": 3.429985153357316
      },
      "delta_local_minus_highz_mg": {
        "max": 15.110855496553505,
        "mean": 2.5328754945818543,
        "min": -12.55901988270709,
        "p16": -0.6049758627869801,
        "p50": 2.5875846232608524,
        "p84": 5.619383580214848,
        "sd": 3.2052602671609023
      },
      "h0_highz_gr": {
        "max": 85.2459285809529,
        "mean": 68.28652670075343,
        "min": 57.4464405698195,
        "p16": 65.05642247064043,
        "p50": 68.12669511731889,
        "p84": 71.55365430790994,
        "sd": 3.2822579080486545
      },
      "h0_highz_mg": {
        "max": 85.06652564929549,
        "mean": 70.71857568131254,
        "min": 59.18856877544335,
        "p16": 67.82246791797104,
        "p50": 70.62118852244471,
        "p84": 73.71294572850677,
        "sd": 3.0481002508346764
      },
      "h0_local_obs": {
        "max": 78.22905950211586,
        "mean": 73.25145117589439,
        "min": 68.63829978562767,
        "p16": 72.25997598672977,
        "p50": 73.25093365970606,
        "p84": 74.24594835353577,
        "sd": 0.9993335250472251
      },
      "local_minus_highz_gr_sigma": 1.4469884766851517,
      "local_minus_highz_mg_sigma": 0.789563100472119,
      "p_gr_above_local_ref": 0.0772,
      "p_gr_below_local_ref": 0.9228,
      "p_gr_below_planck_ref": 0.40662,
      "z_anchor": 0.35
    },
    {
      "apparent_gr_bias_vs_true": {
        "max": 10.099981937073608,
        "mean": -2.022324640886024,
        "min": -9.55287249278868,
        "p16": -4.420750512961459,
        "p50": -2.3121817913963554,
        "p84": 0.4048195808401274,
        "sd": 2.51142186646256
      },
      "delta_local_minus_highz_gr": {
        "max": 18.362852492779858,
        "mean": 4.765352922797646,
        "min": -15.624256241834985,
        "p16": 1.0819507588735677,
        "p50": 4.985740644962,
        "p84": 8.436109604040732,
        "sd": 3.7425276953892626
      },
      "delta_local_minus_highz_mg": {
        "max": 15.93786754806721,
        "mean": 2.5306646421842016,
        "min": -13.698867973210326,
        "p16": -0.6116114761460237,
        "p50": 2.6027331298892378,
        "p84": 5.644152364096441,
        "sd": 3.2228066071519135
      },
      "h0_highz_gr": {
        "max": 87.0443815224665,
        "mean": 68.48867712595313,
        "min": 57.422346470644676,
        "p16": 64.95210949828785,
        "p50": 68.23907057258766,
        "p84": 72.08087799429231,
        "sd": 3.6052502048143436
      },
      "h0_highz_mg": {
        "max": 85.10104302381575,
        "mean": 70.72336540656659,
        "min": 59.15988734372228,
        "p16": 67.79334419794417,
        "p50": 70.62930260311049,
        "p84": 73.72561503087452,
        "sd": 3.0654253314780924
      },
      "h0_local_obs": {
        "max": 77.67436054715118,
        "mean": 73.25403004875079,
        "min": 68.49796867504757,
        "p16": 72.26075528756165,
        "p50": 73.25545495551088,
        "p84": 74.24777942319561,
        "sd": 0.9997430213833534
      },
      "local_minus_highz_gr_sigma": 1.273692899026959,
      "local_minus_highz_mg_sigma": 0.7848453226855545,
      "p_gr_above_local_ref": 0.1111,
      "p_gr_below_local_ref": 0.8889,
      "p_gr_below_planck_ref": 0.40237,
      "z_anchor": 0.5
    },
    {
      "apparent_gr_bias_vs_true": {
        "max": 12.704667701431731,
        "mean": -1.1160387575931334,
        "min": -10.25882020675678,
        "p16": -3.866837046474438,
        "p50": -1.4512908023344195,
        "p84": 1.655131992113194,
        "sd": 2.911488564611529
      },
      "delta_local_minus_highz_gr": {
        "max": 17.087516526522613,
        "mean": 3.831300400067279,
        "min": -17.397840965587605,
        "p16": -0.2141854838124868,
        "p50": 4.082338911423918,
        "p84": 7.819801983603816,
        "sd": 4.068696271143495
      },
      "delta_local_minus_highz_mg": {
        "max": 15.727543431799617,
        "mean": 2.503084159598903,
        "min": -13.10076905371632,
        "p16": -0.6481645171184368,
        "p50": 2.575945050505325,
        "p84": 5.611096517557075,
        "sd": 3.2192872156010517
      },
      "h0_highz_gr": {
        "max": 89.29367236034324,
        "mean": 69.41379646414961,
        "min": 58.00268040782796,
        "p16": 65.58924507073654,
        "p50": 69.12947258726635,
        "p84": 73.32272466242966,
        "sd": 3.941492026733256
      },
      "h0_highz_mg": {
        "max": 84.96088037656726,
        "mean": 70.74201270461799,
        "min": 59.362653502550955,
        "p16": 67.81503290043581,
        "p50": 70.65744051820714,
        "p84": 73.73476653134185,
        "sd": 3.0556848376163397
      },
      "h0_local_obs": {
        "max": 77.5134581259254,
        "mean": 73.24509686421689,
        "min": 69.01454852527092,
        "p16": 72.2387694156326,
        "p50": 73.24910913210778,
        "p84": 74.24972905846953,
        "sd": 1.0086435705134358
      },
      "local_minus_highz_gr_sigma": 0.9421919418378565,
      "local_minus_highz_mg_sigma": 0.7785271919878465,
      "p_gr_above_local_ref": 0.17775,
      "p_gr_below_local_ref": 0.82225,
      "p_gr_below_planck_ref": 0.31434,
      "z_anchor": 0.62
    }
  ],
  "draws_total": 1600,
  "draws_used": 1600,
  "h0_posterior_mg_truth": {
    "max": 83.06595172086378,
    "mean": 70.51873584122742,
    "min": 60.31514973881641,
    "p16": 67.70416163334278,