{
  "apparent_gr_bias_vs_true": {
    "max": 8.017077160380339,
    "mean": -2.534243994313969,
    "min": -9.926200111898055,
    "p16": -4.851765681587554,
    "p50": -2.8508663333556967,
    "p84": -0.05009056245626603,
    "sd": 2.455217012959914
  },
  "delta_local_minus_highz_gr": {
    "max": 17.38948936353505,
    "mean": 4.314836088308761,
    "min": -16.732444966841115,
    "p16": 0.7253130192928614,
    "p50": 4.591000318618825,
    "p84": 7.8704741405651495,
    "sd": 3.7363332065092245
  },
  "delta_local_minus_highz_mg": {
    "max": 13.755955043056552,
    "mean": 1.993046996864049,
    "min": -13.788147526660737,
    "p16": -1.1415430889354206,
    "p50": 2.0000169594053006,
    "p84": 5.180452986419358,
    "sd": 3.2182173344596756
  },
  "h0_highz_gr": {
    "max": 87.98029266560644,
    "mean": 68.43026077590812,
    "min": 56.44051934602264,
    "p16": 65.03516745790544,
    "p50": 68.15055530758198,
    "p84": 71.85851123536561,
    "sd": 3.5991254460567252
  },
  "h0_highz_mg": {
    "max": 85.03594334357214,
    "mean": 70.75204986735284,
    "min": 60.79036447394781,
    "p16": 67.73683500700102,
    "p50": 70.7740846867637,
    "p84": 73.69217414384832,
    "sd": 3.058359318075683
  },
  "h0_local_obs": {
    "max": 77.0134581259254,
    "mean": 72.74509686421689,
    "min": 68.51454852527092,
    "p16": 71.7387694156326,
    "p50": 72.74910913210778,
    "p84": 73.74972905846953,
    "sd": 1.0086435705134358
  },
  "local_minus_highz_gr_sigma": 1.155099909312974,
  "local_minus_highz_mg_sigma": 0.6194020684344541,
  "p_gr_above_local_ref": 0.10849,
  "p_gr_below_local_ref": 0.89151,
  "p_gr_below_planck_ref": 0.40614,
  "z_anchor": 0.5
}
