{
  "apparent_gr_bias_vs_true": {
    "max": 11.365488367914523,
    "mean": -1.6860800405974663,
    "min": -10.065972675853622,
    "p16": -4.413629449253903,
    "p50": -2.0946849920667248,
    "p84": 1.283311660275212,
    "sd": 2.8986514179768785
  },
  "delta_local_minus_highz_gr": {
    "max": 16.91547168465887,
    "mean": 3.453600424049449,
    "min": -21.08514193771623,
    "p16": -0.4724661527236577,
    "p50": 3.7625263384916323,
    "p84": 7.375043237583475,
    "sd": 4.10402474602106
  },
  "delta_local_minus_highz_mg": {
    "max": 13.72468281086492,
    "mean": 1.9786479440735245,
    "min": -14.262629339845518,
    "p16": -1.1263374624806233,
    "p50": 1.976442003359459,
    "p84": 5.15164306336108,
    "sd": 3.210592821757292
  },
  "h0_highz_gr": {
    "max": 92.4868301969447,
    "mean": 69.29276584435615,
    "min": 56.406531440277995,
    "p16": 65.53453537323631,
    "p50": 68.96785230733545,
    "p84": 73.13035429716885,
    "sd": 3.9761989657942953
  },
  "h0_highz_mg": {
    "max": 85.5903343156469,
    "mean": 70.7677183243321,
    "min": 60.33340224697541,
    "p16": 67.75993114033831,
    "p50": 70.78446522992901,
    "p84": 73.6829034604312,
    "sd": 3.0469843172730267
  },
  "h0_local_obs": {
    "max": 77.22902037780584,
    "mean": 72.74636626840561,
    "min": 68.43643759348484,
    "p16": 71.74810469779538,
    "p50": 72.74470360713286,
    "p84": 73.74277914607963,
    "sd": 1.0012808121051637
  },
  "local_minus_highz_gr_sigma": 0.8423376028132908,
  "local_minus_highz_mg_sigma": 0.6169999077382855,
  "p_gr_above_local_ref": 0.16607,
  "p_gr_below_local_ref": 0.83393,
  "p_gr_below_planck_ref": 0.32778,
  "z_anchor": 0.62
}
