{
  "apparent_gr_bias_vs_true": {
    "max": 5.168170364339886,
    "mean": -2.0415254925338457,
    "min": -6.778489513282096,
    "p16": -3.3247516041690695,
    "p50": -2.1349788305242754,
    "p84": -0.7484962810250103,
    "sd": 1.325728636740649
  },
  "delta_local_minus_highz_gr": {
    "max": 15.891771524421621,
    "mean": 3.7998765758036974,
    "min": -15.384204800717072,
    "p16": 0.7080319047970522,
    "p50": 3.8875045372110364,
    "p84": 6.931974498002181,
    "sd": 3.1892667427691253
  },
  "delta_local_minus_highz_mg": {
    "max": 13.12492190949746,
    "mean": 1.974928100246283,
    "min": -15.775321103385778,
    "p16": -1.1137830303460845,
    "p50": 1.969293123233129,
    "p84": 5.143810450073718,
    "sd": 3.197040561418594
  },
  "h0_highz_gr": {
    "max": 85.45995735361812,
    "mean": 68.9515746000907,
    "min": 59.00295940736517,
    "p16": 65.98751803025152,
    "p50": 68.84673618020427,
    "p84": 71.87814421228957,
    "sd": 3.0311280536036422
  },
  "h0_highz_mg": {
    "max": 85.85107365628683,
    "mean": 70.77652307564811,
    "min": 60.371164849632336,
    "p16": 67.78078703602621,
    "p50": 70.79999672742969,
    "p84": 73.68724465143714,
    "sd": 3.040209670486853
  },
  "h0_local_obs": {
    "max": 77.72905950211586,
    "mean": 72.75145117589439,
    "min": 68.13829978562767,
    "p16": 71.75997598672977,
    "p50": 72.75093365970606,
    "p84": 73.74594835353577,
    "sd": 0.9993335250472251
  },
  "local_minus_highz_gr_sigma": 1.1905033507225868,
  "local_minus_highz_mg_sigma": 0.6170784162125524,
  "p_gr_above_local_ref": 0.08931,
  "p_gr_below_local_ref": 0.91069,
  "p_gr_below_planck_ref": 0.30988,
  "z_anchor": 0.2
}
