{
  "apparent_gr_bias_vs_true": {
    "max": 7.049903950929206,
    "mean": -2.7122949146102346,
    "min": -9.209398363542832,
    "p16": -4.569681351064151,
    "p50": -2.9190427271228785,
    "p84": -0.8053752323370822,
    "sd": 1.9361808365399735
  },
  "delta_local_minus_highz_gr": {
    "max": 16.951590536099438,
    "mean": 4.48611533388197,
    "min": -13.45103490658802,
    "p16": 1.182111488017531,
    "p50": 4.687355802412718,
    "p84": 7.758515836833362,
    "sd": 3.4108548555014324
  },
  "delta_local_minus_highz_mg": {
    "max": 14.604214731284856,
    "mean": 1.9861518150997879,
    "min": -13.015312552376457,
    "p16": -1.1251662070699273,
    "p50": 1.9882127674470738,
    "p84": 5.167597388512041,
    "sd": 3.2140253515281576
  },
  "h0_highz_gr": {
    "max": 85.7663028348102,
    "mean": 68.26791471486882,
    "min": 57.54499324852937,
    "p16": 65.16007449376649,
    "p50": 68.04294619261154,
    "p84": 71.39354849075372,
    "sd": 3.2559591566196753
  },
  "h0_highz_mg": {
    "max": 85.32128320746422,
    "mean": 70.767878233651,
    "min": 61.05471119886201,
    "p16": 67.75578497189849,
    "p50": 70.79815911344346,
    "p84": 73.6794002157154,
    "sd": 3.0448329852777216
  },
  "h0_local_obs": {
    "max": 77.17436054715118,
    "mean": 72.75403004875079,
    "min": 67.99796867504757,
    "p16": 71.76075528756165,
    "p50": 72.75545495551088,
    "p84": 73.74777942319561,
    "sd": 0.9997430213833534
  },
  "local_minus_highz_gr_sigma": 1.3170967161685976,
  "local_minus_highz_mg_sigma": 0.6197348369767348,
  "p_gr_above_local_ref": 0.0797,
  "p_gr_below_local_ref": 0.9203,
  "p_gr_below_planck_ref": 0.41321,
  "z_anchor": 0.35
}
