{
  "anchor_results": [
    {
      "apparent_gr_bias_vs_true": {
        "max": 5.168170364339886,
        "mean": -2.0415254925338457,
        "min": -6.778489513282096,
        "p16": -3.3247516041690695,
        "p50": -2.1349788305242754,
        "p84": -0.7484962810250103,
        "sd": 1.325728636740649
      },
      "delta_local_minus_highz_gr": {
        "max": 15.891771524421621,
        "mean": 3.7998765758036974,
        "min": -15.384204800717072,
        "p16": 0.7080319047970522,
        "p50": 3.8875045372110364,
        "p84": 6.931974498002181,
        "sd": 3.1892667427691253
      },
      "delta_local_minus_highz_mg": {
        "max": 13.12492190949746,
        "mean": 1.974928100246283,
        "min": -15.775321103385778,
        "p16": -1.1137830303460845,
        "p50": 1.969293123233129,
        "p84": 5.143810450073718,
        "sd": 3.197040561418594
      },
      "h0_highz_gr": {
        "max": 85.45995735361812,
        "mean": 68.9515746000907,
        "min": 59.00295940736517,
        "p16": 65.98751803025152,
        "p50": 68.84673618020427,
        "p84": 71.87814421228957,
        "sd": 3.0311280536036422
      },
      "h0_highz_mg": {
        "max": 85.85107365628683,
        "mean": 70.77652307564811,
        "min": 60.371164849632336,
        "p16": 67.78078703602621,
        "p50": 70.79999672742969,
        "p84": 73.68724465143714,
        "sd": 3.040209670486853
      },
      "h0_local_obs": {
        "max": 77.72905950211586,
        "mean": 72.75145117589439,
        "min": 68.13829978562767,
        "p16": 71.75997598672977,
        "p50": 72.75093365970606,
        "p84": 73.74594835353577,
        "sd": 0.9993335250472251
      },
      "local_minus_highz_gr_sigma": 1.1905033507225868,
      "local_minus_highz_mg_sigma": 0.6170784162125524,
      "p_gr_above_local_ref": 0.08931,
      "p_gr_below_local_ref": 0.91069,
      "p_gr_below_planck_ref": 0.30988,
      "z_anchor": 0.2
    },
    {
      "apparent_gr_bias_vs_true": {
        "max": 7.049903950929206,
        "mean": -2.7122949146102346,
        "min": -9.209398363542832,
        "p16": -4.569681351064151,
        "p50": -2.9190427271228785,
        "p84": -0.8053752323370822,
        "sd": 1.9361808365399735
      },
      "delta_local_minus_highz_gr": {
        "max": 16.951590536099438,
        "mean": 4.48611533388197,
        "min": -13.45103490658802,
        "p16": 1.182111488017531,
        "p50": 4.687355802412718,
        "p84": 7.758515836833362,
        "sd": 3.4108548555014324
      },
      "delta_local_minus_highz_mg": {
        "max": 14.604214731284856,
        "mean": 1.9861518150997879,
        "min": -13.015312552376457,
        "p16": -1.1251662070699273,
        "p50": 1.9882127674470738,
        "p84": 5.167597388512041,
        "sd": 3.2140253515281576
      },
      "h0_highz_gr": {
        "max": 85.7663028348102,
        "mean": 68.26791471486882,
        "min": 57.54499324852937,
        "p16": 65.16007449376649,
        "p50": 68.04294619261154,
        "p84": 71.39354849075372,
        "sd": 3.2559591566196753
      },
      "h0_highz_mg": {
        "max": 85.32128320746422,
        "mean": 70.767878233651,
        "min": 61.05471119886201,
        "p16": 67.75578497189849,
        "p50": 70.79815911344346,
        "p84": 73.6794002157154,
        "sd": 3.0448329852777216
      },
      "h0_local_obs": {
        "max": 77.17436054715118,
        "mean": 72.75403004875079,
        "min": 67.99796867504757,
        "p16": 71.76075528756165,
        "p50": 72.75545495551088,
        "p84": 73.74777942319561,
        "sd": 0.9997430213833534
      },
      "local_minus_highz_gr_sigma": 1.3170967161685976,
      "local_minus_highz_mg_sigma": 0.6197348369767348,
      "p_gr_above_local_ref": 0.0797,
      "p_gr_below_local_ref": 0.9203,
      "p_gr_below_planck_ref": 0.41321,
      "z_anchor": 0.35
    },
    {
      "apparent_gr_bias_vs_true": {
        "max": 8.017077160380339,
        "mean": -2.534243994313969,
        "min": -9.926200111898055,
        "p16": -4.851765681587554,
        "p50": -2.8508663333556967,
        "p84": -0.05009056245626603,
        "sd": 2.455217012959914
      },
      "delta_local_minus_highz_gr": {
        "max": 17.38948936353505,
        "mean": 4.314836088308761,
        "min": -16.732444966841115,
        "p16": 0.7253130192928614,
        "p50": 4.591000318618825,
        "p84": 7.8704741405651495,
        "sd": 3.7363332065092245
      },
      "delta_local_minus_highz_mg": {
        "max": 13.755955043056552,
        "mean": 1.993046996864049,
        "min": -13.788147526660737,
        "p16": -1.1415430889354206,
        "p50": 2.0000169594053006,
        "p84": 5.180452986419358,
        "sd": 3.2182173344596756
      },
      "h0_highz_gr": {
        "max": 87.98029266560644,
        "mean": 68.43026077590812,
        "min": 56.44051934602264,
        "p16": 65.03516745790544,
        "p50": 68.15055530758198,
        "p84": 71.85851123536561,
        "sd": 3.5991254460567252
      },
      "h0_highz_mg": {
        "max": 85.03594334357214,
        "mean": 70.75204986735284,
        "min": 60.79036447394781,
        "p16": 67.73683500700102,
        "p50": 70.7740846867637,
        "p84": 73.69217414384832,
        "sd": 3.058359318075683
      },
      "h0_local_obs": {
        "max": 77.0134581259254,
        "mean": 72.74509686421689,
        "min": 68.51454852527092,
        "p16": 71.7387694156326,
        "p50": 72.74910913210778,
        "p84": 73.74972905846953,
        "sd": 1.0086435705134358
      },
      "local_minus_highz_gr_sigma": 1.155099909312974,
      "local_minus_highz_mg_sigma": 0.6194020684344541,
      "p_gr_above_local_ref": 0.10849,
      "p_gr_below_local_ref": 0.89151,
      "p_gr_below_planck_ref": 0.40614,
      "z_anchor": 0.5
    },
    {
      "apparent_gr_bias_vs_true": {
        "max": 11.365488367914523,
        "mean": -1.6860800405974663,
        "min": -10.065972675853622,
        "p16": -4.413629449253903,
        "p50": -2.0946849920667248,
        "p84": 1.283311660275212,
        "sd": 2.8986514179768785
      },
      "delta_local_minus_highz_gr": {
        "max": 16.91547168465887,
        "mean": 3.453600424049449,
        "min": -21.08514193771623,
        "p16": -0.4724661527236577,
        "p50": 3.7625263384916323,
        "p84": 7.375043237583475,
        "sd": 4.10402474602106
      },
      "delta_local_minus_highz_mg": {
        "max": 13.72468281086492,
        "mean": 1.9786479440735245,
        "min": -14.262629339845518,
        "p16": -1.1263374624806233,
        "p50": 1.976442003359459,
        "p84": 5.15164306336108,
        "sd": 3.210592821757292
      },
      "h0_highz_gr": {
        "max": 92.4868301969447,
        "mean": 69.29276584435615,
        "min": 56.406531440277995,
        "p16": 65.53453537323631,
        "p50": 68.96785230733545,
        "p84": 73.13035429716885,
        "sd": 3.9761989657942953
      },
      "h0_highz_mg": {
        "max": 85.5903343156469,
        "mean": 70.7677183243321,
        "min": 60.33340224697541,
        "p16": 67.75993114033831,
        "p50": 70.78446522992901,
        "p84": 73.6829034604312,
        "sd": 3.0469843172730267
      },
      "h0_local_obs": {
        "max": 77.22902037780584,
        "mean": 72.74636626840561,
        "min": 68.43643759348484,
        "p16": 71.74810469779538,
        "p50": 72.74470360713286,
        "p84": 73.74277914607963,
        "sd": 1.0012808121051637
      },
      "local_minus_highz_gr_sigma": 0.8423376028132908,
      "local_minus_highz_mg_sigma": 0.6169999077382855,
      "p_gr_above_local_ref": 0.16607,
      "p_gr_below_local_ref": 0.83393,
      "p_gr_below_planck_ref": 0.32778,
      "z_anchor": 0.62
    }
  ],
  "draws_total": 1600,
  "draws_used": 1600,
  "h0_posterior_mg_truth": {
    "max": 83.833891578275,
    "mean": 70.9809853903875,
    "min": 62.52211725111513,
    "p16": 68.10255835254144,