{
  "apparent_gr_bias_vs_true": {
    "max": 5.518995403781389,
    "mean": -1.5834826520145473,
    "min": -6.496385092966136,
    "p16": -2.9093995168742275,
    "p50": -1.674533288005108,
    "p84": -0.26465739807133665,
    "sd": 1.3528284195402305
  },
  "delta_local_minus_highz_gr": {
    "max": 17.00576845769372,
    "mean": 4.328261201203635,
    "min": -12.826335939946276,
    "p16": 1.176190251153733,
    "p50": 4.415007425473242,
    "p84": 7.487226698390219,
    "sd": 3.212785910936279
  },
  "delta_local_minus_highz_mg": {
    "max": 15.740977784512374,
    "mean": 2.5351617608446033,
    "min": -13.250340979680914,
    "p16": -0.6043691262052192,
    "p50": 2.614350441801534,
    "p84": 5.6481075206170255,
    "sd": 3.2172167002891645
  },
  "h0_highz_gr": {
    "max": 85.15864206592975,
    "mean": 68.92240763923576,
    "min": 58.04204945696849,
    "p16": 65.94244001551107,
    "p50": 68.84264458135937,
    "p84": 71.93254030178136,
    "sd": 3.0564507663932705
  },
  "h0_highz_mg": {
    "max": 85.58264710566439,
    "mean": 70.7155070795948,
    "min": 59.2977964717343,
    "p16": 67.79135623336269,
    "p50": 70.62422837894849,
    "p84": 73.71012028607639,
    "sd": 3.061708484066573
  },
  "h0_local_obs": {
    "max": 77.81595277913465,
    "mean": 73.25066884043939,
    "min": 68.70864684762287,
    "p16": 72.2550274807726,
    "p50": 73.24889914143074,
    "p84": 74.24645093084672,
    "sd": 1.0007101568192098
  },
  "local_minus_highz_gr_sigma": 1.345902120958819,
  "local_minus_highz_mg_sigma": 0.7871025548243077,
  "p_gr_above_local_ref": 0.09051,
  "p_gr_below_local_ref": 0.90949,
  "p_gr_below_planck_ref": 0.31348,
  "z_anchor": 0.2
}
