{
  "apparent_gr_bias_vs_true": {
    "max": 11.285629808329617,
    "mean": -1.137805682281947,
    "min": -10.784358785592325,
    "p16": -3.8690123979675857,
    "p50": -1.4801332951107184,
    "p84": 1.6214456178801255,
    "sd": 2.8972382369849674
  },
  "delta_local_minus_highz_gr": {
    "max": 17.544289809905337,
    "mean": 3.8717340881890494,
    "min": -16.89060349147151,
    "p16": -0.11701552450567869,
    "p50": 4.119588574995014,
    "p84": 7.825101132073537,
    "sd": 4.045526297749643
  },
  "delta_local_minus_highz_mg": {
    "max": 14.973916792573007,
    "mean": 2.523969255178333,
    "min": -12.614809874986761,
    "p16": -0.631691946636252,
    "p50": 2.5965912649150837,
    "p84": 5.6238331711000775,
    "sd": 3.2178013518848583
  },
  "h0_highz_gr": {
    "max": 89.12009675197253,
    "mean": 69.37640903658982,
    "min": 57.683721713155045,
    "p16": 65.56483945132804,
    "p50": 69.0995999020347,
    "p84": 73.24134602632468,
    "sd": 3.9174373325534972
  },
  "h0_highz_mg": {
    "max": 84.79572716795509,
    "mean": 70.72417386960053,
    "min": 59.036216269989225,
    "p16": 67.8195661022591,
    "p50": 70.62824510512047,
    "p84": 73.71972411018982,
    "sd": 3.054153360693583
  },
  "h0_local_obs": {
    "max": 77.73012648372155,
    "mean": 73.24814312477886,
    "min": 68.96756918497653,
    "p16": 72.24894526204558,
    "p50": 73.2504199420691,
    "p84": 74.24092507274027,
    "sd": 1.0030576810269582
  },
  "local_minus_highz_gr_sigma": 0.9576252461164528,
  "local_minus_highz_mg_sigma": 0.7853785607410759,
  "p_gr_above_local_ref": 0.17368,
  "p_gr_below_local_ref": 0.82632,
  "p_gr_below_planck_ref": 0.31507,
  "z_anchor": 0.62
}
