{
  "apparent_gr_bias_vs_true": {
    "max": 7.4702826232205695,
    "mean": -2.2300130994952942,
    "min": -8.467305858740929,
    "p16": -4.16068724452129,
    "p50": -2.418526263056581,
    "p84": -0.3089178632364717,
    "sd": 1.9940453895582908
  },
  "delta_local_minus_highz_gr": {
    "max": 17.519821148240048,
    "mean": 4.964427696249207,
    "min": -12.97726986096346,
    "p16": 1.5548611738197706,
    "p50": 5.098001414044475,
    "p84": 8.349164912854667,
    "sd": 3.4404578541027995
  },
  "delta_local_minus_highz_mg": {
    "max": 15.771751713898809,
    "mean": 2.5211867021724554,
    "min": -12.799229354655381,
    "p16": -0.6443751089066001,
    "p50": 2.588148303137139,
    "p84": 5.61408699222915,
    "sd": 3.2243247622023374
  },
  "h0_highz_gr": {
    "max": 85.80468918790805,
    "mean": 68.2871533670925,
    "min": 57.50326322933828,
    "p16": 65.0451769286484,
    "p50": 68.12071565127881,
    "p84": 71.56871462180297,
    "sd": 3.287215287379583
  },
  "h0_highz_mg": {
    "max": 85.62411032570883,
    "mean": 70.73039436116925,
    "min": 59.24711464630271,
    "p16": 67.8231732155122,
    "p50": 70.63603499457301,
    "p84": 73.73927547489626,
    "sd": 3.059953384094156
  },
  "h0_local_obs": {
    "max": 77.48187188662732,
    "mean": 73.2515810633417,
    "min": 69.06929930832953,
    "p16": 72.25602329866427,
    "p50": 73.25249653275225,
    "p84": 74.24625187478071,
    "sd": 0.9973996779876214
  },
  "local_minus_highz_gr_sigma": 1.4448466887127047,
  "local_minus_highz_mg_sigma": 0.7831693169303459,
  "p_gr_above_local_ref": 0.07937,
  "p_gr_below_local_ref": 0.92063,
  "p_gr_below_planck_ref": 0.40971,
  "z_anchor": 0.35
}
