{
  "apparent_gr_bias_vs_true": {
    "max": 9.540535274166587,
    "mean": -2.0394592422226507,
    "min": -10.436119139152005,
    "p16": -4.437729470726036,
    "p50": -2.3228024481505187,
    "p84": 0.3721658398114469,
    "sd": 2.5070894112327133
  },
  "delta_local_minus_highz_gr": {
    "max": 18.152410266510167,
    "mean": 4.772031466163307,
    "min": -15.449473489433345,
    "p16": 1.0897379641723797,
    "p50": 4.996903490152327,
    "p84": 8.431418247083123,
    "sd": 3.7245960992776657
  },
  "delta_local_minus_highz_mg": {
    "max": 16.435462592155382,
    "mean": 2.5220137697331806,
    "min": -13.521993673358281,
    "p16": -0.6596764542912404,
    "p50": 2.6021987697534925,
    "p84": 5.635636537175638,
    "sd": 3.2138793166905737
  },
  "h0_highz_gr": {
    "max": 86.9219587551185,
    "mean": 68.4826650253664,
    "min": 56.741781305057565,
    "p16": 64.95631160666528,
    "p50": 68.22419273908734,
    "p84": 72.05868692574988,
    "sd": 3.5908348226988878
  },
  "h0_highz_mg": {
    "max": 84.98135344697053,
    "mean": 70.73268272179654,
    "min": 58.45872897941235,
    "p16": 67.80871787520086,
    "p50": 70.62857081627561,
    "p84": 73.75594394122297,
    "sd": 3.0577942279469275
  },
  "h0_local_obs": {
    "max": 77.3865067274832,
    "mean": 73.25469649152971,
    "min": 68.94624133762012,
    "p16": 72.26859563297808,
    "p50": 73.25278188690547,
    "p84": 74.24574920396871,
    "sd": 0.996116995738255
  },
  "local_minus_highz_gr_sigma": 1.2802305042948514,
  "local_minus_highz_mg_sigma": 0.7839259920142421,
  "p_gr_above_local_ref": 0.10951,
  "p_gr_below_local_ref": 0.89049,
  "p_gr_below_planck_ref": 0.40296,
  "z_anchor": 0.5
}
