{
  "anchor_results": [
    {
      "apparent_gr_bias_vs_true": {
        "max": 5.518995403781389,
        "mean": -1.5834826520145473,
        "min": -6.496385092966136,
        "p16": -2.9093995168742275,
        "p50": -1.674533288005108,
        "p84": -0.26465739807133665,
        "sd": 1.3528284195402305
      },
      "delta_local_minus_highz_gr": {
        "max": 17.00576845769372,
        "mean": 4.328261201203635,
        "min": -12.826335939946276,
        "p16": 1.176190251153733,
        "p50": 4.415007425473242,
        "p84": 7.487226698390219,
        "sd": 3.212785910936279
      },
      "delta_local_minus_highz_mg": {
        "max": 15.740977784512374,
        "mean": 2.5351617608446033,
        "min": -13.250340979680914,
        "p16": -0.6043691262052192,
        "p50": 2.614350441801534,
        "p84": 5.6481075206170255,
        "sd": 3.2172167002891645
      },
      "h0_highz_gr": {
        "max": 85.15864206592975,
        "mean": 68.92240763923576,
        "min": 58.04204945696849,
        "p16": 65.94244001551107,
        "p50": 68.84264458135937,
        "p84": 71.93254030178136,
        "sd": 3.0564507663932705
      },
      "h0_highz_mg": {
        "max": 85.58264710566439,
        "mean": 70.7155070795948,
        "min": 59.2977964717343,
        "p16": 67.79135623336269,
        "p50": 70.62422837894849,
        "p84": 73.71012028607639,
        "sd": 3.061708484066573
      },
      "h0_local_obs": {
        "max": 77.81595277913465,
        "mean": 73.25066884043939,
        "min": 68.70864684762287,
        "p16": 72.2550274807726,
        "p50": 73.24889914143074,
        "p84": 74.24645093084672,
        "sd": 1.0007101568192098
      },
      "local_minus_highz_gr_sigma": 1.345902120958819,
      "local_minus_highz_mg_sigma": 0.7871025548243077,
      "p_gr_above_local_ref": 0.09051,
      "p_gr_below_local_ref": 0.90949,
      "p_gr_below_planck_ref": 0.31348,
      "z_anchor": 0.2
    },
    {
      "apparent_gr_bias_vs_true": {
        "max": 7.4702826232205695,
        "mean": -2.2300130994952942,
        "min": -8.467305858740929,
        "p16": -4.16068724452129,
        "p50": -2.418526263056581,
        "p84": -0.3089178632364717,
        "sd": 1.9940453895582908
      },
      "delta_local_minus_highz_gr": {
        "max": 17.519821148240048,
        "mean": 4.964427696249207,
        "min": -12.97726986096346,
        "p16": 1.5548611738197706,
        "p50": 5.098001414044475,
        "p84": 8.349164912854667,
        "sd": 3.4404578541027995
      },
      "delta_local_minus_highz_mg": {
        "max": 15.771751713898809,
        "mean": 2.5211867021724554,
        "min": -12.799229354655381,
        "p16": -0.6443751089066001,
        "p50": 2.588148303137139,
        "p84": 5.61408699222915,
        "sd": 3.2243247622023374
      },
      "h0_highz_gr": {
        "max": 85.80468918790805,
        "mean": 68.2871533670925,
        "min": 57.50326322933828,
        "p16": 65.0451769286484,
        "p50": 68.12071565127881,
        "p84": 71.56871462180297,
        "sd": 3.287215287379583
      },
      "h0_highz_mg": {
        "max": 85.62411032570883,
        "mean": 70.73039436116925,
        "min": 59.24711464630271,
        "p16": 67.8231732155122,
        "p50": 70.63603499457301,
        "p84": 73.73927547489626,
        "sd": 3.059953384094156
      },
      "h0_local_obs": {
        "max": 77.48187188662732,
        "mean": 73.2515810633417,
        "min": 69.06929930832953,
        "p16": 72.25602329866427,
        "p50": 73.25249653275225,
        "p84": 74.24625187478071,
        "sd": 0.9973996779876214
      },
      "local_minus_highz_gr_sigma": 1.4448466887127047,
      "local_minus_highz_mg_sigma": 0.7831693169303459,
      "p_gr_above_local_ref": 0.07937,
      "p_gr_below_local_ref": 0.92063,
      "p_gr_below_planck_ref": 0.40971,
      "z_anchor": 0.35
    },
    {
      "apparent_gr_bias_vs_true": {
        "max": 9.540535274166587,
        "mean": -2.0394592422226507,
        "min": -10.436119139152005,
        "p16": -4.437729470726036,
        "p50": -2.3228024481505187,
        "p84": 0.3721658398114469,
        "sd": 2.5070894112327133
      },
      "delta_local_minus_highz_gr": {
        "max": 18.152410266510167,
        "mean": 4.772031466163307,
        "min": -15.449473489433345,
        "p16": 1.0897379641723797,
        "p50": 4.996903490152327,
        "p84": 8.431418247083123,
        "sd": 3.7245960992776657
      },
      "delta_local_minus_highz_mg": {
        "max": 16.435462592155382,
        "mean": 2.5220137697331806,
        "min": -13.521993673358281,
        "p16": -0.6596764542912404,
        "p50": 2.6021987697534925,
        "p84": 5.635636537175638,
        "sd": 3.2138793166905737
      },
      "h0_highz_gr": {
        "max": 86.9219587551185,
        "mean": 68.4826650253664,
        "min": 56.741781305057565,
        "p16": 64.95631160666528,
        "p50": 68.22419273908734,
        "p84": 72.05868692574988,
        "sd": 3.5908348226988878
      },
      "h0_highz_mg": {
        "max": 84.98135344697053,
        "mean": 70.73268272179654,
        "min": 58.45872897941235,
        "p16": 67.80871787520086,
        "p50": 70.62857081627561,
        "p84": 73.75594394122297,
        "sd": 3.0577942279469275
      },
      "h0_local_obs": {
        "max": 77.3865067274832,
        "mean": 73.25469649152971,
        "min": 68.94624133762012,
        "p16": 72.26859563297808,
        "p50": 73.25278188690547,
        "p84": 74.24574920396871,
        "sd": 0.996116995738255
      },
      "local_minus_highz_gr_sigma": 1.2802305042948514,
      "local_minus_highz_mg_sigma": 0.7839259920142421,
      "p_gr_above_local_ref": 0.10951,
      "p_gr_below_local_ref": 0.89049,
      "p_gr_below_planck_ref": 0.40296,
      "z_anchor": 0.5
    },
    {
      "apparent_gr_bias_vs_true": {
        "max": 11.285629808329617,
        "mean": -1.137805682281947,
        "min": -10.784358785592325,
        "p16": -3.8690123979675857,
        "p50": -1.4801332951107184,
        "p84": 1.6214456178801255,
        "sd": 2.8972382369849674
      },
      "delta_local_minus_highz_gr": {
        "max": 17.544289809905337,
        "mean": 3.8717340881890494,
        "min": -16.89060349147151,
        "p16": -0.11701552450567869,
        "p50": 4.119588574995014,
        "p84": 7.825101132073537,
        "sd": 4.045526297749643
      },
      "delta_local_minus_highz_mg": {
        "max": 14.973916792573007,
        "mean": 2.523969255178333,
        "min": -12.614809874986761,
        "p16": -0.631691946636252,
        "p50": 2.5965912649150837,
        "p84": 5.6238331711000775,
        "sd": 3.2178013518848583
      },
      "h0_highz_gr": {
        "max": 89.12009675197253,
        "mean": 69.37640903658982,
        "min": 57.683721713155045,
        "p16": 65.56483945132804,
        "p50": 69.0995999020347,
        "p84": 73.24134602632468,
        "sd": 3.9174373325534972
      },
      "h0_highz_mg": {
        "max": 84.79572716795509,
        "mean": 70.72417386960053,
        "min": 59.036216269989225,
        "p16": 67.8195661022591,
        "p50": 70.62824510512047,
        "p84": 73.71972411018982,
        "sd": 3.054153360693583
      },
      "h0_local_obs": {
        "max": 77.73012648372155,
        "mean": 73.24814312477886,
        "min": 68.96756918497653,
        "p16": 72.24894526204558,
        "p50": 73.2504199420691,
        "p84": 74.24092507274027,
        "sd": 1.0030576810269582
      },
      "local_minus_highz_gr_sigma": 0.9576252461164528,
      "local_minus_highz_mg_sigma": 0.7853785607410759,
      "p_gr_above_local_ref": 0.17368,
      "p_gr_below_local_ref": 0.82632,
      "p_gr_below_planck_ref": 0.31507,
      "z_anchor": 0.62
    }
  ],
  "draws_total": 1600,
  "draws_used": 1600,
  "h0_posterior_mg_truth": {
    "max": 83.06595172086378,
    "mean": 70.51873584122742,
    "min": 60.31514973881641,
    "p16": 67.70416163334278,