{
  "apparent_gr_bias_vs_true": {
    "max": 9.57307805418985,
    "mean": -2.437054603677029,
    "min": -10.18952168773449,
    "p16": -4.825278092983684,
    "p50": -2.7370560549150724,
    "p84": -0.024490460954847505,
    "sd": 2.5035483732977806
  },
  "delta_local_minus_highz_gr": {
    "max": 17.18722260358463,
    "mean": 5.177174949178839,
    "min": -14.32421868143851,
    "p16": 1.496977988896536,
    "p50": 5.396145538566714,
    "p84": 8.811171493383972,
    "sd": 3.7206438413913294
  },
  "delta_local_minus_highz_mg": {
    "max": 15.392654053623474,
    "mean": 2.951519182975169,
    "min": -12.416498114302271,
    "p16": -0.16039817000150833,
    "p50": 3.008806924498181,
    "p84": 6.050947869811267,
    "sd": 3.201490730931717
  },
  "h0_highz_gr": {
    "max": 86.3872321369548,
    "mean": 68.07062308703638,
    "min": 57.21099591620852,
    "p16": 64.56523319348511,
    "p50": 67.81281200416072,
    "p84": 71.65231731013587,
    "sd": 3.588026656077031
  },
  "h0_highz_mg": {
    "max": 84.45856504704855,
    "mean": 70.29627885324005,
    "min": 59.22911356736088,
    "p16": 67.38912315741017,
    "p50": 70.21585858563526,
    "p84": 73.26709456053256,
    "sd": 3.0457054079073074
  },
  "h0_local_obs": {
    "max": 77.99694544579623,
    "mean": 73.24779803621522,
    "min": 69.29350378610027,
    "p16": 72.25593473119444,
    "p50": 73.25027112071882,
    "p84": 74.2449685380608,
    "sd": 0.9986753320887094
  },
  "local_minus_highz_gr_sigma": 1.38993025644895,
  "local_minus_highz_mg_sigma": 0.9207182893894101,
  "p_gr_above_local_ref": 0.09053,
  "p_gr_below_local_ref": 0.90947,
  "p_gr_below_planck_ref": 0.45179,
  "z_anchor": 0.5
}
