{
  "apparent_gr_bias_vs_true": {
    "max": 11.290872944755407,
    "mean": -1.5585652849937668,
    "min": -10.385019077037242,
    "p16": -4.290007033055807,
    "p50": -1.8753371107659014,
    "p84": 1.1593539475620618,
    "sd": 2.8805495812733053
  },
  "delta_local_minus_highz_gr": {
    "max": 17.199715049986153,
    "mean": 4.281408595079156,
    "min": -15.668444880834059,
    "p16": 0.2879804566989242,
    "p50": 4.552078276903657,
    "p84": 8.229780310846705,
    "sd": 4.036020621309359
  },
  "delta_local_minus_highz_mg": {
    "max": 14.632014029909442,
    "mean": 2.93763932521792,
    "min": -11.360603634314486,
    "p16": -0.19255283566245282,
    "p50": 3.0274579120618554,
    "p84": 6.019844570846839,
    "sd": 3.2022714431219566
  },
  "h0_highz_gr": {
    "max": 89.0309723815815,
    "mean": 68.96541036370145,
    "min": 57.63921750632299,
    "p16": 65.168791568629,
    "p50": 68.68418026689446,
    "p84": 72.83165854070214,
    "sd": 3.9117452062866453
  },
  "h0_highz_mg": {
    "max": 84.71092737451764,
    "mean": 70.30917963356268,
    "min": 58.99066858510636,
    "p16": 67.41624375832482,
    "p50": 70.21216600509308,
    "p84": 73.29732272189379,
    "sd": 3.043420676231109
  },
  "h0_local_obs": {
    "max": 77.69034822668226,
    "mean": 73.2468189587806,
    "min": 69.11928749116186,
    "p16": 72.25383993601977,
    "p50": 73.2441751239578,
    "p84": 74.24258183715365,
    "sd": 1.0000084688606214
  },
  "local_minus_highz_gr_sigma": 1.0603995990273674,
  "local_minus_highz_mg_sigma": 0.9170094369710503,
  "p_gr_above_local_ref": 0.15113,
  "p_gr_below_local_ref": 0.84887,
  "p_gr_below_planck_ref": 0.35993,
  "z_anchor": 0.62
}
