{
  "apparent_gr_bias_vs_true": {
    "max": 4.498912870305396,
    "mean": -1.9936895729774984,
    "min": -6.662465088742735,
    "p16": -3.31786178251732,
    "p50": -2.086190895144334,
    "p84": -0.6671113717282002,
    "sd": 1.3558494725582184
  },
  "delta_local_minus_highz_gr": {
    "max": 18.010451650656243,
    "mean": 4.71342870638141,
    "min": -11.86516807836044,
    "p16": 1.5808430540551701,
    "p50": 4.8045111183958085,
    "p84": 7.822995095707454,
    "sd": 3.1921033639125596
  },
  "delta_local_minus_highz_mg": {
    "max": 15.47147805231804,
    "mean": 2.9312089674704755,
    "min": -12.276071574231693,
    "p16": -0.1983071387532465,
    "p50": 3.0104539993062147,
    "p84": 6.004335063497089,
    "sd": 3.194968110907024
  },
  "h0_highz_gr": {
    "max": 83.72608030126722,
    "mean": 68.53735001420551,
    "min": 57.532755099909444,
    "p16": 65.5831553754333,
    "p50": 68.45011014012104,
    "p84": 71.5218612883696,
    "sd": 3.038375694652712
  },
  "h0_highz_mg": {
    "max": 84.14295261326909,
    "mean": 70.31956975311644,
    "min": 58.77748346742731,
    "p16": 67.4161003918068,
    "p50": 70.22571215619078,
    "p84": 73.2946960941509,
    "sd": 3.042246689938905
  },
  "h0_local_obs": {
    "max": 77.42122971193074,
    "mean": 73.25077872058691,
    "min": 69.01541535178848,
    "p16": 72.26243086101275,
    "p50": 73.24615935152909,
    "p84": 74.2396763733235,
    "sd": 0.9965293812329682
  },
  "local_minus_highz_gr_sigma": 1.473541845673648,
  "local_minus_highz_mg_sigma": 0.9153208151297849,
  "p_gr_above_local_ref": 0.07205,
  "p_gr_below_local_ref": 0.92795,
  "p_gr_below_planck_ref": 0.35972,
  "z_anchor": 0.2
}
