{
  "apparent_gr_bias_vs_true": {
    "max": 7.071531189443348,
    "mean": -2.6387251204311477,
    "min": -8.855763845628928,
    "p16": -4.561546188929153,
    "p50": -2.830730760775289,
    "p84": -0.722889786938689,
    "sd": 1.9848301287053014
  },
  "delta_local_minus_highz_gr": {
    "max": 18.290593579745263,
    "mean": 5.379175823139961,
    "min": -12.554719077828281,
    "p16": 1.9940122968079521,
    "p50": 5.530573702067244,
    "p84": 8.754026048656813,
    "sd": 3.4149283320366313
  },
  "delta_local_minus_highz_mg": {
    "max": 15.582373945025097,
    "mean": 2.951463234505699,
    "min": -12.378005558655829,
    "p16": -0.18639914294864524,
    "p50": 3.014303263604674,
    "p84": 6.069523195945412,
    "sd": 3.2063184436598062
  },
  "h0_highz_gr": {
    "max": 84.69409409879385,
    "mean": 67.86862066920223,
    "min": 57.39955185540502,
    "p16": 64.65794156227275,
    "p50": 67.70311618942151,
    "p84": 71.1274678501849,
    "sd": 3.2655073708673457
  },
  "h0_highz_mg": {
    "max": 84.51585252141501,
    "mean": 70.2963332578365,
    "min": 59.140258107795624,
    "p16": 67.38629082218804,
    "p50": 70.21202507307423,
    "p84": 73.27713246198842,
    "sd": 3.045223823198995
  },
  "h0_local_obs": {
    "max": 77.45753827362776,
    "mean": 73.24779649234219,
    "min": 69.00000012456398,
    "p16": 72.25438569242996,
    "p50": 73.25119848242969,
    "p84": 74.24260057115106,
    "sd": 0.9978616181989073
  },
  "local_minus_highz_gr_sigma": 1.5750726060829607,
  "local_minus_highz_mg_sigma": 0.9208322681077925,
  "p_gr_above_local_ref": 0.06107,
  "p_gr_below_local_ref": 0.93893,
  "p_gr_below_planck_ref": 0.46178,
  "z_anchor": 0.35
}
