{
  "anchor_results": [
    {
      "apparent_gr_bias_vs_true": {
        "max": 4.498912870305396,
        "mean": -1.9936895729774984,
        "min": -6.662465088742735,
        "p16": -3.31786178251732,
        "p50": -2.086190895144334,
        "p84": -0.6671113717282002,
        "sd": 1.3558494725582184
      },
      "delta_local_minus_highz_gr": {
        "max": 18.010451650656243,
        "mean": 4.71342870638141,
        "min": -11.86516807836044,
        "p16": 1.5808430540551701,
        "p50": 4.8045111183958085,
        "p84": 7.822995095707454,
        "sd": 3.1921033639125596
      },
      "delta_local_minus_highz_mg": {
        "max": 15.47147805231804,
        "mean": 2.9312089674704755,
        "min": -12.276071574231693,
        "p16": -0.1983071387532465,
        "p50": 3.0104539993062147,
        "p84": 6.004335063497089,
        "sd": 3.194968110907024
      },
      "h0_highz_gr": {
        "max": 83.72608030126722,
        "mean": 68.53735001420551,
        "min": 57.532755099909444,
        "p16": 65.5831553754333,
        "p50": 68.45011014012104,
        "p84": 71.5218612883696,
        "sd": 3.038375694652712
      },
      "h0_highz_mg": {
        "max": 84.14295261326909,
        "mean": 70.31956975311644,
        "min": 58.77748346742731,
        "p16": 67.4161003918068,
        "p50": 70.22571215619078,
        "p84": 73.2946960941509,
        "sd": 3.042246689938905
      },
      "h0_local_obs": {
        "max": 77.42122971193074,
        "mean": 73.25077872058691,
        "min": 69.01541535178848,
        "p16": 72.26243086101275,
        "p50": 73.24615935152909,
        "p84": 74.2396763733235,
        "sd": 0.9965293812329682
      },
      "local_minus_highz_gr_sigma": 1.473541845673648,
      "local_minus_highz_mg_sigma": 0.9153208151297849,
      "p_gr_above_local_ref": 0.07205,
      "p_gr_below_local_ref": 0.92795,
      "p_gr_below_planck_ref": 0.35972,
      "z_anchor": 0.2
    },
    {
      "apparent_gr_bias_vs_true": {
        "max": 7.071531189443348,
        "mean": -2.6387251204311477,
        "min": -8.855763845628928,
        "p16": -4.561546188929153,
        "p50": -2.830730760775289,
        "p84": -0.722889786938689,
        "sd": 1.9848301287053014
      },
      "delta_local_minus_highz_gr": {
        "max": 18.290593579745263,
        "mean": 5.379175823139961,
        "min": -12.554719077828281,
        "p16": 1.9940122968079521,
        "p50": 5.530573702067244,
        "p84": 8.754026048656813,
        "sd": 3.4149283320366313
      },
      "delta_local_minus_highz_mg": {
        "max": 15.582373945025097,
        "mean": 2.951463234505699,
        "min": -12.378005558655829,
        "p16": -0.18639914294864524,
        "p50": 3.014303263604674,
        "p84": 6.069523195945412,
        "sd": 3.2063184436598062
      },
      "h0_highz_gr": {
        "max": 84.69409409879385,
        "mean": 67.86862066920223,
        "min": 57.39955185540502,
        "p16": 64.65794156227275,
        "p50": 67.70311618942151,
        "p84": 71.1274678501849,
        "sd": 3.2655073708673457
      },
      "h0_highz_mg": {
        "max": 84.51585252141501,
        "mean": 70.2963332578365,
        "min": 59.140258107795624,
        "p16": 67.38629082218804,
        "p50": 70.21202507307423,
        "p84": 73.27713246198842,
        "sd": 3.045223823198995
      },
      "h0_local_obs": {
        "max": 77.45753827362776,
        "mean": 73.24779649234219,
        "min": 69.00000012456398,
        "p16": 72.25438569242996,
        "p50": 73.25119848242969,
        "p84": 74.24260057115106,
        "sd": 0.9978616181989073
      },
      "local_minus_highz_gr_sigma": 1.5750726060829607,
      "local_minus_highz_mg_sigma": 0.9208322681077925,
      "p_gr_above_local_ref": 0.06107,
      "p_gr_below_local_ref": 0.93893,
      "p_gr_below_planck_ref": 0.46178,
      "z_anchor": 0.35
    },
    {
      "apparent_gr_bias_vs_true": {
        "max": 9.57307805418985,
        "mean": -2.437054603677029,
        "min": -10.18952168773449,
        "p16": -4.825278092983684,
        "p50": -2.7370560549150724,
        "p84": -0.024490460954847505,
        "sd": 2.5035483732977806
      },
      "delta_local_minus_highz_gr": {
        "max": 17.18722260358463,
        "mean": 5.177174949178839,
        "min": -14.32421868143851,
        "p16": 1.496977988896536,
        "p50": 5.396145538566714,
        "p84": 8.811171493383972,
        "sd": 3.7206438413913294
      },
      "delta_local_minus_highz_mg": {
        "max": 15.392654053623474,
        "mean": 2.951519182975169,
        "min": -12.416498114302271,
        "p16": -0.16039817000150833,
        "p50": 3.008806924498181,
        "p84": 6.050947869811267,
        "sd": 3.201490730931717
      },
      "h0_highz_gr": {
        "max": 86.3872321369548,
        "mean": 68.07062308703638,
        "min": 57.21099591620852,
        "p16": 64.56523319348511,
        "p50": 67.81281200416072,
        "p84": 71.65231731013587,
        "sd": 3.588026656077031
      },
      "h0_highz_mg": {
        "max": 84.45856504704855,
        "mean": 70.29627885324005,
        "min": 59.22911356736088,
        "p16": 67.38912315741017,
        "p50": 70.21585858563526,
        "p84": 73.26709456053256,
        "sd": 3.0457054079073074
      },
      "h0_local_obs": {
        "max": 77.99694544579623,
        "mean": 73.24779803621522,
        "min": 69.29350378610027,
        "p16": 72.25593473119444,
        "p50": 73.25027112071882,
        "p84": 74.2449685380608,
        "sd": 0.9986753320887094
      },
      "local_minus_highz_gr_sigma": 1.38993025644895,
      "local_minus_highz_mg_sigma": 0.9207182893894101,
      "p_gr_above_local_ref": 0.09053,
      "p_gr_below_local_ref": 0.90947,
      "p_gr_below_planck_ref": 0.45179,
      "z_anchor": 0.5
    },
    {
      "apparent_gr_bias_vs_true": {
        "max": 11.290872944755407,
        "mean": -1.5585652849937668,
        "min": -10.385019077037242,
        "p16": -4.290007033055807,
        "p50": -1.8753371107659014,
        "p84": 1.1593539475620618,
        "sd": 2.8805495812733053
      },
      "delta_local_minus_highz_gr": {
        "max": 17.199715049986153,
        "mean": 4.281408595079156,
        "min": -15.668444880834059,
        "p16": 0.2879804566989242,
        "p50": 4.552078276903657,
        "p84": 8.229780310846705,
        "sd": 4.036020621309359
      },
      "delta_local_minus_highz_mg": {
        "max": 14.632014029909442,
        "mean": 2.93763932521792,
        "min": -11.360603634314486,
        "p16": -0.19255283566245282,
        "p50": 3.0274579120618554,
        "p84": 6.019844570846839,
        "sd": 3.2022714431219566
      },
      "h0_highz_gr": {
        "max": 89.0309723815815,
        "mean": 68.96541036370145,
        "min": 57.63921750632299,
        "p16": 65.168791568629,
        "p50": 68.68418026689446,
        "p84": 72.83165854070214,
        "sd": 3.9117452062866453
      },
      "h0_highz_mg": {
        "max": 84.71092737451764,
        "mean": 70.30917963356268,
        "min": 58.99066858510636,
        "p16": 67.41624375832482,
        "p50": 70.21216600509308,
        "p84": 73.29732272189379,
        "sd": 3.043420676231109
      },
      "h0_local_obs": {
        "max": 77.69034822668226,
        "mean": 73.2468189587806,
        "min": 69.11928749116186,
        "p16": 72.25383993601977,
        "p50": 73.2441751239578,
        "p84": 74.24258183715365,
        "sd": 1.0000084688606214
      },
      "local_minus_highz_gr_sigma": 1.0603995990273674,
      "local_minus_highz_mg_sigma": 0.9170094369710503,
      "p_gr_above_local_ref": 0.15113,
      "p_gr_below_local_ref": 0.84887,
      "p_gr_below_planck_ref": 0.35993,
      "z_anchor": 0.62
    }
  ],
  "draws_total": 1600,
  "draws_used": 1600,
  "h0_posterior_mg_truth": {
    "max": 83.06595172086378,
    "mean": 70.51873584122742,
    "min": 60.31514973881641,
    "p16": 67.70416163334278,