{
  "apparent_gr_bias_vs_true": {
    "max": 12.06064218620618,
    "mean": -1.3974101921524207,
    "min": -10.771528478677752,
    "p16": -4.229292040736671,
    "p50": -1.7040267576266288,
    "p84": 1.521450766925746,
    "sd": 2.981810602029496
  },
  "delta_local_minus_highz_gr": {
    "max": 18.423928182147883,
    "mean": 3.9610785011944736,
    "min": -14.395774588971136,
    "p16": -0.04008257388215042,
    "p50": 4.186888771084028,
    "p84": 8.010778213399258,
    "sd": 4.080836997940667
  },
  "delta_local_minus_highz_mg": {
    "max": 15.396586524452232,
    "mean": 2.7780146111357578,
    "min": -11.232368349748768,
    "p16": -0.42953473362252104,
    "p50": 2.8793811009231547,
    "p84": 5.999302947996779,
    "sd": 3.297189774550118
  },
  "h0_highz_gr": {
    "max": 86.7359517650651,
    "mean": 69.28585639869932,
    "min": 55.665216292774666,
    "p16": 65.33297887677938,
    "p50": 69.03428490979886,
    "p84": 73.16102840366887,
    "sd": 3.9528017424322317
  },
  "h0_highz_mg": {
    "max": 82.89795304263701,
    "mean": 70.46892028875804,
    "min": 58.87334931926898,
    "p16": 67.39974884431867,
    "p50": 70.3605173346823,
    "p84": 73.51174839758922,
    "sd": 3.1414056239273433
  },
  "h0_local_obs": {
    "max": 77.9630183925787,
    "mean": 73.2469348998938,
    "min": 68.8620581045045,
    "p16": 72.25813812833115,
    "p50": 73.24741185801813,
    "p84": 74.23793266516246,
    "sd": 0.9982801022432984
  },
  "local_minus_highz_gr_sigma": 0.9714876935817708,
  "local_minus_highz_mg_sigma": 0.8426575832137968,
  "p_gr_above_local_ref": 0.16911,
  "p_gr_below_local_ref": 0.83089,
  "p_gr_below_planck_ref": 0.32926,
  "z_anchor": 0.62
}
