{
  "apparent_gr_bias_vs_true": {
    "max": 4.523839156073706,
    "mean": -1.8527391571262903,
    "min": -6.570002903602742,
    "p16": -3.2267403056375743,
    "p50": -1.9434465801334895,
    "p84": -0.4608217631737403,
    "sd": 1.392318223518014
  },
  "delta_local_minus_highz_gr": {
    "max": 17.13979688879116,
    "mean": 4.409095178073378,
    "min": -10.857914083216599,
    "p16": 1.2423738775261142,
    "p50": 4.513652486556488,
    "p84": 7.5768589706753335,
    "sd": 3.2530381728642954
  },
  "delta_local_minus_highz_mg": {
    "max": 17.205171842608365,
    "mean": 2.771630102372446,
    "min": -10.672399240052385,
    "p16": -0.4185209869445396,
    "p50": 2.877823097638327,
    "p84": 5.978137455006344,
    "sd": 3.280409456320331
  },
  "h0_highz_gr": {
    "max": 83.14023671198566,
    "mean": 68.83621241285198,
    "min": 58.228091031071955,
    "p16": 65.79688382855576,
    "p50": 68.7255332547619,
    "p84": 71.82857400007634,
    "sd": 3.095748971100188
  },
  "h0_highz_mg": {
    "max": 82.95413066088702,
    "mean": 70.47367748855291,
    "min": 58.58382936219234,
    "p16": 67.42147104688287,
    "p50": 70.35735644159186,
    "p84": 73.50109324907676,
    "sd": 3.124180786096457
  },
  "h0_local_obs": {
    "max": 77.57858617772936,
    "mean": 73.24530759092536,
    "min": 68.59689301983752,
    "p16": 72.25580965191685,
    "p50": 73.23963432925422,
    "p84": 74.24176643542545,
    "sd": 1.0010070534064375
  },
  "local_minus_highz_gr_sigma": 1.3552877077853764,
  "local_minus_highz_mg_sigma": 0.8449264990473891,
  "p_gr_above_local_ref": 0.09242,
  "p_gr_below_local_ref": 0.90758,
  "p_gr_below_planck_ref": 0.32582,
  "z_anchor": 0.2
}
