{
  "apparent_gr_bias_vs_true": {
    "max": 8.923002671707621,
    "mean": -2.2335446381630093,
    "min": -9.83599044058954,
    "p16": -4.723952956207769,
    "p50": -2.474835587905254,
    "p84": 0.3132715015087898,
    "sd": 2.5793141137881084
  },
  "delta_local_minus_highz_gr": {
    "max": 19.103945591163594,
    "mean": 4.781071836701803,
    "min": -13.205701123048883,
    "p16": 1.1070235219366322,
    "p50": 4.950724854246083,
    "p84": 8.497761748482407,
    "sd": 3.7544082731647745
  },
  "delta_local_minus_highz_mg": {
    "max": 15.722633732284727,
    "mean": 2.75980432792985,
    "min": -10.917992546937555,
    "p16": -0.4699670723677599,
    "p50": 2.8531846705690427,
    "p84": 5.997005904395821,
    "sd": 3.2891665787244815
  },
  "h0_highz_gr": {
    "max": 85.12963981889666,
    "mean": 68.46683362690254,
    "min": 56.2036530750801,
    "p16": 64.8491436360215,
    "p50": 68.30067768712274,
    "p84": 72.00287199645902,
    "sd": 3.6188778535710555
  },
  "h0_highz_mg": {
    "max": 83.5821061392195,
    "mean": 70.4881011356745,
    "min": 58.11421702716431,
    "p16": 67.41642426157865,
    "p50": 70.39421840562017,
    "p84": 73.54202382294692,
    "sd": 3.132151392875648
  },
  "h0_local_obs": {
    "max": 77.5190097130182,
    "mean": 73.24790546360433,
    "min": 68.58226250814946,
    "p16": 72.25349089215658,
    "p50": 73.2440357303207,
    "p84": 74.24798370739913,
    "sd": 1.0029059521508565
  },
  "local_minus_highz_gr_sigma": 1.273424079296538,
  "local_minus_highz_mg_sigma": 0.8393787397027569,
  "p_gr_above_local_ref": 0.10347,
  "p_gr_below_local_ref": 0.89653,
  "p_gr_below_planck_ref": 0.39944,
  "z_anchor": 0.5
}
