{
  "apparent_gr_bias_vs_true": {
    "max": 6.581656089075011,
    "mean": -2.4397647917385736,
    "min": -9.045188640950798,
    "p16": -4.444529841179854,
    "p50": -2.6117102533429133,
    "p84": -0.38972877390456967,
    "sd": 2.0437827954108636
  },
  "delta_local_minus_highz_gr": {
    "max": 18.297265921272178,
    "mean": 4.991135526730357,
    "min": -11.555163600390088,
    "p16": 1.5931194785005585,
    "p50": 5.11981824734282,
    "p84": 8.393817582625138,
    "sd": 3.4674060502532105
  },
  "delta_local_minus_highz_mg": {
    "max": 16.167166602142444,
    "mean": 2.7605898375738924,
    "min": -11.236687806487495,
    "p16": -0.4384114259917294,
    "p50": 2.861341904218037,
    "p84": 5.980571876428904,
    "sd": 3.291359261018116
  },
  "h0_highz_gr": {
    "max": 84.86604050777831,
    "mean": 68.26236914900963,
    "min": 56.22466078948814,
    "p16": 64.96718042445525,
    "p50": 68.1194919090184,
    "p84": 71.51315708450343,
    "sd": 3.3226229822101208
  },
  "h0_highz_mg": {
    "max": 83.9018490869233,
    "mean": 70.49291483816609,
    "min": 59.11140511549656,
    "p16": 67.42266919536281,
    "p50": 70.38077582055088,
    "p84": 73.54760597075288,
    "sd": 3.1425658666358522
  },
  "h0_local_obs": {
    "max": 78.02376179283348,
    "mean": 73.25350467573998,
    "min": 69.01438656534074,
    "p16": 72.26142428938671,
    "p50": 73.25640823706576,
    "p84": 74.24474449943516,
    "sd": 0.9976019608733077
  },
  "local_minus_highz_gr_sigma": 1.4384318899778736,
  "local_minus_highz_mg_sigma": 0.8370913831393924,
  "p_gr_above_local_ref": 0.07929,
  "p_gr_below_local_ref": 0.92071,
  "p_gr_below_planck_ref": 0.40937,
  "z_anchor": 0.35
}
