{
  "anchor_results": [
    {
      "apparent_gr_bias_vs_true": {
        "max": 4.523839156073706,
        "mean": -1.8527391571262903,
        "min": -6.570002903602742,
        "p16": -3.2267403056375743,
        "p50": -1.9434465801334895,
        "p84": -0.4608217631737403,
        "sd": 1.392318223518014
      },
      "delta_local_minus_highz_gr": {
        "max": 17.13979688879116,
        "mean": 4.409095178073378,
        "min": -10.857914083216599,
        "p16": 1.2423738775261142,
        "p50": 4.513652486556488,
        "p84": 7.5768589706753335,
        "sd": 3.2530381728642954
      },
      "delta_local_minus_highz_mg": {
        "max": 17.205171842608365,
        "mean": 2.771630102372446,
        "min": -10.672399240052385,
        "p16": -0.4185209869445396,
        "p50": 2.877823097638327,
        "p84": 5.978137455006344,
        "sd": 3.280409456320331
      },
      "h0_highz_gr": {
        "max": 83.14023671198566,
        "mean": 68.83621241285198,
        "min": 58.228091031071955,
        "p16": 65.79688382855576,
        "p50": 68.7255332547619,
        "p84": 71.82857400007634,
        "sd": 3.095748971100188
      },
      "h0_highz_mg": {
        "max": 82.95413066088702,
        "mean": 70.47367748855291,
        "min": 58.58382936219234,
        "p16": 67.42147104688287,
        "p50": 70.35735644159186,
        "p84": 73.50109324907676,
        "sd": 3.124180786096457
      },
      "h0_local_obs": {
        "max": 77.57858617772936,
        "mean": 73.24530759092536,
        "min": 68.59689301983752,
        "p16": 72.25580965191685,
        "p50": 73.23963432925422,
        "p84": 74.24176643542545,
        "sd": 1.0010070534064375
      },
      "local_minus_highz_gr_sigma": 1.3552877077853764,
      "local_minus_highz_mg_sigma": 0.8449264990473891,
      "p_gr_above_local_ref": 0.09242,
      "p_gr_below_local_ref": 0.90758,
      "p_gr_below_planck_ref": 0.32582,
      "z_anchor": 0.2
    },
    {
      "apparent_gr_bias_vs_true": {
        "max": 6.581656089075011,
        "mean": -2.4397647917385736,
        "min": -9.045188640950798,
        "p16": -4.444529841179854,
        "p50": -2.6117102533429133,
        "p84": -0.38972877390456967,
        "sd": 2.0437827954108636
      },
      "delta_local_minus_highz_gr": {
        "max": 18.297265921272178,
        "mean": 4.991135526730357,
        "min": -11.555163600390088,
        "p16": 1.5931194785005585,
        "p50": 5.11981824734282,
        "p84": 8.393817582625138,
        "sd": 3.4674060502532105
      },
      "delta_local_minus_highz_mg": {
        "max": 16.167166602142444,
        "mean": 2.7605898375738924,
        "min": -11.236687806487495,
        "p16": -0.4384114259917294,
        "p50": 2.861341904218037,
        "p84": 5.980571876428904,
        "sd": 3.291359261018116
      },
      "h0_highz_gr": {
        "max": 84.86604050777831,
        "mean": 68.26236914900963,
        "min": 56.22466078948814,
        "p16": 64.96718042445525,
        "p50": 68.1194919090184,
        "p84": 71.51315708450343,
        "sd": 3.3226229822101208
      },
      "h0_highz_mg": {
        "max": 83.9018490869233,
        "mean": 70.49291483816609,
        "min": 59.11140511549656,
        "p16": 67.42266919536281,
        "p50": 70.38077582055088,
        "p84": 73.54760597075288,
        "sd": 3.1425658666358522
      },
      "h0_local_obs": {
        "max": 78.02376179283348,
        "mean": 73.25350467573998,
        "min": 69.01438656534074,
        "p16": 72.26142428938671,
        "p50": 73.25640823706576,
        "p84": 74.24474449943516,
        "sd": 0.9976019608733077
      },
      "local_minus_highz_gr_sigma": 1.4384318899778736,
      "local_minus_highz_mg_sigma": 0.8370913831393924,
      "p_gr_above_local_ref": 0.07929,
      "p_gr_below_local_ref": 0.92071,
      "p_gr_below_planck_ref": 0.40937,
      "z_anchor": 0.35
    },
    {
      "apparent_gr_bias_vs_true": {
        "max": 8.923002671707621,
        "mean": -2.2335446381630093,
        "min": -9.83599044058954,
        "p16": -4.723952956207769,
        "p50": -2.474835587905254,
        "p84": 0.3132715015087898,
        "sd": 2.5793141137881084
      },
      "delta_local_minus_highz_gr": {
        "max": 19.103945591163594,
        "mean": 4.781071836701803,
        "min": -13.205701123048883,
        "p16": 1.1070235219366322,
        "p50": 4.950724854246083,
        "p84": 8.497761748482407,
        "sd": 3.7544082731647745
      },
      "delta_local_minus_highz_mg": {
        "max": 15.722633732284727,
        "mean": 2.75980432792985,
        "min": -10.917992546937555,
        "p16": -0.4699670723677599,
        "p50": 2.8531846705690427,
        "p84": 5.997005904395821,
        "sd": 3.2891665787244815
      },
      "h0_highz_gr": {
        "max": 85.12963981889666,
        "mean": 68.46683362690254,
        "min": 56.2036530750801,
        "p16": 64.8491436360215,
        "p50": 68.30067768712274,
        "p84": 72.00287199645902,
        "sd": 3.6188778535710555
      },
      "h0_highz_mg": {
        "max": 83.5821061392195,
        "mean": 70.4881011356745,
        "min": 58.11421702716431,
        "p16": 67.41642426157865,
        "p50": 70.39421840562017,
        "p84": 73.54202382294692,
        "sd": 3.132151392875648
      },
      "h0_local_obs": {
        "max": 77.5190097130182,
        "mean": 73.24790546360433,
        "min": 68.58226250814946,
        "p16": 72.25349089215658,
        "p50": 73.2440357303207,
        "p84": 74.24798370739913,
        "sd": 1.0029059521508565
      },
      "local_minus_highz_gr_sigma": 1.273424079296538,
      "local_minus_highz_mg_sigma": 0.8393787397027569,
      "p_gr_above_local_ref": 0.10347,
      "p_gr_below_local_ref": 0.89653,
      "p_gr_below_planck_ref": 0.39944,
      "z_anchor": 0.5
    },
    {
      "apparent_gr_bias_vs_true": {
        "max": 12.06064218620618,
        "mean": -1.3974101921524207,
        "min": -10.771528478677752,
        "p16": -4.229292040736671,
        "p50": -1.7040267576266288,
        "p84": 1.521450766925746,
        "sd": 2.981810602029496
      },
      "delta_local_minus_highz_gr": {
        "max": 18.423928182147883,
        "mean": 3.9610785011944736,
        "min": -14.395774588971136,
        "p16": -0.04008257388215042,
        "p50": 4.186888771084028,
        "p84": 8.010778213399258,
        "sd": 4.080836997940667
      },
      "delta_local_minus_highz_mg": {
        "max": 15.396586524452232,
        "mean": 2.7780146111357578,
        "min": -11.232368349748768,
        "p16": -0.42953473362252104,
        "p50": 2.8793811009231547,
        "p84": 5.999302947996779,
        "sd": 3.297189774550118
      },
      "h0_highz_gr": {
        "max": 86.7359517650651,
        "mean": 69.28585639869932,
        "min": 55.665216292774666,
        "p16": 65.33297887677938,
        "p50": 69.03428490979886,
        "p84": 73.16102840366887,
        "sd": 3.9528017424322317
      },
      "h0_highz_mg": {
        "max": 82.89795304263701,
        "mean": 70.46892028875804,
        "min": 58.87334931926898,
        "p16": 67.39974884431867,
        "p50": 70.3605173346823,
        "p84": 73.51174839758922,
        "sd": 3.1414056239273433
      },
      "h0_local_obs": {
        "max": 77.9630183925787,
        "mean": 73.2469348998938,
        "min": 68.8620581045045,
        "p16": 72.25813812833115,
        "p50": 73.24741185801813,
        "p84": 74.23793266516246,
        "sd": 0.9982801022432984
      },
      "local_minus_highz_gr_sigma": 0.9714876935817708,
      "local_minus_highz_mg_sigma": 0.8426575832137968,
      "p_gr_above_local_ref": 0.16911,
      "p_gr_below_local_ref": 0.83089,
      "p_gr_below_planck_ref": 0.32926,
      "z_anchor": 0.62
    }
  ],
  "draws_total": 1600,
  "draws_used": 1600,
  "h0_posterior_mg_truth": {
    "max": 81.34840392208962,
    "mean": 70.68931182042479,
    "min": 60.443182238538995,
    "p16": 67.69470401834123,