{
  "apparent_gr_bias_vs_true": {
    "max": 4.614237030239977,
    "mean": -1.8282528153081734,
    "min": -6.721465526202316,
    "p16": -3.1239542044029633,
    "p50": -1.9305981560319907,
    "p84": -0.5185590221625386,
    "sd": 1.3344767950735716
  },
  "delta_local_minus_highz_gr": {
    "max": 15.580643612822797,
    "mean": 3.841247550025112,
    "min": -13.107125422802852,
    "p16": 0.7205128214410621,
    "p50": 3.9402260153618087,
    "p84": 6.981468825311122,
    "sd": 3.218294338903018
  },
  "delta_local_minus_highz_mg": {
    "max": 13.367920601958055,
    "mean": 2.015368315719923,
    "min": -13.495934186148205,
    "p16": -1.1028596789728577,
    "p50": 2.012491001572485,
    "p84": 5.200702209588442,
    "sd": 3.2285030222725766
  },
  "h0_highz_gr": {
    "max": 85.67400287525439,
    "mean": 69.15596683339307,
    "min": 58.96382121133728,
    "p16": 66.18238557281381,
    "p50": 69.04670420326659,
    "p84": 72.11908543825318,
    "sd": 3.0644607255670984
  },
  "h0_highz_mg": {
    "max": 86.06609877931324,
    "mean": 70.98184606769826,
    "min": 60.84818582358189,
    "p16": 67.96193768944697,
    "p50": 71.0011159063435,
    "p84": 73.92407942190609,
    "sd": 3.0751055261445353
  },
  "h0_local_obs": {
    "max": 78.17654808703873,
    "mean": 72.99721438341818,
    "min": 68.51849497610009,
    "p16": 71.99819628150206,
    "p50": 72.99945548292021,
    "p84": 73.99188439147036,
    "sd": 0.999712696708147
  },
  "local_minus_highz_gr_sigma": 1.191640637908938,
  "local_minus_highz_mg_sigma": 0.6232552551815499,
  "p_gr_above_local_ref": 0.10068,
  "p_gr_below_local_ref": 0.89932,
  "p_gr_below_planck_ref": 0.2874,
  "z_anchor": 0.2
}
