{
  "apparent_gr_bias_vs_true": {
    "max": 12.467411743354418,
    "mean": -1.4670652617038822,
    "min": -9.942441594621577,
    "p16": -4.183520497394049,
    "p50": -1.8915188434966552,
    "p84": 1.5148338041969793,
    "sd": 2.9064174887712872
  },
  "delta_local_minus_highz_gr": {
    "max": 17.73823421093752,
    "mean": 3.489404505712516,
    "min": -20.545173659136452,
    "p16": -0.44295832331983603,
    "p50": 3.7997909811710358,
    "p84": 7.400124841314048,
    "sd": 4.103211771794987
  },
  "delta_local_minus_highz_mg": {
    "max": 14.50601707759622,
    "mean": 2.023995103244023,
    "min": -13.87101643490513,
    "p16": -1.0910631160999038,
    "p50": 2.0261896087471243,
    "p84": 5.220674356393409,
    "sd": 3.221538654480111
  },
  "h0_highz_gr": {
    "max": 92.45917646709373,
    "mean": 69.51050968928331,
    "min": 57.04803573591118,
    "p16": 65.72704934747544,
    "p50": 69.19425456369746,
    "p84": 73.34361625150912,
    "sd": 3.979730331340619
  },
  "h0_highz_mg": {
    "max": 85.56474265056356,
    "mean": 70.9759190917518,
    "min": 60.32996221298685,
    "p16": 67.95383118226346,
    "p50": 71.00707248921339,
    "p84": 73.91817270706214,
    "sd": 3.0591457433632456
  },
  "h0_local_obs": {
    "max": 77.60641876964661,
    "mean": 72.99991419499581,
    "min": 68.71515801740142,
    "p16": 72.00613131466366,
    "p50": 73.00216289639275,
    "p84": 73.98803520447626,
    "sd": 1.0017683001075874
  },
  "local_minus_highz_gr_sigma": 0.8503599458740199,
  "local_minus_highz_mg_sigma": 0.6288740747067167,
  "p_gr_above_local_ref": 0.17612,
  "p_gr_below_local_ref": 0.82388,
  "p_gr_below_planck_ref": 0.30444,
  "z_anchor": 0.62
}
