{
  "apparent_gr_bias_vs_true": {
    "max": 6.39166900887183,
    "mean": -2.496856278373233,
    "min": -8.7889093208979,
    "p16": -4.3501163705519055,
    "p50": -2.7011520540740364,
    "p84": -0.5760388491033521,
    "sd": 1.938652884589246
  },
  "delta_local_minus_highz_gr": {
    "max": 16.508567900272823,
    "mean": 4.516936134630691,
    "min": -14.37915310349274,
    "p16": 1.219974005784918,
    "p50": 4.708135105962533,
    "p84": 7.79679129061485,
    "sd": 3.413137459559339
  },
  "delta_local_minus_highz_mg": {
    "max": 13.980404479277674,
    "mean": 2.0175068963210463,
    "min": -13.936413619119165,
    "p16": -1.0883307928592085,
    "p50": 2.0072931029666705,
    "p84": 5.199065884420509,
    "sd": 3.211102091878953
  },
  "h0_highz_gr": {
    "max": 86.34076624674525,
    "mean": 68.47920384233272,
    "min": 57.81875242810746,
    "p16": 65.35692975908378,
    "p50": 68.27185370992802,
    "p84": 71.61863577727922,
    "sd": 3.2668234296690826
  },
  "h0_highz_mg": {
    "max": 85.89276587422249,
    "mean": 70.97863308064237,
    "min": 60.48224954804067,
    "p16": 67.96565008938781,
    "p50": 71.0045042582299,
    "p84": 73.90097655864346,
    "sd": 3.0552340140535335
  },
  "h0_local_obs": {
    "max": 77.35616063952467,
    "mean": 72.9961399769634,
    "min": 68.90172033758297,
    "p16": 72.0026075932203,
    "p50": 72.9939641615046,
    "p84": 73.99681333131353,
    "sd": 1.0026243497055238
  },
  "local_minus_highz_gr_sigma": 1.322113662341825,
  "local_minus_highz_mg_sigma": 0.6275831015633689,
  "p_gr_above_local_ref": 0.08844,
  "p_gr_below_local_ref": 0.91156,
  "p_gr_below_planck_ref": 0.38575,
  "z_anchor": 0.35
}
