{
  "apparent_gr_bias_vs_true": {
    "max": 8.7619765247142,
    "mean": -2.334996049099058,
    "min": -9.430264571691012,
    "p16": -4.65743606231495,
    "p50": -2.667524752978501,
    "p84": 0.14177530156280824,
    "sd": 2.465561210127569
  },
  "delta_local_minus_highz_gr": {
    "max": 17.790435154937313,
    "mean": 4.348794624795736,
    "min": -17.170157414456355,
    "p16": 0.7643916300337259,
    "p50": 4.6220948424200685,
    "p84": 7.907483340176649,
    "sd": 3.730798601024236
  },
  "delta_local_minus_highz_mg": {
    "max": 13.831821429393734,
    "mean": 2.0144803835365894,
    "min": -14.233349178693203,
    "p16": -1.091039018939466,
    "p50": 2.0156604748508755,
    "p84": 5.183636542500849,
    "sd": 3.204480857963107
  },
  "h0_highz_gr": {
    "max": 88.66068329861673,
    "mean": 68.65159186707704,
    "min": 56.69339103995364,
    "p16": 65.26295835973566,
    "p50": 68.36022431722661,
    "p84": 72.12671453538205,
    "sd": 3.598002935474664
  },
  "h0_highz_mg": {
    "max": 85.69356401710256,
    "mean": 70.98590610833618,
    "min": 60.80192317293768,
    "p16": 67.9852120143292,
    "p50": 71.0116936747683,
    "p84": 73.90898993677995,
    "sd": 3.048186845836679
  },
  "h0_local_obs": {
    "max": 77.91306334682564,
    "mean": 73.00038649187277,
    "min": 68.70365104989789,
    "p16": 72.00175642190192,
    "p50": 73.0029496545465,
    "p84": 73.99812083143867,
    "sd": 1.004796321323763
  },
  "local_minus_highz_gr_sigma": 1.164527918842172,
  "local_minus_highz_mg_sigma": 0.6279497692729531,
  "p_gr_above_local_ref": 0.11826,
  "p_gr_below_local_ref": 0.88174,
  "p_gr_below_planck_ref": 0.38001,
  "z_anchor": 0.5
}
