{
  "anchor_results": [
    {
      "apparent_gr_bias_vs_true": {
        "max": 4.614237030239977,
        "mean": -1.8282528153081734,
        "min": -6.721465526202316,
        "p16": -3.1239542044029633,
        "p50": -1.9305981560319907,
        "p84": -0.5185590221625386,
        "sd": 1.3344767950735716
      },
      "delta_local_minus_highz_gr": {
        "max": 15.580643612822797,
        "mean": 3.841247550025112,
        "min": -13.107125422802852,
        "p16": 0.7205128214410621,
        "p50": 3.9402260153618087,
        "p84": 6.981468825311122,
        "sd": 3.218294338903018
      },
      "delta_local_minus_highz_mg": {
        "max": 13.367920601958055,
        "mean": 2.015368315719923,
        "min": -13.495934186148205,
        "p16": -1.1028596789728577,
        "p50": 2.012491001572485,
        "p84": 5.200702209588442,
        "sd": 3.2285030222725766
      },
      "h0_highz_gr": {
        "max": 85.67400287525439,
        "mean": 69.15596683339307,
        "min": 58.96382121133728,
        "p16": 66.18238557281381,
        "p50": 69.04670420326659,
        "p84": 72.11908543825318,
        "sd": 3.0644607255670984
      },
      "h0_highz_mg": {
        "max": 86.06609877931324,
        "mean": 70.98184606769826,
        "min": 60.84818582358189,
        "p16": 67.96193768944697,
        "p50": 71.0011159063435,
        "p84": 73.92407942190609,
        "sd": 3.0751055261445353
      },
      "h0_local_obs": {
        "max": 78.17654808703873,
        "mean": 72.99721438341818,
        "min": 68.51849497610009,
        "p16": 71.99819628150206,
        "p50": 72.99945548292021,
        "p84": 73.99188439147036,
        "sd": 0.999712696708147
      },
      "local_minus_highz_gr_sigma": 1.191640637908938,
      "local_minus_highz_mg_sigma": 0.6232552551815499,
      "p_gr_above_local_ref": 0.10068,
      "p_gr_below_local_ref": 0.89932,
      "p_gr_below_planck_ref": 0.2874,
      "z_anchor": 0.2
    },
    {
      "apparent_gr_bias_vs_true": {
        "max": 6.39166900887183,
        "mean": -2.496856278373233,
        "min": -8.7889093208979,
        "p16": -4.3501163705519055,
        "p50": -2.7011520540740364,
        "p84": -0.5760388491033521,
        "sd": 1.938652884589246
      },
      "delta_local_minus_highz_gr": {
        "max": 16.508567900272823,
        "mean": 4.516936134630691,
        "min": -14.37915310349274,
        "p16": 1.219974005784918,
        "p50": 4.708135105962533,
        "p84": 7.79679129061485,
        "sd": 3.413137459559339
      },
      "delta_local_minus_highz_mg": {
        "max": 13.980404479277674,
        "mean": 2.0175068963210463,
        "min": -13.936413619119165,
        "p16": -1.0883307928592085,
        "p50": 2.0072931029666705,
        "p84": 5.199065884420509,
        "sd": 3.211102091878953
      },
      "h0_highz_gr": {
        "max": 86.34076624674525,
        "mean": 68.47920384233272,
        "min": 57.81875242810746,
        "p16": 65.35692975908378,
        "p50": 68.27185370992802,
        "p84": 71.61863577727922,
        "sd": 3.2668234296690826
      },
      "h0_highz_mg": {
        "max": 85.89276587422249,
        "mean": 70.97863308064237,
        "min": 60.48224954804067,
        "p16": 67.96565008938781,
        "p50": 71.0045042582299,
        "p84": 73.90097655864346,
        "sd": 3.0552340140535335
      },
      "h0_local_obs": {
        "max": 77.35616063952467,
        "mean": 72.9961399769634,
        "min": 68.90172033758297,
        "p16": 72.0026075932203,
        "p50": 72.9939641615046,
        "p84": 73.99681333131353,
        "sd": 1.0026243497055238
      },
      "local_minus_highz_gr_sigma": 1.322113662341825,
      "local_minus_highz_mg_sigma": 0.6275831015633689,
      "p_gr_above_local_ref": 0.08844,
      "p_gr_below_local_ref": 0.91156,
      "p_gr_below_planck_ref": 0.38575,
      "z_anchor": 0.35
    },
    {
      "apparent_gr_bias_vs_true": {
        "max": 8.7619765247142,
        "mean": -2.334996049099058,
        "min": -9.430264571691012,
        "p16": -4.65743606231495,
        "p50": -2.667524752978501,
        "p84": 0.14177530156280824,
        "sd": 2.465561210127569
      },
      "delta_local_minus_highz_gr": {
        "max": 17.790435154937313,
        "mean": 4.348794624795736,
        "min": -17.170157414456355,
        "p16": 0.7643916300337259,
        "p50": 4.6220948424200685,
        "p84": 7.907483340176649,
        "sd": 3.730798601024236
      },
      "delta_local_minus_highz_mg": {
        "max": 13.831821429393734,
        "mean": 2.0144803835365894,
        "min": -14.233349178693203,
        "p16": -1.091039018939466,
        "p50": 2.0156604748508755,
        "p84": 5.183636542500849,
        "sd": 3.204480857963107
      },
      "h0_highz_gr": {
        "max": 88.66068329861673,
        "mean": 68.65159186707704,
        "min": 56.69339103995364,
        "p16": 65.26295835973566,
        "p50": 68.36022431722661,
        "p84": 72.12671453538205,
        "sd": 3.598002935474664
      },
      "h0_highz_mg": {
        "max": 85.69356401710256,
        "mean": 70.98590610833618,
        "min": 60.80192317293768,
        "p16": 67.9852120143292,
        "p50": 71.0116936747683,
        "p84": 73.90898993677995,
        "sd": 3.048186845836679
      },
      "h0_local_obs": {
        "max": 77.91306334682564,
        "mean": 73.00038649187277,
        "min": 68.70365104989789,
        "p16": 72.00175642190192,
        "p50": 73.0029496545465,
        "p84": 73.99812083143867,
        "sd": 1.004796321323763
      },
      "local_minus_highz_gr_sigma": 1.164527918842172,
      "local_minus_highz_mg_sigma": 0.6279497692729531,
      "p_gr_above_local_ref": 0.11826,
      "p_gr_below_local_ref": 0.88174,
      "p_gr_below_planck_ref": 0.38001,
      "z_anchor": 0.5
    },
    {
      "apparent_gr_bias_vs_true": {
        "max": 12.467411743354418,
        "mean": -1.4670652617038822,
        "min": -9.942441594621577,
        "p16": -4.183520497394049,
        "p50": -1.8915188434966552,
        "p84": 1.5148338041969793,
        "sd": 2.9064174887712872
      },
      "delta_local_minus_highz_gr": {
        "max": 17.73823421093752,
        "mean": 3.489404505712516,
        "min": -20.545173659136452,
        "p16": -0.44295832331983603,
        "p50": 3.7997909811710358,
        "p84": 7.400124841314048,
        "sd": 4.103211771794987
      },
      "delta_local_minus_highz_mg": {
        "max": 14.50601707759622,
        "mean": 2.023995103244023,
        "min": -13.87101643490513,
        "p16": -1.0910631160999038,
        "p50": 2.0261896087471243,
        "p84": 5.220674356393409,
        "sd": 3.221538654480111
      },
      "h0_highz_gr": {
        "max": 92.45917646709373,
        "mean": 69.51050968928331,
        "min": 57.04803573591118,
        "p16": 65.72704934747544,
        "p50": 69.19425456369746,
        "p84": 73.34361625150912,
        "sd": 3.979730331340619
      },
      "h0_highz_mg": {
        "max": 85.56474265056356,
        "mean": 70.9759190917518,
        "min": 60.32996221298685,
        "p16": 67.95383118226346,
        "p50": 71.00707248921339,
        "p84": 73.91817270706214,
        "sd": 3.0591457433632456
      },
      "h0_local_obs": {
        "max": 77.60641876964661,
        "mean": 72.99991419499581,
        "min": 68.71515801740142,
        "p16": 72.00613131466366,
        "p50": 73.00216289639275,
        "p84": 73.98803520447626,
        "sd": 1.0017683001075874
      },
      "local_minus_highz_gr_sigma": 0.8503599458740199,
      "local_minus_highz_mg_sigma": 0.6288740747067167,
      "p_gr_above_local_ref": 0.17612,
      "p_gr_below_local_ref": 0.82388,
      "p_gr_below_planck_ref": 0.30444,
      "z_anchor": 0.62
    }
  ],
  "draws_total": 1600,
  "draws_used": 1600,
  "h0_posterior_mg_truth": {
    "max": 83.833891578275,
    "mean": 70.9809853903875,
    "min": 62.52211725111513,
    "p16": 68.10255835254144,