{
  "apparent_gr_bias_vs_true": {
    "max": 11.740483054776718,
    "mean": -1.6859479277336122,
    "min": -10.088945990987987,
    "p16": -4.394397805360106,
    "p50": -2.1018948584115478,
    "p84": 1.2812120155861355,
    "sd": 2.88561632640209
  },
  "delta_local_minus_highz_gr": {
    "max": 17.84015193976385,
    "mean": 3.702525393354884,
    "min": -20.62450893771728,
    "p16": -0.20754436017429098,
    "p50": 4.013706508789284,
    "p84": 7.6086238407188675,
    "sd": 4.091185636426316
  },
  "delta_local_minus_highz_mg": {
    "max": 13.347360412976634,
    "mean": 2.228110493439401,
    "min": -13.771476742854617,
    "p16": -0.848374612732091,
    "p50": 2.2181579369378,
    "p84": 5.419077085266532,
    "sd": 3.2070581564156013
  },
  "h0_highz_gr": {
    "max": 92.83065045827617,
    "mean": 69.29607134665596,
    "min": 57.28273095060231,
    "p16": 65.5285090655296,
    "p50": 68.98870690233966,
    "p84": 73.11418671886345,
    "sd": 3.968555755796081
  },
  "h0_highz_mg": {
    "max": 85.90851681848746,
    "mean": 70.77048624657145,
    "min": 60.55214280525659,
    "p16": 67.75985624716004,
    "p50": 70.79654666146016,
    "p84": 73.69092817565831,
    "sd": 3.052590636206303
  },
  "h0_local_obs": {
    "max": 76.93683212397771,
    "mean": 72.99859674001085,
    "min": 68.21011614468752,
    "p16": 71.99760557519653,
    "p50": 73.00343217195494,
    "p84": 73.99146618346633,
    "sd": 0.9991475595418985
  },
  "local_minus_highz_gr_sigma": 0.9046862040676581,
  "local_minus_highz_mg_sigma": 0.6936373123405297,
  "p_gr_above_local_ref": 0.16501,
  "p_gr_below_local_ref": 0.83499,
  "p_gr_below_planck_ref": 0.32625,
  "z_anchor": 0.62
}
