{
  "apparent_gr_bias_vs_true": {
    "max": 7.658956653101001,
    "mean": -2.5466230807177226,
    "min": -9.661816905170639,
    "p16": -4.870812180093847,
    "p50": -2.855267653576277,
    "p84": -0.06472438785369647,
    "sd": 2.4567866774670555
  },
  "delta_local_minus_highz_gr": {
    "max": 17.30270811490103,
    "mean": 4.564143464169705,
    "min": -16.94438240579818,
    "p16": 0.9849025541919497,
    "p50": 4.834658473641497,
    "p84": 8.115352895484966,
    "sd": 3.7290906475661547
  },
  "delta_local_minus_highz_mg": {
    "max": 13.974682810864927,
    "mean": 2.2286479440735247,
    "min": -14.012629339845518,
    "p16": -0.8763374624806232,
    "p50": 2.226442003359459,
    "p84": 5.40164306336108,
    "sd": 3.210592821757292
  },
  "h0_highz_gr": {
    "max": 88.55387929328973,
    "mean": 68.4322228042359,
    "min": 56.271361591906796,
    "p16": 65.06726401497949,
    "p50": 68.13240589068499,
    "p84": 71.88089141863148,
    "sd": 3.588343119853764
  },
  "h0_highz_mg": {
    "max": 85.59033431564688,
    "mean": 70.7677183243321,
    "min": 60.33340224697542,
    "p16": 67.75993114033831,
    "p50": 70.78446522992901,
    "p84": 73.6829034604312,
    "sd": 3.0469843172730267
  },
  "h0_local_obs": {
    "max": 77.47902037780584,
    "mean": 72.99636626840562,
    "min": 68.68643759348484,
    "p16": 71.99810469779538,
    "p50": 72.99470360713286,
    "p84": 73.99277914607963,
    "sd": 1.0012808121051637
  },
  "local_minus_highz_gr_sigma": 1.2252477464218774,
  "local_minus_highz_mg_sigma": 0.6949571701186865,
  "p_gr_above_local_ref": 0.10904,
  "p_gr_below_local_ref": 0.89096,
  "p_gr_below_planck_ref": 0.40802,
  "z_anchor": 0.5
}
