{
  "apparent_gr_bias_vs_true": {
    "max": 5.207567896151616,
    "mean": -2.038991769474469,
    "min": -6.955841796179058,
    "p16": -3.327870490757923,
    "p50": -2.1366626522728076,
    "p84": -0.736865819006175,
    "sd": 1.3241293571852064
  },
  "delta_local_minus_highz_gr": {
    "max": 16.11573780114886,
    "mean": 4.062812188746203,
    "min": -12.384730554027541,
    "p16": 0.9515654902051183,
    "p50": 4.163685327747942,
    "p84": 7.195265083993561,
    "sd": 3.20045094494275
  },
  "delta_local_minus_highz_mg": {
    "max": 14.854214731284856,
    "mean": 2.236151815099788,
    "min": -12.765312552376443,
    "p16": -0.8751662070699178,
    "p50": 2.2382127674470738,
    "p84": 5.417597388512041,
    "sd": 3.2140253515281576
  },
  "h0_highz_gr": {
    "max": 84.93258049932271,
    "mean": 68.9412178600046,
    "min": 58.91609360969103,
    "p16": 65.97879777925363,
    "p50": 68.83968110420847,
    "p84": 71.87403914103201,
    "sd": 3.033564535399796
  },
  "h0_highz_mg": {
    "max": 85.3212832074642,
    "mean": 70.767878233651,
    "min": 61.054711198862016,
    "p16": 67.7557849718985,
    "p50": 70.79815911344346,
    "p84": 73.6794002157154,
    "sd": 3.0448329852777216
  },
  "h0_local_obs": {
    "max": 77.42436054715118,
    "mean": 73.00403004875079,
    "min": 68.24796867504757,
    "p16": 72.01075528756165,
    "p50": 73.00545495551088,
    "p84": 73.99777942319561,
    "sd": 0.9997430213833534
  },
  "local_minus_highz_gr_sigma": 1.271959113821617,
  "local_minus_highz_mg_sigma": 0.6977418191551841,
  "p_gr_above_local_ref": 0.08892,
  "p_gr_below_local_ref": 0.91108,
  "p_gr_below_planck_ref": 0.31252,
  "z_anchor": 0.2
}
