{
  "apparent_gr_bias_vs_true": {
    "max": 6.684285148721187,
    "mean": -2.7027915162099903,
    "min": -8.99439881510952,
    "p16": -4.556251330165261,
    "p50": -2.9093303900058842,
    "p84": -0.7878302712749955,
    "sd": 1.9363626165176135
  },
  "delta_local_minus_highz_gr": {
    "max": 17.08496113582276,
    "mean": 4.733383610204783,
    "min": -13.981671060020304,
    "p16": 1.4239011615426012,
    "p50": 4.9292423304294815,
    "p84": 8.010662199431488,
    "sd": 3.418727979149675
  },
  "delta_local_minus_highz_mg": {
    "max": 14.00595504305656,
    "mean": 2.2430469968640483,
    "min": -13.538147526660751,
    "p16": -0.8915430889354207,
    "p50": 2.2500169594053006,
    "p84": 5.430452986419348,
    "sd": 3.2182173344596756
  },
  "h0_highz_gr": {
    "max": 85.47947469231845,
    "mean": 68.26171325401211,
    "min": 57.14315251324324,
    "p16": 65.14186576751767,
    "p50": 68.05359433130002,
    "p84": 71.39114310614357,
    "sd": 3.26894680296117
  },
  "h0_highz_mg": {
    "max": 85.03594334357214,
    "mean": 70.75204986735284,
    "min": 60.790364473947825,
    "p16": 67.73683500700102,
    "p50": 70.7740846867637,
    "p84": 73.69217414384833,
    "sd": 3.058359318075683
  },
  "h0_local_obs": {
    "max": 77.2634581259254,
    "mean": 72.99509686421689,
    "min": 68.76454852527092,
    "p16": 71.9887694156326,
    "p50": 72.99910913210778,
    "p84": 73.99972905846953,
    "sd": 1.0086435705134358
  },
  "local_minus_highz_gr_sigma": 1.3846452378719314,
  "local_minus_highz_mg_sigma": 0.6970974350526332,
  "p_gr_above_local_ref": 0.07932,
  "p_gr_below_local_ref": 0.92068,
  "p_gr_below_planck_ref": 0.41307,
  "z_anchor": 0.35
}
