{
  "anchor_results": [
    {
      "apparent_gr_bias_vs_true": {
        "max": 5.207567896151616,
        "mean": -2.038991769474469,
        "min": -6.955841796179058,
        "p16": -3.327870490757923,
        "p50": -2.1366626522728076,
        "p84": -0.736865819006175,
        "sd": 1.3241293571852064
      },
      "delta_local_minus_highz_gr": {
        "max": 16.11573780114886,
        "mean": 4.062812188746203,
        "min": -12.384730554027541,
        "p16": 0.9515654902051183,
        "p50": 4.163685327747942,
        "p84": 7.195265083993561,
        "sd": 3.20045094494275
      },
      "delta_local_minus_highz_mg": {
        "max": 14.854214731284856,
        "mean": 2.236151815099788,
        "min": -12.765312552376443,
        "p16": -0.8751662070699178,
        "p50": 2.2382127674470738,
        "p84": 5.417597388512041,
        "sd": 3.2140253515281576
      },
      "h0_highz_gr": {
        "max": 84.93258049932271,
        "mean": 68.9412178600046,
        "min": 58.91609360969103,
        "p16": 65.97879777925363,
        "p50": 68.83968110420847,
        "p84": 71.87403914103201,
        "sd": 3.033564535399796
      },
      "h0_highz_mg": {
        "max": 85.3212832074642,
        "mean": 70.767878233651,
        "min": 61.054711198862016,
        "p16": 67.7557849718985,
        "p50": 70.79815911344346,
        "p84": 73.6794002157154,
        "sd": 3.0448329852777216
      },
      "h0_local_obs": {
        "max": 77.42436054715118,
        "mean": 73.00403004875079,
        "min": 68.24796867504757,
        "p16": 72.01075528756165,
        "p50": 73.00545495551088,
        "p84": 73.99777942319561,
        "sd": 0.9997430213833534
      },
      "local_minus_highz_gr_sigma": 1.271959113821617,
      "local_minus_highz_mg_sigma": 0.6977418191551841,
      "p_gr_above_local_ref": 0.08892,
      "p_gr_below_local_ref": 0.91108,
      "p_gr_below_planck_ref": 0.31252,
      "z_anchor": 0.2
    },
    {
      "apparent_gr_bias_vs_true": {
        "max": 6.684285148721187,
        "mean": -2.7027915162099903,
        "min": -8.99439881510952,
        "p16": -4.556251330165261,
        "p50": -2.9093303900058842,
        "p84": -0.7878302712749955,
        "sd": 1.9363626165176135
      },
      "delta_local_minus_highz_gr": {
        "max": 17.08496113582276,
        "mean": 4.733383610204783,
        "min": -13.981671060020304,
        "p16": 1.4239011615426012,
        "p50": 4.9292423304294815,
        "p84": 8.010662199431488,
        "sd": 3.418727979149675
      },
      "delta_local_minus_highz_mg": {
        "max": 14.00595504305656,
        "mean": 2.2430469968640483,
        "min": -13.538147526660751,
        "p16": -0.8915430889354207,
        "p50": 2.2500169594053006,
        "p84": 5.430452986419348,
        "sd": 3.2182173344596756
      },
      "h0_highz_gr": {
        "max": 85.47947469231845,
        "mean": 68.26171325401211,
        "min": 57.14315251324324,
        "p16": 65.14186576751767,
        "p50": 68.05359433130002,
        "p84": 71.39114310614357,
        "sd": 3.26894680296117
      },
      "h0_highz_mg": {
        "max": 85.03594334357214,
        "mean": 70.75204986735284,
        "min": 60.790364473947825,
        "p16": 67.73683500700102,
        "p50": 70.7740846867637,
        "p84": 73.69217414384833,
        "sd": 3.058359318075683
      },
      "h0_local_obs": {
        "max": 77.2634581259254,
        "mean": 72.99509686421689,
        "min": 68.76454852527092,
        "p16": 71.9887694156326,
        "p50": 72.99910913210778,
        "p84": 73.99972905846953,
        "sd": 1.0086435705134358
      },
      "local_minus_highz_gr_sigma": 1.3846452378719314,
      "local_minus_highz_mg_sigma": 0.6970974350526332,
      "p_gr_above_local_ref": 0.07932,
      "p_gr_below_local_ref": 0.92068,
      "p_gr_below_planck_ref": 0.41307,
      "z_anchor": 0.35
    },
    {
      "apparent_gr_bias_vs_true": {
        "max": 7.658956653101001,
        "mean": -2.5466230807177226,
        "min": -9.661816905170639,
        "p16": -4.870812180093847,
        "p50": -2.855267653576277,
        "p84": -0.06472438785369647,
        "sd": 2.4567866774670555
      },
      "delta_local_minus_highz_gr": {
        "max": 17.30270811490103,
        "mean": 4.564143464169705,
        "min": -16.94438240579818,
        "p16": 0.9849025541919497,
        "p50": 4.834658473641497,
        "p84": 8.115352895484966,
        "sd": 3.7290906475661547
      },
      "delta_local_minus_highz_mg": {
        "max": 13.974682810864927,
        "mean": 2.2286479440735247,
        "min": -14.012629339845518,
        "p16": -0.8763374624806232,
        "p50": 2.226442003359459,
        "p84": 5.40164306336108,
        "sd": 3.210592821757292
      },
      "h0_highz_gr": {
        "max": 88.55387929328973,
        "mean": 68.4322228042359,
        "min": 56.271361591906796,
        "p16": 65.06726401497949,
        "p50": 68.13240589068499,
        "p84": 71.88089141863148,
        "sd": 3.588343119853764
      },
      "h0_highz_mg": {
        "max": 85.59033431564688,
        "mean": 70.7677183243321,
        "min": 60.33340224697542,
        "p16": 67.75993114033831,
        "p50": 70.78446522992901,
        "p84": 73.6829034604312,
        "sd": 3.0469843172730267
      },
      "h0_local_obs": {
        "max": 77.47902037780584,
        "mean": 72.99636626840562,
        "min": 68.68643759348484,
        "p16": 71.99810469779538,
        "p50": 72.99470360713286,
        "p84": 73.99277914607963,
        "sd": 1.0012808121051637
      },
      "local_minus_highz_gr_sigma": 1.2252477464218774,
      "local_minus_highz_mg_sigma": 0.6949571701186865,
      "p_gr_above_local_ref": 0.10904,
      "p_gr_below_local_ref": 0.89096,
      "p_gr_below_planck_ref": 0.40802,
      "z_anchor": 0.5
    },
    {
      "apparent_gr_bias_vs_true": {
        "max": 11.740483054776718,
        "mean": -1.6859479277336122,
        "min": -10.088945990987987,
        "p16": -4.394397805360106,
        "p50": -2.1018948584115478,
        "p84": 1.2812120155861355,
        "sd": 2.88561632640209
      },
      "delta_local_minus_highz_gr": {
        "max": 17.84015193976385,
        "mean": 3.702525393354884,
        "min": -20.62450893771728,
        "p16": -0.20754436017429098,
        "p50": 4.013706508789284,
        "p84": 7.6086238407188675,
        "sd": 4.091185636426316
      },
      "delta_local_minus_highz_mg": {
        "max": 13.347360412976634,
        "mean": 2.228110493439401,
        "min": -13.771476742854617,
        "p16": -0.848374612732091,
        "p50": 2.2181579369378,
        "p84": 5.419077085266532,
        "sd": 3.2070581564156013
      },
      "h0_highz_gr": {
        "max": 92.83065045827617,
        "mean": 69.29607134665596,
        "min": 57.28273095060231,
        "p16": 65.5285090655296,
        "p50": 68.98870690233966,
        "p84": 73.11418671886345,
        "sd": 3.968555755796081
      },
      "h0_highz_mg": {
        "max": 85.90851681848746,
        "mean": 70.77048624657145,
        "min": 60.55214280525659,
        "p16": 67.75985624716004,
        "p50": 70.79654666146016,
        "p84": 73.69092817565831,
        "sd": 3.052590636206303
      },
      "h0_local_obs": {
        "max": 76.93683212397771,
        "mean": 72.99859674001085,
        "min": 68.21011614468752,
        "p16": 71.99760557519653,
        "p50": 73.00343217195494,
        "p84": 73.99146618346633,
        "sd": 0.9991475595418985
      },
      "local_minus_highz_gr_sigma": 0.9046862040676581,
      "local_minus_highz_mg_sigma": 0.6936373123405297,
      "p_gr_above_local_ref": 0.16501,
      "p_gr_below_local_ref": 0.83499,
      "p_gr_below_planck_ref": 0.32625,
      "z_anchor": 0.62
    }
  ],
  "draws_total": 1600,
  "draws_used": 1600,
  "h0_posterior_mg_truth": {
    "max": 83.833891578275,
    "mean": 70.9809853903875,
    "min": 62.52211725111513,
    "p16": 68.10255835254144,