{
  "apparent_gr_bias_vs_true": {
    "max": 4.91021553180714,
    "mean": -1.8558897561628203,
    "min": -6.626997546810628,
    "p16": -3.231618701737199,
    "p50": -1.9500459821849248,
    "p84": -0.462260250808045,
    "sd": 1.395832840147328
  },
  "delta_local_minus_highz_gr": {
    "max": 16.30888073711838,
    "mean": 3.9180305401163085,
    "min": -10.867641211336007,
    "p16": 0.7675544822651,
    "p50": 4.017137214812884,
    "p84": 7.086013612313364,
    "sd": 3.243079590964899
  },
  "delta_local_minus_highz_mg": {
    "max": 15.26689254273009,
    "mean": 2.2760541452375964,
    "min": -11.799920734417896,
    "p16": -0.9148232206176032,
    "p50": 2.3685144500193402,
    "p84": 5.473306110542418,
    "sd": 3.2800574756998397
  },
  "h0_highz_gr": {
    "max": 82.81532316207306,
    "mean": 68.82989409673165,
    "min": 57.56199585080495,
    "p16": 65.80975298621829,
    "p50": 68.72401030926198,
    "p84": 71.80853204759114,
    "sd": 3.0830947533189677
  },
  "h0_highz_mg": {
    "max": 83.66571741825219,
    "mean": 70.47187049161037,
    "min": 58.751093234077764,
    "p16": 67.4292449466968,
    "p50": 70.37028855903571,
    "p84": 73.48858900913908,
    "sd": 3.1208246328339264
  },
  "h0_local_obs": {
    "max": 77.0117774739953,
    "mean": 72.74792463684797,
    "min": 68.05464463468175,
    "p16": 71.75237531035499,
    "p50": 72.75099154180029,
    "p84": 73.74294170606774,
    "sd": 1.0035395306871042
  },
  "local_minus_highz_gr_sigma": 1.2088154610512523,
  "local_minus_highz_mg_sigma": 0.6945277778864872,
  "p_gr_above_local_ref": 0.09011,
  "p_gr_below_local_ref": 0.90989,
  "p_gr_below_planck_ref": 0.32456,
  "z_anchor": 0.2
}
