{
  "apparent_gr_bias_vs_true": {
    "max": 9.209301427182098,
    "mean": -2.2285171447340995,
    "min": -9.946724869624049,
    "p16": -4.714562716670679,
    "p50": -2.479381213305402,
    "p84": 0.33686338851102454,
    "sd": 2.5736892398889286
  },
  "delta_local_minus_highz_gr": {
    "max": 18.464077123874702,
    "mean": 4.284873165681186,
    "min": -13.479907333595008,
    "p16": 0.6196807617466544,
    "p50": 4.4549955543056186,
    "p84": 8.004125616246625,
    "sd": 3.7535159702722636
  },
  "delta_local_minus_highz_mg": {
    "max": 16.70517184260838,
    "mean": 2.2716301023724452,
    "min": -11.172399240052385,
    "p16": -0.9185209869445395,
    "p50": 2.37782309763832,
    "p84": 5.47813745500633,
    "sd": 3.2804094563203314
  },
  "h0_highz_gr": {
    "max": 85.26899243605635,
    "mean": 68.46043442524419,
    "min": 55.761016904314886,
    "p16": 64.84809422480329,
    "p50": 68.27167702644158,
    "p84": 71.99630572240238,
    "sd": 3.618398596682156
  },
  "h0_highz_mg": {
    "max": 82.95413066088703,
    "mean": 70.47367748855291,
    "min": 58.58382936219233,
    "p16": 67.42147104688289,
    "p50": 70.35735644159186,
    "p84": 73.50109324907676,
    "sd": 3.1241807860964577
  },
  "h0_local_obs": {
    "max": 77.07858617772936,
    "mean": 72.74530759092536,
    "min": 68.09689301983752,
    "p16": 71.75580965191685,
    "p50": 72.73963432925422,
    "p84": 73.74176643542545,
    "sd": 1.0010070534064375
  },
  "local_minus_highz_gr_sigma": 1.141403493108658,
  "local_minus_highz_mg_sigma": 0.6925023897977186,
  "p_gr_above_local_ref": 0.10311,
  "p_gr_below_local_ref": 0.89689,
  "p_gr_below_planck_ref": 0.40059,
  "z_anchor": 0.5
}
