{
  "apparent_gr_bias_vs_true": {
    "max": 6.731388199959881,
    "mean": -2.430613043566686,
    "min": -8.719487374900538,
    "p16": -4.440214149913466,
    "p50": -2.5933771777018215,
    "p84": -0.3766882423224013,
    "sd": 2.0442418961950035
  },
  "delta_local_minus_highz_gr": {
    "max": 17.808923367712417,
    "mean": 4.492179774238402,
    "min": -12.712993549296186,
    "p16": 1.0820167441198043,
    "p50": 4.629186993216358,
    "p84": 7.9152146360233155,
    "sd": 3.4735563163720777
  },
  "delta_local_minus_highz_mg": {
    "max": 15.270345662824866,
    "mean": 2.2733604371625242,
    "min": -12.609121952934615,
    "p16": -0.9510619974187284,
    "p50": 2.3775639170372926,
    "p84": 5.491990217204914,
    "sd": 3.2999309072305842
  },
  "h0_highz_gr": {
    "max": 84.4632674977224,
    "mean": 68.2551573724764,
    "min": 56.42028999837617,
    "p16": 64.92949901818427,
    "p50": 68.12387914848814,
    "p84": 71.52119243663171,
    "sd": 3.3246007751830433
  },
  "h0_highz_mg": {
    "max": 83.50365211551046,
    "mean": 70.47397670955228,
    "min": 59.021000598646054,
    "p16": 67.388080459349,
    "p50": 70.37648952176599,
    "p84": 73.52668145028802,
    "sd": 3.1456487397898405
  },
  "h0_local_obs": {
    "max": 76.87784574022616,
    "mean": 72.7473371467148,
    "min": 68.20789242510529,
    "p16": 71.75778009316804,
    "p50": 72.74628381604941,
    "p84": 73.7405685515908,
    "sd": 0.9975439432876997
  },
  "local_minus_highz_gr_sigma": 1.293927921856338,
  "local_minus_highz_mg_sigma": 0.6887356573535528,
  "p_gr_above_local_ref": 0.07817,
  "p_gr_below_local_ref": 0.92183,
  "p_gr_below_planck_ref": 0.40955,
  "z_anchor": 0.35
}
