{
  "apparent_gr_bias_vs_true": {
    "max": 11.054052466153479,
    "mean": -1.4100526371353421,
    "min": -10.745535855947523,
    "p16": -4.245543053853887,
    "p50": -1.7125362013951744,
    "p84": 1.4733850099401287,
    "sd": 2.972469371902111
  },
  "delta_local_minus_highz_gr": {
    "max": 18.90880468246919,
    "mean": 3.4614233721271255,
    "min": -14.913522287340783,
    "p16": -0.5141073944326559,
    "p50": 3.6580090675193873,
    "p84": 7.5101203762239415,
    "sd": 4.0706122582234
  },
  "delta_local_minus_highz_mg": {
    "max": 15.667166602142437,
    "mean": 2.260589837573892,
    "min": -11.736687806487495,
    "p16": -0.9384114259917294,
    "p50": 2.361341904218051,
    "p84": 5.4805718764288915,
    "sd": 3.2913592610181164
  },
  "h0_highz_gr": {
    "max": 87.78632605874121,
    "mean": 69.29208130361285,
    "min": 55.33959793274059,
    "p16": 65.33709816171094,
    "p50": 69.06775534257508,
    "p84": 73.13994385553445,
    "sd": 3.9471343596914483
  },
  "h0_highz_mg": {
    "max": 83.9018490869233,
    "mean": 70.49291483816609,
    "min": 59.11140511549655,
    "p16": 67.42266919536281,
    "p50": 70.3807758205509,
    "p84": 73.54760597075288,
    "sd": 3.1425658666358522
  },
  "h0_local_obs": {
    "max": 77.52376179283348,
    "mean": 72.75350467573998,
    "min": 68.51438656534074,
    "p16": 71.76142428938671,
    "p50": 72.75640823706576,
    "p84": 73.74474449943516,
    "sd": 0.9976019608733077
  },
  "local_minus_highz_gr_sigma": 0.8500885484320652,
  "local_minus_highz_mg_sigma": 0.6854767948825834,
  "p_gr_above_local_ref": 0.16828,
  "p_gr_below_local_ref": 0.83172,
  "p_gr_below_planck_ref": 0.32894,
  "z_anchor": 0.62
}
