{
  "anchor_results": [
    {
      "apparent_gr_bias_vs_true": {
        "max": 4.91021553180714,
        "mean": -1.8558897561628203,
        "min": -6.626997546810628,
        "p16": -3.231618701737199,
        "p50": -1.9500459821849248,
        "p84": -0.462260250808045,
        "sd": 1.395832840147328
      },
      "delta_local_minus_highz_gr": {
        "max": 16.30888073711838,
        "mean": 3.9180305401163085,
        "min": -10.867641211336007,
        "p16": 0.7675544822651,
        "p50": 4.017137214812884,
        "p84": 7.086013612313364,
        "sd": 3.243079590964899
      },
      "delta_local_minus_highz_mg": {
        "max": 15.26689254273009,
        "mean": 2.2760541452375964,
        "min": -11.799920734417896,
        "p16": -0.9148232206176032,
        "p50": 2.3685144500193402,
        "p84": 5.473306110542418,
        "sd": 3.2800574756998397
      },
      "h0_highz_gr": {
        "max": 82.81532316207306,
        "mean": 68.82989409673165,
        "min": 57.56199585080495,
        "p16": 65.80975298621829,
        "p50": 68.72401030926198,
        "p84": 71.80853204759114,
        "sd": 3.0830947533189677
      },
      "h0_highz_mg": {
        "max": 83.66571741825219,
        "mean": 70.47187049161037,
        "min": 58.751093234077764,
        "p16": 67.4292449466968,
        "p50": 70.37028855903571,
        "p84": 73.48858900913908,
        "sd": 3.1208246328339264
      },
      "h0_local_obs": {
        "max": 77.0117774739953,
        "mean": 72.74792463684797,
        "min": 68.05464463468175,
        "p16": 71.75237531035499,
        "p50": 72.75099154180029,
        "p84": 73.74294170606774,
        "sd": 1.0035395306871042
      },
      "local_minus_highz_gr_sigma": 1.2088154610512523,
      "local_minus_highz_mg_sigma": 0.6945277778864872,
      "p_gr_above_local_ref": 0.09011,
      "p_gr_below_local_ref": 0.90989,
      "p_gr_below_planck_ref": 0.32456,
      "z_anchor": 0.2
    },
    {
      "apparent_gr_bias_vs_true": {
        "max": 6.731388199959881,
        "mean": -2.430613043566686,
        "min": -8.719487374900538,
        "p16": -4.440214149913466,
        "p50": -2.5933771777018215,
        "p84": -0.3766882423224013,
        "sd": 2.0442418961950035
      },
      "delta_local_minus_highz_gr": {
        "max": 17.808923367712417,
        "mean": 4.492179774238402,
        "min": -12.712993549296186,
        "p16": 1.0820167441198043,
        "p50": 4.629186993216358,
        "p84": 7.9152146360233155,
        "sd": 3.4735563163720777
      },
      "delta_local_minus_highz_mg": {
        "max": 15.270345662824866,
        "mean": 2.2733604371625242,
        "min": -12.609121952934615,
        "p16": -0.9510619974187284,
        "p50": 2.3775639170372926,
        "p84": 5.491990217204914,
        "sd": 3.2999309072305842
      },
      "h0_highz_gr": {
        "max": 84.4632674977224,
        "mean": 68.2551573724764,
        "min": 56.42028999837617,
        "p16": 64.92949901818427,
        "p50": 68.12387914848814,
        "p84": 71.52119243663171,
        "sd": 3.3246007751830433
      },
      "h0_highz_mg": {
        "max": 83.50365211551046,
        "mean": 70.47397670955228,
        "min": 59.021000598646054,
        "p16": 67.388080459349,
        "p50": 70.37648952176599,
        "p84": 73.52668145028802,
        "sd": 3.1456487397898405
      },
      "h0_local_obs": {
        "max": 76.87784574022616,
        "mean": 72.7473371467148,
        "min": 68.20789242510529,
        "p16": 71.75778009316804,
        "p50": 72.74628381604941,
        "p84": 73.7405685515908,
        "sd": 0.9975439432876997
      },
      "local_minus_highz_gr_sigma": 1.293927921856338,
      "local_minus_highz_mg_sigma": 0.6887356573535528,
      "p_gr_above_local_ref": 0.07817,
      "p_gr_below_local_ref": 0.92183,
      "p_gr_below_planck_ref": 0.40955,
      "z_anchor": 0.35
    },
    {
      "apparent_gr_bias_vs_true": {
        "max": 9.209301427182098,
        "mean": -2.2285171447340995,
        "min": -9.946724869624049,
        "p16": -4.714562716670679,
        "p50": -2.479381213305402,
        "p84": 0.33686338851102454,
        "sd": 2.5736892398889286
      },
      "delta_local_minus_highz_gr": {
        "max": 18.464077123874702,
        "mean": 4.284873165681186,
        "min": -13.479907333595008,
        "p16": 0.6196807617466544,
        "p50": 4.4549955543056186,
        "p84": 8.004125616246625,
        "sd": 3.7535159702722636
      },
      "delta_local_minus_highz_mg": {
        "max": 16.70517184260838,
        "mean": 2.2716301023724452,
        "min": -11.172399240052385,
        "p16": -0.9185209869445395,
        "p50": 2.37782309763832,
        "p84": 5.47813745500633,
        "sd": 3.2804094563203314
      },
      "h0_highz_gr": {
        "max": 85.26899243605635,
        "mean": 68.46043442524419,
        "min": 55.761016904314886,
        "p16": 64.84809422480329,
        "p50": 68.27167702644158,
        "p84": 71.99630572240238,
        "sd": 3.618398596682156
      },
      "h0_highz_mg": {
        "max": 82.95413066088703,
        "mean": 70.47367748855291,
        "min": 58.58382936219233,
        "p16": 67.42147104688289,
        "p50": 70.35735644159186,
        "p84": 73.50109324907676,
        "sd": 3.1241807860964577
      },
      "h0_local_obs": {
        "max": 77.07858617772936,
        "mean": 72.74530759092536,
        "min": 68.09689301983752,
        "p16": 71.75580965191685,
        "p50": 72.73963432925422,
        "p84": 73.74176643542545,
        "sd": 1.0010070534064375
      },
      "local_minus_highz_gr_sigma": 1.141403493108658,
      "local_minus_highz_mg_sigma": 0.6925023897977186,
      "p_gr_above_local_ref": 0.10311,
      "p_gr_below_local_ref": 0.89689,
      "p_gr_below_planck_ref": 0.40059,
      "z_anchor": 0.5
    },
    {
      "apparent_gr_bias_vs_true": {
        "max": 11.054052466153479,
        "mean": -1.4100526371353421,
        "min": -10.745535855947523,
        "p16": -4.245543053853887,
        "p50": -1.7125362013951744,
        "p84": 1.4733850099401287,
        "sd": 2.972469371902111
      },
      "delta_local_minus_highz_gr": {
        "max": 18.90880468246919,
        "mean": 3.4614233721271255,
        "min": -14.913522287340783,
        "p16": -0.5141073944326559,
        "p50": 3.6580090675193873,
        "p84": 7.5101203762239415,
        "sd": 4.0706122582234
      },
      "delta_local_minus_highz_mg": {
        "max": 15.667166602142437,
        "mean": 2.260589837573892,
        "min": -11.736687806487495,
        "p16": -0.9384114259917294,
        "p50": 2.361341904218051,
        "p84": 5.4805718764288915,
        "sd": 3.2913592610181164
      },
      "h0_highz_gr": {
        "max": 87.78632605874121,
        "mean": 69.29208130361285,
        "min": 55.33959793274059,
        "p16": 65.33709816171094,
        "p50": 69.06775534257508,
        "p84": 73.13994385553445,
        "sd": 3.9471343596914483
      },
      "h0_highz_mg": {
        "max": 83.9018490869233,
        "mean": 70.49291483816609,
        "min": 59.11140511549655,
        "p16": 67.42266919536281,
        "p50": 70.3807758205509,
        "p84": 73.54760597075288,
        "sd": 3.1425658666358522
      },
      "h0_local_obs": {
        "max": 77.52376179283348,
        "mean": 72.75350467573998,
        "min": 68.51438656534074,
        "p16": 71.76142428938671,
        "p50": 72.75640823706576,
        "p84": 73.74474449943516,
        "sd": 0.9976019608733077
      },
      "local_minus_highz_gr_sigma": 0.8500885484320652,
      "local_minus_highz_mg_sigma": 0.6854767948825834,
      "p_gr_above_local_ref": 0.16828,
      "p_gr_below_local_ref": 0.83172,
      "p_gr_below_planck_ref": 0.32894,
      "z_anchor": 0.62
    }
  ],
  "draws_total": 1600,
  "draws_used": 1600,
  "h0_posterior_mg_truth": {
    "max": 81.34840392208962,
    "mean": 70.68931182042479,
    "min": 60.443182238538995,
    "p16": 67.69470401834123,