{
  "gr_truth_catalog": {
    "cat_mode": "catalog",
    "delta_lpd_data": {
      "max": 2.778044681268625,
      "mean": 2.3460043554715337,
      "p16": 2.206462821520099,
      "p50": 2.3296042322781716,
      "p84": 2.4738351273396857
    },
    "delta_lpd_sel": {
      "max": 1.128133953242525,
      "mean": 0.9650396458054786,
      "p16": 0.9295041893695349,
      "p50": 0.9615055657482685,
      "p84": 1.0019303384014984
    },
    "delta_lpd_total": {
      "max": 3.815031147140985,
      "mean": 3.311044001277012,
      "p16": 3.1483119858068265,
      "p50": 3.2893417067205064,
      "p84": 3.4623988239628534
    },
    "n_f": 101,
    "n_rep": 512,
    "seed": 1,
    "sigma_floor_frac": 0.05,
    "truth": "gr",
    "truth_z_mode": "catalog_hist",
    "z_hist_nbins": 200
  },
  "mg_truth_catalog": {
    "cat_mode": "catalog",
    "delta_lpd_data": {
      "max": 3.6554628560408844,
      "mean": 2.503345851567308,
      "p16": 2.297848201661337,
      "p50": 2.466679697242796,
      "p84": 2.7012822247712758
    },
    "delta_lpd_sel": {
      "max": 1.3470217625717282,
      "mean": 1.0192847906355575,
      "p16": 0.9568899107320135,
      "p50": 1.009936234143808,
      "p84": 1.0822470207616357
    },
    "delta_lpd_total": {
      "max": 4.97402008799628,
      "mean": 3.5226306422028655,
      "p16": 3.2662668260256145,
      "p50": 3.4706157485162805,
      "p84": 3.786152236805342
    },
    "n_f": 101,
    "n_rep": 512,
    "seed": 0,
    "sigma_floor_frac": 0.05,
    "truth": "mg",
    "truth_z_mode": "catalog_hist",
    "z_hist_nbins": 200
  },
  "mg_truth_catalog_removed": {
    "cat_mode": "toy_uniform_z",
    "delta_lpd_data": {
      "max": 2.034866192379141,
      "mean": -0.3239191914765688,
      "p16": -0.6136978983928236,
      "p50": -0.3887694309360725,
      "p84": -0.03812069752473007
    },
    "delta_lpd_sel": {
      "max": 1.4597369815779473,
      "mean": 0.9446313559886712,
      "p16": 0.8902218505364827,
      "p50": 0.930654587096857,
      "p84": 0.9975969934144747
    },
    "delta_lpd_total": {
      "max": 3.4946031739570884,
      "mean": 0.6207121645121024,
      "p16": 0.28348612083082186,
      "p50": 0.5413257396427031,
      "p84": 0.9479298287592376
    },
    "n_f": 101,
    "n_rep": 512,
    "seed": 2,
    "sigma_floor_frac": 0.05,
    "truth": "mg",
    "truth_z_mode": "missing_prior",
    "z_hist_nbins": 200
  },
  "observed_delta_lpd_total": 3.669945265393494,
  "outdir": "/home/primary/O3-Modified-Gravity-Hubble-Resolution/outputs/mg_truth_closure_20260214_193957UTC",
  "p_mg_truth_ge_observed": 0.25
}
