{
  "apparent_gr_bias_vs_true": {
    "max": 4.390479722594037,
    "mean": -1.7653286223765632,
    "min": -6.67993234828792,
    "p16": -3.0781580886280837,
    "p50": -1.8610333328124966,
    "p84": -0.4274733260742739,
    "sd": 1.3391086056102708
  },
  "delta_local_minus_highz_gr": {
    "max": 17.314765397383113,
    "mean": 4.171673752481479,
    "min": -9.215782446723438,
    "p16": 1.1519133148961522,
    "p50": 4.222814261586457,
    "p84": 7.220431987971584,
    "sd": 3.109207625037215
  },
  "delta_local_minus_highz_mg": {
    "max": 15.223771181024304,
    "mean": 2.4086791089515462,
    "min": -11.232704685921775,
    "p16": -0.6373049247863264,
    "p50": 2.4598839574484828,
    "p84": 5.482323016858323,
    "sd": 3.1270766062878868
  },
  "h0_highz_gr": {
    "max": 80.91377024128572,
    "mean": 68.83018371070948,
    "min": 57.09331039293004,
    "p16": 65.94766983645049,
    "p50": 68.7953321859192,
    "p84": 71.67933602928362,
    "sd": 2.949704808716625
  },
  "h0_highz_mg": {
    "max": 83.01831131076803,
    "mean": 70.5931783542394,
    "min": 59.3718357889027,
    "p16": 67.6497300042664,
    "p50": 70.5439582987866,
    "p84": 73.46375167865165,
    "sd": 2.968806339715825
  },
  "h0_local_obs": {
    "max": 77.16739204494982,
    "mean": 73.00185746319094,
    "min": 68.75402997099631,
    "p16": 72.01152328014278,
    "p50": 73.00650251371354,
    "p84": 73.98996199739936,
    "sd": 0.9973255957572121
  },
  "local_minus_highz_gr_sigma": 1.3393913545343696,
  "local_minus_highz_mg_sigma": 0.7688827174478295,
  "p_gr_above_local_ref": 0.07467,
  "p_gr_below_local_ref": 0.92533,
  "p_gr_below_planck_ref": 0.31602,
  "z_anchor": 0.2
}
