{
  "apparent_gr_bias_vs_true": {
    "max": 11.995420725953764,
    "mean": -1.264439162547176,
    "min": -9.901392602751073,
    "p16": -4.122915133881353,
    "p50": -1.513393563050542,
    "p84": 1.5726502233682949,
    "sd": 2.9017750556863713
  },
  "delta_local_minus_highz_gr": {
    "max": 19.867061807956716,
    "mean": 3.66821738798336,
    "min": -14.790530659738906,
    "p16": -0.24018415834147558,
    "p50": 3.8738915900862807,
    "p84": 7.597436836900616,
    "sd": 3.9492201586707476
  },
  "delta_local_minus_highz_mg": {
    "max": 15.594006752629248,
    "mean": 2.4045286822541225,
    "min": -11.625615445086211,
    "p16": -0.6477204353845559,
    "p50": 2.4426561205957427,
    "p84": 5.509164738190486,
    "sd": 3.136182205344022
  },
  "h0_highz_gr": {
    "max": 86.40704968616434,
    "mean": 69.33012153523997,
    "min": 55.24335183778747,
    "p16": 65.50372481226768,
    "p50": 69.08082816420387,
    "p84": 73.10146579184148,
    "sd": 3.822099168785063
  },
  "h0_highz_mg": {
    "max": 83.09159041341066,
    "mean": 70.5938102409692,
    "min": 59.44005271324941,
    "p16": 67.62822620472323,
    "p50": 70.55895386610666,
    "p84": 73.4661749610931,
    "sd": 2.9757398401405237
  },
  "h0_local_obs": {
    "max": 77.58752062173343,
    "mean": 72.99833892322333,
    "min": 68.51046800319604,
    "p16": 72.0014442950262,
    "p50": 72.99965021856714,
    "p84": 73.99155914904047,
    "sd": 0.9992857600892707
  },
  "local_minus_highz_gr_sigma": 0.9284858444269775,
  "local_minus_highz_mg_sigma": 0.7659510917468318,
  "p_gr_above_local_ref": 0.16681,
  "p_gr_below_local_ref": 0.83319,
  "p_gr_below_planck_ref": 0.32325,
  "z_anchor": 0.62
}
