{
  "apparent_gr_bias_vs_true": {
    "max": 7.458170583424021,
    "mean": -2.3836515057968843,
    "min": -8.413098141812043,
    "p16": -4.29026119877056,
    "p50": -2.5743358538908936,
    "p84": -0.4202398417673324,
    "sd": 1.9670253281007408
  },
  "delta_local_minus_highz_gr": {
    "max": 18.002101299954724,
    "mean": 4.786878773031095,
    "min": -10.35071018780404,
    "p16": 1.5424066179216471,
    "p50": 4.856379878321647,
    "p84": 8.07459314340675,
    "sd": 3.322365410822445
  },
  "delta_local_minus_highz_mg": {
    "max": 14.56924677869786,
    "mean": 2.405145471240328,
    "min": -10.980506542262162,
    "p16": -0.6134798998025672,
    "p50": 2.447914967282557,
    "p84": 5.509111133229692,
    "sd": 3.133681836022003
  },
  "h0_highz_gr": {
    "max": 82.53624794642508,
    "mean": 68.21068802423817,
    "min": 55.783806189734385,
    "p16": 65.08300900855959,
    "p50": 68.12058747240488,
    "p84": 71.3129374609866,
    "sd": 3.173474751248256
  },
  "h0_highz_mg": {
    "max": 83.54645091868731,
    "mean": 70.59242132602893,
    "min": 59.03415649210929,
    "p16": 67.65005539900693,
    "p50": 70.55583631640656,
    "p84": 73.4528374592199,
    "sd": 2.971976526421146
  },
  "h0_local_obs": {
    "max": 77.35266400890598,
    "mean": 72.99756679726927,
    "min": 68.39826112919191,
    "p16": 71.9965765875123,
    "p50": 72.99913564198548,
    "p84": 73.99335351038994,
    "sd": 1.0036861406738944
  },
  "local_minus_highz_gr_sigma": 1.4386665347775875,
  "local_minus_highz_mg_sigma": 0.767019103906756,
  "p_gr_above_local_ref": 0.06583,
  "p_gr_below_local_ref": 0.93417,
  "p_gr_below_planck_ref": 0.40467,
  "z_anchor": 0.35
}
