{
  "apparent_gr_bias_vs_true": {
    "max": 9.496803788642168,
    "mean": -2.1579527525814415,
    "min": -9.425516854571967,
    "p16": -4.599939796521048,
    "p50": -2.3946268302160476,
    "p84": 0.31024167585079154,
    "sd": 2.5014613697662376
  },
  "delta_local_minus_highz_gr": {
    "max": 18.81769180824582,
    "mean": 4.566996200638528,
    "min": -12.963461121403796,
    "p16": 1.0265554052100345,
    "p50": 4.71469484207671,
    "p84": 8.162367287204104,
    "sd": 3.6205443190699778
  },
  "delta_local_minus_highz_mg": {
    "max": 16.55352204787807,
    "mean": 2.4057009971625583,
    "min": -11.678695616261535,
    "p16": -0.6419518182048677,
    "p50": 2.432801665192052,
    "p84": 5.488604716526881,
    "sd": 3.121501279482913
  },
  "h0_highz_gr": {
    "max": 84.43534675095833,
    "mean": 68.43895384592976,
    "min": 55.28824954780129,
    "p16": 64.96186651971047,
    "p50": 68.27603903371457,
    "p84": 71.82785483236911,
    "sd": 3.4782367863431385
  },
  "h0_highz_mg": {
    "max": 82.96317375220897,
    "mean": 70.60024904940573,
    "min": 59.38445048526705,
    "p16": 67.64739967882892,
    "p50": 70.5716335920219,
    "p84": 73.44956113718547,
    "sd": 2.9568525786290536
  },
  "h0_local_obs": {
    "max": 77.81451100341963,
    "mean": 73.0059500465683,
    "min": 68.82022126001888,
    "p16": 72.01006584333592,
    "p50": 73.01029616962683,
    "p84": 73.99895003587466,
    "sd": 0.9983281680809303
  },
  "local_minus_highz_gr_sigma": 1.261903029898009,
  "local_minus_highz_mg_sigma": 0.7707185390242463,
  "p_gr_above_local_ref": 0.0947,
  "p_gr_below_local_ref": 0.9053,
  "p_gr_below_planck_ref": 0.39943,
  "z_anchor": 0.5
}
