{
  "anchor_results": [
    {
      "apparent_gr_bias_vs_true": {
        "max": 4.390479722594037,
        "mean": -1.7653286223765632,
        "min": -6.67993234828792,
        "p16": -3.0781580886280837,
        "p50": -1.8610333328124966,
        "p84": -0.4274733260742739,
        "sd": 1.3391086056102708
      },
      "delta_local_minus_highz_gr": {
        "max": 17.314765397383113,
        "mean": 4.171673752481479,
        "min": -9.215782446723438,
        "p16": 1.1519133148961522,
        "p50": 4.222814261586457,
        "p84": 7.220431987971584,
        "sd": 3.109207625037215
      },
      "delta_local_minus_highz_mg": {
        "max": 15.223771181024304,
        "mean": 2.4086791089515462,
        "min": -11.232704685921775,
        "p16": -0.6373049247863264,
        "p50": 2.4598839574484828,
        "p84": 5.482323016858323,
        "sd": 3.1270766062878868
      },
      "h0_highz_gr": {
        "max": 80.91377024128572,
        "mean": 68.83018371070948,
        "min": 57.09331039293004,
        "p16": 65.94766983645049,
        "p50": 68.7953321859192,
        "p84": 71.67933602928362,
        "sd": 2.949704808716625
      },
      "h0_highz_mg": {
        "max": 83.01831131076803,
        "mean": 70.5931783542394,
        "min": 59.3718357889027,
        "p16": 67.6497300042664,
        "p50": 70.5439582987866,
        "p84": 73.46375167865165,
        "sd": 2.968806339715825
      },
      "h0_local_obs": {
        "max": 77.16739204494982,
        "mean": 73.00185746319094,
        "min": 68.75402997099631,
        "p16": 72.01152328014278,
        "p50": 73.00650251371354,
        "p84": 73.98996199739936,
        "sd": 0.9973255957572121
      },
      "local_minus_highz_gr_sigma": 1.3393913545343696,
      "local_minus_highz_mg_sigma": 0.7688827174478295,
      "p_gr_above_local_ref": 0.07467,
      "p_gr_below_local_ref": 0.92533,
      "p_gr_below_planck_ref": 0.31602,
      "z_anchor": 0.2
    },
    {
      "apparent_gr_bias_vs_true": {
        "max": 7.458170583424021,
        "mean": -2.3836515057968843,
        "min": -8.413098141812043,
        "p16": -4.29026119877056,
        "p50": -2.5743358538908936,
        "p84": -0.4202398417673324,
        "sd": 1.9670253281007408
      },
      "delta_local_minus_highz_gr": {
        "max": 18.002101299954724,
        "mean": 4.786878773031095,
        "min": -10.35071018780404,
        "p16": 1.5424066179216471,
        "p50": 4.856379878321647,
        "p84": 8.07459314340675,
        "sd": 3.322365410822445
      },
      "delta_local_minus_highz_mg": {
        "max": 14.56924677869786,
        "mean": 2.405145471240328,
        "min": -10.980506542262162,
        "p16": -0.6134798998025672,
        "p50": 2.447914967282557,
        "p84": 5.509111133229692,
        "sd": 3.133681836022003
      },
      "h0_highz_gr": {
        "max": 82.53624794642508,
        "mean": 68.21068802423817,
        "min": 55.783806189734385,
        "p16": 65.08300900855959,
        "p50": 68.12058747240488,
        "p84": 71.3129374609866,
        "sd": 3.173474751248256
      },
      "h0_highz_mg": {
        "max": 83.54645091868731,
        "mean": 70.59242132602893,
        "min": 59.03415649210929,
        "p16": 67.65005539900693,
        "p50": 70.55583631640656,
        "p84": 73.4528374592199,
        "sd": 2.971976526421146
      },
      "h0_local_obs": {
        "max": 77.35266400890598,
        "mean": 72.99756679726927,
        "min": 68.39826112919191,
        "p16": 71.9965765875123,
        "p50": 72.99913564198548,
        "p84": 73.99335351038994,
        "sd": 1.0036861406738944
      },
      "local_minus_highz_gr_sigma": 1.4386665347775875,
      "local_minus_highz_mg_sigma": 0.767019103906756,
      "p_gr_above_local_ref": 0.06583,
      "p_gr_below_local_ref": 0.93417,
      "p_gr_below_planck_ref": 0.40467,
      "z_anchor": 0.35
    },
    {
      "apparent_gr_bias_vs_true": {
        "max": 9.496803788642168,
        "mean": -2.1579527525814415,
        "min": -9.425516854571967,
        "p16": -4.599939796521048,
        "p50": -2.3946268302160476,
        "p84": 0.31024167585079154,
        "sd": 2.5014613697662376
      },
      "delta_local_minus_highz_gr": {
        "max": 18.81769180824582,
        "mean": 4.566996200638528,
        "min": -12.963461121403796,
        "p16": 1.0265554052100345,
        "p50": 4.71469484207671,
        "p84": 8.162367287204104,
        "sd": 3.6205443190699778
      },
      "delta_local_minus_highz_mg": {
        "max": 16.55352204787807,
        "mean": 2.4057009971625583,
        "min": -11.678695616261535,
        "p16": -0.6419518182048677,
        "p50": 2.432801665192052,
        "p84": 5.488604716526881,
        "sd": 3.121501279482913
      },
      "h0_highz_gr": {
        "max": 84.43534675095833,
        "mean": 68.43895384592976,
        "min": 55.28824954780129,
        "p16": 64.96186651971047,
        "p50": 68.27603903371457,
        "p84": 71.82785483236911,
        "sd": 3.4782367863431385
      },
      "h0_highz_mg": {
        "max": 82.96317375220897,
        "mean": 70.60024904940573,
        "min": 59.38445048526705,
        "p16": 67.64739967882892,
        "p50": 70.5716335920219,
        "p84": 73.44956113718547,
        "sd": 2.9568525786290536
      },
      "h0_local_obs": {
        "max": 77.81451100341963,
        "mean": 73.0059500465683,
        "min": 68.82022126001888,
        "p16": 72.01006584333592,
        "p50": 73.01029616962683,
        "p84": 73.99895003587466,
        "sd": 0.9983281680809303
      },
      "local_minus_highz_gr_sigma": 1.261903029898009,
      "local_minus_highz_mg_sigma": 0.7707185390242463,
      "p_gr_above_local_ref": 0.0947,
      "p_gr_below_local_ref": 0.9053,
      "p_gr_below_planck_ref": 0.39943,
      "z_anchor": 0.5
    },
    {
      "apparent_gr_bias_vs_true": {
        "max": 11.995420725953764,
        "mean": -1.264439162547176,
        "min": -9.901392602751073,
        "p16": -4.122915133881353,
        "p50": -1.513393563050542,
        "p84": 1.5726502233682949,
        "sd": 2.9017750556863713
      },
      "delta_local_minus_highz_gr": {
        "max": 19.867061807956716,
        "mean": 3.66821738798336,
        "min": -14.790530659738906,
        "p16": -0.24018415834147558,
        "p50": 3.8738915900862807,
        "p84": 7.597436836900616,
        "sd": 3.9492201586707476
      },
      "delta_local_minus_highz_mg": {
        "max": 15.594006752629248,
        "mean": 2.4045286822541225,
        "min": -11.625615445086211,
        "p16": -0.6477204353845559,
        "p50": 2.4426561205957427,
        "p84": 5.509164738190486,
        "sd": 3.136182205344022
      },
      "h0_highz_gr": {
        "max": 86.40704968616434,
        "mean": 69.33012153523997,
        "min": 55.24335183778747,
        "p16": 65.50372481226768,
        "p50": 69.08082816420387,
        "p84": 73.10146579184148,
        "sd": 3.822099168785063
      },
      "h0_highz_mg": {
        "max": 83.09159041341066,
        "mean": 70.5938102409692,
        "min": 59.44005271324941,
        "p16": 67.62822620472323,
        "p50": 70.55895386610666,
        "p84": 73.4661749610931,
        "sd": 2.9757398401405237
      },
      "h0_local_obs": {
        "max": 77.58752062173343,
        "mean": 72.99833892322333,
        "min": 68.51046800319604,
        "p16": 72.0014442950262,
        "p50": 72.99965021856714,
        "p84": 73.99155914904047,
        "sd": 0.9992857600892707
      },
      "local_minus_highz_gr_sigma": 0.9284858444269775,
      "local_minus_highz_mg_sigma": 0.7659510917468318,
      "p_gr_above_local_ref": 0.16681,
      "p_gr_below_local_ref": 0.83319,
      "p_gr_below_planck_ref": 0.32325,
      "z_anchor": 0.62
    }
  ],
  "draws_total": 1600,
  "draws_used": 1600,
  "h0_posterior_mg_truth": {
    "max": 81.06264119821896,
    "mean": 70.60034490571202,
    "min": 60.651398709331204,
    "p16": 67.71575777916435,