{
  "apparent_gr_bias_vs_true": {
    "max": 5.641009075362049,
    "mean": -1.4415726827937405,
    "min": -6.54157355287964,
    "p16": -2.8211133066147527,
    "p50": -1.5345886661616177,
    "p84": -0.0464331833086751,
    "sd": 1.3981637684375832
  },
  "delta_local_minus_highz_gr": {
    "max": 16.666760151046233,
    "mean": 3.765689380088255,
    "min": -11.30762638936065,
    "p16": 0.5998699793514334,
    "p50": 3.858793266253983,
    "p84": 6.968519025586534,
    "sd": 3.273179948751849
  },
  "delta_local_minus_highz_mg": {
    "max": 15.255965068417282,
    "mean": 2.1098304516377206,
    "min": -11.82021037310156,
    "p16": -1.113624979616137,
    "p50": 2.214963877989092,
    "p84": 5.3690073578887745,
    "sd": 3.3079145767202265
  },
  "h0_highz_gr": {
    "max": 83.55269372826187,
    "mean": 69.23611204912402,
    "min": 57.59957354189102,
    "p16": 66.18082208126795,
    "p50": 69.13782497569787,
    "p84": 72.25598032983281,
    "sd": 3.1192651018556177
  },
  "h0_highz_mg": {
    "max": 83.56606536817004,
    "mean": 70.89197097757456,
    "min": 59.0077314450709,
    "p16": 67.80934533490755,
    "p50": 70.77824712955379,
    "p84": 73.94820497682305,
    "sd": 3.153128694200234
  },
  "h0_local_obs": {
    "max": 77.64829927267012,
    "mean": 73.00180142921228,
    "min": 68.5345628146298,
    "p16": 72.00365710414232,
    "p50": 73.00324552771588,
    "p84": 73.9925612181247,
    "sd": 0.9996041225367857
  },
  "local_minus_highz_gr_sigma": 1.1496043039794195,
  "local_minus_highz_mg_sigma": 0.6378151400056263,
  "p_gr_above_local_ref": 0.11418,
  "p_gr_below_local_ref": 0.88582,
  "p_gr_below_planck_ref": 0.28167,
  "z_anchor": 0.2
}
