{
  "apparent_gr_bias_vs_true": {
    "max": 9.119839904332721,
    "mean": -1.8278574975619808,
    "min": -10.045898886660758,
    "p16": -4.312254431530208,
    "p50": -2.073223208047388,
    "p84": 0.736752006536978,
    "sd": 2.5778126011427154
  },
  "delta_local_minus_highz_gr": {
    "max": 18.492694632178647,
    "mean": 4.145457115089831,
    "min": -14.014229552517378,
    "p16": 0.4746250960715651,
    "p50": 4.306195472863251,
    "p84": 7.872411594895217,
    "sd": 3.771076390610939
  },
  "delta_local_minus_highz_mg": {
    "max": 16.217646120674026,
    "mean": 2.1054457127769037,
    "min": -11.68190270795344,
    "p16": -1.1173760011301936,
    "p50": 2.1975077454838043,
    "p84": 5.342821838241241,
    "sd": 3.307523128954012
  },
  "h0_highz_gr": {
    "max": 85.96134857104111,
    "mean": 68.85934791472482,
    "min": 55.87438767093749,
    "p16": 65.23392162998583,
    "p50": 68.68283622903604,
    "p84": 72.41878670743039,
    "sd": 3.6359386595489176
  },
  "h0_highz_mg": {
    "max": 84.11171336850066,
    "mean": 70.89935931703775,
    "min": 59.398748901952565,
    "p16": 67.80940019028893,
    "p50": 70.80263508883536,
    "p84": 73.96497065147491,
    "sd": 3.153748249367048
  },
  "h0_local_obs": {
    "max": 77.10234254141658,
    "mean": 73.00480502981465,
    "min": 68.75903798307868,
    "p16": 72.01212791395528,
    "p50": 73.00582331987118,
    "p84": 73.99560249139533,
    "sd": 0.9990492589532936
  },
  "local_minus_highz_gr_sigma": 1.0993142711676638,
  "local_minus_highz_mg_sigma": 0.636375991074741,
  "p_gr_above_local_ref": 0.12542,
  "p_gr_below_local_ref": 0.87458,
  "p_gr_below_planck_ref": 0.35523,
  "z_anchor": 0.5
}
