{
  "apparent_gr_bias_vs_true": {
    "max": 11.978739515563518,
    "mean": -0.9765164484404548,
    "min": -10.186164252236452,
    "p16": -3.849892370588401,
    "p50": -1.2822004991774278,
    "p84": 1.947258770950957,
    "sd": 3.001789680120529
  },
  "delta_local_minus_highz_gr": {
    "max": 18.72839918693279,
    "mean": 3.2997424294475404,
    "min": -15.50070762895615,
    "p16": -0.721230487134414,
    "p50": 3.500531146692552,
    "p84": 7.38122639978154,
    "sd": 4.097094179883365
  },
  "delta_local_minus_highz_mg": {
    "max": 14.49019908419345,
    "mean": 2.113670423841898,
    "min": -12.14905018225285,
    "p16": -1.1078811437716456,
    "p50": 2.205073253747763,
    "p84": 5.34986966519083,
    "sd": 3.302047318548228
  },
  "h0_highz_gr": {
    "max": 87.33986680839897,
    "mean": 69.69711534878383,
    "min": 56.00741674451081,
    "p16": 65.72636102293801,
    "p50": 69.48463983967595,
    "p84": 73.58599938898013,
    "sd": 3.970340949798654
  },
  "h0_highz_mg": {
    "max": 83.9606575425867,
    "mean": 70.88318735438946,
    "min": 59.540043305568304,
    "p16": 67.81790899834236,
    "p50": 70.78477725591468,
    "p84": 73.9443918032905,
    "sd": 3.1468033408617933
  },
  "h0_local_obs": {
    "max": 77.46789918179971,
    "mean": 72.99685777823136,
    "min": 68.53890215040542,
    "p16": 72.00086273890355,
    "p50": 72.99718914719706,
    "p84": 73.99170382408204,
    "sd": 1.0013876422649501
  },
  "local_minus_highz_gr_sigma": 0.805928107350862,
  "local_minus_highz_mg_sigma": 0.6401426845618261,
  "p_gr_above_local_ref": 0.1946,
  "p_gr_below_local_ref": 0.8054,
  "p_gr_below_planck_ref": 0.29234,
  "z_anchor": 0.62
}
