{
  "apparent_gr_bias_vs_true": {
    "max": 7.310329680569467,
    "mean": -2.016066525694272,
    "min": -8.321053780032173,
    "p16": -4.039134456295149,
    "p50": -2.195500235048087,
    "p84": 0.05682345883642607,
    "sd": 2.0601728971991586
  },
  "delta_local_minus_highz_gr": {
    "max": 18.69174602393491,
    "mean": 4.300893356890958,
    "min": -12.488853871992347,
    "p16": 0.8824780903072468,
    "p50": 4.433671093407931,
    "p84": 7.7380116566671,
    "sd": 3.489620994637137
  },
  "delta_local_minus_highz_mg": {
    "max": 15.027300727926502,
    "mean": 2.0690193340000858,
    "min": -12.015515065158382,
    "p16": -1.1527940497008529,
    "p50": 2.176076519883388,
    "p84": 5.3061653977356364,
    "sd": 3.310060807849038
  },
  "h0_highz_gr": {
    "max": 84.17855129774124,
    "mean": 68.69580051891023,
    "min": 56.54490246739513,
    "p16": 65.3729052628388,
    "p50": 68.54870865899159,
    "p84": 71.98941153808661,
    "sd": 3.3483462166346545
  },
  "h0_highz_mg": {
    "max": 83.84090427621342,
    "mean": 70.9276745418011,
    "min": 59.542519838997144,
    "p16": 67.8463069478121,
    "p50": 70.80976641587534,
    "p84": 73.979757872689,
    "sd": 3.1584615172001884
  },
  "h0_local_obs": {
    "max": 77.36514918534493,
    "mean": 72.99669387580118,
    "min": 68.6121057989972,
    "p16": 72.00570556059424,
    "p50": 72.9966530023924,
    "p84": 73.98675465185518,
    "sd": 0.9997109848581397
  },
  "local_minus_highz_gr_sigma": 1.2307661616122283,
  "local_minus_highz_mg_sigma": 0.6245178998142774,
  "p_gr_above_local_ref": 0.10077,
  "p_gr_below_local_ref": 0.89923,
  "p_gr_below_planck_ref": 0.35939,
  "z_anchor": 0.35
}
