{
  "anchor_results": [
    {
      "apparent_gr_bias_vs_true": {
        "max": 5.641009075362049,
        "mean": -1.4415726827937405,
        "min": -6.54157355287964,
        "p16": -2.8211133066147527,
        "p50": -1.5345886661616177,
        "p84": -0.0464331833086751,
        "sd": 1.3981637684375832
      },
      "delta_local_minus_highz_gr": {
        "max": 16.666760151046233,
        "mean": 3.765689380088255,
        "min": -11.30762638936065,
        "p16": 0.5998699793514334,
        "p50": 3.858793266253983,
        "p84": 6.968519025586534,
        "sd": 3.273179948751849
      },
      "delta_local_minus_highz_mg": {
        "max": 15.255965068417282,
        "mean": 2.1098304516377206,
        "min": -11.82021037310156,
        "p16": -1.113624979616137,
        "p50": 2.214963877989092,
        "p84": 5.3690073578887745,
        "sd": 3.3079145767202265
      },
      "h0_highz_gr": {
        "max": 83.55269372826187,
        "mean": 69.23611204912402,
        "min": 57.59957354189102,
        "p16": 66.18082208126795,
        "p50": 69.13782497569787,
        "p84": 72.25598032983281,
        "sd": 3.1192651018556177
      },
      "h0_highz_mg": {
        "max": 83.56606536817004,
        "mean": 70.89197097757456,
        "min": 59.0077314450709,
        "p16": 67.80934533490755,
        "p50": 70.77824712955379,
        "p84": 73.94820497682305,
        "sd": 3.153128694200234
      },
      "h0_local_obs": {
        "max": 77.64829927267012,
        "mean": 73.00180142921228,
        "min": 68.5345628146298,
        "p16": 72.00365710414232,
        "p50": 73.00324552771588,
        "p84": 73.9925612181247,
        "sd": 0.9996041225367857
      },
      "local_minus_highz_gr_sigma": 1.1496043039794195,
      "local_minus_highz_mg_sigma": 0.6378151400056263,
      "p_gr_above_local_ref": 0.11418,
      "p_gr_below_local_ref": 0.88582,
      "p_gr_below_planck_ref": 0.28167,
      "z_anchor": 0.2
    },
    {
      "apparent_gr_bias_vs_true": {
        "max": 7.310329680569467,
        "mean": -2.016066525694272,
        "min": -8.321053780032173,
        "p16": -4.039134456295149,
        "p50": -2.195500235048087,
        "p84": 0.05682345883642607,
        "sd": 2.0601728971991586
      },
      "delta_local_minus_highz_gr": {
        "max": 18.69174602393491,
        "mean": 4.300893356890958,
        "min": -12.488853871992347,
        "p16": 0.8824780903072468,
        "p50": 4.433671093407931,
        "p84": 7.7380116566671,
        "sd": 3.489620994637137
      },
      "delta_local_minus_highz_mg": {
        "max": 15.027300727926502,
        "mean": 2.0690193340000858,
        "min": -12.015515065158382,
        "p16": -1.1527940497008529,
        "p50": 2.176076519883388,
        "p84": 5.3061653977356364,
        "sd": 3.310060807849038
      },
      "h0_highz_gr": {
        "max": 84.17855129774124,
        "mean": 68.69580051891023,
        "min": 56.54490246739513,
        "p16": 65.3729052628388,
        "p50": 68.54870865899159,
        "p84": 71.98941153808661,
        "sd": 3.3483462166346545
      },
      "h0_highz_mg": {
        "max": 83.84090427621342,
        "mean": 70.9276745418011,
        "min": 59.542519838997144,
        "p16": 67.8463069478121,
        "p50": 70.80976641587534,
        "p84": 73.979757872689,
        "sd": 3.1584615172001884
      },
      "h0_local_obs": {
        "max": 77.36514918534493,
        "mean": 72.99669387580118,
        "min": 68.6121057989972,
        "p16": 72.00570556059424,
        "p50": 72.9966530023924,
        "p84": 73.98675465185518,
        "sd": 0.9997109848581397
      },
      "local_minus_highz_gr_sigma": 1.2307661616122283,
      "local_minus_highz_mg_sigma": 0.6245178998142774,
      "p_gr_above_local_ref": 0.10077,
      "p_gr_below_local_ref": 0.89923,
      "p_gr_below_planck_ref": 0.35939,
      "z_anchor": 0.35
    },
    {
      "apparent_gr_bias_vs_true": {
        "max": 9.119839904332721,
        "mean": -1.8278574975619808,
        "min": -10.045898886660758,
        "p16": -4.312254431530208,
        "p50": -2.073223208047388,
        "p84": 0.736752006536978,
        "sd": 2.5778126011427154
      },
      "delta_local_minus_highz_gr": {
        "max": 18.492694632178647,
        "mean": 4.145457115089831,
        "min": -14.014229552517378,
        "p16": 0.4746250960715651,
        "p50": 4.306195472863251,
        "p84": 7.872411594895217,
        "sd": 3.771076390610939
      },
      "delta_local_minus_highz_mg": {
        "max": 16.217646120674026,
        "mean": 2.1054457127769037,
        "min": -11.68190270795344,
        "p16": -1.1173760011301936,
        "p50": 2.1975077454838043,
        "p84": 5.342821838241241,
        "sd": 3.307523128954012
      },
      "h0_highz_gr": {
        "max": 85.96134857104111,
        "mean": 68.85934791472482,
        "min": 55.87438767093749,
        "p16": 65.23392162998583,
        "p50": 68.68283622903604,
        "p84": 72.41878670743039,
        "sd": 3.6359386595489176
      },
      "h0_highz_mg": {
        "max": 84.11171336850066,
        "mean": 70.89935931703775,
        "min": 59.398748901952565,
        "p16": 67.80940019028893,
        "p50": 70.80263508883536,
        "p84": 73.96497065147491,
        "sd": 3.153748249367048
      },
      "h0_local_obs": {
        "max": 77.10234254141658,
        "mean": 73.00480502981465,
        "min": 68.75903798307868,
        "p16": 72.01212791395528,
        "p50": 73.00582331987118,
        "p84": 73.99560249139533,
        "sd": 0.9990492589532936
      },
      "local_minus_highz_gr_sigma": 1.0993142711676638,
      "local_minus_highz_mg_sigma": 0.636375991074741,
      "p_gr_above_local_ref": 0.12542,
      "p_gr_below_local_ref": 0.87458,
      "p_gr_below_planck_ref": 0.35523,
      "z_anchor": 0.5
    },
    {
      "apparent_gr_bias_vs_true": {
        "max": 11.978739515563518,
        "mean": -0.9765164484404548,
        "min": -10.186164252236452,
        "p16": -3.849892370588401,
        "p50": -1.2822004991774278,
        "p84": 1.947258770950957,
        "sd": 3.001789680120529
      },
      "delta_local_minus_highz_gr": {
        "max": 18.72839918693279,
        "mean": 3.2997424294475404,
        "min": -15.50070762895615,
        "p16": -0.721230487134414,
        "p50": 3.500531146692552,
        "p84": 7.38122639978154,
        "sd": 4.097094179883365
      },
      "delta_local_minus_highz_mg": {
        "max": 14.49019908419345,
        "mean": 2.113670423841898,
        "min": -12.14905018225285,
        "p16": -1.1078811437716456,
        "p50": 2.205073253747763,
        "p84": 5.34986966519083,
        "sd": 3.302047318548228
      },
      "h0_highz_gr": {
        "max": 87.33986680839897,
        "mean": 69.69711534878383,
        "min": 56.00741674451081,
        "p16": 65.72636102293801,
        "p50": 69.48463983967595,
        "p84": 73.58599938898013,
        "sd": 3.970340949798654
      },
      "h0_highz_mg": {
        "max": 83.9606575425867,
        "mean": 70.88318735438946,
        "min": 59.540043305568304,
        "p16": 67.81790899834236,
        "p50": 70.78477725591468,
        "p84": 73.9443918032905,
        "sd": 3.1468033408617933
      },
      "h0_local_obs": {
        "max": 77.46789918179971,
        "mean": 72.99685777823136,
        "min": 68.53890215040542,
        "p16": 72.00086273890355,
        "p50": 72.99718914719706,
        "p84": 73.99170382408204,
        "sd": 1.0013876422649501
      },
      "local_minus_highz_gr_sigma": 0.805928107350862,
      "local_minus_highz_mg_sigma": 0.6401426845618261,
      "p_gr_above_local_ref": 0.1946,
      "p_gr_below_local_ref": 0.8054,
      "p_gr_below_planck_ref": 0.29234,
      "z_anchor": 0.62
    }
  ],
  "draws_total": 1600,
  "draws_used": 1600,
  "h0_posterior_mg_truth": {
    "max": 81.34840392208962,
    "mean": 70.68931182042479,
    "min": 60.443182238538995,
    "p16": 67.69470401834123,