{
  "apparent_gr_bias_vs_true": {
    "max": 8.004533071170243,
    "mean": -2.5478717034984206,
    "min": -9.873121140921143,
    "p16": -4.852194523310507,
    "p50": -2.865308059572783,
    "p84": -0.09602637654115527,
    "sd": 2.447421195553439
  },
  "delta_local_minus_highz_gr": {
    "max": 18.22946353472775,
    "mean": 4.814449169119692,
    "min": -16.466344613766495,
    "p16": 1.256354623115787,
    "p50": 5.096333937088197,
    "p84": 8.346318930893947,
    "sd": 3.71719915662136
  },
  "delta_local_minus_highz_mg": {
    "max": 13.597360412976634,
    "mean": 2.478110493439401,
    "min": -13.521476742854617,
    "p16": -0.598374612732091,
    "p50": 2.468157936937807,
    "p84": 5.669077085266532,
    "sd": 3.2070581564156013
  },
  "h0_highz_gr": {
    "max": 88.88307878964721,
    "mean": 68.43414757089116,
    "min": 57.14546142065294,
    "p16": 65.05717337493957,
    "p50": 68.14979531485307,
    "p84": 71.86948852165771,
    "sd": 3.5829161908936076
  },
  "h0_highz_mg": {
    "max": 85.90851681848744,
    "mean": 70.77048624657145,
    "min": 60.55214280525659,
    "p16": 67.75985624716004,
    "p50": 70.79654666146016,
    "p84": 73.69092817565831,
    "sd": 3.052590636206303
  },
  "h0_local_obs": {
    "max": 77.18683212397771,
    "mean": 73.24859674001085,
    "min": 68.46011614468752,
    "p16": 72.24760557519653,
    "p50": 73.25343217195494,
    "p84": 74.24146618346633,
    "sd": 0.9991475595418985
  },
  "local_minus_highz_gr_sigma": 1.2942587475822434,
  "local_minus_highz_mg_sigma": 0.7714652874771895,
  "p_gr_above_local_ref": 0.10775,
  "p_gr_below_local_ref": 0.89225,
  "p_gr_below_planck_ref": 0.4068,
  "z_anchor": 0.5
}
