{
  "apparent_gr_bias_vs_true": {
    "max": 11.703984682461112,
    "mean": -1.67313374988237,
    "min": -10.22627085859655,
    "p16": -4.40863834863733,
    "p50": -2.094479332170227,
    "p84": 1.3137524210792249,
    "sd": 2.9072727542831407
  },
  "delta_local_minus_highz_gr": {
    "max": 18.147366655639118,
    "mean": 3.949299001294404,
    "min": -20.681239559442048,
    "p16": 0.018142662461796716,
    "p50": 4.269262216441781,
    "p84": 7.882192432915574,
    "sd": 4.106522811159921
  },
  "delta_local_minus_highz_mg": {
    "max": 14.283704945699043,
    "mean": 2.4897744067930576,
    "min": -13.829058956591439,
    "p16": -0.6293276948176014,
    "p50": 2.486922246291634,
    "p84": 5.676139016046593,
    "sd": 3.2130267435442676
  },
  "h0_highz_gr": {
    "max": 92.65913729405239,
    "mean": 69.29913263399811,
    "min": 56.875580724517455,
    "p16": 65.51763348712363,
    "p50": 68.95612442446506,
    "p84": 73.12546165931876,
    "sd": 3.9831398925032286
  },
  "h0_highz_mg": {
    "max": 85.74979293278192,
    "mean": 70.75865722849946,
    "min": 60.90024626223038,
    "p16": 67.74594492735297,
    "p50": 70.78340862798287,
    "p84": 73.68320377720131,
    "sd": 3.0558596639590783
  },
  "h0_local_obs": {
    "max": 77.61470855705812,
    "mean": 73.24843163529252,
    "min": 68.59811035191095,
    "p16": 72.25226833251732,
    "p50": 73.24778061277777,
    "p84": 74.24617391604133,
    "sd": 0.9979625599785118
  },
  "local_minus_highz_gr_sigma": 0.9616602138617523,
  "local_minus_highz_mg_sigma": 0.774347479758711,
  "p_gr_above_local_ref": 0.16603,
  "p_gr_below_local_ref": 0.83397,
  "p_gr_below_planck_ref": 0.32634,
  "z_anchor": 0.62
}
