{
  "apparent_gr_bias_vs_true": {
    "max": 6.237521558719791,
    "mean": -2.710240697616348,
    "min": -8.843481334601563,
    "p16": -4.564956905108879,
    "p50": -2.908350597557579,
    "p84": -0.8099697975657909,
    "sd": 1.9366925708298417
  },
  "delta_local_minus_highz_gr": {
    "max": 16.841470601146703,
    "mean": 4.97776108106833,
    "min": -14.20426321181921,
    "p16": 1.6944266894668112,
    "p50": 5.16410831422445,
    "p84": 8.256723065980404,
    "sd": 3.411132252238051
  },
  "delta_local_minus_highz_mg": {
    "max": 14.224682810864927,
    "mean": 2.4786479440735247,
    "min": -13.762629339845532,
    "p16": -0.6263374624806113,
    "p50": 2.476442003359459,
    "p84": 5.65164306336108,
    "sd": 3.210592821757292
  },
  "h0_highz_gr": {
    "max": 86.03675726253286,
    "mean": 68.26860518733729,
    "min": 56.97188889883569,
    "p16": 65.17614526520072,
    "p50": 68.0480374017257,
    "p84": 71.39980970473452,
    "sd": 3.2571233693411155
  },
  "h0_highz_mg": {
    "max": 85.5903343156469,
    "mean": 70.7677183243321,
    "min": 60.33340224697541,
    "p16": 67.75993114033831,
    "p50": 70.78446522992901,
    "p84": 73.6829034604312,
    "sd": 3.046984317273027
  },
  "h0_local_obs": {
    "max": 77.72902037780584,
    "mean": 73.24636626840562,
    "min": 68.93643759348484,
    "p16": 72.24810469779538,
    "p50": 73.24470360713286,
    "p84": 74.24277914607963,
    "sd": 1.0012808121051637
  },
  "local_minus_highz_gr_sigma": 1.460963609995508,
  "local_minus_highz_mg_sigma": 0.772914432499083,
  "p_gr_above_local_ref": 0.07905,
  "p_gr_below_local_ref": 0.92095,
  "p_gr_below_planck_ref": 0.41287,
  "z_anchor": 0.35
}
