{
  "apparent_gr_bias_vs_true": {
    "max": 4.850257202353291,
    "mean": -2.0333053067921765,
    "min": -6.804929703155068,
    "p16": -3.3162740153538777,
    "p50": -2.127079377072967,
    "p84": -0.7309579787580878,
    "sd": 1.3251471562026682
  },
  "delta_local_minus_highz_gr": {
    "max": 15.955184365348941,
    "mean": 4.313897400786969,
    "min": -12.900751582869475,
    "p16": 1.1826619383906234,
    "p50": 4.4144710317802165,
    "p84": 7.442113526772453,
    "sd": 3.206994580646195
  },
  "delta_local_minus_highz_mg": {
    "max": 14.25595504305656,
    "mean": 2.493046996864049,
    "min": -13.288147526660751,
    "p16": -0.6415430889354087,
    "p50": 2.5000169594052934,
    "p84": 5.680452986419348,
    "sd": 3.2182173344596756
  },
  "h0_highz_gr": {
    "max": 84.64854057342579,
    "mean": 68.93119946342992,
    "min": 58.70751452497398,
    "p16": 65.96109901494012,
    "p50": 68.8230451090761,
    "p84": 71.88881631961488,
    "sd": 3.0470321475655946
  },
  "h0_highz_mg": {
    "max": 85.03594334357213,
    "mean": 70.75204986735284,
    "min": 60.790364473947825,
    "p16": 67.73683500700102,
    "p50": 70.7740846867637,
    "p84": 73.69217414384833,
    "sd": 3.058359318075683
  },
  "h0_local_obs": {
    "max": 77.5134581259254,
    "mean": 73.24509686421689,
    "min": 69.01454852527092,
    "p16": 72.2387694156326,
    "p50": 73.24910913210778,
    "p84": 74.24972905846953,
    "sd": 1.0086435705134358
  },
  "local_minus_highz_gr_sigma": 1.3451794634093408,
  "local_minus_highz_mg_sigma": 0.7747928016708124,
  "p_gr_above_local_ref": 0.089,
  "p_gr_below_local_ref": 0.911,
  "p_gr_below_planck_ref": 0.3129,
  "z_anchor": 0.2
}
