{
  "anchor_results": [
    {
      "apparent_gr_bias_vs_true": {
        "max": 4.850257202353291,
        "mean": -2.0333053067921765,
        "min": -6.804929703155068,
        "p16": -3.3162740153538777,
        "p50": -2.127079377072967,
        "p84": -0.7309579787580878,
        "sd": 1.3251471562026682
      },
      "delta_local_minus_highz_gr": {
        "max": 15.955184365348941,
        "mean": 4.313897400786969,
        "min": -12.900751582869475,
        "p16": 1.1826619383906234,
        "p50": 4.4144710317802165,
        "p84": 7.442113526772453,
        "sd": 3.206994580646195
      },
      "delta_local_minus_highz_mg": {
        "max": 14.25595504305656,
        "mean": 2.493046996864049,
        "min": -13.288147526660751,
        "p16": -0.6415430889354087,
        "p50": 2.5000169594052934,
        "p84": 5.680452986419348,
        "sd": 3.2182173344596756
      },
      "h0_highz_gr": {
        "max": 84.64854057342579,
        "mean": 68.93119946342992,
        "min": 58.70751452497398,
        "p16": 65.96109901494012,
        "p50": 68.8230451090761,
        "p84": 71.88881631961488,
        "sd": 3.0470321475655946
      },
      "h0_highz_mg": {
        "max": 85.03594334357213,
        "mean": 70.75204986735284,
        "min": 60.790364473947825,
        "p16": 67.73683500700102,
        "p50": 70.7740846867637,
        "p84": 73.69217414384833,
        "sd": 3.058359318075683
      },
      "h0_local_obs": {
        "max": 77.5134581259254,
        "mean": 73.24509686421689,
        "min": 69.01454852527092,
        "p16": 72.2387694156326,
        "p50": 73.24910913210778,
        "p84": 74.24972905846953,
        "sd": 1.0086435705134358
      },
      "local_minus_highz_gr_sigma": 1.3451794634093408,
      "local_minus_highz_mg_sigma": 0.7747928016708124,
      "p_gr_above_local_ref": 0.089,
      "p_gr_below_local_ref": 0.911,
      "p_gr_below_planck_ref": 0.3129,
      "z_anchor": 0.2
    },
    {
      "apparent_gr_bias_vs_true": {
        "max": 6.237521558719791,
        "mean": -2.710240697616348,
        "min": -8.843481334601563,
        "p16": -4.564956905108879,
        "p50": -2.908350597557579,
        "p84": -0.8099697975657909,
        "sd": 1.9366925708298417
      },
      "delta_local_minus_highz_gr": {
        "max": 16.841470601146703,
        "mean": 4.97776108106833,
        "min": -14.20426321181921,
        "p16": 1.6944266894668112,
        "p50": 5.16410831422445,
        "p84": 8.256723065980404,
        "sd": 3.411132252238051
      },
      "delta_local_minus_highz_mg": {
        "max": 14.224682810864927,
        "mean": 2.4786479440735247,
        "min": -13.762629339845532,
        "p16": -0.6263374624806113,
        "p50": 2.476442003359459,
        "p84": 5.65164306336108,
        "sd": 3.210592821757292
      },
      "h0_highz_gr": {
        "max": 86.03675726253286,
        "mean": 68.26860518733729,
        "min": 56.97188889883569,
        "p16": 65.17614526520072,
        "p50": 68.0480374017257,
        "p84": 71.39980970473452,
        "sd": 3.2571233693411155
      },
      "h0_highz_mg": {
        "max": 85.5903343156469,
        "mean": 70.7677183243321,
        "min": 60.33340224697541,
        "p16": 67.75993114033831,
        "p50": 70.78446522992901,
        "p84": 73.6829034604312,
        "sd": 3.046984317273027
      },
      "h0_local_obs": {
        "max": 77.72902037780584,
        "mean": 73.24636626840562,
        "min": 68.93643759348484,
        "p16": 72.24810469779538,
        "p50": 73.24470360713286,
        "p84": 74.24277914607963,
        "sd": 1.0012808121051637
      },
      "local_minus_highz_gr_sigma": 1.460963609995508,
      "local_minus_highz_mg_sigma": 0.772914432499083,
      "p_gr_above_local_ref": 0.07905,
      "p_gr_below_local_ref": 0.92095,
      "p_gr_below_planck_ref": 0.41287,
      "z_anchor": 0.35
    },
    {
      "apparent_gr_bias_vs_true": {
        "max": 8.004533071170243,
        "mean": -2.5478717034984206,
        "min": -9.873121140921143,
        "p16": -4.852194523310507,
        "p50": -2.865308059572783,
        "p84": -0.09602637654115527,
        "sd": 2.447421195553439
      },
      "delta_local_minus_highz_gr": {
        "max": 18.22946353472775,
        "mean": 4.814449169119692,
        "min": -16.466344613766495,
        "p16": 1.256354623115787,
        "p50": 5.096333937088197,
        "p84": 8.346318930893947,
        "sd": 3.71719915662136
      },
      "delta_local_minus_highz_mg": {
        "max": 13.597360412976634,
        "mean": 2.478110493439401,
        "min": -13.521476742854617,
        "p16": -0.598374612732091,
        "p50": 2.468157936937807,
        "p84": 5.669077085266532,
        "sd": 3.2070581564156013
      },
      "h0_highz_gr": {
        "max": 88.88307878964721,
        "mean": 68.43414757089116,
        "min": 57.14546142065294,
        "p16": 65.05717337493957,
        "p50": 68.14979531485307,
        "p84": 71.86948852165771,
        "sd": 3.5829161908936076
      },
      "h0_highz_mg": {
        "max": 85.90851681848744,
        "mean": 70.77048624657145,
        "min": 60.55214280525659,
        "p16": 67.75985624716004,
        "p50": 70.79654666146016,
        "p84": 73.69092817565831,
        "sd": 3.052590636206303
      },
      "h0_local_obs": {
        "max": 77.18683212397771,
        "mean": 73.24859674001085,
        "min": 68.46011614468752,
        "p16": 72.24760557519653,
        "p50": 73.25343217195494,
        "p84": 74.24146618346633,
        "sd": 0.9991475595418985
      },
      "local_minus_highz_gr_sigma": 1.2942587475822434,
      "local_minus_highz_mg_sigma": 0.7714652874771895,
      "p_gr_above_local_ref": 0.10775,
      "p_gr_below_local_ref": 0.89225,
      "p_gr_below_planck_ref": 0.4068,
      "z_anchor": 0.5
    },
    {
      "apparent_gr_bias_vs_true": {
        "max": 11.703984682461112,
        "mean": -1.67313374988237,
        "min": -10.22627085859655,
        "p16": -4.40863834863733,
        "p50": -2.094479332170227,
        "p84": 1.3137524210792249,
        "sd": 2.9072727542831407
      },
      "delta_local_minus_highz_gr": {
        "max": 18.147366655639118,
        "mean": 3.949299001294404,
        "min": -20.681239559442048,
        "p16": 0.018142662461796716,
        "p50": 4.269262216441781,
        "p84": 7.882192432915574,
        "sd": 4.106522811159921
      },
      "delta_local_minus_highz_mg": {
        "max": 14.283704945699043,
        "mean": 2.4897744067930576,
        "min": -13.829058956591439,
        "p16": -0.6293276948176014,
        "p50": 2.486922246291634,
        "p84": 5.676139016046593,
        "sd": 3.2130267435442676
      },
      "h0_highz_gr": {
        "max": 92.65913729405239,
        "mean": 69.29913263399811,
        "min": 56.875580724517455,
        "p16": 65.51763348712363,
        "p50": 68.95612442446506,
        "p84": 73.12546165931876,
        "sd": 3.9831398925032286
      },
      "h0_highz_mg": {
        "max": 85.74979293278192,
        "mean": 70.75865722849946,
        "min": 60.90024626223038,
        "p16": 67.74594492735297,
        "p50": 70.78340862798287,
        "p84": 73.68320377720131,
        "sd": 3.0558596639590783
      },
      "h0_local_obs": {
        "max": 77.61470855705812,
        "mean": 73.24843163529252,
        "min": 68.59811035191095,
        "p16": 72.25226833251732,
        "p50": 73.24778061277777,
        "p84": 74.24617391604133,
        "sd": 0.9979625599785118
      },
      "local_minus_highz_gr_sigma": 0.9616602138617523,
      "local_minus_highz_mg_sigma": 0.774347479758711,
      "p_gr_above_local_ref": 0.16603,
      "p_gr_below_local_ref": 0.83397,
      "p_gr_below_planck_ref": 0.32634,
      "z_anchor": 0.62
    }
  ],
  "draws_total": 1600,
  "draws_used": 1600,
  "h0_posterior_mg_truth": {
    "max": 83.833891578275,
    "mean": 70.9809853903875,
    "min": 62.52211725111513,
    "p16": 68.10255835254144,