{
  "apparent_gr_bias_vs_true": {
    "max": 4.472144304811707,
    "mean": -1.5592656031438976,
    "min": -6.185217297383346,
    "p16": -2.873006242662801,
    "p50": -1.6575911838175728,
    "p84": -0.2218130568960452,
    "sd": 1.345032993959041
  },
  "delta_local_minus_highz_gr": {
    "max": 17.647790492632716,
    "mean": 3.9617197866530716,
    "min": -9.861617198120427,
    "p16": 0.9571754360829692,
    "p50": 3.9979251940276583,
    "p84": 7.01723287173909,
    "sd": 3.1102736288168287
  },
  "delta_local_minus_highz_mg": {
    "max": 15.205244113559317,
    "mean": 2.192910621536658,
    "min": -11.334679074348017,
    "p16": -0.8492333804445167,
    "p50": 2.2308031527616023,
    "p84": 5.292098270856142,
    "sd": 3.1379966228209426
  },
  "h0_highz_gr": {
    "max": 81.30770127144464,
    "mean": 69.04154704338544,
    "min": 57.34195649299186,
    "p16": 66.15507047222937,
    "p50": 69.00359111887467,
    "p84": 71.89831475834741,
    "sd": 2.946151890053456
  },
  "h0_highz_mg": {
    "max": 83.58082818444862,
    "mean": 70.81035620850184,
    "min": 59.66528338398912,
    "p16": 67.84411401006601,
    "p50": 70.76614803533957,
    "p84": 73.6815730057029,
    "sd": 2.9744176546473224
  },
  "h0_local_obs": {
    "max": 77.00045094544075,
    "mean": 73.0032668300385,
    "min": 68.69463236050827,
    "p16": 72.0075778736398,
    "p50": 73.00323401609523,
    "p84": 73.99811070309677,
    "sd": 1.0013086390623103
  },
  "local_minus_highz_gr_sigma": 1.273357400261426,
  "local_minus_highz_mg_sigma": 0.6988201601071398,
  "p_gr_above_local_ref": 0.08413,
  "p_gr_below_local_ref": 0.91587,
  "p_gr_below_planck_ref": 0.28885,
  "z_anchor": 0.2
}
