{
  "apparent_gr_bias_vs_true": {
    "max": 7.252170725377297,
    "mean": -2.1750209373803746,
    "min": -8.648984811015808,
    "p16": -4.079889494579129,
    "p50": -2.365433768273043,
    "p84": -0.2229842367565013,
    "sd": 1.9661226593808827
  },
  "delta_local_minus_highz_gr": {
    "max": 18.23913204072216,
    "mean": 4.56858149175638,
    "min": -11.517350475622294,
    "p16": 1.3096031707707312,
    "p50": 4.6437778996746175,
    "p84": 7.861611584000308,
    "sd": 3.3336593879689254
  },
  "delta_local_minus_highz_mg": {
    "max": 14.786967272342515,
    "mean": 2.177444016436354,
    "min": -11.293231566636152,
    "p16": -0.8985210569916182,
    "p50": 2.2231832978888235,
    "p84": 5.285433868197707,
    "sd": 3.141332216691858
  },
  "h0_highz_gr": {
    "max": 82.65516156492573,
    "mean": 68.43330309178127,
    "min": 56.4545265353678,
    "p16": 65.30390722618208,
    "p50": 68.3508524660669,
    "p84": 71.52945930714533,
    "sd": 3.184677254383215
  },
  "h0_highz_mg": {
    "max": 82.960046001665,
    "mean": 70.82444056710129,
    "min": 59.204628201257115,
    "p16": 67.85502511017428,
    "p50": 70.77882801930535,
    "p84": 73.71342538166266,
    "sd": 2.9821473552163664
  },
  "h0_local_obs": {
    "max": 77.60049403240285,
    "mean": 73.00188458353763,
    "min": 68.61056815046929,
    "p16": 72.0071391268684,
    "p50": 73.00090617149618,
    "p84": 74.00066412386865,
    "sd": 0.9998212019327932
  },
  "local_minus_highz_gr_sigma": 1.368662919029557,
  "local_minus_highz_mg_sigma": 0.6922748287897186,
  "p_gr_above_local_ref": 0.07498,
  "p_gr_below_local_ref": 0.92502,
  "p_gr_below_planck_ref": 0.37792,
  "z_anchor": 0.35
}
