{
  "apparent_gr_bias_vs_true": {
    "max": 10.004708447417642,
    "mean": -1.9748368695998175,
    "min": -9.211528053713891,
    "p16": -4.4004749008439035,
    "p50": -2.1960048827098433,
    "p84": 0.4646034412043346,
    "sd": 2.475565782783206
  },
  "delta_local_minus_highz_gr": {
    "max": 17.943264954294825,
    "mean": 4.3659490023166745,
    "min": -13.567365461703275,
    "p16": 0.7940946754118647,
    "p50": 4.522620564388582,
    "p84": 7.960028813328848,
    "sd": 3.6229523418602136
  },
  "delta_local_minus_highz_mg": {
    "max": 14.968837646124669,
    "mean": 2.1810488319771855,
    "min": -12.754797095685475,
    "p16": -0.8732364478625533,
    "p50": 2.2235423990217598,
    "p84": 5.288884788833831,
    "sd": 3.139477609781473
  },
  "h0_highz_gr": {
    "max": 85.20198443323608,
    "mean": 68.63197563453129,
    "min": 55.325894809908085,
    "p16": 65.15963263809273,
    "p50": 68.45299920185076,
    "p84": 72.02624597761331,
    "sd": 3.4773188910634762
  },
  "h0_highz_mg": {
    "max": 83.14671679374642,
    "mean": 70.81687580487078,
    "min": 59.54111647395909,
    "p16": 67.8641581276949,
    "p50": 70.77003575928902,
    "p84": 73.66899698391134,
    "sd": 2.9706469483376674
  },
  "h0_local_obs": {
    "max": 77.2617774739953,
    "mean": 72.99792463684797,
    "min": 68.30464463468175,
    "p16": 72.00237531035499,
    "p50": 73.00099154180029,
    "p84": 73.99294170606774,
    "sd": 1.0035395306871042
  },
  "local_minus_highz_gr_sigma": 1.2066459568349295,
  "local_minus_highz_mg_sigma": 0.6958326186734293,
  "p_gr_above_local_ref": 0.10322,
  "p_gr_below_local_ref": 0.89678,
  "p_gr_below_planck_ref": 0.37841,
  "z_anchor": 0.5
}
