{
  "apparent_gr_bias_vs_true": {
    "max": 11.814123018334541,
    "mean": -1.038745253899171,
    "min": -10.323594195444848,
    "p16": -3.9250321398291113,
    "p50": -1.2782566056346951,
    "p84": 1.824259370137445,
    "sd": 2.931220988268463
  },
  "delta_local_minus_highz_gr": {
    "max": 18.391157041455656,
    "mean": 3.4405398524130137,
    "min": -15.50905979728499,
    "p16": -0.5223928034402149,
    "p50": 3.6490698820455165,
    "p84": 7.416216498706791,
    "sd": 3.98980744215045
  },
  "delta_local_minus_highz_mg": {
    "max": 14.772160605906393,
    "mean": 2.1899027911660127,
    "min": -11.49708365520975,
    "p16": -0.8674391109852047,
    "p50": 2.222755852130007,
    "p84": 5.308639477886226,
    "sd": 3.1450357656323047
  },
  "h0_highz_gr": {
    "max": 86.55430949195106,
    "mean": 69.55679729430179,
    "min": 56.157234867120614,
    "p16": 65.71694176450823,
    "p50": 69.30708015424554,
    "p84": 73.3738340271793,
    "sd": 3.8602246592473644
  },
  "h0_highz_mg": {
    "max": 83.24167003139384,
    "mean": 70.80743435554879,
    "min": 59.78038711897459,
    "p16": 67.83602986900667,
    "p50": 70.76886063357843,
    "p84": 73.68467958620147,
    "sd": 2.980897289619446
  },
  "h0_local_obs": {
    "max": 77.12784574022616,
    "mean": 72.9973371467148,
    "min": 68.45789242510529,
    "p16": 72.00778009316804,
    "p50": 72.99628381604941,
    "p84": 73.9905685515908,
    "sd": 0.9975439432876997
  },
  "local_minus_highz_gr_sigma": 0.8627993456868468,
  "local_minus_highz_mg_sigma": 0.6964982908517764,
  "p_gr_above_local_ref": 0.18486,
  "p_gr_below_local_ref": 0.81514,
  "p_gr_below_planck_ref": 0.30232,
  "z_anchor": 0.62
}
