{
  "anchor_results": [
    {
      "apparent_gr_bias_vs_true": {
        "max": 4.472144304811707,
        "mean": -1.5592656031438976,
        "min": -6.185217297383346,
        "p16": -2.873006242662801,
        "p50": -1.6575911838175728,
        "p84": -0.2218130568960452,
        "sd": 1.345032993959041
      },
      "delta_local_minus_highz_gr": {
        "max": 17.647790492632716,
        "mean": 3.9617197866530716,
        "min": -9.861617198120427,
        "p16": 0.9571754360829692,
        "p50": 3.9979251940276583,
        "p84": 7.01723287173909,
        "sd": 3.1102736288168287
      },
      "delta_local_minus_highz_mg": {
        "max": 15.205244113559317,
        "mean": 2.192910621536658,
        "min": -11.334679074348017,
        "p16": -0.8492333804445167,
        "p50": 2.2308031527616023,
        "p84": 5.292098270856142,
        "sd": 3.1379966228209426
      },
      "h0_highz_gr": {
        "max": 81.30770127144464,
        "mean": 69.04154704338544,
        "min": 57.34195649299186,
        "p16": 66.15507047222937,
        "p50": 69.00359111887467,
        "p84": 71.89831475834741,
        "sd": 2.946151890053456
      },
      "h0_highz_mg": {
        "max": 83.58082818444862,
        "mean": 70.81035620850184,
        "min": 59.66528338398912,
        "p16": 67.84411401006601,
        "p50": 70.76614803533957,
        "p84": 73.6815730057029,
        "sd": 2.9744176546473224
      },
      "h0_local_obs": {
        "max": 77.00045094544075,
        "mean": 73.0032668300385,
        "min": 68.69463236050827,
        "p16": 72.0075778736398,
        "p50": 73.00323401609523,
        "p84": 73.99811070309677,
        "sd": 1.0013086390623103
      },
      "local_minus_highz_gr_sigma": 1.273357400261426,
      "local_minus_highz_mg_sigma": 0.6988201601071398,
      "p_gr_above_local_ref": 0.08413,
      "p_gr_below_local_ref": 0.91587,
      "p_gr_below_planck_ref": 0.28885,
      "z_anchor": 0.2
    },
    {
      "apparent_gr_bias_vs_true": {
        "max": 7.252170725377297,
        "mean": -2.1750209373803746,
        "min": -8.648984811015808,
        "p16": -4.079889494579129,
        "p50": -2.365433768273043,
        "p84": -0.2229842367565013,
        "sd": 1.9661226593808827
      },
      "delta_local_minus_highz_gr": {
        "max": 18.23913204072216,
        "mean": 4.56858149175638,
        "min": -11.517350475622294,
        "p16": 1.3096031707707312,
        "p50": 4.6437778996746175,
        "p84": 7.861611584000308,
        "sd": 3.3336593879689254
      },
      "delta_local_minus_highz_mg": {
        "max": 14.786967272342515,
        "mean": 2.177444016436354,
        "min": -11.293231566636152,
        "p16": -0.8985210569916182,
        "p50": 2.2231832978888235,
        "p84": 5.285433868197707,
        "sd": 3.141332216691858
      },
      "h0_highz_gr": {
        "max": 82.65516156492573,
        "mean": 68.43330309178127,
        "min": 56.4545265353678,
        "p16": 65.30390722618208,
        "p50": 68.3508524660669,
        "p84": 71.52945930714533,
        "sd": 3.184677254383215
      },
      "h0_highz_mg": {
        "max": 82.960046001665,
        "mean": 70.82444056710129,
        "min": 59.204628201257115,
        "p16": 67.85502511017428,
        "p50": 70.77882801930535,
        "p84": 73.71342538166266,
        "sd": 2.9821473552163664
      },
      "h0_local_obs": {
        "max": 77.60049403240285,
        "mean": 73.00188458353763,
        "min": 68.61056815046929,
        "p16": 72.0071391268684,
        "p50": 73.00090617149618,
        "p84": 74.00066412386865,
        "sd": 0.9998212019327932
      },
      "local_minus_highz_gr_sigma": 1.368662919029557,
      "local_minus_highz_mg_sigma": 0.6922748287897186,
      "p_gr_above_local_ref": 0.07498,
      "p_gr_below_local_ref": 0.92502,
      "p_gr_below_planck_ref": 0.37792,
      "z_anchor": 0.35
    },
    {
      "apparent_gr_bias_vs_true": {
        "max": 10.004708447417642,
        "mean": -1.9748368695998175,
        "min": -9.211528053713891,
        "p16": -4.4004749008439035,
        "p50": -2.1960048827098433,
        "p84": 0.4646034412043346,
        "sd": 2.475565782783206
      },
      "delta_local_minus_highz_gr": {
        "max": 17.943264954294825,
        "mean": 4.3659490023166745,
        "min": -13.567365461703275,
        "p16": 0.7940946754118647,
        "p50": 4.522620564388582,
        "p84": 7.960028813328848,
        "sd": 3.6229523418602136
      },
      "delta_local_minus_highz_mg": {
        "max": 14.968837646124669,
        "mean": 2.1810488319771855,
        "min": -12.754797095685475,
        "p16": -0.8732364478625533,
        "p50": 2.2235423990217598,
        "p84": 5.288884788833831,
        "sd": 3.139477609781473
      },
      "h0_highz_gr": {
        "max": 85.20198443323608,
        "mean": 68.63197563453129,
        "min": 55.325894809908085,
        "p16": 65.15963263809273,
        "p50": 68.45299920185076,
        "p84": 72.02624597761331,
        "sd": 3.4773188910634762
      },
      "h0_highz_mg": {
        "max": 83.14671679374642,
        "mean": 70.81687580487078,
        "min": 59.54111647395909,
        "p16": 67.8641581276949,
        "p50": 70.77003575928902,
        "p84": 73.66899698391134,
        "sd": 2.9706469483376674
      },
      "h0_local_obs": {
        "max": 77.2617774739953,
        "mean": 72.99792463684797,
        "min": 68.30464463468175,
        "p16": 72.00237531035499,
        "p50": 73.00099154180029,
        "p84": 73.99294170606774,
        "sd": 1.0035395306871042
      },
      "local_minus_highz_gr_sigma": 1.2066459568349295,
      "local_minus_highz_mg_sigma": 0.6958326186734293,
      "p_gr_above_local_ref": 0.10322,
      "p_gr_below_local_ref": 0.89678,
      "p_gr_below_planck_ref": 0.37841,
      "z_anchor": 0.5
    },
    {
      "apparent_gr_bias_vs_true": {
        "max": 11.814123018334541,
        "mean": -1.038745253899171,
        "min": -10.323594195444848,
        "p16": -3.9250321398291113,
        "p50": -1.2782566056346951,
        "p84": 1.824259370137445,
        "sd": 2.931220988268463
      },
      "delta_local_minus_highz_gr": {
        "max": 18.391157041455656,
        "mean": 3.4405398524130137,
        "min": -15.50905979728499,
        "p16": -0.5223928034402149,
        "p50": 3.6490698820455165,
        "p84": 7.416216498706791,
        "sd": 3.98980744215045
      },
      "delta_local_minus_highz_mg": {
        "max": 14.772160605906393,
        "mean": 2.1899027911660127,
        "min": -11.49708365520975,
        "p16": -0.8674391109852047,
        "p50": 2.222755852130007,
        "p84": 5.308639477886226,
        "sd": 3.1450357656323047
      },
      "h0_highz_gr": {
        "max": 86.55430949195106,
        "mean": 69.55679729430179,
        "min": 56.157234867120614,
        "p16": 65.71694176450823,
        "p50": 69.30708015424554,
        "p84": 73.3738340271793,
        "sd": 3.8602246592473644
      },
      "h0_highz_mg": {
        "max": 83.24167003139384,
        "mean": 70.80743435554879,
        "min": 59.78038711897459,
        "p16": 67.83602986900667,
        "p50": 70.76886063357843,
        "p84": 73.68467958620147,
        "sd": 2.980897289619446
      },
      "h0_local_obs": {
        "max": 77.12784574022616,
        "mean": 72.9973371467148,
        "min": 68.45789242510529,
        "p16": 72.00778009316804,
        "p50": 72.99628381604941,
        "p84": 73.9905685515908,
        "sd": 0.9975439432876997
      },
      "local_minus_highz_gr_sigma": 0.8627993456868468,
      "local_minus_highz_mg_sigma": 0.6964982908517764,
      "p_gr_above_local_ref": 0.18486,
      "p_gr_below_local_ref": 0.81514,
      "p_gr_below_planck_ref": 0.30232,
      "z_anchor": 0.62
    }
  ],
  "draws_total": 1600,
  "draws_used": 1600,
  "h0_posterior_mg_truth": {
    "max": 81.06264119821896,
    "mean": 70.60034490571202,
    "min": 60.651398709331204,
    "p16": 67.71575777916435,