{
  "apparent_gr_bias_vs_true": {
    "max": 5.37609135320767,
    "mean": -2.039713236346139,
    "min": -7.251486703150093,
    "p16": -3.3240593588689644,
    "p50": -2.1439951844766583,
    "p84": -0.7322158680363758,
    "sd": 1.328258856306252
  },
  "delta_local_minus_highz_gr": {
    "max": 15.165678050720253,
    "mean": 3.8040849133705463,
    "min": -13.486029709941548,
    "p16": 0.7224092497919378,
    "p50": 3.8914684271618114,
    "p84": 6.9125252515654125,
    "sd": 3.186501505170364
  },
  "delta_local_minus_highz_mg": {
    "max": 13.908502213134575,
    "mean": 1.9755564626767108,
    "min": -13.872752394627256,
    "p16": -1.1049594673142809,
    "p50": 1.9689760612523486,
    "p84": 5.1321768651010675,
    "sd": 3.1985813118284594
  },
  "h0_highz_gr": {
    "max": 85.24847550910647,
    "mean": 68.94749614997114,
    "min": 58.64375967874436,
    "p16": 65.99928717763254,
    "p50": 68.84510047507067,
    "p84": 71.88321025258531,
    "sd": 3.025730429191232
  },
  "h0_highz_mg": {
    "max": 85.63862394331761,
    "mean": 70.77602460066498,
    "min": 60.81168875676501,
    "p16": 67.79367817195165,
    "p50": 70.80064645207125,
    "p84": 73.6683038333521,
    "sd": 3.0374799772745225
  },
  "h0_local_obs": {
    "max": 76.98187188662732,
    "mean": 72.7515810633417,
    "min": 68.56929930832953,
    "p16": 71.75602329866427,
    "p50": 72.75249653275225,
    "p84": 73.74625187478071,
    "sd": 0.9973996779876214
  },
  "local_minus_highz_gr_sigma": 1.1937387296092388,
  "local_minus_highz_mg_sigma": 0.617775255240291,
  "p_gr_above_local_ref": 0.08771,
  "p_gr_below_local_ref": 0.91229,
  "p_gr_below_planck_ref": 0.30917,
  "z_anchor": 0.2
}
