{
  "apparent_gr_bias_vs_true": {
    "max": 11.39442780473911,
    "mean": -1.677773802744188,
    "min": -10.022950849777018,
    "p16": -4.415319350017518,
    "p50": -2.1042174553981496,
    "p84": 1.332783392913649,
    "sd": 2.9126731226649976
  },
  "delta_local_minus_highz_gr": {
    "max": 16.650477040117288,
    "mean": 3.435548022247772,
    "min": -20.34784451416013,
    "p16": -0.5245969674610603,
    "p50": 3.7499667357811433,
    "p84": 7.362108989980389,
    "sd": 4.106226917178486
  },
  "delta_local_minus_highz_mg": {
    "max": 13.230871484694191,
    "mean": 1.970515937004314,
    "min": -13.516898584218225,
    "p16": -1.139128183167814,
    "p50": 1.9547535468824861,
    "p84": 5.1512472310533,
    "sd": 3.21206034759249
  },
  "h0_highz_gr": {
    "max": 92.91074943189531,
    "mean": 69.3102418957271,
    "min": 57.12867852700426,
    "p16": 65.52780863865337,
    "p50": 68.97930885587047,
    "p84": 73.15374233529796,
    "sd": 3.9846209305686093
  },
  "h0_highz_mg": {
    "max": 85.98264302560045,
    "mean": 70.77527398097055,
    "min": 60.617331232775726,
    "p16": 67.7697556707518,
    "p50": 70.79738845315342,
    "p84": 73.70230657820854,
    "sd": 3.053600367594259
  },
  "h0_local_obs": {
    "max": 77.55974725366946,
    "mean": 72.74578991797488,
    "min": 68.16192570780157,
    "p16": 71.74284471702705,
    "p50": 72.74792293894026,
    "p84": 73.74060396291996,
    "sd": 1.0047192659550654
  },
  "local_minus_highz_gr_sigma": 0.8362685687433604,
  "local_minus_highz_mg_sigma": 0.6132618642246708,
  "p_gr_above_local_ref": 0.16743,
  "p_gr_below_local_ref": 0.83257,
  "p_gr_below_planck_ref": 0.32606,
  "z_anchor": 0.62
}
