{
  "apparent_gr_bias_vs_true": {
    "max": 6.364210346208949,
    "mean": -2.723876078493398,
    "min": -8.956037975531245,
    "p16": -4.5749509128797445,
    "p50": -2.9326197412390513,
    "p84": -0.8015942108571952,
    "sd": 1.9338327594776354
  },
  "delta_local_minus_highz_gr": {
    "max": 16.687639810297547,
    "mean": 4.488531455911292,
    "min": -14.128074869765769,
    "p16": 1.1994888960947885,
    "p50": 4.679112227158207,
    "p84": 7.734846834097763,
    "sd": 3.4059606843627077
  },
  "delta_local_minus_highz_mg": {
    "max": 14.533913669046221,
    "mean": 1.9785981894807265,
    "min": -13.684808291693628,
    "p16": -1.1381184733049092,
    "p50": 1.9721329524394449,
    "p84": 5.153221054165465,
    "sd": 3.2039920359308773
  },
  "h0_highz_gr": {
    "max": 85.70824829180383,
    "mean": 68.26616503561843,
    "min": 57.431614283943006,
    "p16": 65.171557968597,
    "p50": 68.04595531226795,
    "p84": 71.41075926197485,
    "sd": 3.256235110608739
  },
  "h0_highz_mg": {
    "max": 85.2635298947807,
    "mean": 70.77609830204898,
    "min": 60.32664180830986,
    "p16": 67.77786918424674,
    "p50": 70.7944444456456,
    "p84": 73.69976737697829,
    "sd": 3.0453892842592447
  },
  "h0_local_obs": {
    "max": 76.8865067274832,
    "mean": 72.75469649152971,
    "min": 68.44624133762012,
    "p16": 71.76859563297808,
    "p50": 72.75278188690547,
    "p84": 73.74574920396871,
    "sd": 0.996116995738255
  },
  "local_minus_highz_gr_sigma": 1.3177040213055746,
  "local_minus_highz_mg_sigma": 0.6172760961752978,
  "p_gr_above_local_ref": 0.0793,
  "p_gr_below_local_ref": 0.9207,
  "p_gr_below_planck_ref": 0.41241,
  "z_anchor": 0.35
}
