{
  "apparent_gr_bias_vs_true": {
    "max": 8.127059320075773,
    "mean": -2.5535641672828047,
    "min": -9.434039711185463,
    "p16": -4.886104995228361,
    "p50": -2.873648962693295,
    "p84": -0.05893621341375868,
    "sd": 2.4590094777493894
  },
  "delta_local_minus_highz_gr": {
    "max": 17.594920593076644,
    "mean": 4.33351658808699,
    "min": -17.098563438806053,
    "p16": 0.756116830371139,
    "p50": 4.614838087885232,
    "p84": 7.8567130800633,
    "sd": 3.715036059603883
  },
  "delta_local_minus_highz_mg": {
    "max": 13.48180745025455,
    "mean": 1.9945518956242545,
    "min": -14.16670869787852,
    "p16": -1.0885151729743143,
    "p50": 1.9798940098677562,
    "p84": 5.173723259363926,
    "sd": 3.2074592631372174
  },
  "h0_highz_gr": {
    "max": 87.87693103862058,
    "mean": 68.41462653669188,
    "min": 56.99271140779013,
    "p16": 65.04459364460615,
    "p50": 68.11106635328522,
    "p84": 71.85869521910014,
    "sd": 3.578919829793283
  },
  "h0_highz_mg": {
    "max": 84.93604081779087,
    "mean": 70.75359122915461,
    "min": 60.92629352909582,
    "p16": 67.73414846298868,
    "p50": 70.78901433538132,
    "p84": 73.67176618247872,
    "sd": 3.0526886063524463
  },
  "h0_local_obs": {
    "max": 77.23012648372155,
    "mean": 72.74814312477886,
    "min": 68.46756918497653,
    "p16": 71.74894526204558,
    "p50": 72.7504199420691,
    "p84": 73.74092507274027,
    "sd": 1.0030576810269582
  },
  "local_minus_highz_gr_sigma": 1.166177297849162,
  "local_minus_highz_mg_sigma": 0.6209097450782687,
  "p_gr_above_local_ref": 0.10741,
  "p_gr_below_local_ref": 0.89259,
  "p_gr_below_planck_ref": 0.40978,
  "z_anchor": 0.5
}
