{
  "anchor_results": [
    {
      "apparent_gr_bias_vs_true": {
        "max": 5.37609135320767,
        "mean": -2.039713236346139,
        "min": -7.251486703150093,
        "p16": -3.3240593588689644,
        "p50": -2.1439951844766583,
        "p84": -0.7322158680363758,
        "sd": 1.328258856306252
      },
      "delta_local_minus_highz_gr": {
        "max": 15.165678050720253,
        "mean": 3.8040849133705463,
        "min": -13.486029709941548,
        "p16": 0.7224092497919378,
        "p50": 3.8914684271618114,
        "p84": 6.9125252515654125,
        "sd": 3.186501505170364
      },
      "delta_local_minus_highz_mg": {
        "max": 13.908502213134575,
        "mean": 1.9755564626767108,
        "min": -13.872752394627256,
        "p16": -1.1049594673142809,
        "p50": 1.9689760612523486,
        "p84": 5.1321768651010675,
        "sd": 3.1985813118284594
      },
      "h0_highz_gr": {
        "max": 85.24847550910647,
        "mean": 68.94749614997114,
        "min": 58.64375967874436,
        "p16": 65.99928717763254,
        "p50": 68.84510047507067,
        "p84": 71.88321025258531,
        "sd": 3.025730429191232
      },
      "h0_highz_mg": {
        "max": 85.63862394331761,
        "mean": 70.77602460066498,
        "min": 60.81168875676501,
        "p16": 67.79367817195165,
        "p50": 70.80064645207125,
        "p84": 73.6683038333521,
        "sd": 3.0374799772745225
      },
      "h0_local_obs": {
        "max": 76.98187188662732,
        "mean": 72.7515810633417,
        "min": 68.56929930832953,
        "p16": 71.75602329866427,
        "p50": 72.75249653275225,
        "p84": 73.74625187478071,
        "sd": 0.9973996779876214
      },
      "local_minus_highz_gr_sigma": 1.1937387296092388,
      "local_minus_highz_mg_sigma": 0.617775255240291,
      "p_gr_above_local_ref": 0.08771,
      "p_gr_below_local_ref": 0.91229,
      "p_gr_below_planck_ref": 0.30917,
      "z_anchor": 0.2
    },
    {
      "apparent_gr_bias_vs_true": {
        "max": 6.364210346208949,
        "mean": -2.723876078493398,
        "min": -8.956037975531245,
        "p16": -4.5749509128797445,
        "p50": -2.9326197412390513,
        "p84": -0.8015942108571952,
        "sd": 1.9338327594776354
      },
      "delta_local_minus_highz_gr": {
        "max": 16.687639810297547,
        "mean": 4.488531455911292,
        "min": -14.128074869765769,
        "p16": 1.1994888960947885,
        "p50": 4.679112227158207,
        "p84": 7.734846834097763,
        "sd": 3.4059606843627077
      },
      "delta_local_minus_highz_mg": {
        "max": 14.533913669046221,
        "mean": 1.9785981894807265,
        "min": -13.684808291693628,
        "p16": -1.1381184733049092,
        "p50": 1.9721329524394449,
        "p84": 5.153221054165465,
        "sd": 3.2039920359308773
      },
      "h0_highz_gr": {
        "max": 85.70824829180383,
        "mean": 68.26616503561843,
        "min": 57.431614283943006,
        "p16": 65.171557968597,
        "p50": 68.04595531226795,
        "p84": 71.41075926197485,
        "sd": 3.256235110608739
      },
      "h0_highz_mg": {
        "max": 85.2635298947807,
        "mean": 70.77609830204898,
        "min": 60.32664180830986,
        "p16": 67.77786918424674,
        "p50": 70.7944444456456,
        "p84": 73.69976737697829,
        "sd": 3.0453892842592447
      },
      "h0_local_obs": {
        "max": 76.8865067274832,
        "mean": 72.75469649152971,
        "min": 68.44624133762012,
        "p16": 71.76859563297808,
        "p50": 72.75278188690547,
        "p84": 73.74574920396871,
        "sd": 0.996116995738255
      },
      "local_minus_highz_gr_sigma": 1.3177040213055746,
      "local_minus_highz_mg_sigma": 0.6172760961752978,
      "p_gr_above_local_ref": 0.0793,
      "p_gr_below_local_ref": 0.9207,
      "p_gr_below_planck_ref": 0.41241,
      "z_anchor": 0.35
    },
    {
      "apparent_gr_bias_vs_true": {
        "max": 8.127059320075773,
        "mean": -2.5535641672828047,
        "min": -9.434039711185463,
        "p16": -4.886104995228361,
        "p50": -2.873648962693295,
        "p84": -0.05893621341375868,
        "sd": 2.4590094777493894
      },
      "delta_local_minus_highz_gr": {
        "max": 17.594920593076644,
        "mean": 4.33351658808699,
        "min": -17.098563438806053,
        "p16": 0.756116830371139,
        "p50": 4.614838087885232,
        "p84": 7.8567130800633,
        "sd": 3.715036059603883
      },
      "delta_local_minus_highz_mg": {
        "max": 13.48180745025455,
        "mean": 1.9945518956242545,
        "min": -14.16670869787852,
        "p16": -1.0885151729743143,
        "p50": 1.9798940098677562,
        "p84": 5.173723259363926,
        "sd": 3.2074592631372174
      },
      "h0_highz_gr": {
        "max": 87.87693103862058,
        "mean": 68.41462653669188,
        "min": 56.99271140779013,
        "p16": 65.04459364460615,
        "p50": 68.11106635328522,
        "p84": 71.85869521910014,
        "sd": 3.578919829793283
      },
      "h0_highz_mg": {
        "max": 84.93604081779087,
        "mean": 70.75359122915461,
        "min": 60.92629352909582,
        "p16": 67.73414846298868,
        "p50": 70.78901433538132,
        "p84": 73.67176618247872,
        "sd": 3.0526886063524463
      },
      "h0_local_obs": {
        "max": 77.23012648372155,
        "mean": 72.74814312477886,
        "min": 68.46756918497653,
        "p16": 71.74894526204558,
        "p50": 72.7504199420691,
        "p84": 73.74092507274027,
        "sd": 1.0030576810269582
      },
      "local_minus_highz_gr_sigma": 1.166177297849162,
      "local_minus_highz_mg_sigma": 0.6209097450782687,
      "p_gr_above_local_ref": 0.10741,
      "p_gr_below_local_ref": 0.89259,
      "p_gr_below_planck_ref": 0.40978,
      "z_anchor": 0.5
    },
    {
      "apparent_gr_bias_vs_true": {
        "max": 11.39442780473911,
        "mean": -1.677773802744188,
        "min": -10.022950849777018,
        "p16": -4.415319350017518,
        "p50": -2.1042174553981496,
        "p84": 1.332783392913649,
        "sd": 2.9126731226649976
      },
      "delta_local_minus_highz_gr": {
        "max": 16.650477040117288,
        "mean": 3.435548022247772,
        "min": -20.34784451416013,
        "p16": -0.5245969674610603,
        "p50": 3.7499667357811433,
        "p84": 7.362108989980389,
        "sd": 4.106226917178486
      },
      "delta_local_minus_highz_mg": {
        "max": 13.230871484694191,
        "mean": 1.970515937004314,
        "min": -13.516898584218225,
        "p16": -1.139128183167814,
        "p50": 1.9547535468824861,
        "p84": 5.1512472310533,
        "sd": 3.21206034759249
      },
      "h0_highz_gr": {
        "max": 92.91074943189531,
        "mean": 69.3102418957271,
        "min": 57.12867852700426,
        "p16": 65.52780863865337,
        "p50": 68.97930885587047,
        "p84": 73.15374233529796,
        "sd": 3.9846209305686093
      },
      "h0_highz_mg": {
        "max": 85.98264302560045,
        "mean": 70.77527398097055,
        "min": 60.617331232775726,
        "p16": 67.7697556707518,
        "p50": 70.79738845315342,
        "p84": 73.70230657820854,
        "sd": 3.053600367594259
      },
      "h0_local_obs": {
        "max": 77.55974725366946,
        "mean": 72.74578991797488,
        "min": 68.16192570780157,
        "p16": 71.74284471702705,
        "p50": 72.74792293894026,
        "p84": 73.74060396291996,
        "sd": 1.0047192659550654
      },
      "local_minus_highz_gr_sigma": 0.8362685687433604,
      "local_minus_highz_mg_sigma": 0.6132618642246708,
      "p_gr_above_local_ref": 0.16743,
      "p_gr_below_local_ref": 0.83257,
      "p_gr_below_planck_ref": 0.32606,
      "z_anchor": 0.62
    }
  ],
  "draws_total": 1600,
  "draws_used": 1600,
  "h0_posterior_mg_truth": {
    "max": 83.833891578275,
    "mean": 70.9809853903875,
    "min": 62.52211725111513,
    "p16": 68.10255835254144,