{
  "apparent_gr_bias_vs_true": {
    "max": 7.618236972712339,
    "mean": -2.026655736631001,
    "min": -8.902436004774103,
    "p16": -4.039433766458835,
    "p50": -2.206043957713945,
    "p84": 0.029475633762263042,
    "sd": 2.0587280788949305
  },
  "delta_local_minus_highz_gr": {
    "max": 17.425489099473182,
    "mean": 4.100772433925515,
    "min": -12.323805299500847,
    "p16": 0.7025129975348625,
    "p50": 4.227187093386625,
    "p84": 7.536724147324017,
    "sd": 3.4812477601472187
  },
  "delta_local_minus_highz_mg": {
    "max": 15.00596506841729,
    "mean": 1.8598304516377206,
    "min": -12.070210373101546,
    "p16": -1.3636249796161513,
    "p50": 1.964963877989085,
    "p84": 5.1190073578887745,
    "sd": 3.3079145767202265
  },
  "h0_highz_gr": {
    "max": 84.32369405052296,
    "mean": 68.65102899528677,
    "min": 56.59084459346407,
    "p16": 65.34309538289943,
    "p50": 68.50366328852652,
    "p84": 71.93910453541052,
    "sd": 3.3382161255003893
  },
  "h0_highz_mg": {
    "max": 83.56606536817002,
    "mean": 70.89197097757456,
    "min": 59.0077314450709,
    "p16": 67.80934533490753,
    "p50": 70.77824712955379,
    "p84": 73.94820497682305,
    "sd": 3.153128694200234
  },
  "h0_local_obs": {
    "max": 77.39829927267012,
    "mean": 72.75180142921228,
    "min": 68.2845628146298,
    "p16": 71.75365710414232,
    "p50": 72.75324552771588,
    "p84": 73.7425612181247,
    "sd": 0.9996041225367857
  },
  "local_minus_highz_gr_sigma": 1.1767667501449595,
  "local_minus_highz_mg_sigma": 0.5622385528549226,
  "p_gr_above_local_ref": 0.09698,
  "p_gr_below_local_ref": 0.90302,
  "p_gr_below_planck_ref": 0.3629,
  "z_anchor": 0.35
}
