{
  "apparent_gr_bias_vs_true": {
    "max": 9.942137358619618,
    "mean": -1.813786267266472,
    "min": -9.59460676088652,
    "p16": -4.3117462301908605,
    "p50": -2.0696919737263,
    "p84": 0.7704474167177437,
    "sd": 2.5936234024916978
  },
  "delta_local_minus_highz_gr": {
    "max": 19.355098333208694,
    "mean": 3.8486130984631575,
    "min": -14.09523530675665,
    "p16": 0.15314831335146722,
    "p50": 4.018840160858218,
    "p84": 7.599747372117611,
    "sd": 3.7806556798639965
  },
  "delta_local_minus_highz_mg": {
    "max": 14.777300727926502,
    "mean": 1.819019334000086,
    "min": -12.265515065158397,
    "p16": -1.4027940497008529,
    "p50": 1.926076519883388,
    "p84": 5.0561653977356364,
    "sd": 3.3100608078490383
  },
  "h0_highz_gr": {
    "max": 85.54451218946133,
    "mean": 68.89808077733804,
    "min": 55.64963432167931,
    "p16": 65.25310075618643,
    "p50": 68.70957437619678,
    "p84": 72.46830889265158,
    "sd": 3.651299086263024
  },
  "h0_highz_mg": {
    "max": 83.84090427621342,
    "mean": 70.9276745418011,
    "min": 59.54251983899714,
    "p16": 67.84630694781208,
    "p50": 70.80976641587534,
    "p84": 73.979757872689,
    "sd": 3.158461517200189
  },
  "h0_local_obs": {
    "max": 77.11514918534493,
    "mean": 72.74669387580118,
    "min": 68.3621057989972,
    "p16": 71.75570556059424,
    "p50": 72.7466530023924,
    "p84": 73.73675465185518,
    "sd": 0.9997109848581397
  },
  "local_minus_highz_gr_sigma": 1.0166022834711397,
  "local_minus_highz_mg_sigma": 0.5490572830921899,
  "p_gr_above_local_ref": 0.12743,
  "p_gr_below_local_ref": 0.87257,
  "p_gr_below_planck_ref": 0.35618,
  "z_anchor": 0.5
}
