{
  "apparent_gr_bias_vs_true": {
    "max": 12.163104452902985,
    "mean": -0.9890270028747778,
    "min": -10.056897595383916,
    "p16": -3.833900956353106,
    "p50": -1.2951279580987105,
    "p84": 1.927029623801359,
    "sd": 2.9793687172258836
  },
  "delta_local_minus_highz_gr": {
    "max": 18.456238938659276,
    "mean": 3.0566266204026276,
    "min": -15.801478725100296,
    "p16": -0.9274228368381995,
    "p50": 3.261694771752623,
    "p84": 7.119481314236349,
    "sd": 4.086528711432751
  },
  "delta_local_minus_highz_mg": {
    "max": 15.967646120674019,
    "mean": 1.8554457127769037,
    "min": -11.93190270795344,
    "p16": -1.3673760011301936,
    "p50": 1.9475077454837972,
    "p84": 5.092821838241229,
    "sd": 3.3075231289540117
  },
  "h0_highz_gr": {
    "max": 87.49947491126025,
    "mean": 69.69817840941202,
    "min": 55.66736945922057,
    "p16": 65.73621215049972,
    "p50": 69.48087626057733,
    "p84": 73.5674592276062,
    "sd": 3.9618127000532244
  },
  "h0_highz_mg": {
    "max": 84.11171336850065,
    "mean": 70.89935931703775,
    "min": 59.39874890195257,
    "p16": 67.80940019028893,
    "p50": 70.80263508883536,
    "p84": 73.96497065147491,
    "sd": 3.153748249367048
  },
  "h0_local_obs": {
    "max": 76.85234254141658,
    "mean": 72.75480502981465,
    "min": 68.50903798307868,
    "p16": 71.76212791395528,
    "p50": 72.75582331987118,
    "p84": 73.74560249139533,
    "sd": 0.9990492589532936
  },
  "local_minus_highz_gr_sigma": 0.7480604514088068,
  "local_minus_highz_mg_sigma": 0.5608128944804079,
  "p_gr_above_local_ref": 0.19393,
  "p_gr_below_local_ref": 0.80607,
  "p_gr_below_planck_ref": 0.29098,
  "z_anchor": 0.62
}
