{
  "apparent_gr_bias_vs_true": {
    "max": 4.99925054431597,
    "mean": -1.4369245830317474,
    "min": -6.175490021125853,
    "p16": -2.8126853613916323,
    "p50": -1.532499153390745,
    "p84": -0.04379025508559265,
    "sd": 1.3919174974867135
  },
  "delta_local_minus_highz_gr": {
    "max": 16.24611216155921,
    "mean": 3.5016524158190676,
    "min": -13.58547340001148,
    "p16": 0.3168778831112775,
    "p50": 3.6024484380946973,
    "p84": 6.710090385675269,
    "sd": 3.2842969761715093
  },
  "delta_local_minus_highz_mg": {
    "max": 16.154176822523695,
    "mean": 1.8513540606155654,
    "min": -13.402047356069033,
    "p16": -1.3766977908664142,
    "p50": 1.9523275152723087,
    "p84": 5.097325169812307,
    "sd": 3.310192024552464
  },
  "h0_highz_gr": {
    "max": 83.83445551190692,
    "mean": 69.25036691864807,
    "min": 58.05288683233792,
    "p16": 66.18649293262516,
    "p50": 69.13840406862849,
    "p84": 72.27056301398616,
    "sd": 3.1248979712845792
  },
  "h0_highz_mg": {
    "max": 83.6467954801539,
    "mean": 70.90066527385157,
    "min": 58.43466918154418,
    "p16": 67.8313781086689,
    "p50": 70.78460327285543,
    "p84": 73.96025116643612,
    "sd": 3.1537361859078223
  },
  "h0_local_obs": {
    "max": 77.4698866389407,
    "mean": 72.75201933446712,
    "min": 67.80204426610076,
    "p16": 71.75470291666704,
    "p50": 72.75406853724404,
    "p84": 73.75014468940759,
    "sd": 1.0013174746133353
  },
  "local_minus_highz_gr_sigma": 1.0672502692262218,
  "local_minus_highz_mg_sigma": 0.5595781277582002,
  "p_gr_above_local_ref": 0.1146,
  "p_gr_below_local_ref": 0.8854,
  "p_gr_below_planck_ref": 0.28013,
  "z_anchor": 0.2
}
