{
  "anchor_results": [
    {
      "apparent_gr_bias_vs_true": {
        "max": 4.99925054431597,
        "mean": -1.4369245830317474,
        "min": -6.175490021125853,
        "p16": -2.8126853613916323,
        "p50": -1.532499153390745,
        "p84": -0.04379025508559265,
        "sd": 1.3919174974867135
      },
      "delta_local_minus_highz_gr": {
        "max": 16.24611216155921,
        "mean": 3.5016524158190676,
        "min": -13.58547340001148,
        "p16": 0.3168778831112775,
        "p50": 3.6024484380946973,
        "p84": 6.710090385675269,
        "sd": 3.2842969761715093
      },
      "delta_local_minus_highz_mg": {
        "max": 16.154176822523695,
        "mean": 1.8513540606155654,
        "min": -13.402047356069033,
        "p16": -1.3766977908664142,
        "p50": 1.9523275152723087,
        "p84": 5.097325169812307,
        "sd": 3.310192024552464
      },
      "h0_highz_gr": {
        "max": 83.83445551190692,
        "mean": 69.25036691864807,
        "min": 58.05288683233792,
        "p16": 66.18649293262516,
        "p50": 69.13840406862849,
        "p84": 72.27056301398616,
        "sd": 3.1248979712845792
      },
      "h0_highz_mg": {
        "max": 83.6467954801539,
        "mean": 70.90066527385157,
        "min": 58.43466918154418,
        "p16": 67.8313781086689,
        "p50": 70.78460327285543,
        "p84": 73.96025116643612,
        "sd": 3.1537361859078223
      },
      "h0_local_obs": {
        "max": 77.4698866389407,
        "mean": 72.75201933446712,
        "min": 67.80204426610076,
        "p16": 71.75470291666704,
        "p50": 72.75406853724404,
        "p84": 73.75014468940759,
        "sd": 1.0013174746133353
      },
      "local_minus_highz_gr_sigma": 1.0672502692262218,
      "local_minus_highz_mg_sigma": 0.5595781277582002,
      "p_gr_above_local_ref": 0.1146,
      "p_gr_below_local_ref": 0.8854,
      "p_gr_below_planck_ref": 0.28013,
      "z_anchor": 0.2
    },
    {
      "apparent_gr_bias_vs_true": {
        "max": 7.618236972712339,
        "mean": -2.026655736631001,
        "min": -8.902436004774103,
        "p16": -4.039433766458835,
        "p50": -2.206043957713945,
        "p84": 0.029475633762263042,
        "sd": 2.0587280788949305
      },
      "delta_local_minus_highz_gr": {
        "max": 17.425489099473182,
        "mean": 4.100772433925515,
        "min": -12.323805299500847,
        "p16": 0.7025129975348625,
        "p50": 4.227187093386625,
        "p84": 7.536724147324017,
        "sd": 3.4812477601472187
      },
      "delta_local_minus_highz_mg": {
        "max": 15.00596506841729,
        "mean": 1.8598304516377206,
        "min": -12.070210373101546,
        "p16": -1.3636249796161513,
        "p50": 1.964963877989085,
        "p84": 5.1190073578887745,
        "sd": 3.3079145767202265
      },
      "h0_highz_gr": {
        "max": 84.32369405052296,
        "mean": 68.65102899528677,
        "min": 56.59084459346407,
        "p16": 65.34309538289943,
        "p50": 68.50366328852652,
        "p84": 71.93910453541052,
        "sd": 3.3382161255003893
      },
      "h0_highz_mg": {
        "max": 83.56606536817002,
        "mean": 70.89197097757456,
        "min": 59.0077314450709,
        "p16": 67.80934533490753,
        "p50": 70.77824712955379,
        "p84": 73.94820497682305,
        "sd": 3.153128694200234
      },
      "h0_local_obs": {
        "max": 77.39829927267012,
        "mean": 72.75180142921228,
        "min": 68.2845628146298,
        "p16": 71.75365710414232,
        "p50": 72.75324552771588,
        "p84": 73.7425612181247,
        "sd": 0.9996041225367857
      },
      "local_minus_highz_gr_sigma": 1.1767667501449595,
      "local_minus_highz_mg_sigma": 0.5622385528549226,
      "p_gr_above_local_ref": 0.09698,
      "p_gr_below_local_ref": 0.90302,
      "p_gr_below_planck_ref": 0.3629,
      "z_anchor": 0.35
    },
    {
      "apparent_gr_bias_vs_true": {
        "max": 9.942137358619618,
        "mean": -1.813786267266472,
        "min": -9.59460676088652,
        "p16": -4.3117462301908605,
        "p50": -2.0696919737263,
        "p84": 0.7704474167177437,
        "sd": 2.5936234024916978
      },
      "delta_local_minus_highz_gr": {
        "max": 19.355098333208694,
        "mean": 3.8486130984631575,
        "min": -14.09523530675665,
        "p16": 0.15314831335146722,
        "p50": 4.018840160858218,
        "p84": 7.599747372117611,
        "sd": 3.7806556798639965
      },
      "delta_local_minus_highz_mg": {
        "max": 14.777300727926502,
        "mean": 1.819019334000086,
        "min": -12.265515065158397,
        "p16": -1.4027940497008529,
        "p50": 1.926076519883388,
        "p84": 5.0561653977356364,
        "sd": 3.3100608078490383
      },
      "h0_highz_gr": {
        "max": 85.54451218946133,
        "mean": 68.89808077733804,
        "min": 55.64963432167931,
        "p16": 65.25310075618643,
        "p50": 68.70957437619678,
        "p84": 72.46830889265158,
        "sd": 3.651299086263024
      },
      "h0_highz_mg": {
        "max": 83.84090427621342,
        "mean": 70.9276745418011,
        "min": 59.54251983899714,
        "p16": 67.84630694781208,
        "p50": 70.80976641587534,
        "p84": 73.979757872689,
        "sd": 3.158461517200189
      },
      "h0_local_obs": {
        "max": 77.11514918534493,
        "mean": 72.74669387580118,
        "min": 68.3621057989972,
        "p16": 71.75570556059424,
        "p50": 72.7466530023924,
        "p84": 73.73675465185518,
        "sd": 0.9997109848581397
      },
      "local_minus_highz_gr_sigma": 1.0166022834711397,
      "local_minus_highz_mg_sigma": 0.5490572830921899,
      "p_gr_above_local_ref": 0.12743,
      "p_gr_below_local_ref": 0.87257,
      "p_gr_below_planck_ref": 0.35618,
      "z_anchor": 0.5
    },
    {
      "apparent_gr_bias_vs_true": {
        "max": 12.163104452902985,
        "mean": -0.9890270028747778,
        "min": -10.056897595383916,
        "p16": -3.833900956353106,
        "p50": -1.2951279580987105,
        "p84": 1.927029623801359,
        "sd": 2.9793687172258836
      },
      "delta_local_minus_highz_gr": {
        "max": 18.456238938659276,
        "mean": 3.0566266204026276,
        "min": -15.801478725100296,
        "p16": -0.9274228368381995,
        "p50": 3.261694771752623,
        "p84": 7.119481314236349,
        "sd": 4.086528711432751
      },
      "delta_local_minus_highz_mg": {
        "max": 15.967646120674019,
        "mean": 1.8554457127769037,
        "min": -11.93190270795344,
        "p16": -1.3673760011301936,
        "p50": 1.9475077454837972,
        "p84": 5.092821838241229,
        "sd": 3.3075231289540117
      },
      "h0_highz_gr": {
        "max": 87.49947491126025,
        "mean": 69.69817840941202,
        "min": 55.66736945922057,
        "p16": 65.73621215049972,
        "p50": 69.48087626057733,
        "p84": 73.5674592276062,
        "sd": 3.9618127000532244
      },
      "h0_highz_mg": {
        "max": 84.11171336850065,
        "mean": 70.89935931703775,
        "min": 59.39874890195257,
        "p16": 67.80940019028893,
        "p50": 70.80263508883536,
        "p84": 73.96497065147491,
        "sd": 3.153748249367048
      },
      "h0_local_obs": {
        "max": 76.85234254141658,
        "mean": 72.75480502981465,
        "min": 68.50903798307868,
        "p16": 71.76212791395528,
        "p50": 72.75582331987118,
        "p84": 73.74560249139533,
        "sd": 0.9990492589532936
      },
      "local_minus_highz_gr_sigma": 0.7480604514088068,
      "local_minus_highz_mg_sigma": 0.5608128944804079,
      "p_gr_above_local_ref": 0.19393,
      "p_gr_below_local_ref": 0.80607,
      "p_gr_below_planck_ref": 0.29098,
      "z_anchor": 0.62
    }
  ],
  "draws_total": 1600,
  "draws_used": 1600,
  "h0_posterior_mg_truth": {
    "max": 81.34840392208962,
    "mean": 70.68931182042479,
    "min": 60.443182238538995,
    "p16": 67.69470401834123,