{
  "apparent_gr_bias_vs_true": {
    "max": 4.699587894660809,
    "mean": -1.5178993590958554,
    "min": -6.38105484702362,
    "p16": -2.841447807927844,
    "p50": -1.6121133301152497,
    "p84": -0.17272696211213076,
    "sd": 1.3426386183607828
  },
  "delta_local_minus_highz_gr": {
    "max": 17.33907297972076,
    "mean": 4.170066244967826,
    "min": -11.159238965587122,
    "p16": 1.094293352464435,
    "p50": 4.189155410558051,
    "p84": 7.30120967537314,
    "sd": 3.171190207933502
  },
  "delta_local_minus_highz_mg": {
    "max": 15.79091998438993,
    "mean": 2.439082831924404,
    "min": -11.836722512224767,
    "p16": -0.6516679974962942,
    "p50": 2.3697052280677866,
    "p84": 5.601679209094268,
    "sd": 3.2032085043458665
  },
  "h0_highz_gr": {
    "max": 82.79730045472256,
    "mean": 69.0847293510562,
    "min": 57.92648231548787,
    "p16": 66.12401585144575,
    "p50": 69.0519319930482,
    "p84": 71.98447963642425,
    "sd": 3.007971066789171
  },
  "h0_highz_mg": {
    "max": 83.47871718513012,
    "mean": 70.81571276409962,
    "min": 59.26051741951135,
    "p16": 67.79970445087301,
    "p50": 70.91405868182724,
    "p84": 73.72141533073018,
    "sd": 3.0413965657123256
  },
  "h0_local_obs": {
    "max": 77.61701744588895,
    "mean": 73.25479559602402,
    "min": 68.91918248247944,
    "p16": 72.25588993572794,
    "p50": 73.24879420351134,
    "p84": 74.25455666005894,
    "sd": 1.0000560851772262
  },
  "local_minus_highz_gr_sigma": 1.3155444281005888,
  "local_minus_highz_mg_sigma": 0.761838024105007,
  "p_gr_above_local_ref": 0.09356,
  "p_gr_below_local_ref": 0.90644,
  "p_gr_below_planck_ref": 0.28299,
  "z_anchor": 0.2
}
