{
  "apparent_gr_bias_vs_true": {
    "max": 9.382340977315053,
    "mean": -1.9429337805775,
    "min": -10.30607515777271,
    "p16": -4.333572403399041,
    "p50": -2.234740069384202,
    "p84": 0.5124158792279998,
    "sd": 2.478137445878523
  },
  "delta_local_minus_highz_gr": {
    "max": 18.559545922774483,
    "mean": 4.60319459556172,
    "min": -13.135129231958658,
    "p16": 1.0287123316417632,
    "p50": 4.778765352521269,
    "p84": 8.189254187092535,
    "sd": 3.661320739755499
  },
  "delta_local_minus_highz_mg": {
    "max": 15.213809986402609,
    "mean": 2.4509223273891427,
    "min": -11.497123931211206,
    "p16": -0.617579099355151,
    "p50": 2.3922600102528335,
    "p84": 5.579447816868336,
    "sd": 3.198325202113233
  },
  "h0_highz_gr": {
    "max": 85.89654543261662,
    "mean": 68.65384004785224,
    "min": 56.05622558219448,
    "p16": 65.18515810611304,
    "p50": 68.44350088156725,
    "p84": 72.09767237128173,
    "sd": 3.5211628667400947
  },
  "h0_highz_mg": {
    "max": 83.06967283399682,
    "mean": 70.80611231602482,
    "min": 59.1627958116004,
    "p16": 67.82539156744335,
    "p50": 70.88921499441057,
    "p84": 73.69733014354011,
    "sd": 3.0324149130924285
  },
  "h0_local_obs": {
    "max": 77.4619816239883,
    "mean": 73.25703464341396,
    "min": 68.41767383943305,
    "p16": 72.26276504917365,
    "p50": 73.25754648830303,
    "p84": 74.24721104139493,
    "sd": 0.996824620331816
  },
  "local_minus_highz_gr_sigma": 1.2575631973575956,
  "local_minus_highz_mg_sigma": 0.7675813734739051,
  "p_gr_above_local_ref": 0.11009,
  "p_gr_below_local_ref": 0.88991,
  "p_gr_below_planck_ref": 0.37404,
  "z_anchor": 0.5
}
