{
  "apparent_gr_bias_vs_true": {
    "max": 13.066830237143563,
    "mean": -1.0891081597343664,
    "min": -10.171751113007844,
    "p16": -3.861305368287662,
    "p50": -1.4442202495791108,
    "p84": 1.7302718651799822,
    "sd": 2.9205518663761545
  },
  "delta_local_minus_highz_gr": {
    "max": 18.71172146395427,
    "mean": 3.7177646076610857,
    "min": -15.57832602860229,
    "p16": -0.24638937981749956,
    "p50": 3.9565090722406993,
    "p84": 7.670437195295135,
    "sd": 4.029475133130991
  },
  "delta_local_minus_highz_mg": {
    "max": 15.093959599214763,
    "mean": 2.418262384700178,
    "min": -11.03811417464918,
    "p16": -0.6647400580539096,
    "p50": 2.360410480031547,
    "p84": 5.57301049594198,
    "sd": 3.1940135245663965
  },
  "h0_highz_gr": {
    "max": 88.1625731871313,
    "mean": 69.53427098552937,
    "min": 55.36143168327055,
    "p16": 65.69881912816707,
    "p50": 69.25691379772172,
    "p84": 73.3744158315747,
    "sd": 3.8993712077211082
  },
  "h0_highz_mg": {
    "max": 83.71713496993046,
    "mean": 70.83377320849029,
    "min": 59.15458860555127,
    "p16": 67.82920228877423,
    "p50": 70.9261758863257,
    "p84": 73.74575003638192,
    "sd": 3.033222680631357
  },
  "h0_local_obs": {
    "max": 77.45739610683546,
    "mean": 73.25203559319047,
    "min": 68.6080322174324,
    "p16": 72.25645699067103,
    "p50": 73.25102434913046,
    "p84": 74.24747012704735,
    "sd": 1.0013466293335946
  },
  "local_minus_highz_gr_sigma": 0.9235408015391067,
  "local_minus_highz_mg_sigma": 0.7571709990938797,
  "p_gr_above_local_ref": 0.18402,
  "p_gr_below_local_ref": 0.81598,
  "p_gr_below_planck_ref": 0.29712,
  "z_anchor": 0.62
}
