{
  "apparent_gr_bias_vs_true": {
    "max": 6.80147879409553,
    "mean": -2.14335569250767,
    "min": -7.849441370841788,
    "p16": -4.0581064148274955,
    "p50": -2.3437786828782237,
    "p84": -0.1829870556045242,
    "sd": 1.964499051043725
  },
  "delta_local_minus_highz_gr": {
    "max": 17.70682149606133,
    "mean": 4.763689988079495,
    "min": -11.505948303113229,
    "p16": 1.4917180496606801,
    "p50": 4.874214888551187,
    "p84": 8.05121239004452,
    "sd": 3.3589879925022283
  },
  "delta_local_minus_highz_mg": {
    "max": 15.739029001845225,
    "mean": 2.4128431175362626,
    "min": -11.853670393001082,
    "p16": -0.6583942059017482,
    "p50": 2.355108996486365,
    "p84": 5.540795120738714,
    "sd": 3.183718014210726
  },
  "h0_highz_gr": {
    "max": 83.33328903084889,
    "mean": 68.48399625452625,
    "min": 56.2090945141853,
    "p16": 65.31863707441323,
    "p50": 68.34330319979738,
    "p84": 71.59044985670559,
    "sd": 3.211905798336924
  },
  "h0_highz_mg": {
    "max": 83.1559262659703,
    "mean": 70.83484312506948,
    "min": 58.663456258905626,
    "p16": 67.86206577080401,
    "p50": 70.90567199912553,
    "p84": 73.73393658470789,
    "sd": 3.0259629292774197
  },
  "h0_local_obs": {
    "max": 77.54400034387733,
    "mean": 73.24768624260575,
    "min": 69.21382961201324,
    "p16": 72.25022207215044,
    "p50": 73.2473689713776,
    "p84": 74.24463201890403,
    "sd": 0.9999150148060622
  },
  "local_minus_highz_gr_sigma": 1.416088901037716,
  "local_minus_highz_mg_sigma": 0.7571084310040587,
  "p_gr_above_local_ref": 0.08344,
  "p_gr_below_local_ref": 0.91656,
  "p_gr_below_planck_ref": 0.37242,
  "z_anchor": 0.35
}
