{
  "anchor_results": [
    {
      "apparent_gr_bias_vs_true": {
        "max": 4.699587894660809,
        "mean": -1.5178993590958554,
        "min": -6.38105484702362,
        "p16": -2.841447807927844,
        "p50": -1.6121133301152497,
        "p84": -0.17272696211213076,
        "sd": 1.3426386183607828
      },
      "delta_local_minus_highz_gr": {
        "max": 17.33907297972076,
        "mean": 4.170066244967826,
        "min": -11.159238965587122,
        "p16": 1.094293352464435,
        "p50": 4.189155410558051,
        "p84": 7.30120967537314,
        "sd": 3.171190207933502
      },
      "delta_local_minus_highz_mg": {
        "max": 15.79091998438993,
        "mean": 2.439082831924404,
        "min": -11.836722512224767,
        "p16": -0.6516679974962942,
        "p50": 2.3697052280677866,
        "p84": 5.601679209094268,
        "sd": 3.2032085043458665
      },
      "h0_highz_gr": {
        "max": 82.79730045472256,
        "mean": 69.0847293510562,
        "min": 57.92648231548787,
        "p16": 66.12401585144575,
        "p50": 69.0519319930482,
        "p84": 71.98447963642425,
        "sd": 3.007971066789171
      },
      "h0_highz_mg": {
        "max": 83.47871718513012,
        "mean": 70.81571276409962,
        "min": 59.26051741951135,
        "p16": 67.79970445087301,
        "p50": 70.91405868182724,
        "p84": 73.72141533073018,
        "sd": 3.0413965657123256
      },
      "h0_local_obs": {
        "max": 77.61701744588895,
        "mean": 73.25479559602402,
        "min": 68.91918248247944,
        "p16": 72.25588993572794,
        "p50": 73.24879420351134,
        "p84": 74.25455666005894,
        "sd": 1.0000560851772262
      },
      "local_minus_highz_gr_sigma": 1.3155444281005888,
      "local_minus_highz_mg_sigma": 0.761838024105007,
      "p_gr_above_local_ref": 0.09356,
      "p_gr_below_local_ref": 0.90644,
      "p_gr_below_planck_ref": 0.28299,
      "z_anchor": 0.2
    },
    {
      "apparent_gr_bias_vs_true": {
        "max": 6.80147879409553,
        "mean": -2.14335569250767,
        "min": -7.849441370841788,
        "p16": -4.0581064148274955,
        "p50": -2.3437786828782237,
        "p84": -0.1829870556045242,
        "sd": 1.964499051043725
      },
      "delta_local_minus_highz_gr": {
        "max": 17.70682149606133,
        "mean": 4.763689988079495,
        "min": -11.505948303113229,
        "p16": 1.4917180496606801,
        "p50": 4.874214888551187,
        "p84": 8.05121239004452,
        "sd": 3.3589879925022283
      },
      "delta_local_minus_highz_mg": {
        "max": 15.739029001845225,
        "mean": 2.4128431175362626,
        "min": -11.853670393001082,
        "p16": -0.6583942059017482,
        "p50": 2.355108996486365,
        "p84": 5.540795120738714,
        "sd": 3.183718014210726
      },
      "h0_highz_gr": {
        "max": 83.33328903084889,
        "mean": 68.48399625452625,
        "min": 56.2090945141853,
        "p16": 65.31863707441323,
        "p50": 68.34330319979738,
        "p84": 71.59044985670559,
        "sd": 3.211905798336924
      },
      "h0_highz_mg": {
        "max": 83.1559262659703,
        "mean": 70.83484312506948,
        "min": 58.663456258905626,
        "p16": 67.86206577080401,
        "p50": 70.90567199912553,
        "p84": 73.73393658470789,
        "sd": 3.0259629292774197
      },
      "h0_local_obs": {
        "max": 77.54400034387733,
        "mean": 73.24768624260575,
        "min": 69.21382961201324,
        "p16": 72.25022207215044,
        "p50": 73.2473689713776,
        "p84": 74.24463201890403,
        "sd": 0.9999150148060622
      },
      "local_minus_highz_gr_sigma": 1.416088901037716,
      "local_minus_highz_mg_sigma": 0.7571084310040587,
      "p_gr_above_local_ref": 0.08344,
      "p_gr_below_local_ref": 0.91656,
      "p_gr_below_planck_ref": 0.37242,
      "z_anchor": 0.35
    },
    {
      "apparent_gr_bias_vs_true": {
        "max": 9.382340977315053,
        "mean": -1.9429337805775,
        "min": -10.30607515777271,
        "p16": -4.333572403399041,
        "p50": -2.234740069384202,
        "p84": 0.5124158792279998,
        "sd": 2.478137445878523
      },
      "delta_local_minus_highz_gr": {
        "max": 18.559545922774483,
        "mean": 4.60319459556172,
        "min": -13.135129231958658,
        "p16": 1.0287123316417632,
        "p50": 4.778765352521269,
        "p84": 8.189254187092535,
        "sd": 3.661320739755499
      },
      "delta_local_minus_highz_mg": {
        "max": 15.213809986402609,
        "mean": 2.4509223273891427,
        "min": -11.497123931211206,
        "p16": -0.617579099355151,
        "p50": 2.3922600102528335,
        "p84": 5.579447816868336,
        "sd": 3.198325202113233
      },
      "h0_highz_gr": {
        "max": 85.89654543261662,
        "mean": 68.65384004785224,
        "min": 56.05622558219448,
        "p16": 65.18515810611304,
        "p50": 68.44350088156725,
        "p84": 72.09767237128173,
        "sd": 3.5211628667400947
      },
      "h0_highz_mg": {
        "max": 83.06967283399682,
        "mean": 70.80611231602482,
        "min": 59.1627958116004,
        "p16": 67.82539156744335,
        "p50": 70.88921499441057,
        "p84": 73.69733014354011,
        "sd": 3.0324149130924285
      },
      "h0_local_obs": {
        "max": 77.4619816239883,
        "mean": 73.25703464341396,
        "min": 68.41767383943305,
        "p16": 72.26276504917365,
        "p50": 73.25754648830303,
        "p84": 74.24721104139493,
        "sd": 0.996824620331816
      },
      "local_minus_highz_gr_sigma": 1.2575631973575956,
      "local_minus_highz_mg_sigma": 0.7675813734739051,
      "p_gr_above_local_ref": 0.11009,
      "p_gr_below_local_ref": 0.88991,
      "p_gr_below_planck_ref": 0.37404,
      "z_anchor": 0.5
    },
    {
      "apparent_gr_bias_vs_true": {
        "max": 13.066830237143563,
        "mean": -1.0891081597343664,
        "min": -10.171751113007844,
        "p16": -3.861305368287662,
        "p50": -1.4442202495791108,
        "p84": 1.7302718651799822,
        "sd": 2.9205518663761545
      },
      "delta_local_minus_highz_gr": {
        "max": 18.71172146395427,
        "mean": 3.7177646076610857,
        "min": -15.57832602860229,
        "p16": -0.24638937981749956,
        "p50": 3.9565090722406993,
        "p84": 7.670437195295135,
        "sd": 4.029475133130991
      },
      "delta_local_minus_highz_mg": {
        "max": 15.093959599214763,
        "mean": 2.418262384700178,
        "min": -11.03811417464918,
        "p16": -0.6647400580539096,
        "p50": 2.360410480031547,
        "p84": 5.57301049594198,
        "sd": 3.1940135245663965
      },
      "h0_highz_gr": {
        "max": 88.1625731871313,
        "mean": 69.53427098552937,
        "min": 55.36143168327055,
        "p16": 65.69881912816707,
        "p50": 69.25691379772172,
        "p84": 73.3744158315747,
        "sd": 3.8993712077211082
      },
      "h0_highz_mg": {
        "max": 83.71713496993046,
        "mean": 70.83377320849029,
        "min": 59.15458860555127,
        "p16": 67.82920228877423,
        "p50": 70.9261758863257,
        "p84": 73.74575003638192,
        "sd": 3.033222680631357
      },
      "h0_local_obs": {
        "max": 77.45739610683546,
        "mean": 73.25203559319047,
        "min": 68.6080322174324,
        "p16": 72.25645699067103,
        "p50": 73.25102434913046,
        "p84": 74.24747012704735,
        "sd": 1.0013466293335946
      },
      "local_minus_highz_gr_sigma": 0.9235408015391067,
      "local_minus_highz_mg_sigma": 0.7571709990938797,
      "p_gr_above_local_ref": 0.18402,
      "p_gr_below_local_ref": 0.81598,
      "p_gr_below_planck_ref": 0.29712,
      "z_anchor": 0.62
    }
  ],
  "draws_total": 1600,
  "draws_used": 1600,
  "h0_posterior_mg_truth": {
    "max": 81.12434628314327,
    "mean": 70.6139339829599,
    "min": 60.40119844002723,
    "p16": 67.71835091504013,