{
  "apparent_gr_bias_vs_true": {
    "max": 6.742275142505747,
    "mean": -2.3496322961256526,
    "min": -8.0611592425727,
    "p16": -4.262419484560337,
    "p50": -2.5459081020038816,
    "p84": -0.3900296736554285,
    "sd": 1.9598470907702832
  },
  "delta_local_minus_highz_gr": {
    "max": 17.81960899429655,
    "mean": 5.00207487345334,
    "min": -11.134283311426287,
    "p16": 1.7315449867839596,
    "p50": 5.103884173387961,
    "p84": 8.306533509175855,
    "sd": 3.357763306133794
  },
  "delta_local_minus_highz_mg": {
    "max": 15.81651579770682,
    "mean": 2.6520268309537296,
    "min": -10.778790448655045,
    "p16": -0.4326586114533802,
    "p50": 2.5927112348977914,
    "p84": 5.784449528945563,
    "sd": 3.1934032836161133
  },
  "h0_highz_gr": {
    "max": 82.65352129591291,
    "mean": 68.2519445671537,
    "min": 56.36943530761081,
    "p16": 65.08260327709154,
    "p50": 68.11723480870515,
    "p84": 71.35077380730569,
    "sd": 3.2030219958635278
  },
  "h0_highz_mg": {
    "max": 83.10327765254128,
    "mean": 70.60199260965331,
    "min": 58.83079830920786,
    "p16": 67.6088959111613,
    "p50": 70.68479154540347,
    "p84": 73.49852126343184,
    "sd": 3.0308924669220363
  },
  "h0_local_obs": {
    "max": 77.98970803695555,
    "mean": 73.25401944060704,
    "min": 68.95830300819907,
    "p16": 72.25727317909777,
    "p50": 73.25493555922303,
    "p84": 74.24915265097769,
    "sd": 0.9985491855086719
  },
  "local_minus_highz_gr_sigma": 1.4907112542867598,
  "local_minus_highz_mg_sigma": 0.8309396587970589,
  "p_gr_above_local_ref": 0.07356,
  "p_gr_below_local_ref": 0.92644,
  "p_gr_below_planck_ref": 0.40151,
  "z_anchor": 0.35
}
