{
  "apparent_gr_bias_vs_true": {
    "max": 4.658497401877895,
    "mean": -1.7281009230461486,
    "min": -6.191416550018872,
    "p16": -3.043880370080915,
    "p50": -1.8213618516630703,
    "p84": -0.39144941371390446,
    "sd": 1.3392807530834085
  },
  "delta_local_minus_highz_gr": {
    "max": 17.355349600855867,
    "mean": 4.3627858795414145,
    "min": -9.519055102405773,
    "p16": 1.3075349356875592,
    "p50": 4.385209400981537,
    "p84": 7.452153476176362,
    "sd": 3.1446034712100475
  },
  "delta_local_minus_highz_mg": {
    "max": 15.859114164635749,
    "mean": 2.6326395820387516,
    "min": -11.017799995063356,
    "p16": -0.4305068853729108,
    "p50": 2.5719801321276208,
    "p84": 5.7664741256332155,
    "sd": 3.176698533720192
  },
  "h0_highz_gr": {
    "max": 82.13165286536965,
    "mean": 68.88665800241257,
    "min": 57.10692807971987,
    "p16": 65.95116291196052,
    "p50": 68.85970512325055,
    "p84": 71.74905085827561,
    "sd": 2.983583842778119
  },
  "h0_highz_mg": {
    "max": 82.87552929569512,
    "mean": 70.61680429991524,
    "min": 58.60316351593999,
    "p16": 67.64200064405284,
    "p50": 70.70367725419571,
    "p84": 73.50888871031177,
    "sd": 3.016401094863609
  },
  "h0_local_obs": {
    "max": 77.62908444591451,
    "mean": 73.249443881954,
    "min": 68.82271034787706,
    "p16": 72.25364578966047,
    "p50": 73.24946240248153,
    "p84": 74.24365999603573,
    "sd": 0.9979561794853614
  },
  "local_minus_highz_gr_sigma": 1.3864602597467033,
  "local_minus_highz_mg_sigma": 0.8284364455621179,
  "p_gr_above_local_ref": 0.08211,
  "p_gr_below_local_ref": 0.91789,
  "p_gr_below_planck_ref": 0.30498,
  "z_anchor": 0.2
}
