{
  "apparent_gr_bias_vs_true": {
    "max": 11.541608965742029,
    "mean": -2.1521732052205795,
    "min": -10.219375137562835,
    "p16": -4.5400477790914735,
    "p50": -2.439543416295649,
    "p84": 0.29205523489270147,
    "sd": 2.470240015544536
  },
  "delta_local_minus_highz_gr": {
    "max": 19.43067544755604,
    "mean": 4.7810650257068685,
    "min": -15.923665393802594,
    "p16": 1.229386454345206,
    "p50": 4.95921370327909,
    "p84": 8.352564202072532,
    "sd": 3.646978670132935
  },
  "delta_local_minus_highz_mg": {
    "max": 16.116688614319457,
    "mean": 2.626072520024014,
    "min": -11.379810251014462,
    "p16": -0.45990267506998633,
    "p50": 2.559492922743445,
    "p84": 5.764140961438898,
    "sd": 3.1803252411588936
  },
  "h0_highz_gr": {
    "max": 86.54264678598187,
    "mean": 68.46806606745164,
    "min": 56.004475903718955,
    "p16": 64.99743645428339,
    "p50": 68.26036807238361,
    "p84": 71.8913531452842,
    "sd": 3.505821700651365
  },
  "h0_highz_mg": {
    "max": 83.33920729674753,
    "mean": 70.6230585731345,
    "min": 57.690801631382826,
    "p16": 67.61731064102275,
    "p50": 70.70211219498502,
    "p84": 73.51932535239257,
    "sd": 3.018904997502189
  },
  "h0_local_obs": {
    "max": 77.80623939228924,
    "mean": 73.24913109315851,
    "min": 69.10968194942654,
    "p16": 72.25649072787031,
    "p50": 73.25123580323978,
    "p84": 74.23829869339282,
    "sd": 0.9992469166182215
  },
  "local_minus_highz_gr_sigma": 1.3114427033082712,
  "local_minus_highz_mg_sigma": 0.8257523254185789,
  "p_gr_above_local_ref": 0.10155,
  "p_gr_below_local_ref": 0.89845,
  "p_gr_below_planck_ref": 0.39467,
  "z_anchor": 0.5
}
