{
  "apparent_gr_bias_vs_true": {
    "max": 12.717578480888463,
    "mean": -1.2756975102212051,
    "min": -10.676097744029768,
    "p16": -4.047802617852288,
    "p50": -1.621064551607482,
    "p84": 1.5503561094814036,
    "sd": 2.91645631157702
  },
  "delta_local_minus_highz_gr": {
    "max": 19.693604693986266,
    "mean": 3.8984228893486095,
    "min": -16.726217196811902,
    "p16": -0.04197039999417365,
    "p50": 4.146709319871292,
    "p84": 7.830577150612588,
    "sd": 4.013198394898909
  },
  "delta_local_minus_highz_mg": {
    "max": 15.926291898539851,
    "mean": 2.6231829064920418,
    "min": -11.404660637472347,
    "p16": -0.43505658443433787,
    "p50": 2.55959837568993,
    "p84": 5.7339103326355705,
    "sd": 3.16966174984017
  },
  "h0_highz_gr": {
    "max": 88.68313417772602,
    "mean": 69.34403063969786,
    "min": 54.98423456449432,
    "p16": 65.51325230724262,
    "p50": 69.06148182469033,
    "p84": 73.17191355787617,
    "sd": 3.8869823521733835
  },
  "h0_highz_mg": {
    "max": 83.19265802213008,
    "mean": 70.61927062255442,
    "min": 58.75154735994074,
    "p16": 67.6533589085918,
    "p50": 70.7079742720625,
    "p84": 73.48928772870859,
    "sd": 3.0063505989605788
  },
  "h0_local_obs": {
    "max": 77.52610274725741,
    "mean": 73.24245352904647,
    "min": 68.23264885080417,
    "p16": 72.24616668102362,
    "p50": 73.2430552317706,
    "p84": 74.24745070133396,
    "sd": 1.0011758270576487
  },
  "local_minus_highz_gr_sigma": 0.9713139381612682,
  "local_minus_highz_mg_sigma": 0.8279457183697412,
  "p_gr_above_local_ref": 0.17075,
  "p_gr_below_local_ref": 0.82925,
  "p_gr_below_planck_ref": 0.31583,
  "z_anchor": 0.62
}
