{
  "anchor_results": [
    {
      "apparent_gr_bias_vs_true": {
        "max": 4.658497401877895,
        "mean": -1.7281009230461486,
        "min": -6.191416550018872,
        "p16": -3.043880370080915,
        "p50": -1.8213618516630703,
        "p84": -0.39144941371390446,
        "sd": 1.3392807530834085
      },
      "delta_local_minus_highz_gr": {
        "max": 17.355349600855867,
        "mean": 4.3627858795414145,
        "min": -9.519055102405773,
        "p16": 1.3075349356875592,
        "p50": 4.385209400981537,
        "p84": 7.452153476176362,
        "sd": 3.1446034712100475
      },
      "delta_local_minus_highz_mg": {
        "max": 15.859114164635749,
        "mean": 2.6326395820387516,
        "min": -11.017799995063356,
        "p16": -0.4305068853729108,
        "p50": 2.5719801321276208,
        "p84": 5.7664741256332155,
        "sd": 3.176698533720192
      },
      "h0_highz_gr": {
        "max": 82.13165286536965,
        "mean": 68.88665800241257,
        "min": 57.10692807971987,
        "p16": 65.95116291196052,
        "p50": 68.85970512325055,
        "p84": 71.74905085827561,
        "sd": 2.983583842778119
      },
      "h0_highz_mg": {
        "max": 82.87552929569512,
        "mean": 70.61680429991524,
        "min": 58.60316351593999,
        "p16": 67.64200064405284,
        "p50": 70.70367725419571,
        "p84": 73.50888871031177,
        "sd": 3.016401094863609
      },
      "h0_local_obs": {
        "max": 77.62908444591451,
        "mean": 73.249443881954,
        "min": 68.82271034787706,
        "p16": 72.25364578966047,
        "p50": 73.24946240248153,
        "p84": 74.24365999603573,
        "sd": 0.9979561794853614
      },
      "local_minus_highz_gr_sigma": 1.3864602597467033,
      "local_minus_highz_mg_sigma": 0.8284364455621179,
      "p_gr_above_local_ref": 0.08211,
      "p_gr_below_local_ref": 0.91789,
      "p_gr_below_planck_ref": 0.30498,
      "z_anchor": 0.2
    },
    {
      "apparent_gr_bias_vs_true": {
        "max": 6.742275142505747,
        "mean": -2.3496322961256526,
        "min": -8.0611592425727,
        "p16": -4.262419484560337,
        "p50": -2.5459081020038816,
        "p84": -0.3900296736554285,
        "sd": 1.9598470907702832
      },
      "delta_local_minus_highz_gr": {
        "max": 17.81960899429655,
        "mean": 5.00207487345334,
        "min": -11.134283311426287,
        "p16": 1.7315449867839596,
        "p50": 5.103884173387961,
        "p84": 8.306533509175855,
        "sd": 3.357763306133794
      },
      "delta_local_minus_highz_mg": {
        "max": 15.81651579770682,
        "mean": 2.6520268309537296,
        "min": -10.778790448655045,
        "p16": -0.4326586114533802,
        "p50": 2.5927112348977914,
        "p84": 5.784449528945563,
        "sd": 3.1934032836161133
      },
      "h0_highz_gr": {
        "max": 82.65352129591291,
        "mean": 68.2519445671537,
        "min": 56.36943530761081,
        "p16": 65.08260327709154,
        "p50": 68.11723480870515,
        "p84": 71.35077380730569,
        "sd": 3.2030219958635278
      },
      "h0_highz_mg": {
        "max": 83.10327765254128,
        "mean": 70.60199260965331,
        "min": 58.83079830920786,
        "p16": 67.6088959111613,
        "p50": 70.68479154540347,
        "p84": 73.49852126343184,
        "sd": 3.0308924669220363
      },
      "h0_local_obs": {
        "max": 77.98970803695555,
        "mean": 73.25401944060704,
        "min": 68.95830300819907,
        "p16": 72.25727317909777,
        "p50": 73.25493555922303,
        "p84": 74.24915265097769,
        "sd": 0.9985491855086719
      },
      "local_minus_highz_gr_sigma": 1.4907112542867598,
      "local_minus_highz_mg_sigma": 0.8309396587970589,
      "p_gr_above_local_ref": 0.07356,
      "p_gr_below_local_ref": 0.92644,
      "p_gr_below_planck_ref": 0.40151,
      "z_anchor": 0.35
    },
    {
      "apparent_gr_bias_vs_true": {
        "max": 11.541608965742029,
        "mean": -2.1521732052205795,
        "min": -10.219375137562835,
        "p16": -4.5400477790914735,
        "p50": -2.439543416295649,
        "p84": 0.29205523489270147,
        "sd": 2.470240015544536
      },
      "delta_local_minus_highz_gr": {
        "max": 19.43067544755604,
        "mean": 4.7810650257068685,
        "min": -15.923665393802594,
        "p16": 1.229386454345206,
        "p50": 4.95921370327909,
        "p84": 8.352564202072532,
        "sd": 3.646978670132935
      },
      "delta_local_minus_highz_mg": {
        "max": 16.116688614319457,
        "mean": 2.626072520024014,
        "min": -11.379810251014462,
        "p16": -0.45990267506998633,
        "p50": 2.559492922743445,
        "p84": 5.764140961438898,
        "sd": 3.1803252411588936
      },
      "h0_highz_gr": {
        "max": 86.54264678598187,
        "mean": 68.46806606745164,
        "min": 56.004475903718955,
        "p16": 64.99743645428339,
        "p50": 68.26036807238361,
        "p84": 71.8913531452842,
        "sd": 3.505821700651365
      },
      "h0_highz_mg": {
        "max": 83.33920729674753,
        "mean": 70.6230585731345,
        "min": 57.690801631382826,
        "p16": 67.61731064102275,
        "p50": 70.70211219498502,
        "p84": 73.51932535239257,
        "sd": 3.018904997502189
      },
      "h0_local_obs": {
        "max": 77.80623939228924,
        "mean": 73.24913109315851,
        "min": 69.10968194942654,
        "p16": 72.25649072787031,
        "p50": 73.25123580323978,
        "p84": 74.23829869339282,
        "sd": 0.9992469166182215
      },
      "local_minus_highz_gr_sigma": 1.3114427033082712,
      "local_minus_highz_mg_sigma": 0.8257523254185789,
      "p_gr_above_local_ref": 0.10155,
      "p_gr_below_local_ref": 0.89845,
      "p_gr_below_planck_ref": 0.39467,
      "z_anchor": 0.5
    },
    {
      "apparent_gr_bias_vs_true": {
        "max": 12.717578480888463,
        "mean": -1.2756975102212051,
        "min": -10.676097744029768,
        "p16": -4.047802617852288,
        "p50": -1.621064551607482,
        "p84": 1.5503561094814036,
        "sd": 2.91645631157702
      },
      "delta_local_minus_highz_gr": {
        "max": 19.693604693986266,
        "mean": 3.8984228893486095,
        "min": -16.726217196811902,
        "p16": -0.04197039999417365,
        "p50": 4.146709319871292,
        "p84": 7.830577150612588,
        "sd": 4.013198394898909
      },
      "delta_local_minus_highz_mg": {
        "max": 15.926291898539851,
        "mean": 2.6231829064920418,
        "min": -11.404660637472347,
        "p16": -0.43505658443433787,
        "p50": 2.55959837568993,
        "p84": 5.7339103326355705,
        "sd": 3.16966174984017
      },
      "h0_highz_gr": {
        "max": 88.68313417772602,
        "mean": 69.34403063969786,
        "min": 54.98423456449432,
        "p16": 65.51325230724262,
        "p50": 69.06148182469033,
        "p84": 73.17191355787617,
        "sd": 3.8869823521733835
      },
      "h0_highz_mg": {
        "max": 83.19265802213008,
        "mean": 70.61927062255442,
        "min": 58.75154735994074,
        "p16": 67.6533589085918,
        "p50": 70.7079742720625,
        "p84": 73.48928772870859,
        "sd": 3.0063505989605788
      },
      "h0_local_obs": {
        "max": 77.52610274725741,
        "mean": 73.24245352904647,
        "min": 68.23264885080417,
        "p16": 72.24616668102362,
        "p50": 73.2430552317706,
        "p84": 74.24745070133396,
        "sd": 1.0011758270576487
      },
      "local_minus_highz_gr_sigma": 0.9713139381612682,
      "local_minus_highz_mg_sigma": 0.8279457183697412,
      "p_gr_above_local_ref": 0.17075,
      "p_gr_below_local_ref": 0.82925,
      "p_gr_below_planck_ref": 0.31583,
      "z_anchor": 0.62
    }
  ],
  "draws_total": 1600,
  "draws_used": 1600,
  "h0_posterior_mg_truth": {
    "max": 81.12434628314327,
    "mean": 70.6139339829599,
    "min": 60.40119844002723,
    "p16": 67.71835091504013,