{
  "apparent_gr_bias_vs_true": {
    "max": 9.70185602221298,
    "mean": -2.242309289035969,
    "min": -9.672027864601645,
    "p16": -4.612395994554634,
    "p50": -2.5269261708819926,
    "p84": 0.14265285522631513,
    "sd": 2.4906724265663236
  },
  "delta_local_minus_highz_gr": {
    "max": 16.371098195995934,
    "mean": 4.465152599121358,
    "min": -14.04445743681596,
    "p16": 0.7618277724589921,
    "p50": 4.702116746268018,
    "p84": 8.123419223850986,
    "sd": 3.7262786223869906
  },
  "delta_local_minus_highz_mg": {
    "max": 13.951068580692997,
    "mean": 2.226067398271834,
    "min": -12.109801489477078,
    "p16": -0.9119520684414323,
    "p50": 2.3166527158378045,
    "p84": 5.315548215437625,
    "sd": 3.210501395896024
  },
  "h0_highz_gr": {
    "max": 86.90024577747211,
    "mean": 68.28166635965924,
    "min": 57.433728745372576,
    "p16": 64.75744451008977,
    "p50": 68.02853179585,
    "p84": 71.86573552977329,
    "sd": 3.5902212569029204
  },
  "h0_highz_mg": {
    "max": 84.96012522968022,
    "mean": 70.52075156050877,
    "min": 59.171614034322815,
    "p16": 67.61982176389785,
    "p50": 70.42413947285746,
    "p84": 73.51711833305342,
    "sd": 3.0520816046931203
  },
  "h0_local_obs": {
    "max": 77.19034822668226,
    "mean": 72.7468189587806,
    "min": 68.61928749116186,
    "p16": 71.75383993601977,
    "p50": 72.7441751239578,
    "p84": 73.74258183715365,
    "sd": 1.0000084688606214
  },
  "local_minus_highz_gr_sigma": 1.198091673731014,
  "local_minus_highz_mg_sigma": 0.6931056484917253,
  "p_gr_above_local_ref": 0.10015,
  "p_gr_below_local_ref": 0.89985,
  "p_gr_below_planck_ref": 0.42643,
  "z_anchor": 0.5
}
