{
  "apparent_gr_bias_vs_true": {
    "max": 7.349311454110435,
    "mean": -2.4301465275378153,
    "min": -8.725270240728122,
    "p16": -4.367250543675194,
    "p50": -2.630857610009855,
    "p84": -0.49558493863910824,
    "sd": 1.9961665384599212
  },
  "delta_local_minus_highz_gr": {
    "max": 16.472879593176337,
    "mean": 4.670266873039624,
    "min": -13.342407778381187,
    "p16": 1.2900083529225639,
    "p50": 4.8141019114095585,
    "p84": 8.029173360357383,
    "sd": 3.427366970116635
  },
  "delta_local_minus_highz_mg": {
    "max": 14.711708604407022,
    "mean": 2.239996149903029,
    "min": -13.165695969464863,
    "p16": -0.879756361644882,
    "p50": 2.297701862383839,
    "p84": 5.3468457230378394,
    "sd": 3.2097299667781103
  },
  "h0_highz_gr": {
    "max": 84.88640921323424,
    "mean": 68.07753116317559,
    "min": 57.131618758234595,
    "p16": 64.85548002331741,
    "p50": 67.8995329703678,
    "p84": 71.35063873075063,
    "sd": 3.283068675788121
  },
  "h0_highz_mg": {
    "max": 84.70776290221116,
    "mean": 70.5078018863122,
    "min": 59.41005901657734,
    "p16": 67.59183756460615,
    "p50": 70.42726322545494,
    "p84": 73.48666251098234,
    "sd": 3.054376399690017
  },
  "h0_local_obs": {
    "max": 77.49694544579623,
    "mean": 72.74779803621522,
    "min": 68.79350378610027,
    "p16": 71.75593473119444,
    "p50": 72.75027112071882,
    "p84": 73.7449685380608,
    "sd": 0.9986753320887094
  },
  "local_minus_highz_gr_sigma": 1.3608052273220652,
  "local_minus_highz_mg_sigma": 0.6969692365310604,
  "p_gr_above_local_ref": 0.06933,
  "p_gr_below_local_ref": 0.93067,
  "p_gr_below_planck_ref": 0.43739,
  "z_anchor": 0.35
}
