{
  "apparent_gr_bias_vs_true": {
    "max": 4.9375738329162004,
    "mean": -1.7911748748289604,
    "min": -6.393930449692903,
    "p16": -3.119178820363148,
    "p50": -1.8860780748960337,
    "p84": -0.4682377285549665,
    "sd": 1.3551466085770705
  },
  "delta_local_minus_highz_gr": {
    "max": 16.667588068007106,
    "mean": 4.031625577537773,
    "min": -12.710838690198926,
    "p16": 0.9010891979661557,
    "p50": 4.1149693137243375,
    "p84": 7.185442606411938,
    "sd": 3.2062304313228984
  },
  "delta_local_minus_highz_mg": {
    "max": 14.901428495808645,
    "mean": 2.2399411971367984,
    "min": -13.127203413818435,
    "p16": -0.906184363859208,
    "p50": 2.303559572173235,
    "p84": 5.365469675038582,
    "sd": 3.214564824021353
  },
  "h0_highz_gr": {
    "max": 84.34509598432034,
    "mean": 68.71617091480441,
    "min": 58.06496085135705,
    "p16": 65.74124802616299,
    "p50": 68.63038640678286,
    "p84": 71.70624400111433,
    "sd": 3.0460119611819754
  },
  "h0_highz_mg": {
    "max": 84.76505037657763,
    "mean": 70.50785529520539,
    "min": 59.32120355701208,
    "p16": 67.59006338771638,
    "p50": 70.42380301598249,
    "p84": 73.49688490091677,
    "sd": 3.0539006346175266
  },
  "h0_local_obs": {
    "max": 76.95753827362776,
    "mean": 72.74779649234219,
    "min": 68.50000012456398,
    "p16": 71.75438569242996,
    "p50": 72.75119848242969,
    "p84": 73.74260057115106,
    "sd": 0.9978616181989073
  },
  "local_minus_highz_gr_sigma": 1.2575402514497083,
  "local_minus_highz_mg_sigma": 0.6970502018805059,
  "p_gr_above_local_ref": 0.07967,
  "p_gr_below_local_ref": 0.92033,
  "p_gr_below_planck_ref": 0.3368,
  "z_anchor": 0.2
}
