{
  "apparent_gr_bias_vs_true": {
    "max": 11.605980743071626,
    "mean": -1.3503434889278125,
    "min": -10.370067416197244,
    "p16": -4.100344454779904,
    "p50": -1.675436069180705,
    "p84": 1.3932295860321406,
    "sd": 2.902601381154615
  },
  "delta_local_minus_highz_gr": {
    "max": 16.79245171773367,
    "mean": 3.5769539740310976,
    "min": -18.184664941506,
    "p16": -0.42767472614002994,
    "p50": 3.842777161704362,
    "p84": 7.5508629462331704,
    "sd": 4.059872411167841
  },
  "delta_local_minus_highz_mg": {
    "max": 15.418222790326801,
    "mean": 2.2287929629429954,
    "min": -13.86748189470184,
    "p16": -0.9214975284112153,
    "p50": 2.310717890624936,
    "p84": 5.327401189539377,
    "sd": 3.20902704854689
  },
  "h0_highz_gr": {
    "max": 88.97199079587506,
    "mean": 69.17321144217625,
    "min": 57.6241390247294,
    "p16": 65.3391203215775,
    "p50": 68.8779072972526,
    "p84": 73.05149253375053,
    "sd": 3.93404386443695
  },
  "h0_highz_mg": {
    "max": 84.6548077490709,
    "mean": 70.52137245326435,
    "min": 58.97523656244997,
    "p16": 67.60838492352212,
    "p50": 70.42651653964798,
    "p84": 73.50888814329497,
    "sd": 3.0499729582586057
  },
  "h0_local_obs": {
    "max": 77.63927316923778,
    "mean": 72.75016541620734,
    "min": 68.08165956527087,
    "p16": 71.7599543768204,
    "p50": 72.74694196783665,
    "p84": 73.74386361971717,
    "sd": 0.9991802339070518
  },
  "local_minus_highz_gr_sigma": 0.8812075712891776,
  "local_minus_highz_mg_sigma": 0.6943874980102589,
  "p_gr_above_local_ref": 0.16296,
  "p_gr_below_local_ref": 0.83704,
  "p_gr_below_planck_ref": 0.33924,
  "z_anchor": 0.62
}
