{
  "anchor_results": [
    {
      "apparent_gr_bias_vs_true": {
        "max": 4.9375738329162004,
        "mean": -1.7911748748289604,
        "min": -6.393930449692903,
        "p16": -3.119178820363148,
        "p50": -1.8860780748960337,
        "p84": -0.4682377285549665,
        "sd": 1.3551466085770705
      },
      "delta_local_minus_highz_gr": {
        "max": 16.667588068007106,
        "mean": 4.031625577537773,
        "min": -12.710838690198926,
        "p16": 0.9010891979661557,
        "p50": 4.1149693137243375,
        "p84": 7.185442606411938,
        "sd": 3.2062304313228984
      },
      "delta_local_minus_highz_mg": {
        "max": 14.901428495808645,
        "mean": 2.2399411971367984,
        "min": -13.127203413818435,
        "p16": -0.906184363859208,
        "p50": 2.303559572173235,
        "p84": 5.365469675038582,
        "sd": 3.214564824021353
      },
      "h0_highz_gr": {
        "max": 84.34509598432034,
        "mean": 68.71617091480441,
        "min": 58.06496085135705,
        "p16": 65.74124802616299,
        "p50": 68.63038640678286,
        "p84": 71.70624400111433,
        "sd": 3.0460119611819754
      },
      "h0_highz_mg": {
        "max": 84.76505037657763,
        "mean": 70.50785529520539,
        "min": 59.32120355701208,
        "p16": 67.59006338771638,
        "p50": 70.42380301598249,
        "p84": 73.49688490091677,
        "sd": 3.0539006346175266
      },
      "h0_local_obs": {
        "max": 76.95753827362776,
        "mean": 72.74779649234219,
        "min": 68.50000012456398,
        "p16": 71.75438569242996,
        "p50": 72.75119848242969,
        "p84": 73.74260057115106,
        "sd": 0.9978616181989073
      },
      "local_minus_highz_gr_sigma": 1.2575402514497083,
      "local_minus_highz_mg_sigma": 0.6970502018805059,
      "p_gr_above_local_ref": 0.07967,
      "p_gr_below_local_ref": 0.92033,
      "p_gr_below_planck_ref": 0.3368,
      "z_anchor": 0.2
    },
    {
      "apparent_gr_bias_vs_true": {
        "max": 7.349311454110435,
        "mean": -2.4301465275378153,
        "min": -8.725270240728122,
        "p16": -4.367250543675194,
        "p50": -2.630857610009855,
        "p84": -0.49558493863910824,
        "sd": 1.9961665384599212
      },
      "delta_local_minus_highz_gr": {
        "max": 16.472879593176337,
        "mean": 4.670266873039624,
        "min": -13.342407778381187,
        "p16": 1.2900083529225639,
        "p50": 4.8141019114095585,
        "p84": 8.029173360357383,
        "sd": 3.427366970116635
      },
      "delta_local_minus_highz_mg": {
        "max": 14.711708604407022,
        "mean": 2.239996149903029,
        "min": -13.165695969464863,
        "p16": -0.879756361644882,
        "p50": 2.297701862383839,
        "p84": 5.3468457230378394,
        "sd": 3.2097299667781103
      },
      "h0_highz_gr": {
        "max": 84.88640921323424,
        "mean": 68.07753116317559,
        "min": 57.131618758234595,
        "p16": 64.85548002331741,
        "p50": 67.8995329703678,
        "p84": 71.35063873075063,
        "sd": 3.283068675788121
      },
      "h0_highz_mg": {
        "max": 84.70776290221116,
        "mean": 70.5078018863122,
        "min": 59.41005901657734,
        "p16": 67.59183756460615,
        "p50": 70.42726322545494,
        "p84": 73.48666251098234,
        "sd": 3.054376399690017
      },
      "h0_local_obs": {
        "max": 77.49694544579623,
        "mean": 72.74779803621522,
        "min": 68.79350378610027,
        "p16": 71.75593473119444,
        "p50": 72.75027112071882,
        "p84": 73.7449685380608,
        "sd": 0.9986753320887094
      },
      "local_minus_highz_gr_sigma": 1.3608052273220652,
      "local_minus_highz_mg_sigma": 0.6969692365310604,
      "p_gr_above_local_ref": 0.06933,
      "p_gr_below_local_ref": 0.93067,
      "p_gr_below_planck_ref": 0.43739,
      "z_anchor": 0.35
    },
    {
      "apparent_gr_bias_vs_true": {
        "max": 9.70185602221298,
        "mean": -2.242309289035969,
        "min": -9.672027864601645,
        "p16": -4.612395994554634,
        "p50": -2.5269261708819926,
        "p84": 0.14265285522631513,
        "sd": 2.4906724265663236
      },
      "delta_local_minus_highz_gr": {
        "max": 16.371098195995934,
        "mean": 4.465152599121358,
        "min": -14.04445743681596,
        "p16": 0.7618277724589921,
        "p50": 4.702116746268018,
        "p84": 8.123419223850986,
        "sd": 3.7262786223869906
      },
      "delta_local_minus_highz_mg": {
        "max": 13.951068580692997,
        "mean": 2.226067398271834,
        "min": -12.109801489477078,
        "p16": -0.9119520684414323,
        "p50": 2.3166527158378045,
        "p84": 5.315548215437625,
        "sd": 3.210501395896024
      },
      "h0_highz_gr": {
        "max": 86.90024577747211,
        "mean": 68.28166635965924,
        "min": 57.433728745372576,
        "p16": 64.75744451008977,
        "p50": 68.02853179585,
        "p84": 71.86573552977329,
        "sd": 3.5902212569029204
      },
      "h0_highz_mg": {
        "max": 84.96012522968022,
        "mean": 70.52075156050877,
        "min": 59.171614034322815,
        "p16": 67.61982176389785,
        "p50": 70.42413947285746,
        "p84": 73.51711833305342,
        "sd": 3.0520816046931203
      },
      "h0_local_obs": {
        "max": 77.19034822668226,
        "mean": 72.7468189587806,
        "min": 68.61928749116186,
        "p16": 71.75383993601977,
        "p50": 72.7441751239578,
        "p84": 73.74258183715365,
        "sd": 1.0000084688606214
      },
      "local_minus_highz_gr_sigma": 1.198091673731014,
      "local_minus_highz_mg_sigma": 0.6931056484917253,
      "p_gr_above_local_ref": 0.10015,
      "p_gr_below_local_ref": 0.89985,
      "p_gr_below_planck_ref": 0.42643,
      "z_anchor": 0.5
    },
    {
      "apparent_gr_bias_vs_true": {
        "max": 11.605980743071626,
        "mean": -1.3503434889278125,
        "min": -10.370067416197244,
        "p16": -4.100344454779904,
        "p50": -1.675436069180705,
        "p84": 1.3932295860321406,
        "sd": 2.902601381154615
      },
      "delta_local_minus_highz_gr": {
        "max": 16.79245171773367,
        "mean": 3.5769539740310976,
        "min": -18.184664941506,
        "p16": -0.42767472614002994,
        "p50": 3.842777161704362,
        "p84": 7.5508629462331704,
        "sd": 4.059872411167841
      },
      "delta_local_minus_highz_mg": {
        "max": 15.418222790326801,
        "mean": 2.2287929629429954,
        "min": -13.86748189470184,
        "p16": -0.9214975284112153,
        "p50": 2.310717890624936,
        "p84": 5.327401189539377,
        "sd": 3.20902704854689
      },
      "h0_highz_gr": {
        "max": 88.97199079587506,
        "mean": 69.17321144217625,
        "min": 57.6241390247294,
        "p16": 65.3391203215775,
        "p50": 68.8779072972526,
        "p84": 73.05149253375053,
        "sd": 3.93404386443695
      },
      "h0_highz_mg": {
        "max": 84.6548077490709,
        "mean": 70.52137245326435,
        "min": 58.97523656244997,
        "p16": 67.60838492352212,
        "p50": 70.42651653964798,
        "p84": 73.50888814329497,
        "sd": 3.0499729582586057
      },
      "h0_local_obs": {
        "max": 77.63927316923778,
        "mean": 72.75016541620734,
        "min": 68.08165956527087,
        "p16": 71.7599543768204,
        "p50": 72.74694196783665,
        "p84": 73.74386361971717,
        "sd": 0.9991802339070518
      },
      "local_minus_highz_gr_sigma": 0.8812075712891776,
      "local_minus_highz_mg_sigma": 0.6943874980102589,
      "p_gr_above_local_ref": 0.16296,
      "p_gr_below_local_ref": 0.83704,
      "p_gr_below_planck_ref": 0.33924,
      "z_anchor": 0.62
    }
  ],
  "draws_total": 1600,
  "draws_used": 1600,
  "h0_posterior_mg_truth": {
    "max": 83.06595172086378,
    "mean": 70.51873584122742,
    "min": 60.31514973881641,
    "p16": 67.70416163334278,