{
  "apparent_gr_bias_vs_true": {
    "max": 8.024013148636413,
    "mean": -2.134361120163819,
    "min": -9.323213390759975,
    "p16": -4.460257929834355,
    "p50": -2.4525120331512653,
    "p84": 0.333378829719529,
    "sd": 2.461035621151375
  },
  "delta_local_minus_highz_gr": {
    "max": 17.199749019658235,
    "mean": 3.917888952110226,
    "min": -17.295709340745987,
    "p16": 0.34152947388827104,
    "p50": 4.1917749607062476,
    "p84": 7.471579031687515,
    "sd": 3.7300089661922917
  },
  "delta_local_minus_highz_mg": {
    "max": 13.593787440100982,
    "mean": 1.571772459729029,
    "min": -14.352114483829354,
    "p16": -1.5428303010357536,
    "p50": 1.563130367886103,
    "p84": 4.760169169462056,
    "sd": 3.223410454133001
  },
  "h0_highz_gr": {
    "max": 89.02496671128911,
    "mean": 68.83664171502078,
    "min": 56.8090730752768,
    "p16": 65.45768366981291,
    "p50": 68.5628872668739,
    "p84": 72.27488380157203,
    "sd": 3.5942375402856968
  },
  "h0_highz_mg": {
    "max": 86.04565631757659,
    "mean": 71.18275820740197,
    "min": 61.21335715755016,
    "p16": 68.16871206070661,
    "p50": 71.21902292940882,
    "p84": 74.1088741604235,
    "sd": 3.0617352139767497
  },
  "h0_local_obs": {
    "max": 77.01463634865941,
    "mean": 72.75453066713101,
    "min": 68.02874047346438,
    "p16": 71.75517753311526,
    "p50": 72.75533253384083,
    "p84": 73.74676943042938,
    "sd": 1.00362038389197
  },
  "local_minus_highz_gr_sigma": 1.0501594064936122,
  "local_minus_highz_mg_sigma": 0.4879910931915415,
  "p_gr_above_local_ref": 0.12579,
  "p_gr_below_local_ref": 0.87421,
  "p_gr_below_planck_ref": 0.35881,
  "z_anchor": 0.5
}
