{
  "apparent_gr_bias_vs_true": {
    "max": 6.615842901732208,
    "mean": -2.2995906040428764,
    "min": -8.975114951990136,
    "p16": -4.159994952985621,
    "p50": -2.50994090550266,
    "p84": -0.38363053473265524,
    "sd": 1.943968815866196
  },
  "delta_local_minus_highz_gr": {
    "max": 16.73522991168003,
    "mean": 4.07192984805151,
    "min": -14.654256659785275,
    "p16": 0.7635017993648819,
    "p50": 4.260558855541127,
    "p84": 7.348867732521929,
    "sd": 3.419583503164036
  },
  "delta_local_minus_highz_mg": {
    "max": 14.067156165262183,
    "mean": 1.561062378391069,
    "min": -14.367463424947871,
    "p16": -1.5617868058807358,
    "p50": 1.5625815607476738,
    "p84": 4.765147851627385,
    "sd": 3.2298027419340225
  },
  "h0_highz_gr": {
    "max": 86.26384557593845,
    "mean": 68.67798434694431,
    "min": 57.79674917266532,
    "p16": 65.56380261542014,
    "p50": 68.45986299198265,
    "p84": 71.8330569902442,
    "sd": 3.269408882878353
  },
  "h0_highz_mg": {
    "max": 85.81624432529838,
    "mean": 71.18885181660475,
    "min": 60.51752856474018,
    "p16": 68.15799217618266,
    "p50": 71.21992026838535,
    "p84": 74.13999989821824,
    "sd": 3.067841950354608
  },
  "h0_local_obs": {
    "max": 77.35641876964661,
    "mean": 72.74991419499581,
    "min": 68.46515801740142,
    "p16": 71.75613131466366,
    "p50": 72.75216289639275,
    "p84": 73.73803520447626,
    "sd": 1.0017683001075874
  },
  "local_minus_highz_gr_sigma": 1.1909978242874155,
  "local_minus_highz_mg_sigma": 0.4837939008050569,
  "p_gr_above_local_ref": 0.09715,
  "p_gr_below_local_ref": 0.90285,
  "p_gr_below_planck_ref": 0.35924,
  "z_anchor": 0.35
}
