{
  "apparent_gr_bias_vs_true": {
    "max": 4.881649377914371,
    "mean": -1.6221373985444323,
    "min": -6.44629210020058,
    "p16": -2.9062306561921663,
    "p50": -1.728901951435482,
    "p84": -0.31276373189041107,
    "sd": 1.3321874014936637
  },
  "delta_local_minus_highz_gr": {
    "max": 15.017568653668178,
    "mean": 3.38593597424111,
    "min": -14.347294522171609,
    "p16": 0.27186932542726144,
    "p50": 3.4593424274720874,
    "p84": 6.535246095971386,
    "sd": 3.2052346988799556
  },
  "delta_local_minus_highz_mg": {
    "max": 13.393931147197854,
    "mean": 1.5515206197880689,
    "min": -14.734850853428028,
    "p16": -1.5613110368441796,
    "p50": 1.5526297289113842,
    "p84": 4.729184568579257,
    "sd": 3.2126986253897165
  },
  "h0_highz_gr": {
    "max": 85.55352118465288,
    "mean": 69.36445051763168,
    "min": 59.152312893876285,
    "p16": 66.38790193248865,
    "p50": 69.2642132608302,
    "p84": 72.30884361023767,
    "sd": 3.049278537099812
  },
  "h0_highz_mg": {
    "max": 85.94506569183737,
    "mean": 71.19886587208471,
    "min": 60.98948952469102,
    "p16": 68.18912348364131,
    "p50": 71.22481367759534,
    "p84": 74.12977657759494,
    "sd": 3.0568391155596957
  },
  "h0_local_obs": {
    "max": 77.66306334682564,
    "mean": 72.75038649187277,
    "min": 68.45365104989789,
    "p16": 71.75175642190192,
    "p50": 72.7529496545465,
    "p84": 73.74812083143867,
    "sd": 1.004796321323763
  },
  "local_minus_highz_gr_sigma": 1.0551159731486182,
  "local_minus_highz_mg_sigma": 0.4824004729426766,
  "p_gr_above_local_ref": 0.11233,
  "p_gr_below_local_ref": 0.88767,
  "p_gr_below_planck_ref": 0.26394,
  "z_anchor": 0.2
}
