{
  "apparent_gr_bias_vs_true": {
    "max": 11.750094253633833,
    "mean": -1.2487942151777351,
    "min": -9.581387104878708,
    "p16": -3.9860845689389173,
    "p50": -1.6598561562880043,
    "p84": 1.7440779823020525,
    "sd": 2.904986727872268
  },
  "delta_local_minus_highz_gr": {
    "max": 17.199543422026643,
    "mean": 3.0090295315054885,
    "min": -22.428789346648486,
    "p16": -0.9385390645566816,
    "p50": 3.3115307207194533,
    "p84": 6.949675517969152,
    "sd": 4.102337466942916
  },
  "delta_local_minus_highz_mg": {
    "max": 13.432309703842655,
    "mean": 1.545184667100932,
    "min": -15.530398393730351,
    "p16": -1.5697538433997051,
    "p50": 1.5491460188095232,
    "p84": 4.72824685493398,
    "sd": 3.209858945603227
  },
  "h0_highz_gr": {
    "max": 93.46475311191946,
    "mean": 69.73671858169291,
    "min": 57.494355650519246,
    "p16": 65.93465610846555,
    "p50": 69.4160649932136,
    "p84": 73.58667477109522,
    "sd": 3.9812629332552505
  },
  "h0_highz_mg": {
    "max": 86.49533613103388,
    "mean": 71.20056344609746,
    "min": 61.22192063818742,
    "p16": 68.17825583491965,
    "p50": 71.22635020652277,
    "p84": 74.13758286182238,
    "sd": 3.0555221533755557
  },
  "h0_local_obs": {
    "max": 76.9623770356485,
    "mean": 72.7457481131984,
    "min": 68.50311384029918,
    "p16": 71.75206032747388,
    "p50": 72.7445251154696,
    "p84": 73.74534404960964,
    "sd": 0.9996393057898991
  },
  "local_minus_highz_gr_sigma": 0.7330281278943886,
  "local_minus_highz_mg_sigma": 0.4806175326561192,
  "p_gr_above_local_ref": 0.18824,
  "p_gr_below_local_ref": 0.81176,
  "p_gr_below_planck_ref": 0.28277,
  "z_anchor": 0.62
}
