{
  "anchor_results": [
    {
      "apparent_gr_bias_vs_true": {
        "max": 4.881649377914371,
        "mean": -1.6221373985444323,
        "min": -6.44629210020058,
        "p16": -2.9062306561921663,
        "p50": -1.728901951435482,
        "p84": -0.31276373189041107,
        "sd": 1.3321874014936637
      },
      "delta_local_minus_highz_gr": {
        "max": 15.017568653668178,
        "mean": 3.38593597424111,
        "min": -14.347294522171609,
        "p16": 0.27186932542726144,
        "p50": 3.4593424274720874,
        "p84": 6.535246095971386,
        "sd": 3.2052346988799556
      },
      "delta_local_minus_highz_mg": {
        "max": 13.393931147197854,
        "mean": 1.5515206197880689,
        "min": -14.734850853428028,
        "p16": -1.5613110368441796,
        "p50": 1.5526297289113842,
        "p84": 4.729184568579257,
        "sd": 3.2126986253897165
      },
      "h0_highz_gr": {
        "max": 85.55352118465288,
        "mean": 69.36445051763168,
        "min": 59.152312893876285,
        "p16": 66.38790193248865,
        "p50": 69.2642132608302,
        "p84": 72.30884361023767,
        "sd": 3.049278537099812
      },
      "h0_highz_mg": {
        "max": 85.94506569183737,
        "mean": 71.19886587208471,
        "min": 60.98948952469102,
        "p16": 68.18912348364131,
        "p50": 71.22481367759534,
        "p84": 74.12977657759494,
        "sd": 3.0568391155596957
      },
      "h0_local_obs": {
        "max": 77.66306334682564,
        "mean": 72.75038649187277,
        "min": 68.45365104989789,
        "p16": 71.75175642190192,
        "p50": 72.7529496545465,
        "p84": 73.74812083143867,
        "sd": 1.004796321323763
      },
      "local_minus_highz_gr_sigma": 1.0551159731486182,
      "local_minus_highz_mg_sigma": 0.4824004729426766,
      "p_gr_above_local_ref": 0.11233,
      "p_gr_below_local_ref": 0.88767,
      "p_gr_below_planck_ref": 0.26394,
      "z_anchor": 0.2
    },
    {
      "apparent_gr_bias_vs_true": {
        "max": 6.615842901732208,
        "mean": -2.2995906040428764,
        "min": -8.975114951990136,
        "p16": -4.159994952985621,
        "p50": -2.50994090550266,
        "p84": -0.38363053473265524,
        "sd": 1.943968815866196
      },
      "delta_local_minus_highz_gr": {
        "max": 16.73522991168003,
        "mean": 4.07192984805151,
        "min": -14.654256659785275,
        "p16": 0.7635017993648819,
        "p50": 4.260558855541127,
        "p84": 7.348867732521929,
        "sd": 3.419583503164036
      },
      "delta_local_minus_highz_mg": {
        "max": 14.067156165262183,
        "mean": 1.561062378391069,
        "min": -14.367463424947871,
        "p16": -1.5617868058807358,
        "p50": 1.5625815607476738,
        "p84": 4.765147851627385,
        "sd": 3.2298027419340225
      },
      "h0_highz_gr": {
        "max": 86.26384557593845,
        "mean": 68.67798434694431,
        "min": 57.79674917266532,
        "p16": 65.56380261542014,
        "p50": 68.45986299198265,
        "p84": 71.8330569902442,
        "sd": 3.269408882878353
      },
      "h0_highz_mg": {
        "max": 85.81624432529838,
        "mean": 71.18885181660475,
        "min": 60.51752856474018,
        "p16": 68.15799217618266,
        "p50": 71.21992026838535,
        "p84": 74.13999989821824,
        "sd": 3.067841950354608
      },
      "h0_local_obs": {
        "max": 77.35641876964661,
        "mean": 72.74991419499581,
        "min": 68.46515801740142,
        "p16": 71.75613131466366,
        "p50": 72.75216289639275,
        "p84": 73.73803520447626,
        "sd": 1.0017683001075874
      },
      "local_minus_highz_gr_sigma": 1.1909978242874155,
      "local_minus_highz_mg_sigma": 0.4837939008050569,
      "p_gr_above_local_ref": 0.09715,
      "p_gr_below_local_ref": 0.90285,
      "p_gr_below_planck_ref": 0.35924,
      "z_anchor": 0.35
    },
    {
      "apparent_gr_bias_vs_true": {
        "max": 8.024013148636413,
        "mean": -2.134361120163819,
        "min": -9.323213390759975,
        "p16": -4.460257929834355,
        "p50": -2.4525120331512653,
        "p84": 0.333378829719529,
        "sd": 2.461035621151375
      },
      "delta_local_minus_highz_gr": {
        "max": 17.199749019658235,
        "mean": 3.917888952110226,
        "min": -17.295709340745987,
        "p16": 0.34152947388827104,
        "p50": 4.1917749607062476,
        "p84": 7.471579031687515,
        "sd": 3.7300089661922917
      },
      "delta_local_minus_highz_mg": {
        "max": 13.593787440100982,
        "mean": 1.571772459729029,
        "min": -14.352114483829354,
        "p16": -1.5428303010357536,
        "p50": 1.563130367886103,
        "p84": 4.760169169462056,
        "sd": 3.223410454133001
      },
      "h0_highz_gr": {
        "max": 89.02496671128911,
        "mean": 68.83664171502078,
        "min": 56.8090730752768,
        "p16": 65.45768366981291,
        "p50": 68.5628872668739,
        "p84": 72.27488380157203,
        "sd": 3.5942375402856968
      },
      "h0_highz_mg": {
        "max": 86.04565631757659,
        "mean": 71.18275820740197,
        "min": 61.21335715755016,
        "p16": 68.16871206070661,
        "p50": 71.21902292940882,
        "p84": 74.1088741604235,
        "sd": 3.0617352139767497
      },
      "h0_local_obs": {
        "max": 77.01463634865941,
        "mean": 72.75453066713101,
        "min": 68.02874047346438,
        "p16": 71.75517753311526,
        "p50": 72.75533253384083,
        "p84": 73.74676943042938,
        "sd": 1.00362038389197
      },
      "local_minus_highz_gr_sigma": 1.0501594064936122,
      "local_minus_highz_mg_sigma": 0.4879910931915415,
      "p_gr_above_local_ref": 0.12579,
      "p_gr_below_local_ref": 0.87421,
      "p_gr_below_planck_ref": 0.35881,
      "z_anchor": 0.5
    },
    {
      "apparent_gr_bias_vs_true": {
        "max": 11.750094253633833,
        "mean": -1.2487942151777351,
        "min": -9.581387104878708,
        "p16": -3.9860845689389173,
        "p50": -1.6598561562880043,
        "p84": 1.7440779823020525,
        "sd": 2.904986727872268
      },
      "delta_local_minus_highz_gr": {
        "max": 17.199543422026643,
        "mean": 3.0090295315054885,
        "min": -22.428789346648486,
        "p16": -0.9385390645566816,
        "p50": 3.3115307207194533,
        "p84": 6.949675517969152,
        "sd": 4.102337466942916
      },
      "delta_local_minus_highz_mg": {
        "max": 13.432309703842655,
        "mean": 1.545184667100932,
        "min": -15.530398393730351,
        "p16": -1.5697538433997051,
        "p50": 1.5491460188095232,
        "p84": 4.72824685493398,
        "sd": 3.209858945603227
      },
      "h0_highz_gr": {
        "max": 93.46475311191946,
        "mean": 69.73671858169291,
        "min": 57.494355650519246,
        "p16": 65.93465610846555,
        "p50": 69.4160649932136,
        "p84": 73.58667477109522,
        "sd": 3.9812629332552505
      },
      "h0_highz_mg": {
        "max": 86.49533613103388,
        "mean": 71.20056344609746,
        "min": 61.22192063818742,
        "p16": 68.17825583491965,
        "p50": 71.22635020652277,
        "p84": 74.13758286182238,
        "sd": 3.0555221533755557
      },
      "h0_local_obs": {
        "max": 76.9623770356485,
        "mean": 72.7457481131984,
        "min": 68.50311384029918,
        "p16": 71.75206032747388,
        "p50": 72.7445251154696,
        "p84": 73.74534404960964,
        "sd": 0.9996393057898991
      },
      "local_minus_highz_gr_sigma": 0.7330281278943886,
      "local_minus_highz_mg_sigma": 0.4806175326561192,
      "p_gr_above_local_ref": 0.18824,
      "p_gr_below_local_ref": 0.81176,
      "p_gr_below_planck_ref": 0.28277,
      "z_anchor": 0.62
    }
  ],
  "draws_total": 1600,
  "draws_used": 1600,
  "h0_posterior_mg_truth": {
    "max": 83.833891578275,
    "mean": 70.9809853903875,
    "min": 62.52211725111513,
    "p16": 68.10255835254144,