{
  "apparent_gr_bias_vs_true": {
    "max": 4.955994141109471,
    "mean": -2.042275670228238,
    "min": -6.810375038835701,
    "p16": -3.3333789176057773,
    "p50": -2.140351092976907,
    "p84": -0.7357862573095331,
    "sd": 1.325913568785782
  },
  "delta_local_minus_highz_gr": {
    "max": 15.830594352587589,
    "mean": 4.322228091032423,
    "min": -13.280949902275665,
    "p16": 1.2428358296208735,
    "p50": 4.405330777354585,
    "p84": 7.4361238871934665,
    "sd": 3.1904085905311277
  },
  "delta_local_minus_highz_mg": {
    "max": 13.981807450254564,
    "mean": 2.4945518956242543,
    "min": -13.66670869787852,
    "p16": -0.5885151729743023,
    "p50": 2.479894009867749,
    "p84": 5.673723259363926,
    "sd": 3.2074592631372174
  },
  "h0_highz_gr": {
    "max": 84.54909317889503,
    "mean": 68.92591503374643,
    "min": 59.025649663319825,
    "p16": 65.96270943253158,
    "p50": 68.8200914270779,
    "p84": 71.84558956828837,
    "sd": 3.032888882023196
  },
  "h0_highz_mg": {
    "max": 84.93604081779087,
    "mean": 70.75359122915461,
    "min": 60.92629352909582,
    "p16": 67.7341484629887,
    "p50": 70.78901433538132,
    "p84": 73.67176618247872,
    "sd": 3.0526886063524468
  },
  "h0_local_obs": {
    "max": 77.73012648372155,
    "mean": 73.24814312477886,
    "min": 68.96756918497653,
    "p16": 72.24894526204558,
    "p50": 73.2504199420691,
    "p84": 74.24092507274027,
    "sd": 1.0030576810269582
  },
  "local_minus_highz_gr_sigma": 1.3534472746826516,
  "local_minus_highz_mg_sigma": 0.7765611839905503,
  "p_gr_above_local_ref": 0.08798,
  "p_gr_below_local_ref": 0.91202,
  "p_gr_below_planck_ref": 0.31302,
  "z_anchor": 0.2
}
