{
  "apparent_gr_bias_vs_true": {
    "max": 7.543222776992025,
    "mean": -2.707911622614612,
    "min": -9.013328363559808,
    "p16": -4.562536182215133,
    "p50": -2.928949861626279,
    "p84": -0.777826548809929,
    "sd": 1.9487962070350517
  },
  "delta_local_minus_highz_gr": {
    "max": 16.598286110840235,
    "mean": 4.965685842118195,
    "min": -13.454717669195205,
    "p16": 1.685543560356112,
    "p50": 5.146233481278443,
    "p84": 8.236918572981285,
    "sd": 3.411268524403146
  },
  "delta_local_minus_highz_mg": {
    "max": 13.730871484694198,
    "mean": 2.470515937004314,
    "min": -13.016898584218225,
    "p16": -0.6391281831678043,
    "p50": 2.454753546882486,
    "p84": 5.651247231053314,
    "sd": 3.21206034759249
  },
  "h0_highz_gr": {
    "max": 86.43111218029465,
    "mean": 68.2801040758567,
    "min": 57.17092889884156,
    "p16": 65.15758744694249,
    "p50": 68.06328103310742,
    "p84": 71.41527722412096,
    "sd": 3.262870597251867
  },
  "h0_highz_mg": {
    "max": 85.98264302560044,
    "mean": 70.77527398097055,
    "min": 60.617331232775726,
    "p16": 67.76975567075179,
    "p50": 70.79738845315342,
    "p84": 73.70230657820854,
    "sd": 3.053600367594259
  },
  "h0_local_obs": {
    "max": 78.05974725366946,
    "mean": 73.24578991797488,
    "min": 68.66192570780157,
    "p16": 72.24284471702705,
    "p50": 73.24792293894026,
    "p84": 74.24060396291996,
    "sd": 1.0047192659550654
  },
  "local_minus_highz_gr_sigma": 1.4550730470418383,
  "local_minus_highz_mg_sigma": 0.7688713299255628,
  "p_gr_above_local_ref": 0.07946,
  "p_gr_below_local_ref": 0.92054,
  "p_gr_below_planck_ref": 0.40962,
  "z_anchor": 0.35
}
