{
  "apparent_gr_bias_vs_true": {
    "max": 12.122345520718355,
    "mean": -1.6663971394058852,
    "min": -9.40546604812424,
    "p16": -4.401851707625248,
    "p50": -2.0734698651417602,
    "p84": 1.304877384651411,
    "sd": 2.9011937536354218
  },
  "delta_local_minus_highz_gr": {
    "max": 17.336346318454552,
    "mean": 3.9364769956633427,
    "min": -20.254239516339595,
    "p16": 0.014022804153766546,
    "p50": 4.241629705848119,
    "p84": 7.851595124357364,
    "sd": 4.100043764273292
  },
  "delta_local_minus_highz_mg": {
    "max": 14.41996778637759,
    "mean": 2.480435076683164,
    "min": -13.434911944384353,
    "p16": -0.6165437396885352,
    "p50": 2.469789219832286,
    "p84": 5.654404023020147,
    "sd": 3.202859325292547
  },
  "h0_highz_gr": {
    "max": 92.54186378872107,
    "mean": 69.30966298130006,
    "min": 57.06982064323782,
    "p16": 65.51837647562213,
    "p50": 68.99485749756681,
    "p84": 73.14169500528386,
    "sd": 3.9791362912402652
  },
  "h0_highz_mg": {
    "max": 85.64126419948767,
    "mean": 70.76570490028024,
    "min": 60.29468319628733,
    "p16": 67.76256529411228,
    "p50": 70.7914180006683,
    "p84": 73.68047745179304,
    "sd": 3.0465559219979155
  },
  "h0_local_obs": {
    "max": 77.60616063952467,
    "mean": 73.2461399769634,
    "min": 69.15172033758297,
    "p16": 72.2526075932203,
    "p50": 73.2439641615046,
    "p84": 74.24681333131353,
    "sd": 1.0026243497055238
  },
  "local_minus_highz_gr_sigma": 0.9594452025225878,
  "local_minus_highz_mg_sigma": 0.7735698972447322,
  "p_gr_above_local_ref": 0.16678,
  "p_gr_below_local_ref": 0.83322,
  "p_gr_below_planck_ref": 0.32425,
  "z_anchor": 0.62
}
