{
  "apparent_gr_bias_vs_true": {
    "max": 8.215611438132825,
    "mean": -2.5338428694218478,
    "min": -9.918882367373229,
    "p16": -4.865504659471216,
    "p50": -2.8609774402418466,
    "p84": -0.027498428036987706,
    "sd": 2.472294179153294
  },
  "delta_local_minus_highz_gr": {
    "max": 18.014151439510513,
    "mean": 4.796837604138786,
    "min": -15.940759516416477,
    "p16": 1.2012040638307049,
    "p50": 5.079067631063658,
    "p84": 8.348169946301994,
    "sd": 3.7413855816356105
  },
  "delta_local_minus_highz_mg": {
    "max": 13.808030860258533,
    "mean": 2.478320974666027,
    "min": -12.994432511413365,
    "p16": -0.6318818505547824,
    "p50": 2.476301603329013,
    "p84": 5.655160604726392,
    "sd": 3.220194233946327
  },
  "h0_highz_gr": {
    "max": 88.78590712797232,
    "mean": 68.4503767792794,
    "min": 56.69878943661717,
    "p16": 65.05245661714025,
    "p50": 68.1642509381027,
    "p84": 71.914661150332,
    "sd": 3.610720267093843
  },
  "h0_highz_mg": {
    "max": 85.81459710457841,
    "mean": 70.76889340875215,
    "min": 60.66061947182855,
    "p16": 67.75697761733724,
    "p50": 70.78704827393668,
    "p84": 73.70327393239977,
    "sd": 3.066369164026336
  },
  "h0_local_obs": {
    "max": 78.42654808703873,
    "mean": 73.24721438341818,
    "min": 68.76849497610009,
    "p16": 72.24819628150206,
    "p50": 73.24945548292021,
    "p84": 74.24188439147036,
    "sd": 0.999712696708147
  },
  "local_minus_highz_gr_sigma": 1.2803043228947848,
  "local_minus_highz_mg_sigma": 0.7683979338452929,
  "p_gr_above_local_ref": 0.11028,
  "p_gr_below_local_ref": 0.88972,
  "p_gr_below_planck_ref": 0.40523,
  "z_anchor": 0.5
}
