{
  "anchor_results": [
    {
      "apparent_gr_bias_vs_true": {
        "max": 4.955994141109471,
        "mean": -2.042275670228238,
        "min": -6.810375038835701,
        "p16": -3.3333789176057773,
        "p50": -2.140351092976907,
        "p84": -0.7357862573095331,
        "sd": 1.325913568785782
      },
      "delta_local_minus_highz_gr": {
        "max": 15.830594352587589,
        "mean": 4.322228091032423,
        "min": -13.280949902275665,
        "p16": 1.2428358296208735,
        "p50": 4.405330777354585,
        "p84": 7.4361238871934665,
        "sd": 3.1904085905311277
      },
      "delta_local_minus_highz_mg": {
        "max": 13.981807450254564,
        "mean": 2.4945518956242543,
        "min": -13.66670869787852,
        "p16": -0.5885151729743023,
        "p50": 2.479894009867749,
        "p84": 5.673723259363926,
        "sd": 3.2074592631372174
      },
      "h0_highz_gr": {
        "max": 84.54909317889503,
        "mean": 68.92591503374643,
        "min": 59.025649663319825,
        "p16": 65.96270943253158,
        "p50": 68.8200914270779,
        "p84": 71.84558956828837,
        "sd": 3.032888882023196
      },
      "h0_highz_mg": {
        "max": 84.93604081779087,
        "mean": 70.75359122915461,
        "min": 60.92629352909582,
        "p16": 67.7341484629887,
        "p50": 70.78901433538132,
        "p84": 73.67176618247872,
        "sd": 3.0526886063524468
      },
      "h0_local_obs": {
        "max": 77.73012648372155,
        "mean": 73.24814312477886,
        "min": 68.96756918497653,
        "p16": 72.24894526204558,
        "p50": 73.2504199420691,
        "p84": 74.24092507274027,
        "sd": 1.0030576810269582
      },
      "local_minus_highz_gr_sigma": 1.3534472746826516,
      "local_minus_highz_mg_sigma": 0.7765611839905503,
      "p_gr_above_local_ref": 0.08798,
      "p_gr_below_local_ref": 0.91202,
      "p_gr_below_planck_ref": 0.31302,
      "z_anchor": 0.2
    },
    {
      "apparent_gr_bias_vs_true": {
        "max": 7.543222776992025,
        "mean": -2.707911622614612,
        "min": -9.013328363559808,
        "p16": -4.562536182215133,
        "p50": -2.928949861626279,
        "p84": -0.777826548809929,
        "sd": 1.9487962070350517
      },
      "delta_local_minus_highz_gr": {
        "max": 16.598286110840235,
        "mean": 4.965685842118195,
        "min": -13.454717669195205,
        "p16": 1.685543560356112,
        "p50": 5.146233481278443,
        "p84": 8.236918572981285,
        "sd": 3.411268524403146
      },
      "delta_local_minus_highz_mg": {
        "max": 13.730871484694198,
        "mean": 2.470515937004314,
        "min": -13.016898584218225,
        "p16": -0.6391281831678043,
        "p50": 2.454753546882486,
        "p84": 5.651247231053314,
        "sd": 3.21206034759249
      },
      "h0_highz_gr": {
        "max": 86.43111218029465,
        "mean": 68.2801040758567,
        "min": 57.17092889884156,
        "p16": 65.15758744694249,
        "p50": 68.06328103310742,
        "p84": 71.41527722412096,
        "sd": 3.262870597251867
      },
      "h0_highz_mg": {
        "max": 85.98264302560044,
        "mean": 70.77527398097055,
        "min": 60.617331232775726,
        "p16": 67.76975567075179,
        "p50": 70.79738845315342,
        "p84": 73.70230657820854,
        "sd": 3.053600367594259
      },
      "h0_local_obs": {
        "max": 78.05974725366946,
        "mean": 73.24578991797488,
        "min": 68.66192570780157,
        "p16": 72.24284471702705,
        "p50": 73.24792293894026,
        "p84": 74.24060396291996,
        "sd": 1.0047192659550654
      },
      "local_minus_highz_gr_sigma": 1.4550730470418383,
      "local_minus_highz_mg_sigma": 0.7688713299255628,
      "p_gr_above_local_ref": 0.07946,
      "p_gr_below_local_ref": 0.92054,
      "p_gr_below_planck_ref": 0.40962,
      "z_anchor": 0.35
    },
    {
      "apparent_gr_bias_vs_true": {
        "max": 8.215611438132825,
        "mean": -2.5338428694218478,
        "min": -9.918882367373229,
        "p16": -4.865504659471216,
        "p50": -2.8609774402418466,
        "p84": -0.027498428036987706,
        "sd": 2.472294179153294
      },
      "delta_local_minus_highz_gr": {
        "max": 18.014151439510513,
        "mean": 4.796837604138786,
        "min": -15.940759516416477,
        "p16": 1.2012040638307049,
        "p50": 5.079067631063658,
        "p84": 8.348169946301994,
        "sd": 3.7413855816356105
      },
      "delta_local_minus_highz_mg": {
        "max": 13.808030860258533,
        "mean": 2.478320974666027,
        "min": -12.994432511413365,
        "p16": -0.6318818505547824,
        "p50": 2.476301603329013,
        "p84": 5.655160604726392,
        "sd": 3.220194233946327
      },
      "h0_highz_gr": {
        "max": 88.78590712797232,
        "mean": 68.4503767792794,
        "min": 56.69878943661717,
        "p16": 65.05245661714025,
        "p50": 68.1642509381027,
        "p84": 71.914661150332,
        "sd": 3.610720267093843
      },
      "h0_highz_mg": {
        "max": 85.81459710457841,
        "mean": 70.76889340875215,
        "min": 60.66061947182855,
        "p16": 67.75697761733724,
        "p50": 70.78704827393668,
        "p84": 73.70327393239977,
        "sd": 3.066369164026336
      },
      "h0_local_obs": {
        "max": 78.42654808703873,
        "mean": 73.24721438341818,
        "min": 68.76849497610009,
        "p16": 72.24819628150206,
        "p50": 73.24945548292021,
        "p84": 74.24188439147036,
        "sd": 0.999712696708147
      },
      "local_minus_highz_gr_sigma": 1.2803043228947848,
      "local_minus_highz_mg_sigma": 0.7683979338452929,
      "p_gr_above_local_ref": 0.11028,
      "p_gr_below_local_ref": 0.88972,
      "p_gr_below_planck_ref": 0.40523,
      "z_anchor": 0.5
    },
    {
      "apparent_gr_bias_vs_true": {
        "max": 12.122345520718355,
        "mean": -1.6663971394058852,
        "min": -9.40546604812424,
        "p16": -4.401851707625248,
        "p50": -2.0734698651417602,
        "p84": 1.304877384651411,
        "sd": 2.9011937536354218
      },
      "delta_local_minus_highz_gr": {
        "max": 17.336346318454552,
        "mean": 3.9364769956633427,
        "min": -20.254239516339595,
        "p16": 0.014022804153766546,
        "p50": 4.241629705848119,
        "p84": 7.851595124357364,
        "sd": 4.100043764273292
      },
      "delta_local_minus_highz_mg": {
        "max": 14.41996778637759,
        "mean": 2.480435076683164,
        "min": -13.434911944384353,
        "p16": -0.6165437396885352,
        "p50": 2.469789219832286,
        "p84": 5.654404023020147,
        "sd": 3.202859325292547
      },
      "h0_highz_gr": {
        "max": 92.54186378872107,
        "mean": 69.30966298130006,
        "min": 57.06982064323782,
        "p16": 65.51837647562213,
        "p50": 68.99485749756681,
        "p84": 73.14169500528386,
        "sd": 3.9791362912402652
      },
      "h0_highz_mg": {
        "max": 85.64126419948767,
        "mean": 70.76570490028024,
        "min": 60.29468319628733,
        "p16": 67.76256529411228,
        "p50": 70.7914180006683,
        "p84": 73.68047745179304,
        "sd": 3.0465559219979155
      },
      "h0_local_obs": {
        "max": 77.60616063952467,
        "mean": 73.2461399769634,
        "min": 69.15172033758297,
        "p16": 72.2526075932203,
        "p50": 73.2439641615046,
        "p84": 74.24681333131353,
        "sd": 1.0026243497055238
      },
      "local_minus_highz_gr_sigma": 0.9594452025225878,
      "local_minus_highz_mg_sigma": 0.7735698972447322,
      "p_gr_above_local_ref": 0.16678,
      "p_gr_below_local_ref": 0.83322,
      "p_gr_below_planck_ref": 0.32425,
      "z_anchor": 0.62
    }
  ],
  "draws_total": 1600,
  "draws_used": 1600,
  "h0_posterior_mg_truth": {
    "max": 83.833891578275,
    "mean": 70.9809853903875,
    "min": 62.52211725111513,
    "p16": 68.10255835254144,