{
  "apparent_gr_bias_vs_true": {
    "max": 4.856925467165311,
    "mean": -1.6263563811348067,
    "min": -6.146139856586473,
    "p16": -2.907115203421721,
    "p50": -1.7251844601725494,
    "p84": -0.3291247515230558,
    "sd": 1.3236860459176043
  },
  "delta_local_minus_highz_gr": {
    "max": 16.135547662815824,
    "mean": 3.9098842130812135,
    "min": -13.464810982432937,
    "p16": 0.8096439105116258,
    "p50": 4.0001286565497765,
    "p84": 7.035061209901156,
    "sd": 3.2046757000267942
  },
  "delta_local_minus_highz_mg": {
    "max": 14.09378744010099,
    "mean": 2.0717724597290292,
    "min": -13.852114483829354,
    "p16": -1.0428303010357536,
    "p50": 2.063130367886103,
    "p84": 5.2601691694620705,
    "sd": 3.223410454133001
  },
  "h0_highz_gr": {
    "max": 85.65365354432801,
    "mean": 69.34464645404978,
    "min": 58.97331098686906,
    "p16": 66.38560067760876,
    "p50": 69.24025549341434,
    "p84": 72.2879716791944,
    "sd": 3.044197931464346
  },
  "h0_highz_mg": {
    "max": 86.04565631757659,
    "mean": 71.18275820740197,
    "min": 61.21335715755017,
    "p16": 68.16871206070661,
    "p50": 71.21902292940882,
    "p84": 74.10887416042348,
    "sd": 3.0617352139767497
  },
  "h0_local_obs": {
    "max": 77.51463634865941,
    "mean": 73.25453066713101,
    "min": 68.52874047346438,
    "p16": 72.25517753311526,
    "p50": 73.25533253384083,
    "p84": 74.24676943042938,
    "sd": 1.00362038389197
  },
  "local_minus_highz_gr_sigma": 1.2202227908548353,
  "local_minus_highz_mg_sigma": 0.6432270149596545,
  "p_gr_above_local_ref": 0.11159,
  "p_gr_below_local_ref": 0.88841,
  "p_gr_below_planck_ref": 0.26448,
  "z_anchor": 0.2
}
