{
  "apparent_gr_bias_vs_true": {
    "max": 6.766773595205294,
    "mean": -2.2951858074737377,
    "min": -8.365323125439375,
    "p16": -4.1534089944066785,
    "p50": -2.49908210795099,
    "p84": -0.3860492442794007,
    "sd": 1.9410677671784604
  },
  "delta_local_minus_highz_gr": {
    "max": 17.118153534529476,
    "mean": 4.555421123801492,
    "min": -15.47694401211092,
    "p16": 1.2497039446862812,
    "p50": 4.752709236480634,
    "p84": 7.84886865613935,
    "sd": 3.411540514202685
  },
  "delta_local_minus_highz_mg": {
    "max": 13.93230970384267,
    "mean": 2.0451846671009317,
    "min": -15.030398393730351,
    "p16": -1.0697538433996931,
    "p50": 2.0491460188095303,
    "p84": 5.22824685493399,
    "sd": 3.2098589456032265
  },
  "h0_highz_gr": {
    "max": 86.94647939570562,
    "mean": 68.69032698939691,
    "min": 57.54757274143827,
    "p16": 65.5714431346558,
    "p50": 68.47215245705299,
    "p84": 71.8401734904963,
    "sd": 3.2658499656258875
  },
  "h0_highz_mg": {
    "max": 86.49533613103387,
    "mean": 71.20056344609746,
    "min": 61.22192063818742,
    "p16": 68.17825583491964,
    "p50": 71.22635020652277,
    "p84": 74.13758286182238,
    "sd": 3.0555221533755557
  },
  "h0_local_obs": {
    "max": 77.4623770356485,
    "mean": 73.2457481131984,
    "min": 69.00311384029918,
    "p16": 72.25206032747388,
    "p50": 73.2445251154696,
    "p84": 74.24534404960964,
    "sd": 0.9996393057898991
  },
  "local_minus_highz_gr_sigma": 1.3337416540202265,
  "local_minus_highz_mg_sigma": 0.6361385984837554,
  "p_gr_above_local_ref": 0.09885,
  "p_gr_below_local_ref": 0.90115,
  "p_gr_below_planck_ref": 0.35799,
  "z_anchor": 0.35
}
