{
  "apparent_gr_bias_vs_true": {
    "max": 12.03869196980233,
    "mean": -1.2590866943043009,
    "min": -9.966825769764327,
    "p16": -3.9850570640103493,
    "p50": -1.6790247230644795,
    "p84": 1.7357687705770135,
    "sd": 2.9039435414046606
  },
  "delta_local_minus_highz_gr": {
    "max": 17.200239339233704,
    "mean": 3.522265887782013,
    "min": -21.74578656293896,
    "p16": -0.43438259043386607,
    "p50": 3.8379728205757857,
    "p84": 7.464824270204585,
    "sd": 4.1253373445932695
  },
  "delta_local_minus_highz_mg": {
    "max": 13.84763174166197,
    "mean": 2.051024966159889,
    "min": -14.785381816734358,
    "p16": -1.0803795392403754,
    "p50": 2.0531075665758323,
    "p84": 5.252893954688256,
    "sd": 3.231523175821242
  },
  "h0_highz_gr": {
    "max": 93.34389274558535,
    "mean": 69.72822692791323,
    "min": 56.828125281081114,
    "p16": 65.90687466003513,
    "p50": 69.40624459335493,
    "p84": 73.59618065487139,
    "sd": 4.00595368591186
  },
  "h0_highz_mg": {
    "max": 86.38348799938075,
    "mean": 71.19946784953535,
    "min": 61.42683667357402,
    "p16": 68.15889379934839,
    "p50": 71.22672854560233,
    "p84": 74.14594762502102,
    "sd": 3.0755525648735587
  },
  "h0_local_obs": {
    "max": 77.98279998415269,
    "mean": 73.25049281569524,
    "min": 69.20734405646346,
    "p16": 72.25897997150123,
    "p50": 73.2482831700966,
    "p84": 74.24020237332904,
    "sd": 0.9980398280966261
  },
  "local_minus_highz_gr_sigma": 0.8530798547445377,
  "local_minus_highz_mg_sigma": 0.6341987414063108,
  "p_gr_above_local_ref": 0.18946,
  "p_gr_below_local_ref": 0.81054,
  "p_gr_below_planck_ref": 0.28455,
  "z_anchor": 0.62
}
