{
  "apparent_gr_bias_vs_true": {
    "max": 8.357921800281844,
    "mean": -2.132472113694327,
    "min": -9.197336936414466,
    "p16": -4.4691183765683435,
    "p50": -2.456191670743898,
    "p84": 0.35978482666462364,
    "sd": 2.4688329861447738
  },
  "delta_local_minus_highz_gr": {
    "max": 16.842940012618804,
    "mean": 4.404208118410702,
    "min": -18.66680162796075,
    "p16": 0.7964314936780232,
    "p50": 4.684204396347859,
    "p84": 7.9544031992925355,
    "sd": 3.7412197163654395
  },
  "delta_local_minus_highz_mg": {
    "max": 13.255919717759348,
    "mean": 2.058485898992522,
    "min": -15.673279879273707,
    "p16": -1.0499467120818673,
    "p50": 2.0621985811066494,
    "p84": 5.239267622142848,
    "sd": 3.212274643817888
  },
  "h0_highz_gr": {
    "max": 89.44961712911677,
    "mean": 68.84535299592447,
    "min": 57.05093020737546,
    "p16": 65.44443944022102,
    "p50": 68.54979453093614,
    "p84": 72.31020429912094,
    "sd": 3.6014702530678107
  },
  "h0_highz_mg": {
    "max": 86.45609538042973,
    "mean": 71.19107521534266,
    "min": 61.06322180359431,
    "p16": 68.1900855751915,
    "p50": 71.20519375009533,
    "p84": 74.11299739432505,
    "sd": 3.050067030839626
  },
  "h0_local_obs": {
    "max": 78.42433675029584,
    "mean": 73.24956111433517,
    "min": 68.8908153057205,
    "p16": 72.25660368839961,
    "p50": 73.25203540747106,
    "p84": 74.24109945586315,
    "sd": 0.9972751922315883
  },
  "local_minus_highz_gr_sigma": 1.1783125159441863,
  "local_minus_highz_mg_sigma": 0.6413099330657158,
  "p_gr_above_local_ref": 0.12625,
  "p_gr_below_local_ref": 0.87375,
  "p_gr_below_planck_ref": 0.35806,
  "z_anchor": 0.5
}
