{
  "anchor_results": [
    {
      "apparent_gr_bias_vs_true": {
        "max": 4.856925467165311,
        "mean": -1.6263563811348067,
        "min": -6.146139856586473,
        "p16": -2.907115203421721,
        "p50": -1.7251844601725494,
        "p84": -0.3291247515230558,
        "sd": 1.3236860459176043
      },
      "delta_local_minus_highz_gr": {
        "max": 16.135547662815824,
        "mean": 3.9098842130812135,
        "min": -13.464810982432937,
        "p16": 0.8096439105116258,
        "p50": 4.0001286565497765,
        "p84": 7.035061209901156,
        "sd": 3.2046757000267942
      },
      "delta_local_minus_highz_mg": {
        "max": 14.09378744010099,
        "mean": 2.0717724597290292,
        "min": -13.852114483829354,
        "p16": -1.0428303010357536,
        "p50": 2.063130367886103,
        "p84": 5.2601691694620705,
        "sd": 3.223410454133001
      },
      "h0_highz_gr": {
        "max": 85.65365354432801,
        "mean": 69.34464645404978,
        "min": 58.97331098686906,
        "p16": 66.38560067760876,
        "p50": 69.24025549341434,
        "p84": 72.2879716791944,
        "sd": 3.044197931464346
      },
      "h0_highz_mg": {
        "max": 86.04565631757659,
        "mean": 71.18275820740197,
        "min": 61.21335715755017,
        "p16": 68.16871206070661,
        "p50": 71.21902292940882,
        "p84": 74.10887416042348,
        "sd": 3.0617352139767497
      },
      "h0_local_obs": {
        "max": 77.51463634865941,
        "mean": 73.25453066713101,
        "min": 68.52874047346438,
        "p16": 72.25517753311526,
        "p50": 73.25533253384083,
        "p84": 74.24676943042938,
        "sd": 1.00362038389197
      },
      "local_minus_highz_gr_sigma": 1.2202227908548353,
      "local_minus_highz_mg_sigma": 0.6432270149596545,
      "p_gr_above_local_ref": 0.11159,
      "p_gr_below_local_ref": 0.88841,
      "p_gr_below_planck_ref": 0.26448,
      "z_anchor": 0.2
    },
    {
      "apparent_gr_bias_vs_true": {
        "max": 6.766773595205294,
        "mean": -2.2951858074737377,
        "min": -8.365323125439375,
        "p16": -4.1534089944066785,
        "p50": -2.49908210795099,
        "p84": -0.3860492442794007,
        "sd": 1.9410677671784604
      },
      "delta_local_minus_highz_gr": {
        "max": 17.118153534529476,
        "mean": 4.555421123801492,
        "min": -15.47694401211092,
        "p16": 1.2497039446862812,
        "p50": 4.752709236480634,
        "p84": 7.84886865613935,
        "sd": 3.411540514202685
      },
      "delta_local_minus_highz_mg": {
        "max": 13.93230970384267,
        "mean": 2.0451846671009317,
        "min": -15.030398393730351,
        "p16": -1.0697538433996931,
        "p50": 2.0491460188095303,
        "p84": 5.22824685493399,
        "sd": 3.2098589456032265
      },
      "h0_highz_gr": {
        "max": 86.94647939570562,
        "mean": 68.69032698939691,
        "min": 57.54757274143827,
        "p16": 65.5714431346558,
        "p50": 68.47215245705299,
        "p84": 71.8401734904963,
        "sd": 3.2658499656258875
      },
      "h0_highz_mg": {
        "max": 86.49533613103387,
        "mean": 71.20056344609746,
        "min": 61.22192063818742,
        "p16": 68.17825583491964,
        "p50": 71.22635020652277,
        "p84": 74.13758286182238,
        "sd": 3.0555221533755557
      },
      "h0_local_obs": {
        "max": 77.4623770356485,
        "mean": 73.2457481131984,
        "min": 69.00311384029918,
        "p16": 72.25206032747388,
        "p50": 73.2445251154696,
        "p84": 74.24534404960964,
        "sd": 0.9996393057898991
      },
      "local_minus_highz_gr_sigma": 1.3337416540202265,
      "local_minus_highz_mg_sigma": 0.6361385984837554,
      "p_gr_above_local_ref": 0.09885,
      "p_gr_below_local_ref": 0.90115,
      "p_gr_below_planck_ref": 0.35799,
      "z_anchor": 0.35
    },
    {
      "apparent_gr_bias_vs_true": {
        "max": 8.357921800281844,
        "mean": -2.132472113694327,
        "min": -9.197336936414466,
        "p16": -4.4691183765683435,
        "p50": -2.456191670743898,
        "p84": 0.35978482666462364,
        "sd": 2.4688329861447738
      },
      "delta_local_minus_highz_gr": {
        "max": 16.842940012618804,
        "mean": 4.404208118410702,
        "min": -18.66680162796075,
        "p16": 0.7964314936780232,
        "p50": 4.684204396347859,
        "p84": 7.9544031992925355,
        "sd": 3.7412197163654395
      },
      "delta_local_minus_highz_mg": {
        "max": 13.255919717759348,
        "mean": 2.058485898992522,
        "min": -15.673279879273707,
        "p16": -1.0499467120818673,
        "p50": 2.0621985811066494,
        "p84": 5.239267622142848,
        "sd": 3.212274643817888
      },
      "h0_highz_gr": {
        "max": 89.44961712911677,
        "mean": 68.84535299592447,
        "min": 57.05093020737546,
        "p16": 65.44443944022102,
        "p50": 68.54979453093614,
        "p84": 72.31020429912094,
        "sd": 3.6014702530678107
      },
      "h0_highz_mg": {
        "max": 86.45609538042973,
        "mean": 71.19107521534266,
        "min": 61.06322180359431,
        "p16": 68.1900855751915,
        "p50": 71.20519375009533,
        "p84": 74.11299739432505,
        "sd": 3.050067030839626
      },
      "h0_local_obs": {
        "max": 78.42433675029584,
        "mean": 73.24956111433517,
        "min": 68.8908153057205,
        "p16": 72.25660368839961,
        "p50": 73.25203540747106,
        "p84": 74.24109945586315,
        "sd": 0.9972751922315883
      },
      "local_minus_highz_gr_sigma": 1.1783125159441863,
      "local_minus_highz_mg_sigma": 0.6413099330657158,
      "p_gr_above_local_ref": 0.12625,
      "p_gr_below_local_ref": 0.87375,
      "p_gr_below_planck_ref": 0.35806,
      "z_anchor": 0.5
    },
    {
      "apparent_gr_bias_vs_true": {
        "max": 12.03869196980233,
        "mean": -1.2590866943043009,
        "min": -9.966825769764327,
        "p16": -3.9850570640103493,
        "p50": -1.6790247230644795,
        "p84": 1.7357687705770135,
        "sd": 2.9039435414046606
      },
      "delta_local_minus_highz_gr": {
        "max": 17.200239339233704,
        "mean": 3.522265887782013,
        "min": -21.74578656293896,
        "p16": -0.43438259043386607,
        "p50": 3.8379728205757857,
        "p84": 7.464824270204585,
        "sd": 4.1253373445932695
      },
      "delta_local_minus_highz_mg": {
        "max": 13.84763174166197,
        "mean": 2.051024966159889,
        "min": -14.785381816734358,
        "p16": -1.0803795392403754,
        "p50": 2.0531075665758323,
        "p84": 5.252893954688256,
        "sd": 3.231523175821242
      },
      "h0_highz_gr": {
        "max": 93.34389274558535,
        "mean": 69.72822692791323,
        "min": 56.828125281081114,
        "p16": 65.90687466003513,
        "p50": 69.40624459335493,
        "p84": 73.59618065487139,
        "sd": 4.00595368591186
      },
      "h0_highz_mg": {
        "max": 86.38348799938075,
        "mean": 71.19946784953535,
        "min": 61.42683667357402,
        "p16": 68.15889379934839,
        "p50": 71.22672854560233,
        "p84": 74.14594762502102,
        "sd": 3.0755525648735587
      },
      "h0_local_obs": {
        "max": 77.98279998415269,
        "mean": 73.25049281569524,
        "min": 69.20734405646346,
        "p16": 72.25897997150123,
        "p50": 73.2482831700966,
        "p84": 74.24020237332904,
        "sd": 0.9980398280966261
      },
      "local_minus_highz_gr_sigma": 0.8530798547445377,
      "local_minus_highz_mg_sigma": 0.6341987414063108,
      "p_gr_above_local_ref": 0.18946,
      "p_gr_below_local_ref": 0.81054,
      "p_gr_below_planck_ref": 0.28455,
      "z_anchor": 0.62
    }
  ],
  "draws_total": 1600,
  "draws_used": 1600,
  "h0_posterior_mg_truth": {
    "max": 83.833891578275,
    "mean": 70.9809853903875,
    "min": 62.52211725111513,
    "p16": 68.10255835254144,