{
  "apparent_gr_bias_vs_true": {
    "max": 10.003105502375163,
    "mean": -2.348008216239505,
    "min": -10.262053315246142,
    "p16": -4.737161418434518,
    "p50": -2.6408135842284324,
    "p84": 0.08997308803719231,
    "sd": 2.4724589755354525
  },
  "delta_local_minus_highz_gr": {
    "max": 19.222979197935175,
    "mean": 4.968740463631475,
    "min": -13.414076160969913,
    "p16": 1.4112232394557567,
    "p50": 5.14852452858716,
    "p84": 8.54010140429354,
    "sd": 3.64060999552115
  },
  "delta_local_minus_highz_mg": {
    "max": 15.953592757292434,
    "mean": 2.834013501064401,
    "min": -11.534691376279667,
    "p16": -0.22529360751850502,
    "p50": 2.781358576255677,
    "p84": 5.952196754194694,
    "sd": 3.172345994667261
  },
  "h0_highz_gr": {
    "max": 86.53491573912852,
    "mean": 68.27968212188529,
    "min": 55.89516651873713,
    "p16": 64.82745838803692,
    "p50": 68.05822595622388,
    "p84": 71.70824592671805,
    "sd": 3.507929639535637
  },
  "h0_highz_mg": {
    "max": 82.67238306824706,
    "mean": 70.41440908445236,
    "min": 58.790137128248894,
    "p16": 67.4303579697654,
    "p50": 70.48637110488951,
    "p84": 73.30655983236775,
    "sd": 3.0165789555443765
  },
  "h0_local_obs": {
    "max": 77.68041872948554,
    "mean": 73.24842258551676,
    "min": 68.91386200046969,
    "p16": 72.25743185390428,
    "p50": 73.24603872785218,
    "p84": 74.2407643997643,
    "sd": 0.9989120310394167
  },
  "local_minus_highz_gr_sigma": 1.3621645215196045,
  "local_minus_highz_mg_sigma": 0.8917572178381756,
  "p_gr_above_local_ref": 0.09273,
  "p_gr_below_local_ref": 0.90727,
  "p_gr_below_planck_ref": 0.41892,
  "z_anchor": 0.5
}
