{
  "apparent_gr_bias_vs_true": {
    "max": 6.810583102509398,
    "mean": -2.546675281946372,
    "min": -8.476153962470107,
    "p16": -4.454078404647697,
    "p50": -2.742196219949122,
    "p84": -0.5983054695412696,
    "sd": 1.9555482595511111
  },
  "delta_local_minus_highz_gr": {
    "max": 18.328016409023157,
    "mean": 5.174812725936867,
    "min": -11.67003386802942,
    "p16": 1.9217093892578385,
    "p50": 5.2787405008567845,
    "p84": 8.452994992046804,
    "sd": 3.3534520599374997
  },
  "delta_local_minus_highz_mg": {
    "max": 15.81357119398163,
    "mean": 2.8377702459542093,
    "min": -12.333927887499712,
    "p16": -0.25470555373022763,
    "p50": 2.778703332623408,
    "p84": 5.974237464430208,
    "sd": 3.19460192100306
  },
  "h0_highz_gr": {
    "max": 82.9963177302204,
    "mean": 68.07696389131156,
    "min": 56.57155451513889,
    "p16": 64.95130602430254,
    "p50": 67.94281152973652,
    "p84": 71.15489181410611,
    "sd": 3.1952061990079623
  },
  "h0_highz_mg": {
    "max": 83.66021174969069,
    "mean": 70.41400637129422,
    "min": 58.41875442613761,
    "p16": 67.42467301891801,
    "p50": 70.4877244871005,
    "p84": 73.30477278761,
    "sd": 3.0319889007583223
  },
  "h0_local_obs": {
    "max": 77.83714854669827,
    "mean": 73.25177661724842,
    "min": 69.04290365397331,
    "p16": 72.26173185408467,
    "p50": 73.24875213419648,
    "p84": 74.2482457670031,
    "sd": 0.9992777990240559
  },
  "local_minus_highz_gr_sigma": 1.545626534672331,
  "local_minus_highz_mg_sigma": 0.8888472667436066,
  "p_gr_above_local_ref": 0.06612,
  "p_gr_below_local_ref": 0.93388,
  "p_gr_below_planck_ref": 0.42614,
  "z_anchor": 0.35
}
