{
  "apparent_gr_bias_vs_true": {
    "max": 4.439908781252939,
    "mean": -1.9327433156552463,
    "min": -7.376275400951002,
    "p16": -3.238902733679469,
    "p50": -2.0260588790173273,
    "p84": -0.6085140982929356,
    "sd": 1.3300935095885624
  },
  "delta_local_minus_highz_gr": {
    "max": 17.67432853154454,
    "mean": 4.562376038058086,
    "min": -9.652867059170816,
    "p16": 1.4951841441258518,
    "p50": 4.583067177742599,
    "p84": 7.673519410619011,
    "sd": 3.147942014019462
  },
  "delta_local_minus_highz_mg": {
    "max": 16.156737984412736,
    "mean": 2.84074851004696,
    "min": -10.888759888250334,
    "p16": -0.24225283380416554,
    "p50": 2.7756352284308505,
    "p84": 5.985672154835662,
    "sd": 3.1779166962863603
  },
  "h0_highz_gr": {
    "max": 82.69709685563154,
    "mean": 68.68899289168492,
    "min": 57.29134714006943,
    "p16": 65.74066379009493,
    "p50": 68.65691804365261,
    "p84": 71.58567301519675,
    "sd": 2.9867948648118814
  },
  "h0_highz_mg": {
    "max": 83.37768891653305,
    "mean": 70.41062041969606,
    "min": 58.79241446521246,
    "p16": 67.42745636975486,
    "p50": 70.50022590739113,
    "p84": 73.31256688059172,
    "sd": 3.0197184654126232
  },
  "h0_local_obs": {
    "max": 77.16905116415545,
    "mean": 73.25136892974301,
    "min": 68.68575696503498,
    "p16": 72.25557373927333,
    "p50": 73.25110977703612,
    "p84": 74.24695768423862,
    "sd": 1.0025312381590692
  },
  "local_minus_highz_gr_sigma": 1.448486954131789,
  "local_minus_highz_mg_sigma": 0.8930390214943499,
  "p_gr_above_local_ref": 0.07371,
  "p_gr_below_local_ref": 0.92629,
  "p_gr_below_planck_ref": 0.32802,
  "z_anchor": 0.2
}
