{
  "apparent_gr_bias_vs_true": {
    "max": 12.173132267232361,
    "mean": -1.4905308200724412,
    "min": -10.58169775836484,
    "p16": -4.247152732621374,
    "p50": -1.8245029118845792,
    "p84": 1.314643311775882,
    "sd": 2.891148377731819
  },
  "delta_local_minus_highz_gr": {
    "max": 19.786496491140667,
    "mean": 4.125215776567707,
    "min": -15.488125159036215,
    "p16": 0.19115502149577823,
    "p50": 4.358424414241341,
    "p84": 8.035379326557432,
    "sd": 3.9793247988564304
  },
  "delta_local_minus_highz_mg": {
    "max": 16.04031775995582,
    "mean": 2.8444838588151278,
    "min": -10.78031392981407,
    "p16": -0.21139760547026973,
    "p50": 2.7832355743844133,
    "p84": 5.970192994171083,
    "sd": 3.168569852730525
  },
  "h0_highz_gr": {
    "max": 87.44366538212974,
    "mean": 69.1242281053863,
    "min": 54.67578118943507,
    "p16": 65.31660142060473,
    "p50": 68.85051072356771,
    "p84": 72.93516253716665,
    "sd": 3.853459422419168
  },
  "h0_highz_mg": {
    "max": 82.63215625684569,
    "mean": 70.40496002313886,
    "min": 58.42195992061992,
    "p16": 67.4389552721145,
    "p50": 70.49095178139243,
    "p84": 73.28890500153534,
    "sd": 3.007839577942612
  },
  "h0_local_obs": {
    "max": 77.62908444591451,
    "mean": 73.249443881954,
    "min": 68.82271034787706,
    "p16": 72.25364578966047,
    "p50": 73.24946240248153,
    "p84": 74.24365999603573,
    "sd": 0.9979561794853614
  },
  "local_minus_highz_gr_sigma": 1.0362002404646375,
  "local_minus_highz_mg_sigma": 0.8973939440955225,
  "p_gr_above_local_ref": 0.15609,
  "p_gr_below_local_ref": 0.84391,
  "p_gr_below_planck_ref": 0.33667,
  "z_anchor": 0.62
}
