{
  "anchor_results": [
    {
      "apparent_gr_bias_vs_true": {
        "max": 4.439908781252939,
        "mean": -1.9327433156552463,
        "min": -7.376275400951002,
        "p16": -3.238902733679469,
        "p50": -2.0260588790173273,
        "p84": -0.6085140982929356,
        "sd": 1.3300935095885624
      },
      "delta_local_minus_highz_gr": {
        "max": 17.67432853154454,
        "mean": 4.562376038058086,
        "min": -9.652867059170816,
        "p16": 1.4951841441258518,
        "p50": 4.583067177742599,
        "p84": 7.673519410619011,
        "sd": 3.147942014019462
      },
      "delta_local_minus_highz_mg": {
        "max": 16.156737984412736,
        "mean": 2.84074851004696,
        "min": -10.888759888250334,
        "p16": -0.24225283380416554,
        "p50": 2.7756352284308505,
        "p84": 5.985672154835662,
        "sd": 3.1779166962863603
      },
      "h0_highz_gr": {
        "max": 82.69709685563154,
        "mean": 68.68899289168492,
        "min": 57.29134714006943,
        "p16": 65.74066379009493,
        "p50": 68.65691804365261,
        "p84": 71.58567301519675,
        "sd": 2.9867948648118814
      },
      "h0_highz_mg": {
        "max": 83.37768891653305,
        "mean": 70.41062041969606,
        "min": 58.79241446521246,
        "p16": 67.42745636975486,
        "p50": 70.50022590739113,
        "p84": 73.31256688059172,
        "sd": 3.0197184654126232
      },
      "h0_local_obs": {
        "max": 77.16905116415545,
        "mean": 73.25136892974301,
        "min": 68.68575696503498,
        "p16": 72.25557373927333,
        "p50": 73.25110977703612,
        "p84": 74.24695768423862,
        "sd": 1.0025312381590692
      },
      "local_minus_highz_gr_sigma": 1.448486954131789,
      "local_minus_highz_mg_sigma": 0.8930390214943499,
      "p_gr_above_local_ref": 0.07371,
      "p_gr_below_local_ref": 0.92629,
      "p_gr_below_planck_ref": 0.32802,
      "z_anchor": 0.2
    },
    {
      "apparent_gr_bias_vs_true": {
        "max": 6.810583102509398,
        "mean": -2.546675281946372,
        "min": -8.476153962470107,
        "p16": -4.454078404647697,
        "p50": -2.742196219949122,
        "p84": -0.5983054695412696,
        "sd": 1.9555482595511111
      },
      "delta_local_minus_highz_gr": {
        "max": 18.328016409023157,
        "mean": 5.174812725936867,
        "min": -11.67003386802942,
        "p16": 1.9217093892578385,
        "p50": 5.2787405008567845,
        "p84": 8.452994992046804,
        "sd": 3.3534520599374997
      },
      "delta_local_minus_highz_mg": {
        "max": 15.81357119398163,
        "mean": 2.8377702459542093,
        "min": -12.333927887499712,
        "p16": -0.25470555373022763,
        "p50": 2.778703332623408,
        "p84": 5.974237464430208,
        "sd": 3.19460192100306
      },
      "h0_highz_gr": {
        "max": 82.9963177302204,
        "mean": 68.07696389131156,
        "min": 56.57155451513889,
        "p16": 64.95130602430254,
        "p50": 67.94281152973652,
        "p84": 71.15489181410611,
        "sd": 3.1952061990079623
      },
      "h0_highz_mg": {
        "max": 83.66021174969069,
        "mean": 70.41400637129422,
        "min": 58.41875442613761,
        "p16": 67.42467301891801,
        "p50": 70.4877244871005,
        "p84": 73.30477278761,
        "sd": 3.0319889007583223
      },
      "h0_local_obs": {
        "max": 77.83714854669827,
        "mean": 73.25177661724842,
        "min": 69.04290365397331,
        "p16": 72.26173185408467,
        "p50": 73.24875213419648,
        "p84": 74.2482457670031,
        "sd": 0.9992777990240559
      },
      "local_minus_highz_gr_sigma": 1.545626534672331,
      "local_minus_highz_mg_sigma": 0.8888472667436066,
      "p_gr_above_local_ref": 0.06612,
      "p_gr_below_local_ref": 0.93388,
      "p_gr_below_planck_ref": 0.42614,
      "z_anchor": 0.35
    },
    {
      "apparent_gr_bias_vs_true": {
        "max": 10.003105502375163,
        "mean": -2.348008216239505,
        "min": -10.262053315246142,
        "p16": -4.737161418434518,
        "p50": -2.6408135842284324,
        "p84": 0.08997308803719231,
        "sd": 2.4724589755354525
      },
      "delta_local_minus_highz_gr": {
        "max": 19.222979197935175,
        "mean": 4.968740463631475,
        "min": -13.414076160969913,
        "p16": 1.4112232394557567,
        "p50": 5.14852452858716,
        "p84": 8.54010140429354,
        "sd": 3.64060999552115
      },
      "delta_local_minus_highz_mg": {
        "max": 15.953592757292434,
        "mean": 2.834013501064401,
        "min": -11.534691376279667,
        "p16": -0.22529360751850502,
        "p50": 2.781358576255677,
        "p84": 5.952196754194694,
        "sd": 3.172345994667261
      },
      "h0_highz_gr": {
        "max": 86.53491573912852,
        "mean": 68.27968212188529,
        "min": 55.89516651873713,
        "p16": 64.82745838803692,
        "p50": 68.05822595622388,
        "p84": 71.70824592671805,
        "sd": 3.507929639535637
      },
      "h0_highz_mg": {
        "max": 82.67238306824706,
        "mean": 70.41440908445236,
        "min": 58.790137128248894,
        "p16": 67.4303579697654,
        "p50": 70.48637110488951,
        "p84": 73.30655983236775,
        "sd": 3.0165789555443765
      },
      "h0_local_obs": {
        "max": 77.68041872948554,
        "mean": 73.24842258551676,
        "min": 68.91386200046969,
        "p16": 72.25743185390428,
        "p50": 73.24603872785218,
        "p84": 74.2407643997643,
        "sd": 0.9989120310394167
      },
      "local_minus_highz_gr_sigma": 1.3621645215196045,
      "local_minus_highz_mg_sigma": 0.8917572178381756,
      "p_gr_above_local_ref": 0.09273,
      "p_gr_below_local_ref": 0.90727,
      "p_gr_below_planck_ref": 0.41892,
      "z_anchor": 0.5
    },
    {
      "apparent_gr_bias_vs_true": {
        "max": 12.173132267232361,
        "mean": -1.4905308200724412,
        "min": -10.58169775836484,
        "p16": -4.247152732621374,
        "p50": -1.8245029118845792,
        "p84": 1.314643311775882,
        "sd": 2.891148377731819
      },
      "delta_local_minus_highz_gr": {
        "max": 19.786496491140667,
        "mean": 4.125215776567707,
        "min": -15.488125159036215,
        "p16": 0.19115502149577823,
        "p50": 4.358424414241341,
        "p84": 8.035379326557432,
        "sd": 3.9793247988564304
      },
      "delta_local_minus_highz_mg": {
        "max": 16.04031775995582,
        "mean": 2.8444838588151278,
        "min": -10.78031392981407,
        "p16": -0.21139760547026973,
        "p50": 2.7832355743844133,
        "p84": 5.970192994171083,
        "sd": 3.168569852730525
      },
      "h0_highz_gr": {
        "max": 87.44366538212974,
        "mean": 69.1242281053863,
        "min": 54.67578118943507,
        "p16": 65.31660142060473,
        "p50": 68.85051072356771,
        "p84": 72.93516253716665,
        "sd": 3.853459422419168
      },
      "h0_highz_mg": {
        "max": 82.63215625684569,
        "mean": 70.40496002313886,
        "min": 58.42195992061992,
        "p16": 67.4389552721145,
        "p50": 70.49095178139243,
        "p84": 73.28890500153534,
        "sd": 3.007839577942612
      },
      "h0_local_obs": {
        "max": 77.62908444591451,
        "mean": 73.249443881954,
        "min": 68.82271034787706,
        "p16": 72.25364578966047,
        "p50": 73.24946240248153,
        "p84": 74.24365999603573,
        "sd": 0.9979561794853614
      },
      "local_minus_highz_gr_sigma": 1.0362002404646375,
      "local_minus_highz_mg_sigma": 0.8973939440955225,
      "p_gr_above_local_ref": 0.15609,
      "p_gr_below_local_ref": 0.84391,
      "p_gr_below_planck_ref": 0.33667,
      "z_anchor": 0.62
    }
  ],
  "draws_total": 1600,
  "draws_used": 1600,
  "h0_posterior_mg_truth": {
    "max": 81.12434628314327,
    "mean": 70.6139339829599,
    "min": 60.40119844002723,
    "p16": 67.71835091504013,