{
  "grid": {
    "logA_min": 18.860250629260683,
    "logA_max": 18.953046780349105,
    "n": 140
  },
  "weights": {
    "logA0_w": 18.90618160691504
  },
  "m": {
    "mean": -0.10722646661498829,
    "std": 0.16922840692469082,
    "p_gt0": 0.233125,
    "p_abs_lt_eps": 0.03,
    "eps": 0.01
  },
  "slope": {
    "mean": -0.7193659938618587,
    "std": 0.35279040521865573,
    "p_gt0": 0.03125,
    "p_abs_lt_eps": 0.004375,
    "eps": 0.01
  }
}