{
  "apparent_gr_bias_vs_true": {
    "max": 6.815293545899834,
    "mean": -2.372966694237676,
    "min": -8.925508260481024,
    "p16": -4.2793552392386935,
    "p50": -2.56324253185317,
    "p84": -0.4072344180613001,
    "sd": 1.959495497537912
  },
  "delta_local_minus_highz_gr": {
    "max": 17.672535321896405,
    "mean": 4.533282241389833,
    "min": -11.050952407447184,
    "p16": 1.3097410720511566,
    "p50": 4.611637689404411,
    "p84": 7.805386726148713,
    "sd": 3.3232602829959417
  },
  "delta_local_minus_highz_mg": {
    "max": 14.34048809197062,
    "mean": 2.1596668685243725,
    "min": -11.390919115687609,
    "p16": -0.8775919520947104,
    "p50": 2.206777468925061,
    "p84": 5.245813302669592,
    "sd": 3.1333598140356136
  },
  "h0_highz_gr": {
    "max": 82.98766305049868,
    "mean": 68.21345881049108,
    "min": 55.92104193712295,
    "p16": 65.09002791781681,
    "p50": 68.1363490864166,
    "p84": 71.29683138558107,
    "sd": 3.1757742550745944
  },
  "h0_highz_mg": {
    "max": 83.27958081987855,
    "mean": 70.58707418335652,
    "min": 59.09660605551088,
    "p16": 67.64064756795494,
    "p50": 70.54327326979922,
    "p84": 73.46843575280738,
    "sd": 2.976749975666061
  },
  "h0_local_obs": {
    "max": 76.97747142831867,
    "mean": 72.7467410518809,
    "min": 68.48634764836122,
    "p16": 71.76066280694468,
    "p50": 72.74848138429766,
    "p84": 73.73865788508326,
    "sd": 0.9973318800970582
  },
  "local_minus_highz_gr_sigma": 1.3615521829829775,
  "local_minus_highz_mg_sigma": 0.6877417610833547,
  "p_gr_above_local_ref": 0.0662,
  "p_gr_below_local_ref": 0.9338,
  "p_gr_below_planck_ref": 0.40508,
  "z_anchor": 0.35
}
