{
  "apparent_gr_bias_vs_true": {
    "max": 11.34172554244482,
    "mean": -1.2332590031104798,
    "min": -9.889820924848792,
    "p16": -4.0961905510658845,
    "p50": -1.4794517147237798,
    "p84": 1.6145305631975935,
    "sd": 2.909534702631134
  },
  "delta_local_minus_highz_gr": {
    "max": 18.175718205252345,
    "mean": 3.401107988581738,
    "min": -14.508136717159303,
    "p16": -0.5038284260201203,
    "p50": 3.5987036625089814,
    "p84": 7.3367663164293155,
    "sd": 3.9444096257146803
  },
  "delta_local_minus_highz_mg": {
    "max": 15.247780893374077,
    "mean": 2.169503058702661,
    "min": -11.764398568972524,
    "p16": -0.8665210829997995,
    "p50": 2.2036563678888825,
    "p84": 5.249786826348324,
    "sd": 3.12868963739095
  },
  "h0_highz_gr": {
    "max": 86.19186560269497,
    "mean": 69.34958658498981,
    "min": 55.79336865046126,
    "p16": 65.5275044851213,
    "p50": 69.11365039929824,
    "p84": 73.13884194102376,
    "sd": 3.820223646902381
  },
  "h0_highz_mg": {
    "max": 82.97372780174344,
    "mean": 70.58119151486888,
    "min": 59.798219043414896,
    "p16": 67.63159571535225,
    "p50": 70.53694325216416,
    "p84": 73.44750607520622,
    "sd": 2.967314736419573
  },
  "h0_local_obs": {
    "max": 76.877235769036,
    "mean": 72.75069457357154,
    "min": 68.63252734656471,
    "p16": 71.7537641103512,
    "p50": 72.75113654667433,
    "p84": 73.73984538160266,
    "sd": 1.0009405729779168
  },
  "local_minus_highz_gr_sigma": 0.8612716314623712,
  "local_minus_highz_mg_sigma": 0.6928471354192264,
  "p_gr_above_local_ref": 0.16841,
  "p_gr_below_local_ref": 0.83159,
  "p_gr_below_planck_ref": 0.32026,
  "z_anchor": 0.62
}
