{
  "apparent_gr_bias_vs_true": {
    "max": 4.825855174977846,
    "mean": -1.7594923385492456,
    "min": -6.307794658599903,
    "p16": -3.078022360176109,
    "p50": -1.8670794698674555,
    "p84": -0.4162209966287121,
    "sd": 1.3526697723663803
  },
  "delta_local_minus_highz_gr": {
    "max": 16.284957554447757,
    "mean": 3.9091005394919454,
    "min": -9.575310252205696,
    "p16": 0.8935280436925581,
    "p50": 3.954768054757224,
    "p84": 6.969400939347538,
    "sd": 3.1172696893913705
  },
  "delta_local_minus_highz_mg": {
    "max": 15.341124978129656,
    "mean": 2.148654743020821,
    "min": -11.570533206775693,
    "p16": -0.8901267871801235,
    "p50": 2.181306512003971,
    "p84": 5.25018354646172,
    "sd": 3.127181214699098
  },
  "h0_highz_gr": {
    "max": 80.97990328174005,
    "mean": 68.83967537518082,
    "min": 57.304612172897016,
    "p16": 65.94442539291443,
    "p50": 68.80561729332712,
    "p84": 71.69690308911977,
    "sd": 2.953278812718399
  },
  "h0_highz_mg": {
    "max": 82.82248784223425,
    "mean": 70.60012117165194,
    "min": 59.461085221087636,
    "p16": 67.64836416970155,
    "p50": 70.55623499763604,
    "p84": 73.45207147007982,
    "sd": 2.9652845268998935
  },
  "h0_local_obs": {
    "max": 78.27389621925163,
    "mean": 72.74877591467276,
    "min": 68.48721983948838,
    "p16": 71.75387099063538,
    "p50": 72.74719595250397,
    "p84": 73.74540720746255,
    "sd": 1.0001967263593434
  },
  "local_minus_highz_gr_sigma": 1.253724907569613,
  "local_minus_highz_mg_sigma": 0.6866109152301655,
  "p_gr_above_local_ref": 0.07489,
  "p_gr_below_local_ref": 0.92511,
  "p_gr_below_planck_ref": 0.31492,
  "z_anchor": 0.2
}
