{
  "apparent_gr_bias_vs_true": {
    "max": 10.190694008597077,
    "mean": -2.164072261742201,
    "min": -9.548573834952606,
    "p16": -4.599800737467745,
    "p50": -2.4039216729049357,
    "p84": 0.2830083142252585,
    "sd": 2.488368440963289
  },
  "delta_local_minus_highz_gr": {
    "max": 18.385381296030722,
    "mean": 4.293172030035331,
    "min": -12.145672826385947,
    "p16": 0.7469953524739401,
    "p50": 4.435783921718787,
    "p84": 7.902010058755963,
    "sd": 3.617796354194809
  },
  "delta_local_minus_highz_mg": {
    "max": 14.111880126647698,
    "mean": 2.128902830459227,
    "min": -10.871021592861908,
    "p16": -0.8981814506338304,
    "p50": 2.1760637849840023,
    "p84": 5.219312821790852,
    "sd": 3.1231071983238206
  },
  "h0_highz_gr": {
    "max": 84.29917024935135,
    "mean": 68.45331206465703,
    "min": 55.145201701936095,
    "p16": 64.97873476309633,
    "p50": 68.27009947351326,
    "p84": 71.83759234868971,
    "sd": 3.478231745706595
  },
  "h0_highz_mg": {
    "max": 83.29024492969744,
    "mean": 70.61758126423312,
    "min": 59.04199795840627,
    "p16": 67.66845531836185,
    "p50": 70.56621932003071,
    "p84": 73.4742074723127,
    "sd": 2.960177483061518
  },
  "h0_local_obs": {
    "max": 76.90530296518325,
    "mean": 72.74648409469235,
    "min": 68.16947487154161,
    "p16": 71.7509324980056,
    "p50": 72.7459389408474,
    "p84": 73.74185714192322,
    "sd": 1.0000641661582077
  },
  "local_minus_highz_gr_sigma": 1.1862444824282445,
  "local_minus_highz_mg_sigma": 0.6813526717784107,
  "p_gr_above_local_ref": 0.09442,
  "p_gr_below_local_ref": 0.90558,
  "p_gr_below_planck_ref": 0.39976,
  "z_anchor": 0.5
}
