{
  "anchor_results": [
    {
      "apparent_gr_bias_vs_true": {
        "max": 4.825855174977846,
        "mean": -1.7594923385492456,
        "min": -6.307794658599903,
        "p16": -3.078022360176109,
        "p50": -1.8670794698674555,
        "p84": -0.4162209966287121,
        "sd": 1.3526697723663803
      },
      "delta_local_minus_highz_gr": {
        "max": 16.284957554447757,
        "mean": 3.9091005394919454,
        "min": -9.575310252205696,
        "p16": 0.8935280436925581,
        "p50": 3.954768054757224,
        "p84": 6.969400939347538,
        "sd": 3.1172696893913705
      },
      "delta_local_minus_highz_mg": {
        "max": 15.341124978129656,
        "mean": 2.148654743020821,
        "min": -11.570533206775693,
        "p16": -0.8901267871801235,
        "p50": 2.181306512003971,
        "p84": 5.25018354646172,
        "sd": 3.127181214699098
      },
      "h0_highz_gr": {
        "max": 80.97990328174005,
        "mean": 68.83967537518082,
        "min": 57.304612172897016,
        "p16": 65.94442539291443,
        "p50": 68.80561729332712,
        "p84": 71.69690308911977,
        "sd": 2.953278812718399
      },
      "h0_highz_mg": {
        "max": 82.82248784223425,
        "mean": 70.60012117165194,
        "min": 59.461085221087636,
        "p16": 67.64836416970155,
        "p50": 70.55623499763604,
        "p84": 73.45207147007982,
        "sd": 2.9652845268998935
      },
      "h0_local_obs": {
        "max": 78.27389621925163,
        "mean": 72.74877591467276,
        "min": 68.48721983948838,
        "p16": 71.75387099063538,
        "p50": 72.74719595250397,
        "p84": 73.74540720746255,
        "sd": 1.0001967263593434
      },
      "local_minus_highz_gr_sigma": 1.253724907569613,
      "local_minus_highz_mg_sigma": 0.6866109152301655,
      "p_gr_above_local_ref": 0.07489,
      "p_gr_below_local_ref": 0.92511,
      "p_gr_below_planck_ref": 0.31492,
      "z_anchor": 0.2
    },
    {
      "apparent_gr_bias_vs_true": {
        "max": 6.815293545899834,
        "mean": -2.372966694237676,
        "min": -8.925508260481024,
        "p16": -4.2793552392386935,
        "p50": -2.56324253185317,
        "p84": -0.4072344180613001,
        "sd": 1.959495497537912
      },
      "delta_local_minus_highz_gr": {
        "max": 17.672535321896405,
        "mean": 4.533282241389833,
        "min": -11.050952407447184,
        "p16": 1.3097410720511566,
        "p50": 4.611637689404411,
        "p84": 7.805386726148713,
        "sd": 3.3232602829959417
      },
      "delta_local_minus_highz_mg": {
        "max": 14.34048809197062,
        "mean": 2.1596668685243725,
        "min": -11.390919115687609,
        "p16": -0.8775919520947104,
        "p50": 2.206777468925061,
        "p84": 5.245813302669592,
        "sd": 3.1333598140356136
      },
      "h0_highz_gr": {
        "max": 82.98766305049868,
        "mean": 68.21345881049108,
        "min": 55.92104193712295,
        "p16": 65.09002791781681,
        "p50": 68.1363490864166,
        "p84": 71.29683138558107,
        "sd": 3.1757742550745944
      },
      "h0_highz_mg": {
        "max": 83.27958081987855,
        "mean": 70.58707418335652,
        "min": 59.09660605551088,
        "p16": 67.64064756795494,
        "p50": 70.54327326979922,
        "p84": 73.46843575280738,
        "sd": 2.976749975666061
      },
      "h0_local_obs": {
        "max": 76.97747142831867,
        "mean": 72.7467410518809,
        "min": 68.48634764836122,
        "p16": 71.76066280694468,
        "p50": 72.74848138429766,
        "p84": 73.73865788508326,
        "sd": 0.9973318800970582
      },
      "local_minus_highz_gr_sigma": 1.3615521829829775,
      "local_minus_highz_mg_sigma": 0.6877417610833547,
      "p_gr_above_local_ref": 0.0662,
      "p_gr_below_local_ref": 0.9338,
      "p_gr_below_planck_ref": 0.40508,
      "z_anchor": 0.35
    },
    {
      "apparent_gr_bias_vs_true": {
        "max": 10.190694008597077,
        "mean": -2.164072261742201,
        "min": -9.548573834952606,
        "p16": -4.599800737467745,
        "p50": -2.4039216729049357,
        "p84": 0.2830083142252585,
        "sd": 2.488368440963289
      },
      "delta_local_minus_highz_gr": {
        "max": 18.385381296030722,
        "mean": 4.293172030035331,
        "min": -12.145672826385947,
        "p16": 0.7469953524739401,
        "p50": 4.435783921718787,
        "p84": 7.902010058755963,
        "sd": 3.617796354194809
      },
      "delta_local_minus_highz_mg": {
        "max": 14.111880126647698,
        "mean": 2.128902830459227,
        "min": -10.871021592861908,
        "p16": -0.8981814506338304,
        "p50": 2.1760637849840023,
        "p84": 5.219312821790852,
        "sd": 3.1231071983238206
      },
      "h0_highz_gr": {
        "max": 84.29917024935135,
        "mean": 68.45331206465703,
        "min": 55.145201701936095,
        "p16": 64.97873476309633,
        "p50": 68.27009947351326,
        "p84": 71.83759234868971,
        "sd": 3.478231745706595
      },
      "h0_highz_mg": {
        "max": 83.29024492969744,
        "mean": 70.61758126423312,
        "min": 59.04199795840627,
        "p16": 67.66845531836185,
        "p50": 70.56621932003071,
        "p84": 73.4742074723127,
        "sd": 2.960177483061518
      },
      "h0_local_obs": {
        "max": 76.90530296518325,
        "mean": 72.74648409469235,
        "min": 68.16947487154161,
        "p16": 71.7509324980056,
        "p50": 72.7459389408474,
        "p84": 73.74185714192322,
        "sd": 1.0000641661582077
      },
      "local_minus_highz_gr_sigma": 1.1862444824282445,
      "local_minus_highz_mg_sigma": 0.6813526717784107,
      "p_gr_above_local_ref": 0.09442,
      "p_gr_below_local_ref": 0.90558,
      "p_gr_below_planck_ref": 0.39976,
      "z_anchor": 0.5
    },
    {
      "apparent_gr_bias_vs_true": {
        "max": 11.34172554244482,
        "mean": -1.2332590031104798,
        "min": -9.889820924848792,
        "p16": -4.0961905510658845,
        "p50": -1.4794517147237798,
        "p84": 1.6145305631975935,
        "sd": 2.909534702631134
      },
      "delta_local_minus_highz_gr": {
        "max": 18.175718205252345,
        "mean": 3.401107988581738,
        "min": -14.508136717159303,
        "p16": -0.5038284260201203,
        "p50": 3.5987036625089814,
        "p84": 7.3367663164293155,
        "sd": 3.9444096257146803
      },
      "delta_local_minus_highz_mg": {
        "max": 15.247780893374077,
        "mean": 2.169503058702661,
        "min": -11.764398568972524,
        "p16": -0.8665210829997995,
        "p50": 2.2036563678888825,
        "p84": 5.249786826348324,
        "sd": 3.12868963739095
      },
      "h0_highz_gr": {
        "max": 86.19186560269497,
        "mean": 69.34958658498981,
        "min": 55.79336865046126,
        "p16": 65.5275044851213,
        "p50": 69.11365039929824,
        "p84": 73.13884194102376,
        "sd": 3.820223646902381
      },
      "h0_highz_mg": {
        "max": 82.97372780174344,
        "mean": 70.58119151486888,
        "min": 59.798219043414896,
        "p16": 67.63159571535225,
        "p50": 70.53694325216416,
        "p84": 73.44750607520622,
        "sd": 2.967314736419573
      },
      "h0_local_obs": {
        "max": 76.877235769036,
        "mean": 72.75069457357154,
        "min": 68.63252734656471,
        "p16": 71.7537641103512,
        "p50": 72.75113654667433,
        "p84": 73.73984538160266,
        "sd": 1.0009405729779168
      },
      "local_minus_highz_gr_sigma": 0.8612716314623712,
      "local_minus_highz_mg_sigma": 0.6928471354192264,
      "p_gr_above_local_ref": 0.16841,
      "p_gr_below_local_ref": 0.83159,
      "p_gr_below_planck_ref": 0.32026,
      "z_anchor": 0.62
    }
  ],
  "draws_total": 1600,
  "draws_used": 1600,
  "h0_posterior_mg_truth": {
    "max": 81.06264119821896,
    "mean": 70.60034490571202,
    "min": 60.651398709331204,
    "p16": 67.71575777916435,