{
  "apparent_gr_bias_vs_true": {
    "max": 3.0856357828331795,
    "mean": -2.342725893082273,
    "min": -7.40134752089115,
    "p16": -4.215362754390513,
    "p50": -2.374540787263385,
    "p84": -0.4594927763354375,
    "sd": 1.8821863985079577
  },
  "delta_local_minus_highz_gr": {
    "max": 15.006672415869097,
    "mean": 4.802202028090354,
    "min": -7.79696015243799,
    "p16": 1.5065581453245085,
    "p50": 4.8279675695157565,
    "p84": 8.012950038571592,
    "sd": 3.3714690258092292
  },
  "delta_local_minus_highz_mg": {
    "max": 13.214790901556064,
    "mean": 2.4207575011246467,
    "min": -8.298003024948216,
    "p16": -0.6399828628643603,
    "p50": 2.411443105145736,
    "p84": 5.63018150568672,
    "sd": 3.235389259626683
  },
  "h0_highz_gr": {
    "max": 78.98061653942368,
    "mean": 68.21047301044263,
    "min": 59.08958634440193,
    "p16": 65.19573535458565,
    "p50": 68.10329623074922,
    "p84": 71.43824365879772,
    "sd": 3.2135588814270517
  },
  "h0_highz_mg": {
    "max": 81.03950990096718,
    "mean": 70.59191753740832,
    "min": 60.88146785871496,
    "p16": 67.748890328007,
    "p50": 70.4831913996644,
    "p84": 73.51569041842069,
    "sd": 3.0447793199710604
  },
  "h0_local_obs": {
    "max": 76.15716714522517,
    "mean": 73.01267503853296,
    "min": 69.86389028576752,
    "p16": 72.01557915252357,
    "p50": 73.0400621992336,
    "p84": 73.98981475376529,
    "sd": 0.9856766925929429
  },
  "local_minus_highz_gr_sigma": 1.4268677766677982,
  "local_minus_highz_mg_sigma": 0.7553559659737625,
  "p_gr_above_local_ref": 0.06,
  "p_gr_below_local_ref": 0.94,
  "p_gr_below_planck_ref": 0.404,
  "z_anchor": 0.35
}
