{
  "apparent_gr_bias_vs_true": {
    "max": 6.246120828228371,
    "mean": -2.1395028844287745,
    "min": -9.490673823548192,
    "p16": -4.493611730801282,
    "p50": -2.4121902914810036,
    "p84": 0.33036617900822113,
    "sd": 2.5016648231148806
  },
  "delta_local_minus_highz_gr": {
    "max": 13.610460585457432,
    "mean": 4.8987070018860885,
    "min": -6.45429113538556,
    "p16": 1.1559585020164598,
    "p50": 5.158130078693823,
    "p84": 8.3552564588201,
    "sd": 3.5810900324277744
  },
  "delta_local_minus_highz_mg": {
    "max": 12.666043501080921,
    "mean": 2.758760397706734,
    "min": -6.922215054349152,
    "p16": -0.5636944252331187,
    "p50": 2.9634151735495493,
    "p84": 5.715595578371522,
    "sd": 3.176606301357736
  },
  "h0_highz_gr": {
    "max": 78.481118035233,
    "mean": 68.20153356123151,
    "min": 60.08675207057677,
    "p16": 64.80720893891022,
    "p50": 67.81546043957982,
    "p84": 71.81053767269235,
    "sd": 3.4998167640529507
  },
  "h0_highz_mg": {
    "max": 79.07373485017608,
    "mean": 70.34148016541087,
    "min": 60.66625312464335,
    "p16": 67.37472563738353,
    "p50": 69.8599193680727,
    "p84": 73.5855445044899,
    "sd": 3.1033161958707045
  },
  "h0_local_obs": {
    "max": 75.83464598511027,
    "mean": 73.10024056311761,
    "min": 70.16906716557904,
    "p16": 72.07125552106055,
    "p50": 73.14409427295408,
    "p84": 74.06737757328533,
    "sd": 0.9611944447237202
  },
  "local_minus_highz_gr_sigma": 1.3458434541134365,
  "local_minus_highz_mg_sigma": 0.8461272430508782,
  "p_gr_above_local_ref": 0.098,
  "p_gr_below_local_ref": 0.902,
  "p_gr_below_planck_ref": 0.444,
  "z_anchor": 0.5
}
