{
  "apparent_gr_bias_vs_true": {
    "max": 3.27796847124074,
    "mean": -1.6350895974973192,
    "min": -4.749479985390408,
    "p16": -3.0137504406610063,
    "p50": -1.6940947248371572,
    "p84": -0.2778636523361702,
    "sd": 1.3658021709105688
  },
  "delta_local_minus_highz_gr": {
    "max": 13.798030914169807,
    "mean": 4.3525098636856185,
    "min": -4.520826748347943,
    "p16": 1.3415270483041515,
    "p50": 4.062716653537535,
    "p84": 7.892080654536255,
    "sd": 3.386367990707315
  },
  "delta_local_minus_highz_mg": {
    "max": 12.520287356287064,
    "mean": 2.692891871127544,
    "min": -6.9623426222237725,
    "p16": -0.6537306102418008,
    "p50": 2.548657233804235,
    "p84": 6.130317765839614,
    "sd": 3.3980507421993664
  },
  "h0_highz_gr": {
    "max": 77.18969834400373,
    "mean": 68.699544113652,
    "min": 59.06125769579591,
    "p16": 65.21427818140344,
    "p50": 68.71623810135569,
    "p84": 71.95045873373732,
    "sd": 3.2123898616141617
  },
  "h0_highz_mg": {
    "max": 79.30174585759418,
    "mean": 70.35916210621008,
    "min": 60.33900125367865,
    "p16": 67.19222713969636,
    "p50": 70.40013624654105,
    "p84": 73.4732830840833,
    "sd": 3.214399210683641
  },
  "h0_local_obs": {
    "max": 75.89821770564386,
    "mean": 73.05205397733762,
    "min": 69.85045604401198,
    "p16": 72.06573695036569,
    "p50": 73.06067472763876,
    "p84": 74.04996359352295,
    "sd": 1.0034833464616801
  },
  "local_minus_highz_gr_sigma": 1.2936807851280236,
  "local_minus_highz_mg_sigma": 0.799942351445418,
  "p_gr_above_local_ref": 0.078,
  "p_gr_below_local_ref": 0.922,
  "p_gr_below_planck_ref": 0.34,
  "z_anchor": 0.2
}
