{
  "apparent_gr_bias_vs_true": {
    "max": 9.162526684974253,
    "mean": -1.2090931380581922,
    "min": -8.12877883576354,
    "p16": -4.1354261607021146,
    "p50": -1.6640385429132536,
    "p84": 1.7575014961648474,
    "sd": 3.0227292061068707
  },
  "delta_local_minus_highz_gr": {
    "max": 15.359611313064768,
    "mean": 3.594167866125742,
    "min": -8.292918301786656,
    "p16": -0.5132204637337605,
    "p50": 4.004888646869631,
    "p84": 7.159864282838444,
    "sd": 3.9307951120864306
  },
  "delta_local_minus_highz_mg": {
    "max": 12.324914355291959,
    "mean": 2.3917538990372242,
    "min": -10.141139911561552,
    "p16": -0.6903414797992308,
    "p50": 2.282039058640734,
    "p84": 5.782151207175733,
    "sd": 3.269405155336083
  },
  "h0_highz_gr": {
    "max": 80.61144395790564,
    "mean": 69.43724763404677,
    "min": 58.94323290889971,
    "p16": 66.08893112998997,
    "p50": 69.04444098453703,
    "p84": 73.2959084983791,
    "sd": 3.7760278283315505
  },
  "h0_highz_mg": {
    "max": 82.00782856066901,
    "mean": 70.63966160113529,
    "min": 60.95641813446809,
    "p16": 67.54888408812052,
    "p50": 70.68629214710144,
    "p84": 73.60785278503704,
    "sd": 3.172286405084871
  },
  "h0_local_obs": {
    "max": 76.22223303904704,
    "mean": 73.03141550017251,
    "min": 70.27294970006912,
    "p16": 72.10724415225464,
    "p50": 73.04351863758643,
    "p84": 73.94735515370793,
    "sd": 0.9797709571795924
  },
  "local_minus_highz_gr_sigma": 0.9201191214953404,
  "local_minus_highz_mg_sigma": 0.7190716438261955,
  "p_gr_above_local_ref": 0.176,
  "p_gr_below_local_ref": 0.824,
  "p_gr_below_planck_ref": 0.302,
  "z_anchor": 0.62
}
