{
  "anchor_results": [
    {
      "apparent_gr_bias_vs_true": {
        "max": 3.27796847124074,
        "mean": -1.6350895974973192,
        "min": -4.749479985390408,
        "p16": -3.0137504406610063,
        "p50": -1.6940947248371572,
        "p84": -0.2778636523361702,
        "sd": 1.3658021709105688
      },
      "delta_local_minus_highz_gr": {
        "max": 13.798030914169807,
        "mean": 4.3525098636856185,
        "min": -4.520826748347943,
        "p16": 1.3415270483041515,
        "p50": 4.062716653537535,
        "p84": 7.892080654536255,
        "sd": 3.386367990707315
      },
      "delta_local_minus_highz_mg": {
        "max": 12.520287356287064,
        "mean": 2.692891871127544,
        "min": -6.9623426222237725,
        "p16": -0.6537306102418008,
        "p50": 2.548657233804235,
        "p84": 6.130317765839614,
        "sd": 3.3980507421993664
      },
      "h0_highz_gr": {
        "max": 77.18969834400373,
        "mean": 68.699544113652,
        "min": 59.06125769579591,
        "p16": 65.21427818140344,
        "p50": 68.71623810135569,
        "p84": 71.95045873373732,
        "sd": 3.2123898616141617
      },
      "h0_highz_mg": {
        "max": 79.30174585759418,
        "mean": 70.35916210621008,
        "min": 60.33900125367865,
        "p16": 67.19222713969636,
        "p50": 70.40013624654105,
        "p84": 73.4732830840833,
        "sd": 3.214399210683641
      },
      "h0_local_obs": {
        "max": 75.89821770564386,
        "mean": 73.05205397733762,
        "min": 69.85045604401198,
        "p16": 72.06573695036569,
        "p50": 73.06067472763876,
        "p84": 74.04996359352295,
        "sd": 1.0034833464616801
      },
      "local_minus_highz_gr_sigma": 1.2936807851280236,
      "local_minus_highz_mg_sigma": 0.799942351445418,
      "p_gr_above_local_ref": 0.078,
      "p_gr_below_local_ref": 0.922,
      "p_gr_below_planck_ref": 0.34,
      "z_anchor": 0.2
    },
    {
      "apparent_gr_bias_vs_true": {
        "max": 3.0856357828331795,
        "mean": -2.342725893082273,
        "min": -7.40134752089115,
        "p16": -4.215362754390513,
        "p50": -2.374540787263385,
        "p84": -0.4594927763354375,
        "sd": 1.8821863985079577
      },
      "delta_local_minus_highz_gr": {
        "max": 15.006672415869097,
        "mean": 4.802202028090354,
        "min": -7.79696015243799,
        "p16": 1.5065581453245085,
        "p50": 4.8279675695157565,
        "p84": 8.012950038571592,
        "sd": 3.3714690258092292
      },
      "delta_local_minus_highz_mg": {
        "max": 13.214790901556064,
        "mean": 2.4207575011246467,
        "min": -8.298003024948216,
        "p16": -0.6399828628643603,
        "p50": 2.411443105145736,
        "p84": 5.63018150568672,
        "sd": 3.235389259626683
      },
      "h0_highz_gr": {
        "max": 78.98061653942368,
        "mean": 68.21047301044263,
        "min": 59.08958634440193,
        "p16": 65.19573535458565,
        "p50": 68.10329623074922,
        "p84": 71.43824365879772,
        "sd": 3.2135588814270517
      },
      "h0_highz_mg": {
        "max": 81.03950990096718,
        "mean": 70.59191753740832,
        "min": 60.88146785871496,
        "p16": 67.748890328007,
        "p50": 70.4831913996644,
        "p84": 73.51569041842069,
        "sd": 3.0447793199710604
      },
      "h0_local_obs": {
        "max": 76.15716714522517,
        "mean": 73.01267503853296,
        "min": 69.86389028576752,
        "p16": 72.01557915252357,
        "p50": 73.0400621992336,
        "p84": 73.98981475376529,
        "sd": 0.9856766925929429
      },
      "local_minus_highz_gr_sigma": 1.4268677766677982,
      "local_minus_highz_mg_sigma": 0.7553559659737625,
      "p_gr_above_local_ref": 0.06,
      "p_gr_below_local_ref": 0.94,
      "p_gr_below_planck_ref": 0.404,
      "z_anchor": 0.35
    },
    {
      "apparent_gr_bias_vs_true": {
        "max": 6.246120828228371,
        "mean": -2.1395028844287745,
        "min": -9.490673823548192,
        "p16": -4.493611730801282,
        "p50": -2.4121902914810036,
        "p84": 0.33036617900822113,
        "sd": 2.5016648231148806
      },
      "delta_local_minus_highz_gr": {
        "max": 13.610460585457432,
        "mean": 4.8987070018860885,
        "min": -6.45429113538556,
        "p16": 1.1559585020164598,
        "p50": 5.158130078693823,
        "p84": 8.3552564588201,
        "sd": 3.5810900324277744
      },
      "delta_local_minus_highz_mg": {
        "max": 12.666043501080921,
        "mean": 2.758760397706734,
        "min": -6.922215054349152,
        "p16": -0.5636944252331187,
        "p50": 2.9634151735495493,
        "p84": 5.715595578371522,
        "sd": 3.176606301357736
      },
      "h0_highz_gr": {
        "max": 78.481118035233,
        "mean": 68.20153356123151,
        "min": 60.08675207057677,
        "p16": 64.80720893891022,
        "p50": 67.81546043957982,
        "p84": 71.81053767269235,
        "sd": 3.4998167640529507
      },
      "h0_highz_mg": {
        "max": 79.07373485017608,
        "mean": 70.34148016541087,
        "min": 60.66625312464335,
        "p16": 67.37472563738353,
        "p50": 69.8599193680727,
        "p84": 73.5855445044899,
        "sd": 3.1033161958707045
      },
      "h0_local_obs": {
        "max": 75.83464598511027,
        "mean": 73.10024056311761,
        "min": 70.16906716557904,
        "p16": 72.07125552106055,
        "p50": 73.14409427295408,
        "p84": 74.06737757328533,
        "sd": 0.9611944447237202
      },
      "local_minus_highz_gr_sigma": 1.3458434541134365,
      "local_minus_highz_mg_sigma": 0.8461272430508782,
      "p_gr_above_local_ref": 0.098,
      "p_gr_below_local_ref": 0.902,
      "p_gr_below_planck_ref": 0.444,
      "z_anchor": 0.5
    },
    {
      "apparent_gr_bias_vs_true": {
        "max": 9.162526684974253,
        "mean": -1.2090931380581922,
        "min": -8.12877883576354,
        "p16": -4.1354261607021146,
        "p50": -1.6640385429132536,
        "p84": 1.7575014961648474,
        "sd": 3.0227292061068707
      },
      "delta_local_minus_highz_gr": {
        "max": 15.359611313064768,
        "mean": 3.594167866125742,
        "min": -8.292918301786656,
        "p16": -0.5132204637337605,
        "p50": 4.004888646869631,
        "p84": 7.159864282838444,
        "sd": 3.9307951120864306
      },
      "delta_local_minus_highz_mg": {
        "max": 12.324914355291959,
        "mean": 2.3917538990372242,
        "min": -10.141139911561552,
        "p16": -0.6903414797992308,
        "p50": 2.282039058640734,
        "p84": 5.782151207175733,
        "sd": 3.269405155336083
      },
      "h0_highz_gr": {
        "max": 80.61144395790564,
        "mean": 69.43724763404677,
        "min": 58.94323290889971,
        "p16": 66.08893112998997,
        "p50": 69.04444098453703,
        "p84": 73.2959084983791,
        "sd": 3.7760278283315505
      },
      "h0_highz_mg": {
        "max": 82.00782856066901,
        "mean": 70.63966160113529,
        "min": 60.95641813446809,
        "p16": 67.54888408812052,
        "p50": 70.68629214710144,
        "p84": 73.60785278503704,
        "sd": 3.172286405084871
      },
      "h0_local_obs": {
        "max": 76.22223303904704,
        "mean": 73.03141550017251,
        "min": 70.27294970006912,
        "p16": 72.10724415225464,
        "p50": 73.04351863758643,
        "p84": 73.94735515370793,
        "sd": 0.9797709571795924
      },
      "local_minus_highz_gr_sigma": 0.9201191214953404,
      "local_minus_highz_mg_sigma": 0.7190716438261955,
      "p_gr_above_local_ref": 0.176,
      "p_gr_below_local_ref": 0.824,
      "p_gr_below_planck_ref": 0.302,
      "z_anchor": 0.62
    }
  ],
  "draws_total": 1600,
  "draws_used": 1024,
  "h0_posterior_mg_truth": {
    "max": 81.1500619642039,
    "mean": 70.51823406692907,
    "min": 60.31514973881641,
    "p16": 67.70106205825068,
    "p50": 70.39222707578571,