{
  "apparent_gr_bias_vs_true": {
    "max": 10.04264815150188,
    "mean": -1.959940848695187,
    "min": -10.163842141236493,
    "p16": -4.3960414527913745,
    "p50": -2.1838845215878564,
    "p84": 0.501026071999229,
    "sd": 2.4974663365298944
  },
  "delta_local_minus_highz_gr": {
    "max": 18.66201619934963,
    "mean": 4.611735447209029,
    "min": -11.948054448556107,
    "p16": 1.0389710310406628,
    "p50": 4.760229957658538,
    "p84": 8.247183880248983,
    "sd": 3.647053224107719
  },
  "delta_local_minus_highz_mg": {
    "max": 15.0221606059064,
    "mean": 2.439902791166013,
    "min": -11.247083655209764,
    "p16": -0.6174391109852047,
    "p50": 2.472755852130014,
    "p84": 5.558639477886226,
    "sd": 3.1450357656323047
  },
  "h0_highz_gr": {
    "max": 84.59473873794309,
    "mean": 68.63560169950577,
    "min": 56.136398115812284,
    "p16": 65.14196223629578,
    "p50": 68.45984721275838,
    "p84": 72.07071732993958,
    "sd": 3.5042143354381787
  },
  "h0_highz_mg": {
    "max": 83.24167003139384,
    "mean": 70.80743435554879,
    "min": 59.78038711897458,
    "p16": 67.83602986900665,
    "p50": 70.76886063357844,
    "p84": 73.68467958620147,
    "sd": 2.9808972896194463
  },
  "h0_local_obs": {
    "max": 77.37784574022616,
    "mean": 73.2473371467148,
    "min": 68.70789242510529,
    "p16": 72.25778009316804,
    "p50": 73.24628381604941,
    "p84": 74.2405685515908,
    "sd": 0.9975439432876997
  },
  "local_minus_highz_gr_sigma": 1.2655322829686337,
  "local_minus_highz_mg_sigma": 0.7760107575308256,
  "p_gr_above_local_ref": 0.10484,
  "p_gr_below_local_ref": 0.89516,
  "p_gr_below_planck_ref": 0.37938,
  "z_anchor": 0.5
}
