{
  "apparent_gr_bias_vs_true": {
    "max": 11.872423840613024,
    "mean": -1.043459828624322,
    "min": -9.915785755672403,
    "p16": -3.9245961733009054,
    "p50": -1.283853038989946,
    "p84": 1.806592903954669,
    "sd": 2.9211133816876256
  },
  "delta_local_minus_highz_gr": {
    "max": 18.61943872659696,
    "mean": 3.6843174637561793,
    "min": -15.796868160304683,
    "p16": -0.25742220065302024,
    "p50": 3.9000013330510797,
    "p84": 7.635886467458797,
    "sd": 3.9779697794245164
  },
  "delta_local_minus_highz_mg": {
    "max": 15.373495819949632,
    "mean": 2.4320869907471856,
    "min": -10.896595149546968,
    "p16": -0.6300110046654106,
    "p50": 2.486696747459561,
    "p84": 5.551498116607721,
    "sd": 3.1604990435905402
  },
  "h0_highz_gr": {
    "max": 87.0224763027967,
    "mean": 69.56099012716918,
    "min": 55.940817491040185,
    "p16": 65.7236527349054,
    "p50": 69.30130419856164,
    "p84": 73.38024421360029,
    "sd": 3.85133006442731
  },
  "h0_highz_mg": {
    "max": 83.61810539199932,
    "mean": 70.81322060017817,
    "min": 59.58500012409522,
    "p16": 67.84516744881228,
    "p50": 70.75461673176626,
    "p84": 73.69979927826523,
    "sd": 2.997473345304796
  },
  "h0_local_obs": {
    "max": 77.57858617772936,
    "mean": 73.24530759092536,
    "min": 68.59689301983752,
    "p16": 72.25580965191685,
    "p50": 73.23963432925422,
    "p84": 74.24176643542545,
    "sd": 1.0010070534064375
  },
  "local_minus_highz_gr_sigma": 0.9259317151728857,
  "local_minus_highz_mg_sigma": 0.7696768235238861,
  "p_gr_above_local_ref": 0.18474,
  "p_gr_below_local_ref": 0.81526,
  "p_gr_below_planck_ref": 0.30184,
  "z_anchor": 0.62
}
