{
  "apparent_gr_bias_vs_true": {
    "max": 4.789048494870542,
    "mean": -1.550406758863178,
    "min": -6.96430897538599,
    "p16": -2.8600856942993533,
    "p50": -1.6496678280041692,
    "p84": -0.21845389614061933,
    "sd": 1.3426267487419736
  },
  "delta_local_minus_highz_gr": {
    "max": 17.248936300409113,
    "mean": 4.193967313239182,
    "min": -9.652902461225395,
    "p16": 1.1648611673893867,
    "p50": 4.230892391615519,
    "p84": 7.2677780387971485,
    "sd": 3.1247810401761758
  },
  "delta_local_minus_highz_mg": {
    "max": 15.036967272342508,
    "mean": 2.427444016436354,
    "min": -11.043231566636152,
    "p16": -0.6485210569916159,
    "p50": 2.4731832978888093,
    "p84": 5.535433868197718,
    "sd": 3.1413322166918576
  },
  "h0_highz_gr": {
    "max": 81.13498589918561,
    "mean": 69.05791727029846,
    "min": 57.68914211494492,
    "p16": 66.16091765121247,
    "p50": 69.02098219061459,
    "p84": 71.92081024659998,
    "sd": 2.9651394059349223
  },
  "h0_highz_mg": {
    "max": 82.960046001665,
    "mean": 70.82444056710129,
    "min": 59.204628201257115,
    "p16": 67.8550251101743,
    "p50": 70.77882801930534,
    "p84": 73.71342538166265,
    "sd": 2.9821473552163664
  },
  "h0_local_obs": {
    "max": 77.85049403240285,
    "mean": 73.25188458353763,
    "min": 68.86056815046929,
    "p16": 72.2571391268684,
    "p50": 73.25090617149618,
    "p84": 74.25066412386865,
    "sd": 0.9998212019327932
  },
  "local_minus_highz_gr_sigma": 1.3402573344200783,
  "local_minus_highz_mg_sigma": 0.7717573348339742,
  "p_gr_above_local_ref": 0.08649,
  "p_gr_below_local_ref": 0.91351,
  "p_gr_below_planck_ref": 0.28807,
  "z_anchor": 0.2
}
