{
  "apparent_gr_bias_vs_true": {
    "max": 7.630837761232996,
    "mean": -2.194418847819811,
    "min": -8.137607922451998,
    "p16": -4.0943369841253965,
    "p50": -2.3801234652790164,
    "p84": -0.2487836903077356,
    "sd": 1.9584621536729327
  },
  "delta_local_minus_highz_gr": {
    "max": 17.60479913737052,
    "mean": 4.835530980536667,
    "min": -11.255757017697448,
    "p16": 1.573928949584273,
    "p50": 4.93292069947028,
    "p84": 8.11143450778753,
    "sd": 3.3285874157191437
  },
  "delta_local_minus_highz_mg": {
    "max": 15.218837646124662,
    "mean": 2.4310488319771855,
    "min": -12.504797095685475,
    "p16": -0.6232364478625533,
    "p50": 2.473542399021767,
    "p84": 5.538884788833857,
    "sd": 3.139477609781473
  },
  "h0_highz_gr": {
    "max": 83.14037598923025,
    "mean": 68.4123936563113,
    "min": 55.91436062683239,
    "p16": 65.29010804250127,
    "p50": 68.32595800199962,
    "p84": 71.50560843026352,
    "sd": 3.1689062882578405
  },
  "h0_highz_mg": {
    "max": 83.14671679374644,
    "mean": 70.81687580487078,
    "min": 59.54111647395911,
    "p16": 67.8641581276949,
    "p50": 70.77003575928902,
    "p84": 73.66899698391134,
    "sd": 2.9706469483376674
  },
  "h0_local_obs": {
    "max": 77.5117774739953,
    "mean": 73.24792463684797,
    "min": 68.55464463468175,
    "p16": 72.25237531035499,
    "p50": 73.25099154180029,
    "p84": 74.24294170606774,
    "sd": 1.0035395306871042
  },
  "local_minus_highz_gr_sigma": 1.4551941709248004,
  "local_minus_highz_mg_sigma": 0.7755915640569027,
  "p_gr_above_local_ref": 0.07337,
  "p_gr_below_local_ref": 0.92663,
  "p_gr_below_planck_ref": 0.38076,
  "z_anchor": 0.35
}
