{
  "anchor_results": [
    {
      "apparent_gr_bias_vs_true": {
        "max": 4.789048494870542,
        "mean": -1.550406758863178,
        "min": -6.96430897538599,
        "p16": -2.8600856942993533,
        "p50": -1.6496678280041692,
        "p84": -0.21845389614061933,
        "sd": 1.3426267487419736
      },
      "delta_local_minus_highz_gr": {
        "max": 17.248936300409113,
        "mean": 4.193967313239182,
        "min": -9.652902461225395,
        "p16": 1.1648611673893867,
        "p50": 4.230892391615519,
        "p84": 7.2677780387971485,
        "sd": 3.1247810401761758
      },
      "delta_local_minus_highz_mg": {
        "max": 15.036967272342508,
        "mean": 2.427444016436354,
        "min": -11.043231566636152,
        "p16": -0.6485210569916159,
        "p50": 2.4731832978888093,
        "p84": 5.535433868197718,
        "sd": 3.1413322166918576
      },
      "h0_highz_gr": {
        "max": 81.13498589918561,
        "mean": 69.05791727029846,
        "min": 57.68914211494492,
        "p16": 66.16091765121247,
        "p50": 69.02098219061459,
        "p84": 71.92081024659998,
        "sd": 2.9651394059349223
      },
      "h0_highz_mg": {
        "max": 82.960046001665,
        "mean": 70.82444056710129,
        "min": 59.204628201257115,
        "p16": 67.8550251101743,
        "p50": 70.77882801930534,
        "p84": 73.71342538166265,
        "sd": 2.9821473552163664
      },
      "h0_local_obs": {
        "max": 77.85049403240285,
        "mean": 73.25188458353763,
        "min": 68.86056815046929,
        "p16": 72.2571391268684,
        "p50": 73.25090617149618,
        "p84": 74.25066412386865,
        "sd": 0.9998212019327932
      },
      "local_minus_highz_gr_sigma": 1.3402573344200783,
      "local_minus_highz_mg_sigma": 0.7717573348339742,
      "p_gr_above_local_ref": 0.08649,
      "p_gr_below_local_ref": 0.91351,
      "p_gr_below_planck_ref": 0.28807,
      "z_anchor": 0.2
    },
    {
      "apparent_gr_bias_vs_true": {
        "max": 7.630837761232996,
        "mean": -2.194418847819811,
        "min": -8.137607922451998,
        "p16": -4.0943369841253965,
        "p50": -2.3801234652790164,
        "p84": -0.2487836903077356,
        "sd": 1.9584621536729327
      },
      "delta_local_minus_highz_gr": {
        "max": 17.60479913737052,
        "mean": 4.835530980536667,
        "min": -11.255757017697448,
        "p16": 1.573928949584273,
        "p50": 4.93292069947028,
        "p84": 8.11143450778753,
        "sd": 3.3285874157191437
      },
      "delta_local_minus_highz_mg": {
        "max": 15.218837646124662,
        "mean": 2.4310488319771855,
        "min": -12.504797095685475,
        "p16": -0.6232364478625533,
        "p50": 2.473542399021767,
        "p84": 5.538884788833857,
        "sd": 3.139477609781473
      },
      "h0_highz_gr": {
        "max": 83.14037598923025,
        "mean": 68.4123936563113,
        "min": 55.91436062683239,
        "p16": 65.29010804250127,
        "p50": 68.32595800199962,
        "p84": 71.50560843026352,
        "sd": 3.1689062882578405
      },
      "h0_highz_mg": {
        "max": 83.14671679374644,
        "mean": 70.81687580487078,
        "min": 59.54111647395911,
        "p16": 67.8641581276949,
        "p50": 70.77003575928902,
        "p84": 73.66899698391134,
        "sd": 2.9706469483376674
      },
      "h0_local_obs": {
        "max": 77.5117774739953,
        "mean": 73.24792463684797,
        "min": 68.55464463468175,
        "p16": 72.25237531035499,
        "p50": 73.25099154180029,
        "p84": 74.24294170606774,
        "sd": 1.0035395306871042
      },
      "local_minus_highz_gr_sigma": 1.4551941709248004,
      "local_minus_highz_mg_sigma": 0.7755915640569027,
      "p_gr_above_local_ref": 0.07337,
      "p_gr_below_local_ref": 0.92663,
      "p_gr_below_planck_ref": 0.38076,
      "z_anchor": 0.35
    },
    {
      "apparent_gr_bias_vs_true": {
        "max": 10.04264815150188,
        "mean": -1.959940848695187,
        "min": -10.163842141236493,
        "p16": -4.3960414527913745,
        "p50": -2.1838845215878564,
        "p84": 0.501026071999229,
        "sd": 2.4974663365298944
      },
      "delta_local_minus_highz_gr": {
        "max": 18.66201619934963,
        "mean": 4.611735447209029,
        "min": -11.948054448556107,
        "p16": 1.0389710310406628,
        "p50": 4.760229957658538,
        "p84": 8.247183880248983,
        "sd": 3.647053224107719
      },
      "delta_local_minus_highz_mg": {
        "max": 15.0221606059064,
        "mean": 2.439902791166013,
        "min": -11.247083655209764,
        "p16": -0.6174391109852047,
        "p50": 2.472755852130014,
        "p84": 5.558639477886226,
        "sd": 3.1450357656323047
      },
      "h0_highz_gr": {
        "max": 84.59473873794309,
        "mean": 68.63560169950577,
        "min": 56.136398115812284,
        "p16": 65.14196223629578,
        "p50": 68.45984721275838,
        "p84": 72.07071732993958,
        "sd": 3.5042143354381787
      },
      "h0_highz_mg": {
        "max": 83.24167003139384,
        "mean": 70.80743435554879,
        "min": 59.78038711897458,
        "p16": 67.83602986900665,
        "p50": 70.76886063357844,
        "p84": 73.68467958620147,
        "sd": 2.9808972896194463
      },
      "h0_local_obs": {
        "max": 77.37784574022616,
        "mean": 73.2473371467148,
        "min": 68.70789242510529,
        "p16": 72.25778009316804,
        "p50": 73.24628381604941,
        "p84": 74.2405685515908,
        "sd": 0.9975439432876997
      },
      "local_minus_highz_gr_sigma": 1.2655322829686337,
      "local_minus_highz_mg_sigma": 0.7760107575308256,
      "p_gr_above_local_ref": 0.10484,
      "p_gr_below_local_ref": 0.89516,
      "p_gr_below_planck_ref": 0.37938,
      "z_anchor": 0.5
    },
    {
      "apparent_gr_bias_vs_true": {
        "max": 11.872423840613024,
        "mean": -1.043459828624322,
        "min": -9.915785755672403,
        "p16": -3.9245961733009054,
        "p50": -1.283853038989946,
        "p84": 1.806592903954669,
        "sd": 2.9211133816876256
      },
      "delta_local_minus_highz_gr": {
        "max": 18.61943872659696,
        "mean": 3.6843174637561793,
        "min": -15.796868160304683,
        "p16": -0.25742220065302024,
        "p50": 3.9000013330510797,
        "p84": 7.635886467458797,
        "sd": 3.9779697794245164
      },
      "delta_local_minus_highz_mg": {
        "max": 15.373495819949632,
        "mean": 2.4320869907471856,
        "min": -10.896595149546968,
        "p16": -0.6300110046654106,
        "p50": 2.486696747459561,
        "p84": 5.551498116607721,
        "sd": 3.1604990435905402
      },
      "h0_highz_gr": {
        "max": 87.0224763027967,
        "mean": 69.56099012716918,
        "min": 55.940817491040185,
        "p16": 65.7236527349054,
        "p50": 69.30130419856164,
        "p84": 73.38024421360029,
        "sd": 3.85133006442731
      },
      "h0_highz_mg": {
        "max": 83.61810539199932,
        "mean": 70.81322060017817,
        "min": 59.58500012409522,
        "p16": 67.84516744881228,
        "p50": 70.75461673176626,
        "p84": 73.69979927826523,
        "sd": 2.997473345304796
      },
      "h0_local_obs": {
        "max": 77.57858617772936,
        "mean": 73.24530759092536,
        "min": 68.59689301983752,
        "p16": 72.25580965191685,
        "p50": 73.23963432925422,
        "p84": 74.24176643542545,
        "sd": 1.0010070534064375
      },
      "local_minus_highz_gr_sigma": 0.9259317151728857,
      "local_minus_highz_mg_sigma": 0.7696768235238861,
      "p_gr_above_local_ref": 0.18474,
      "p_gr_below_local_ref": 0.81526,
      "p_gr_below_planck_ref": 0.30184,
      "z_anchor": 0.62
    }
  ],
  "draws_total": 1600,
  "draws_used": 1600,
  "h0_posterior_mg_truth": {
    "max": 81.06264119821896,
    "mean": 70.60034490571202,
    "min": 60.651398709331204,
    "p16": 67.71575777916435,