{
  "apparent_gr_bias_vs_true": {
    "max": 7.164091394616662,
    "mean": -2.5940405390727634,
    "min": -8.998886733632744,
    "p16": -4.494767617515306,
    "p50": -2.7746180103405536,
    "p84": -0.6461694013405253,
    "sd": 1.9593919890865408
  },
  "delta_local_minus_highz_gr": {
    "max": 19.59419315919972,
    "mean": 5.252938928396795,
    "min": -10.81230377762482,
    "p16": 2.0271857955754684,
    "p50": 5.348371915349091,
    "p84": 8.525137510622063,
    "sd": 3.3148075059127224
  },
  "delta_local_minus_highz_mg": {
    "max": 15.966769944800177,
    "mean": 2.8721762160568085,
    "min": -11.305867895153625,
    "p16": -0.17214844925386213,
    "p50": 2.9250109125105865,
    "p84": 5.9566647742839,
    "sd": 3.1324952065093936
  },
  "h0_highz_gr": {
    "max": 82.7978340740986,
    "mean": 67.99623544961162,
    "min": 55.773238662542894,
    "p16": 64.87998387037271,
    "p50": 67.90289835239813,
    "p84": 71.07521128166508,
    "sd": 3.1573369950192425
  },
  "h0_highz_mg": {
    "max": 82.48560144351035,
    "mean": 70.3769981619516,
    "min": 58.842859594684796,
    "p16": 67.42508926014115,
    "p50": 70.33288069798506,
    "p84": 73.24517022892795,
    "sd": 2.9647322750010625
  },
  "h0_local_obs": {
    "max": 77.39969026097279,
    "mean": 73.24917437800842,
    "min": 68.92673008957533,
    "p16": 72.25244290274196,
    "p50": 73.2476821964095,
    "p84": 74.24442519778057,
    "sd": 0.9981795278773128
  },
  "local_minus_highz_gr_sigma": 1.5860732845691707,
  "local_minus_highz_mg_sigma": 0.9179684966266065,
  "p_gr_above_local_ref": 0.05802,
  "p_gr_below_local_ref": 0.94198,
  "p_gr_below_planck_ref": 0.43244,
  "z_anchor": 0.35
}
