{
  "apparent_gr_bias_vs_true": {
    "max": 8.958516503332831,
    "mean": -2.3735422613804973,
    "min": -9.7072298252844,
    "p16": -4.788660732815218,
    "p50": -2.5987590592630525,
    "p84": 0.06681340997004091,
    "sd": 2.4705540134342527
  },
  "delta_local_minus_highz_gr": {
    "max": 19.576807344684333,
    "mean": 5.029887391485413,
    "min": -12.320582442770558,
    "p16": 1.4929855053780436,
    "p50": 5.18560755296739,
    "p84": 8.58531844089132,
    "sd": 3.6023188028508044
  },
  "delta_local_minus_highz_mg": {
    "max": 15.6557253771523,
    "mean": 2.8704656459508047,
    "min": -10.741509272340053,
    "p16": -0.16711732565090698,
    "p50": 2.9214881164217985,
    "p84": 5.936281859789729,
    "sd": 3.1191101456363075
  },
  "h0_highz_gr": {
    "max": 84.32861199314812,
    "mean": 68.22197007170553,
    "min": 55.11315044623228,
    "p16": 64.78317348796826,
    "p50": 68.04424865501673,
    "p84": 71.6156372212008,
    "sd": 3.465872727223587
  },
  "h0_highz_mg": {
    "max": 82.77512338717337,
    "mean": 70.38139181724014,
    "min": 59.18988159277471,
    "p16": 67.44642882520749,
    "p50": 70.3320415589709,
    "p84": 73.24411704803839,
    "sd": 2.9604025345673524
  },
  "h0_local_obs": {
    "max": 77.41739204494982,
    "mean": 73.25185746319094,
    "min": 69.00402997099631,
    "p16": 72.26152328014278,
    "p50": 73.25650251371354,
    "p84": 74.23996199739936,
    "sd": 0.9973255957572121
  },
  "local_minus_highz_gr_sigma": 1.3943816742085637,
  "local_minus_highz_mg_sigma": 0.918626231385662,
  "p_gr_above_local_ref": 0.085,
  "p_gr_below_local_ref": 0.915,
  "p_gr_below_planck_ref": 0.4267,
  "z_anchor": 0.5
}
