{
  "apparent_gr_bias_vs_true": {
    "max": 4.203973901966705,
    "mean": -1.9766595992457288,
    "min": -6.413103098334503,
    "p16": -3.2856714450498234,
    "p50": -2.0739424240797106,
    "p84": -0.6457656512593439,
    "sd": 1.3388302682306348
  },
  "delta_local_minus_highz_gr": {
    "max": 18.58605271198406,
    "mean": 4.606158837012839,
    "min": -8.795919110000085,
    "p16": 1.5907421997616495,
    "p50": 4.65023510423331,
    "p84": 7.663737193034833,
    "sd": 3.1074660648064056
  },
  "delta_local_minus_highz_mg": {
    "max": 16.10494926505165,
    "mean": 2.842423367488615,
    "min": -10.536751521865611,
    "p16": -0.19077366978477528,
    "p50": 2.8899891717809325,
    "p84": 5.938135037586913,
    "sd": 3.12346622796707
  },
  "h0_highz_gr": {
    "max": 80.82064727524826,
    "mean": 68.63493853829064,
    "min": 57.19202415838821,
    "p16": 65.75087707899773,
    "p50": 68.60587637164987,
    "p84": 71.48050395067763,
    "sd": 2.9460799537050613
  },
  "h0_highz_mg": {
    "max": 83.01071082863291,
    "mean": 70.39867400781486,
    "min": 59.067702165735454,
    "p16": 67.43166998171182,
    "p50": 70.37158548812758,
    "p84": 73.2565228239359,
    "sd": 2.9643324984113857
  },
  "h0_local_obs": {
    "max": 78.1321300605287,
    "mean": 73.24109737530347,
    "min": 68.8345419275901,
    "p16": 72.24828742236865,
    "p50": 73.24004484579757,
    "p84": 74.23428291075298,
    "sd": 0.9985308764079617
  },
  "local_minus_highz_gr_sigma": 1.4805223939086622,
  "local_minus_highz_mg_sigma": 0.9085692685583885,
  "p_gr_above_local_ref": 0.06618,
  "p_gr_below_local_ref": 0.93382,
  "p_gr_below_planck_ref": 0.34039,
  "z_anchor": 0.2
}
