{
  "apparent_gr_bias_vs_true": {
    "max": 11.356917510543113,
    "mean": -1.4510311729089442,
    "min": -10.500423515702153,
    "p16": -4.300486151214177,
    "p50": -1.6927672509064067,
    "p84": 1.3861108810988987,
    "sd": 2.9044828642636444
  },
  "delta_local_minus_highz_gr": {
    "max": 18.99463366484393,
    "mean": 4.104258440143154,
    "min": -13.822147821051672,
    "p16": 0.1961185395819519,
    "p50": 4.302506163984383,
    "p84": 8.01079534732937,
    "sd": 3.9438006513247044
  },
  "delta_local_minus_highz_mg": {
    "max": 15.006032109403705,
    "mean": 2.8669284898304332,
    "min": -10.489222558476683,
    "p16": -0.14362151845706647,
    "p50": 2.9096808631677717,
    "p84": 5.962780704778018,
    "sd": 3.125722316455235
  },
  "h0_highz_gr": {
    "max": 86.28808042954417,
    "mean": 69.1433083571261,
    "min": 55.04685743641293,
    "p16": 65.33829848983953,
    "p50": 68.90395572264099,
    "p84": 72.93129593212088,
    "sd": 3.819281229826948
  },
  "h0_highz_mg": {
    "max": 83.30326299509265,
    "mean": 70.38063830743883,
    "min": 58.8522022959813,
    "p16": 67.44656926067965,
    "p50": 70.34408295674959,
    "p84": 73.23333518235867,
    "sd": 2.963570359772374
  },
  "h0_local_obs": {
    "max": 77.60266400890598,
    "mean": 73.24756679726927,
    "min": 68.64826112919191,
    "p16": 72.2465765875123,
    "p50": 73.24913564198548,
    "p84": 74.24335351038994,
    "sd": 1.0036861406738944
  },
  "local_minus_highz_gr_sigma": 1.039572298761464,
  "local_minus_highz_mg_sigma": 0.9166138156659708,
  "p_gr_above_local_ref": 0.15565,
  "p_gr_below_local_ref": 0.84435,
  "p_gr_below_planck_ref": 0.34289,
  "z_anchor": 0.62
}
