{
  "anchor_results": [
    {
      "apparent_gr_bias_vs_true": {
        "max": 4.203973901966705,
        "mean": -1.9766595992457288,
        "min": -6.413103098334503,
        "p16": -3.2856714450498234,
        "p50": -2.0739424240797106,
        "p84": -0.6457656512593439,
        "sd": 1.3388302682306348
      },
      "delta_local_minus_highz_gr": {
        "max": 18.58605271198406,
        "mean": 4.606158837012839,
        "min": -8.795919110000085,
        "p16": 1.5907421997616495,
        "p50": 4.65023510423331,
        "p84": 7.663737193034833,
        "sd": 3.1074660648064056
      },
      "delta_local_minus_highz_mg": {
        "max": 16.10494926505165,
        "mean": 2.842423367488615,
        "min": -10.536751521865611,
        "p16": -0.19077366978477528,
        "p50": 2.8899891717809325,
        "p84": 5.938135037586913,
        "sd": 3.12346622796707
      },
      "h0_highz_gr": {
        "max": 80.82064727524826,
        "mean": 68.63493853829064,
        "min": 57.19202415838821,
        "p16": 65.75087707899773,
        "p50": 68.60587637164987,
        "p84": 71.48050395067763,
        "sd": 2.9460799537050613
      },
      "h0_highz_mg": {
        "max": 83.01071082863291,
        "mean": 70.39867400781486,
        "min": 59.067702165735454,
        "p16": 67.43166998171182,
        "p50": 70.37158548812758,
        "p84": 73.2565228239359,
        "sd": 2.9643324984113857
      },
      "h0_local_obs": {
        "max": 78.1321300605287,
        "mean": 73.24109737530347,
        "min": 68.8345419275901,
        "p16": 72.24828742236865,
        "p50": 73.24004484579757,
        "p84": 74.23428291075298,
        "sd": 0.9985308764079617
      },
      "local_minus_highz_gr_sigma": 1.4805223939086622,
      "local_minus_highz_mg_sigma": 0.9085692685583885,
      "p_gr_above_local_ref": 0.06618,
      "p_gr_below_local_ref": 0.93382,
      "p_gr_below_planck_ref": 0.34039,
      "z_anchor": 0.2
    },
    {
      "apparent_gr_bias_vs_true": {
        "max": 7.164091394616662,
        "mean": -2.5940405390727634,
        "min": -8.998886733632744,
        "p16": -4.494767617515306,
        "p50": -2.7746180103405536,
        "p84": -0.6461694013405253,
        "sd": 1.9593919890865408
      },
      "delta_local_minus_highz_gr": {
        "max": 19.59419315919972,
        "mean": 5.252938928396795,
        "min": -10.81230377762482,
        "p16": 2.0271857955754684,
        "p50": 5.348371915349091,
        "p84": 8.525137510622063,
        "sd": 3.3148075059127224
      },
      "delta_local_minus_highz_mg": {
        "max": 15.966769944800177,
        "mean": 2.8721762160568085,
        "min": -11.305867895153625,
        "p16": -0.17214844925386213,
        "p50": 2.9250109125105865,
        "p84": 5.9566647742839,
        "sd": 3.1324952065093936
      },
      "h0_highz_gr": {
        "max": 82.7978340740986,
        "mean": 67.99623544961162,
        "min": 55.773238662542894,
        "p16": 64.87998387037271,
        "p50": 67.90289835239813,
        "p84": 71.07521128166508,
        "sd": 3.1573369950192425
      },
      "h0_highz_mg": {
        "max": 82.48560144351035,
        "mean": 70.3769981619516,
        "min": 58.842859594684796,
        "p16": 67.42508926014115,
        "p50": 70.33288069798506,
        "p84": 73.24517022892795,
        "sd": 2.9647322750010625
      },
      "h0_local_obs": {
        "max": 77.39969026097279,
        "mean": 73.24917437800842,
        "min": 68.92673008957533,
        "p16": 72.25244290274196,
        "p50": 73.2476821964095,
        "p84": 74.24442519778057,
        "sd": 0.9981795278773128
      },
      "local_minus_highz_gr_sigma": 1.5860732845691707,
      "local_minus_highz_mg_sigma": 0.9179684966266065,
      "p_gr_above_local_ref": 0.05802,
      "p_gr_below_local_ref": 0.94198,
      "p_gr_below_planck_ref": 0.43244,
      "z_anchor": 0.35
    },
    {
      "apparent_gr_bias_vs_true": {
        "max": 8.958516503332831,
        "mean": -2.3735422613804973,
        "min": -9.7072298252844,
        "p16": -4.788660732815218,
        "p50": -2.5987590592630525,
        "p84": 0.06681340997004091,
        "sd": 2.4705540134342527
      },
      "delta_local_minus_highz_gr": {
        "max": 19.576807344684333,
        "mean": 5.029887391485413,
        "min": -12.320582442770558,
        "p16": 1.4929855053780436,
        "p50": 5.18560755296739,
        "p84": 8.58531844089132,
        "sd": 3.6023188028508044
      },
      "delta_local_minus_highz_mg": {
        "max": 15.6557253771523,
        "mean": 2.8704656459508047,
        "min": -10.741509272340053,
        "p16": -0.16711732565090698,
        "p50": 2.9214881164217985,
        "p84": 5.936281859789729,
        "sd": 3.1191101456363075
      },
      "h0_highz_gr": {
        "max": 84.32861199314812,
        "mean": 68.22197007170553,
        "min": 55.11315044623228,
        "p16": 64.78317348796826,
        "p50": 68.04424865501673,
        "p84": 71.6156372212008,
        "sd": 3.465872727223587
      },
      "h0_highz_mg": {
        "max": 82.77512338717337,
        "mean": 70.38139181724014,
        "min": 59.18988159277471,
        "p16": 67.44642882520749,
        "p50": 70.3320415589709,
        "p84": 73.24411704803839,
        "sd": 2.9604025345673524
      },
      "h0_local_obs": {
        "max": 77.41739204494982,
        "mean": 73.25185746319094,
        "min": 69.00402997099631,
        "p16": 72.26152328014278,
        "p50": 73.25650251371354,
        "p84": 74.23996199739936,
        "sd": 0.9973255957572121
      },
      "local_minus_highz_gr_sigma": 1.3943816742085637,
      "local_minus_highz_mg_sigma": 0.918626231385662,
      "p_gr_above_local_ref": 0.085,
      "p_gr_below_local_ref": 0.915,
      "p_gr_below_planck_ref": 0.4267,
      "z_anchor": 0.5
    },
    {
      "apparent_gr_bias_vs_true": {
        "max": 11.356917510543113,
        "mean": -1.4510311729089442,
        "min": -10.500423515702153,
        "p16": -4.300486151214177,
        "p50": -1.6927672509064067,
        "p84": 1.3861108810988987,
        "sd": 2.9044828642636444
      },
      "delta_local_minus_highz_gr": {
        "max": 18.99463366484393,
        "mean": 4.104258440143154,
        "min": -13.822147821051672,
        "p16": 0.1961185395819519,
        "p50": 4.302506163984383,
        "p84": 8.01079534732937,
        "sd": 3.9438006513247044
      },
      "delta_local_minus_highz_mg": {
        "max": 15.006032109403705,
        "mean": 2.8669284898304332,
        "min": -10.489222558476683,
        "p16": -0.14362151845706647,
        "p50": 2.9096808631677717,
        "p84": 5.962780704778018,
        "sd": 3.125722316455235
      },
      "h0_highz_gr": {
        "max": 86.28808042954417,
        "mean": 69.1433083571261,
        "min": 55.04685743641293,
        "p16": 65.33829848983953,
        "p50": 68.90395572264099,
        "p84": 72.93129593212088,
        "sd": 3.819281229826948
      },
      "h0_highz_mg": {
        "max": 83.30326299509265,
        "mean": 70.38063830743883,
        "min": 58.8522022959813,
        "p16": 67.44656926067965,
        "p50": 70.34408295674959,
        "p84": 73.23333518235867,
        "sd": 2.963570359772374
      },
      "h0_local_obs": {
        "max": 77.60266400890598,
        "mean": 73.24756679726927,
        "min": 68.64826112919191,
        "p16": 72.2465765875123,
        "p50": 73.24913564198548,
        "p84": 74.24335351038994,
        "sd": 1.0036861406738944
      },
      "local_minus_highz_gr_sigma": 1.039572298761464,
      "local_minus_highz_mg_sigma": 0.9166138156659708,
      "p_gr_above_local_ref": 0.15565,
      "p_gr_below_local_ref": 0.84435,
      "p_gr_below_planck_ref": 0.34289,
      "z_anchor": 0.62
    }
  ],
  "draws_total": 1600,
  "draws_used": 1600,
  "h0_posterior_mg_truth": {
    "max": 81.06264119821896,
    "mean": 70.60034490571202,
    "min": 60.651398709331204,
    "p16": 67.71575777916435,