{
  "apparent_gr_bias_vs_true": {
    "max": 11.96650096657882,
    "mean": -1.4716971484170156,
    "min": -9.887214906158363,
    "p16": -4.203547738415751,
    "p50": -1.8957483456128799,
    "p84": 1.5203478708060432,
    "sd": 2.897217484903248
  },
  "delta_local_minus_highz_gr": {
    "max": 17.76760431260444,
    "mean": 3.7552249803634226,
    "min": -20.430417651889883,
    "p16": -0.15075744017621612,
    "p50": 4.053601147602393,
    "p84": 7.682118663437481,
    "sd": 4.093730851648739
  },
  "delta_local_minus_highz_mg": {
    "max": 14.28282607907483,
    "mean": 2.284685468234575,
    "min": -13.600612809094542,
    "p16": -0.8220166508158963,
    "p50": 2.2759116734387277,
    "p84": 5.4641643067680805,
    "sd": 3.2151877933964395
  },
  "h0_highz_gr": {
    "max": 92.70707347724829,
    "mean": 69.49930568676757,
    "min": 56.77036404245067,
    "p16": 65.71935661839366,
    "p50": 69.19005672474152,
    "p84": 73.30293777357844,
    "sd": 3.969948386141167
  },
  "h0_highz_mg": {
    "max": 85.79415464284179,
    "mean": 70.96984519889644,
    "min": 61.025466875354276,
    "p16": 67.96436658181,
    "p50": 71.00553260451599,
    "p84": 73.88876332559578,
    "sd": 3.053083014828752
  },
  "h0_local_obs": {
    "max": 77.51463634865941,
    "mean": 73.25453066713101,
    "min": 68.52874047346438,
    "p16": 72.25517753311526,
    "p50": 73.25533253384083,
    "p84": 74.24676943042938,
    "sd": 1.00362038389197
  },
  "local_minus_highz_gr_sigma": 0.9172603126688051,
  "local_minus_highz_mg_sigma": 0.7111461843973925,
  "p_gr_above_local_ref": 0.17355,
  "p_gr_below_local_ref": 0.82645,
  "p_gr_below_planck_ref": 0.30619,
  "z_anchor": 0.62
}
