{
  "apparent_gr_bias_vs_true": {
    "max": 6.479893394197205,
    "mean": -2.5026049766560106,
    "min": -8.757093627662826,
    "p16": -4.359479723895991,
    "p50": -2.723799455835028,
    "p84": -0.5895948260540806,
    "sd": 1.9460175914149571
  },
  "delta_local_minus_highz_gr": {
    "max": 17.31483494174141,
    "mean": 4.7664035523526875,
    "min": -14.42574455211897,
    "p16": 1.460507570662723,
    "p50": 4.951277689798111,
    "p84": 8.065088684756866,
    "sd": 3.4123680192256596
  },
  "delta_local_minus_highz_mg": {
    "max": 14.081821429393734,
    "mean": 2.2644803835365894,
    "min": -13.983349178693217,
    "p16": -0.8410390189394661,
    "p50": 2.2656604748508684,
    "p84": 5.433636542500849,
    "sd": 3.204480857963107
  },
  "h0_highz_gr": {
    "max": 86.14052539052815,
    "mean": 68.48398293952009,
    "min": 57.39917222992928,
    "p16": 65.36657869751254,
    "p50": 68.2649425685052,
    "p84": 71.6294621814144,
    "sd": 3.266515413003684
  },
  "h0_highz_mg": {
    "max": 85.69356401710257,
    "mean": 70.98590610833618,
    "min": 60.80192317293767,
    "p16": 67.9852120143292,
    "p50": 71.0116936747683,
    "p84": 73.90898993677993,
    "sd": 3.0481868458366796
  },
  "h0_local_obs": {
    "max": 78.16306334682564,
    "mean": 73.25038649187277,
    "min": 68.95365104989789,
    "p16": 72.25175642190192,
    "p50": 73.2529496545465,
    "p84": 74.24812083143867,
    "sd": 1.004796321323763
  },
  "local_minus_highz_gr_sigma": 1.3952534141275192,
  "local_minus_highz_mg_sigma": 0.7058792659318548,
  "p_gr_above_local_ref": 0.08891,
  "p_gr_below_local_ref": 0.91109,
  "p_gr_below_planck_ref": 0.38459,
  "z_anchor": 0.35
}
