{
  "apparent_gr_bias_vs_true": {
    "max": 4.5642903009939175,
    "mean": -1.825011626982147,
    "min": -6.703204703816866,
    "p16": -3.114602523586941,
    "p50": -1.9201610706067882,
    "p84": -0.5209678161702261,
    "sd": 1.3244392373735716
  },
  "delta_local_minus_highz_gr": {
    "max": 15.36577647476652,
    "mean": 4.095091483239604,
    "min": -13.299702503469007,
    "p16": 0.9980986075766737,
    "p50": 4.191031448898784,
    "p84": 7.232792290593194,
    "sd": 3.200309366214119
  },
  "delta_local_minus_highz_mg": {
    "max": 14.230404479277688,
    "mean": 2.2675068963210463,
    "min": -13.68641361911915,
    "p16": -0.8383307928592063,
    "p50": 2.2572931029666705,
    "p84": 5.449065884420509,
    "sd": 3.211102091878953
  },
  "h0_highz_gr": {
    "max": 85.50145963209893,
    "mean": 69.1510484937238,
    "min": 59.40160979397003,
    "p16": 66.18710189702657,
    "p50": 69.04844131639135,
    "p84": 72.09597712750463,
    "sd": 3.043825497082883
  },
  "h0_highz_mg": {
    "max": 85.89276587422249,
    "mean": 70.97863308064237,
    "min": 60.48224954804067,
    "p16": 67.96565008938781,
    "p50": 71.00450425822989,
    "p84": 73.90097655864345,
    "sd": 3.0552340140535335
  },
  "h0_local_obs": {
    "max": 77.60616063952467,
    "mean": 73.2461399769634,
    "min": 69.15172033758297,
    "p16": 72.2526075932203,
    "p50": 73.2439641615046,
    "p84": 74.24681333131353,
    "sd": 1.0026243497055238
  },
  "local_minus_highz_gr_sigma": 1.2781646556198354,
  "local_minus_highz_mg_sigma": 0.7053502584821109,
  "p_gr_above_local_ref": 0.09989,
  "p_gr_below_local_ref": 0.90011,
  "p_gr_below_planck_ref": 0.28641,
  "z_anchor": 0.2
}
