{
  "apparent_gr_bias_vs_true": {
    "max": 8.189118782277689,
    "mean": -2.336409794281557,
    "min": -9.619108811107466,
    "p16": -4.664807114619976,
    "p50": -2.6571554030801714,
    "p84": 0.13786646366638294,
    "sd": 2.4623954993706194
  },
  "delta_local_minus_highz_gr": {
    "max": 18.125967219959513,
    "mean": 4.60874903829019,
    "min": -16.396577745169907,
    "p16": 1.026386447542535,
    "p50": 4.878330620380034,
    "p84": 8.154173704355932,
    "sd": 3.7267974866742892
  },
  "delta_local_minus_highz_mg": {
    "max": 14.756017077596226,
    "mean": 2.2739951032440233,
    "min": -13.621016434905144,
    "p16": -0.8410631160999015,
    "p50": 2.2761896087471243,
    "p84": 5.470674356393423,
    "sd": 3.221538654480111
  },
  "h0_highz_gr": {
    "max": 88.52740152288699,
    "mean": 68.64116515670563,
    "min": 56.911328618075686,
    "p16": 65.26041601699961,
    "p50": 68.35232255391853,
    "p84": 72.10044307126654,
    "sd": 3.590114015315387
  },
  "h0_highz_mg": {
    "max": 85.56474265056356,
    "mean": 70.9759190917518,
    "min": 60.329962212986835,
    "p16": 67.95383118226347,
    "p50": 71.00707248921337,
    "p84": 73.91817270706214,
    "sd": 3.0591457433632456
  },
  "h0_local_obs": {
    "max": 77.85641876964661,
    "mean": 73.24991419499581,
    "min": 68.96515801740142,
    "p16": 72.25613131466366,
    "p50": 73.25216289639275,
    "p84": 74.23803520447626,
    "sd": 1.0017683001075874
  },
  "local_minus_highz_gr_sigma": 1.2366558122633051,
  "local_minus_highz_mg_sigma": 0.7065513963685595,
  "p_gr_above_local_ref": 0.11749,
  "p_gr_below_local_ref": 0.88251,
  "p_gr_below_planck_ref": 0.37978,
  "z_anchor": 0.5
}
