{
  "anchor_results": [
    {
      "apparent_gr_bias_vs_true": {
        "max": 4.5642903009939175,
        "mean": -1.825011626982147,
        "min": -6.703204703816866,
        "p16": -3.114602523586941,
        "p50": -1.9201610706067882,
        "p84": -0.5209678161702261,
        "sd": 1.3244392373735716
      },
      "delta_local_minus_highz_gr": {
        "max": 15.36577647476652,
        "mean": 4.095091483239604,
        "min": -13.299702503469007,
        "p16": 0.9980986075766737,
        "p50": 4.191031448898784,
        "p84": 7.232792290593194,
        "sd": 3.200309366214119
      },
      "delta_local_minus_highz_mg": {
        "max": 14.230404479277688,
        "mean": 2.2675068963210463,
        "min": -13.68641361911915,
        "p16": -0.8383307928592063,
        "p50": 2.2572931029666705,
        "p84": 5.449065884420509,
        "sd": 3.211102091878953
      },
      "h0_highz_gr": {
        "max": 85.50145963209893,
        "mean": 69.1510484937238,
        "min": 59.40160979397003,
        "p16": 66.18710189702657,
        "p50": 69.04844131639135,
        "p84": 72.09597712750463,
        "sd": 3.043825497082883
      },
      "h0_highz_mg": {
        "max": 85.89276587422249,
        "mean": 70.97863308064237,
        "min": 60.48224954804067,
        "p16": 67.96565008938781,
        "p50": 71.00450425822989,
        "p84": 73.90097655864345,
        "sd": 3.0552340140535335
      },
      "h0_local_obs": {
        "max": 77.60616063952467,
        "mean": 73.2461399769634,
        "min": 69.15172033758297,
        "p16": 72.2526075932203,
        "p50": 73.2439641615046,
        "p84": 74.24681333131353,
        "sd": 1.0026243497055238
      },
      "local_minus_highz_gr_sigma": 1.2781646556198354,
      "local_minus_highz_mg_sigma": 0.7053502584821109,
      "p_gr_above_local_ref": 0.09989,
      "p_gr_below_local_ref": 0.90011,
      "p_gr_below_planck_ref": 0.28641,
      "z_anchor": 0.2
    },
    {
      "apparent_gr_bias_vs_true": {
        "max": 6.479893394197205,
        "mean": -2.5026049766560106,
        "min": -8.757093627662826,
        "p16": -4.359479723895991,
        "p50": -2.723799455835028,
        "p84": -0.5895948260540806,
        "sd": 1.9460175914149571
      },
      "delta_local_minus_highz_gr": {
        "max": 17.31483494174141,
        "mean": 4.7664035523526875,
        "min": -14.42574455211897,
        "p16": 1.460507570662723,
        "p50": 4.951277689798111,
        "p84": 8.065088684756866,
        "sd": 3.4123680192256596
      },
      "delta_local_minus_highz_mg": {
        "max": 14.081821429393734,
        "mean": 2.2644803835365894,
        "min": -13.983349178693217,
        "p16": -0.8410390189394661,
        "p50": 2.2656604748508684,
        "p84": 5.433636542500849,
        "sd": 3.204480857963107
      },
      "h0_highz_gr": {
        "max": 86.14052539052815,
        "mean": 68.48398293952009,
        "min": 57.39917222992928,
        "p16": 65.36657869751254,
        "p50": 68.2649425685052,
        "p84": 71.6294621814144,
        "sd": 3.266515413003684
      },
      "h0_highz_mg": {
        "max": 85.69356401710257,
        "mean": 70.98590610833618,
        "min": 60.80192317293767,
        "p16": 67.9852120143292,
        "p50": 71.0116936747683,
        "p84": 73.90898993677993,
        "sd": 3.0481868458366796
      },
      "h0_local_obs": {
        "max": 78.16306334682564,
        "mean": 73.25038649187277,
        "min": 68.95365104989789,
        "p16": 72.25175642190192,
        "p50": 73.2529496545465,
        "p84": 74.24812083143867,
        "sd": 1.004796321323763
      },
      "local_minus_highz_gr_sigma": 1.3952534141275192,
      "local_minus_highz_mg_sigma": 0.7058792659318548,
      "p_gr_above_local_ref": 0.08891,
      "p_gr_below_local_ref": 0.91109,
      "p_gr_below_planck_ref": 0.38459,
      "z_anchor": 0.35
    },
    {
      "apparent_gr_bias_vs_true": {
        "max": 8.189118782277689,
        "mean": -2.336409794281557,
        "min": -9.619108811107466,
        "p16": -4.664807114619976,
        "p50": -2.6571554030801714,
        "p84": 0.13786646366638294,
        "sd": 2.4623954993706194
      },
      "delta_local_minus_highz_gr": {
        "max": 18.125967219959513,
        "mean": 4.60874903829019,
        "min": -16.396577745169907,
        "p16": 1.026386447542535,
        "p50": 4.878330620380034,
        "p84": 8.154173704355932,
        "sd": 3.7267974866742892
      },
      "delta_local_minus_highz_mg": {
        "max": 14.756017077596226,
        "mean": 2.2739951032440233,
        "min": -13.621016434905144,
        "p16": -0.8410631160999015,
        "p50": 2.2761896087471243,
        "p84": 5.470674356393423,
        "sd": 3.221538654480111
      },
      "h0_highz_gr": {
        "max": 88.52740152288699,
        "mean": 68.64116515670563,
        "min": 56.911328618075686,
        "p16": 65.26041601699961,
        "p50": 68.35232255391853,
        "p84": 72.10044307126654,
        "sd": 3.590114015315387
      },
      "h0_highz_mg": {
        "max": 85.56474265056356,
        "mean": 70.9759190917518,
        "min": 60.329962212986835,
        "p16": 67.95383118226347,
        "p50": 71.00707248921337,
        "p84": 73.91817270706214,
        "sd": 3.0591457433632456
      },
      "h0_local_obs": {
        "max": 77.85641876964661,
        "mean": 73.24991419499581,
        "min": 68.96515801740142,
        "p16": 72.25613131466366,
        "p50": 73.25216289639275,
        "p84": 74.23803520447626,
        "sd": 1.0017683001075874
      },
      "local_minus_highz_gr_sigma": 1.2366558122633051,
      "local_minus_highz_mg_sigma": 0.7065513963685595,
      "p_gr_above_local_ref": 0.11749,
      "p_gr_below_local_ref": 0.88251,
      "p_gr_below_planck_ref": 0.37978,
      "z_anchor": 0.5
    },
    {
      "apparent_gr_bias_vs_true": {
        "max": 11.96650096657882,
        "mean": -1.4716971484170156,
        "min": -9.887214906158363,
        "p16": -4.203547738415751,
        "p50": -1.8957483456128799,
        "p84": 1.5203478708060432,
        "sd": 2.897217484903248
      },
      "delta_local_minus_highz_gr": {
        "max": 17.76760431260444,
        "mean": 3.7552249803634226,
        "min": -20.430417651889883,
        "p16": -0.15075744017621612,
        "p50": 4.053601147602393,
        "p84": 7.682118663437481,
        "sd": 4.093730851648739
      },
      "delta_local_minus_highz_mg": {
        "max": 14.28282607907483,
        "mean": 2.284685468234575,
        "min": -13.600612809094542,
        "p16": -0.8220166508158963,
        "p50": 2.2759116734387277,
        "p84": 5.4641643067680805,
        "sd": 3.2151877933964395
      },
      "h0_highz_gr": {
        "max": 92.70707347724829,
        "mean": 69.49930568676757,
        "min": 56.77036404245067,
        "p16": 65.71935661839366,
        "p50": 69.19005672474152,
        "p84": 73.30293777357844,
        "sd": 3.969948386141167
      },
      "h0_highz_mg": {
        "max": 85.79415464284179,
        "mean": 70.96984519889644,
        "min": 61.025466875354276,
        "p16": 67.96436658181,
        "p50": 71.00553260451599,
        "p84": 73.88876332559578,
        "sd": 3.053083014828752
      },
      "h0_local_obs": {
        "max": 77.51463634865941,
        "mean": 73.25453066713101,
        "min": 68.52874047346438,
        "p16": 72.25517753311526,
        "p50": 73.25533253384083,
        "p84": 74.24676943042938,
        "sd": 1.00362038389197
      },
      "local_minus_highz_gr_sigma": 0.9172603126688051,
      "local_minus_highz_mg_sigma": 0.7111461843973925,
      "p_gr_above_local_ref": 0.17355,
      "p_gr_below_local_ref": 0.82645,
      "p_gr_below_planck_ref": 0.30619,
      "z_anchor": 0.62
    }
  ],
  "draws_total": 1600,
  "draws_used": 1600,
  "h0_posterior_mg_truth": {
    "max": 83.833891578275,
    "mean": 70.9809853903875,
    "min": 62.52211725111513,
    "p16": 68.10255835254144,