{
  "apparent_gr_bias_vs_true": {
    "max": 8.621596840770195,
    "mean": -2.3273057385397,
    "min": -9.746385998305598,
    "p16": -4.655701551011887,
    "p50": -2.640606480571236,
    "p84": 0.16306080959174815,
    "sd": 2.461552882354992
  },
  "delta_local_minus_highz_gr": {
    "max": 16.79936734847051,
    "mean": 4.097385594797157,
    "min": -17.125506209390238,
    "p16": 0.5007188360350125,
    "p50": 4.361221714920987,
    "p84": 7.657780687302277,
    "sd": 3.732552972112848
  },
  "delta_local_minus_highz_mg": {
    "max": 13.730404479277674,
    "mean": 1.7675068963210465,
    "min": -14.18641361911915,
    "p16": -1.3383307928592205,
    "p50": 1.7572931029666776,
    "p84": 4.949065884420509,
    "sd": 3.211102091878953
  },
  "h0_highz_gr": {
    "max": 88.86678247268168,
    "mean": 68.64875438216626,
    "min": 57.10781207293736,
    "p16": 65.2394752042616,
    "p50": 68.35799478184373,
    "p84": 72.12247072529196,
    "sd": 3.5992899427101244
  },
  "h0_highz_mg": {
    "max": 85.89276587422249,
    "mean": 70.97863308064237,
    "min": 60.48224954804066,
    "p16": 67.96565008938781,
    "p50": 71.00450425822989,
    "p84": 73.90097655864346,
    "sd": 3.055234014053533
  },
  "h0_local_obs": {
    "max": 77.10616063952467,
    "mean": 72.7461399769634,
    "min": 68.65172033758297,
    "p16": 71.7526075932203,
    "p50": 72.7439641615046,
    "p84": 73.74681333131353,
    "sd": 1.0026243497055238
  },
  "local_minus_highz_gr_sigma": 1.0968409524055232,
  "local_minus_highz_mg_sigma": 0.5498159446446269,
  "p_gr_above_local_ref": 0.11772,
  "p_gr_below_local_ref": 0.88228,
  "p_gr_below_planck_ref": 0.3811,
  "z_anchor": 0.5
}
