{
  "apparent_gr_bias_vs_true": {
    "max": 12.519005284859247,
    "mean": -1.468305581691657,
    "min": -9.524127180430568,
    "p16": -4.185304619439686,
    "p50": -1.9024962081745045,
    "p84": 1.4996385748996326,
    "sd": 2.9044322816301924
  },
  "delta_local_minus_highz_gr": {
    "max": 17.400427378187274,
    "mean": 3.232104157388335,
    "min": -21.317625714024018,
    "p16": -0.7003083600005072,
    "p50": 3.5425176749572103,
    "p84": 7.1642430640488115,
    "sd": 4.103904088960808
  },
  "delta_local_minus_highz_mg": {
    "max": 13.581821429393734,
    "mean": 1.7644803835365894,
    "min": -14.483349178693217,
    "p16": -1.341039018939466,
    "p50": 1.7656604748508613,
    "p84": 4.933636542500861,
    "sd": 3.204480857963107
  },
  "h0_highz_gr": {
    "max": 92.59837769756085,
    "mean": 69.51828233448444,
    "min": 56.82957464834214,
    "p16": 65.7392194672953,
    "p50": 69.20251340162474,
    "p84": 73.35829701111732,
    "sd": 3.9835022521880368
  },
  "h0_highz_mg": {
    "max": 85.69356401710256,
    "mean": 70.98590610833618,
    "min": 60.801923172937684,
    "p16": 67.9852120143292,
    "p50": 71.0116936747683,
    "p84": 73.90898993677995,
    "sd": 3.0481868458366796
  },
  "h0_local_obs": {
    "max": 77.66306334682564,
    "mean": 72.75038649187277,
    "min": 68.45365104989789,
    "p16": 71.75175642190192,
    "p50": 72.7529496545465,
    "p84": 73.74812083143867,
    "sd": 1.004796321323763
  },
  "local_minus_highz_gr_sigma": 0.7869548494257262,
  "local_minus_highz_mg_sigma": 0.5500202726140512,
  "p_gr_above_local_ref": 0.17637,
  "p_gr_below_local_ref": 0.82363,
  "p_gr_below_planck_ref": 0.30522,
  "z_anchor": 0.62
}
