{
  "apparent_gr_bias_vs_true": {
    "max": 5.920816284014521,
    "mean": -1.8292106707935314,
    "min": -6.605931174215527,
    "p16": -3.121805165512404,
    "p50": -1.9341249141963317,
    "p84": -0.5144084116306236,
    "sd": 1.3341493172701164
  },
  "delta_local_minus_highz_gr": {
    "max": 14.517584582024298,
    "mean": 3.5869848902971153,
    "min": -13.3848410900777,
    "p16": 0.48391571310647746,
    "p50": 3.666223283724406,
    "p84": 6.7185877274472245,
    "sd": 3.206909675872721
  },
  "delta_local_minus_highz_mg": {
    "max": 13.043305132940844,
    "mean": 1.7575518899089,
    "min": -13.768400258953037,
    "p16": -1.3595264331605035,
    "p50": 1.7413078104889763,
    "p84": 4.946171026184837,
    "sd": 3.220324076357734
  },
  "h0_highz_gr": {
    "max": 85.84128322053567,
    "mean": 69.15880502767777,
    "min": 58.71416826602804,
    "p16": 66.1758429386661,
    "p50": 69.05942461085638,
    "p84": 72.09693555036128,
    "sd": 3.0483934503184598
  },
  "h0_highz_mg": {
    "max": 86.23414470033528,
    "mean": 70.98823802806598,
    "min": 60.80489758452906,
    "p16": 67.97403475989633,
    "p50": 71.01037883706954,
    "p84": 73.92298064931128,
    "sd": 3.062300670812467
  },
  "h0_local_obs": {
    "max": 77.55974725366946,
    "mean": 72.74578991797488,
    "min": 68.16192570780157,
    "p16": 71.74284471702705,
    "p50": 72.74792293894026,
    "p84": 73.74060396291996,
    "sd": 1.0047192659550654
  },
  "local_minus_highz_gr_sigma": 1.1180592899480366,
  "local_minus_highz_mg_sigma": 0.5455793267649407,
  "p_gr_above_local_ref": 0.10101,
  "p_gr_below_local_ref": 0.89899,
  "p_gr_below_planck_ref": 0.28581,
  "z_anchor": 0.2
}
