{
  "apparent_gr_bias_vs_true": {
    "max": 6.442777088305533,
    "mean": -2.4988158424654485,
    "min": -8.79907680138519,
    "p16": -4.365593956391453,
    "p50": -2.7117840057954368,
    "p84": -0.5724127622321923,
    "sd": 1.953422050900698
  },
  "delta_local_minus_highz_gr": {
    "max": 16.72251044139601,
    "mean": 4.261810577182387,
    "min": -14.191075234431878,
    "p16": 0.9461396693784258,
    "p50": 4.463434226831943,
    "p84": 7.549396221538842,
    "sd": 3.432461458111957
  },
  "delta_local_minus_highz_mg": {
    "max": 13.117920601958062,
    "mean": 1.7653683157199231,
    "min": -13.745934186148205,
    "p16": -1.3528596789728577,
    "p50": 1.762491001572485,
    "p84": 4.9507022095884325,
    "sd": 3.228503022272577
  },
  "h0_highz_gr": {
    "max": 86.51500322338686,
    "mean": 68.4854038062358,
    "min": 57.58156407157395,
    "p16": 65.35078179211092,
    "p50": 68.26576571693623,
    "p84": 71.63659645604643,
    "sd": 3.288959120274563
  },
  "h0_highz_mg": {
    "max": 86.06609877931325,
    "mean": 70.98184606769826,
    "min": 60.848185823581886,
    "p16": 67.96193768944696,
    "p50": 71.0011159063435,
    "p84": 73.92407942190607,
    "sd": 3.0751055261445353
  },
  "h0_local_obs": {
    "max": 77.92654808703873,
    "mean": 72.74721438341818,
    "min": 68.26849497610009,
    "p16": 71.74819628150206,
    "p50": 72.74945548292021,
    "p84": 73.74188439147036,
    "sd": 0.999712696708147
  },
  "local_minus_highz_gr_sigma": 1.2397550692059314,
  "local_minus_highz_mg_sigma": 0.5459424322200913,
  "p_gr_above_local_ref": 0.08902,
  "p_gr_below_local_ref": 0.91098,
  "p_gr_below_planck_ref": 0.3858,
  "z_anchor": 0.35
}
