{
  "anchor_results": [
    {
      "apparent_gr_bias_vs_true": {
        "max": 5.920816284014521,
        "mean": -1.8292106707935314,
        "min": -6.605931174215527,
        "p16": -3.121805165512404,
        "p50": -1.9341249141963317,
        "p84": -0.5144084116306236,
        "sd": 1.3341493172701164
      },
      "delta_local_minus_highz_gr": {
        "max": 14.517584582024298,
        "mean": 3.5869848902971153,
        "min": -13.3848410900777,
        "p16": 0.48391571310647746,
        "p50": 3.666223283724406,
        "p84": 6.7185877274472245,
        "sd": 3.206909675872721
      },
      "delta_local_minus_highz_mg": {
        "max": 13.043305132940844,
        "mean": 1.7575518899089,
        "min": -13.768400258953037,
        "p16": -1.3595264331605035,
        "p50": 1.7413078104889763,
        "p84": 4.946171026184837,
        "sd": 3.220324076357734
      },
      "h0_highz_gr": {
        "max": 85.84128322053567,
        "mean": 69.15880502767777,
        "min": 58.71416826602804,
        "p16": 66.1758429386661,
        "p50": 69.05942461085638,
        "p84": 72.09693555036128,
        "sd": 3.0483934503184598
      },
      "h0_highz_mg": {
        "max": 86.23414470033528,
        "mean": 70.98823802806598,
        "min": 60.80489758452906,
        "p16": 67.97403475989633,
        "p50": 71.01037883706954,
        "p84": 73.92298064931128,
        "sd": 3.062300670812467
      },
      "h0_local_obs": {
        "max": 77.55974725366946,
        "mean": 72.74578991797488,
        "min": 68.16192570780157,
        "p16": 71.74284471702705,
        "p50": 72.74792293894026,
        "p84": 73.74060396291996,
        "sd": 1.0047192659550654
      },
      "local_minus_highz_gr_sigma": 1.1180592899480366,
      "local_minus_highz_mg_sigma": 0.5455793267649407,
      "p_gr_above_local_ref": 0.10101,
      "p_gr_below_local_ref": 0.89899,
      "p_gr_below_planck_ref": 0.28581,
      "z_anchor": 0.2
    },
    {
      "apparent_gr_bias_vs_true": {
        "max": 6.442777088305533,
        "mean": -2.4988158424654485,
        "min": -8.79907680138519,
        "p16": -4.365593956391453,
        "p50": -2.7117840057954368,
        "p84": -0.5724127622321923,
        "sd": 1.953422050900698
      },
      "delta_local_minus_highz_gr": {
        "max": 16.72251044139601,
        "mean": 4.261810577182387,
        "min": -14.191075234431878,
        "p16": 0.9461396693784258,
        "p50": 4.463434226831943,
        "p84": 7.549396221538842,
        "sd": 3.432461458111957
      },
      "delta_local_minus_highz_mg": {
        "max": 13.117920601958062,
        "mean": 1.7653683157199231,
        "min": -13.745934186148205,
        "p16": -1.3528596789728577,
        "p50": 1.762491001572485,
        "p84": 4.9507022095884325,
        "sd": 3.228503022272577
      },
      "h0_highz_gr": {
        "max": 86.51500322338686,
        "mean": 68.4854038062358,
        "min": 57.58156407157395,
        "p16": 65.35078179211092,
        "p50": 68.26576571693623,
        "p84": 71.63659645604643,
        "sd": 3.288959120274563
      },
      "h0_highz_mg": {
        "max": 86.06609877931325,
        "mean": 70.98184606769826,
        "min": 60.848185823581886,
        "p16": 67.96193768944696,
        "p50": 71.0011159063435,
        "p84": 73.92407942190607,
        "sd": 3.0751055261445353
      },
      "h0_local_obs": {
        "max": 77.92654808703873,
        "mean": 72.74721438341818,
        "min": 68.26849497610009,
        "p16": 71.74819628150206,
        "p50": 72.74945548292021,
        "p84": 73.74188439147036,
        "sd": 0.999712696708147
      },
      "local_minus_highz_gr_sigma": 1.2397550692059314,
      "local_minus_highz_mg_sigma": 0.5459424322200913,
      "p_gr_above_local_ref": 0.08902,
      "p_gr_below_local_ref": 0.91098,
      "p_gr_below_planck_ref": 0.3858,
      "z_anchor": 0.35
    },
    {
      "apparent_gr_bias_vs_true": {
        "max": 8.621596840770195,
        "mean": -2.3273057385397,
        "min": -9.746385998305598,
        "p16": -4.655701551011887,
        "p50": -2.640606480571236,
        "p84": 0.16306080959174815,
        "sd": 2.461552882354992
      },
      "delta_local_minus_highz_gr": {
        "max": 16.79936734847051,
        "mean": 4.097385594797157,
        "min": -17.125506209390238,
        "p16": 0.5007188360350125,
        "p50": 4.361221714920987,
        "p84": 7.657780687302277,
        "sd": 3.732552972112848
      },
      "delta_local_minus_highz_mg": {
        "max": 13.730404479277674,
        "mean": 1.7675068963210465,
        "min": -14.18641361911915,
        "p16": -1.3383307928592205,
        "p50": 1.7572931029666776,
        "p84": 4.949065884420509,
        "sd": 3.211102091878953
      },
      "h0_highz_gr": {
        "max": 88.86678247268168,
        "mean": 68.64875438216626,
        "min": 57.10781207293736,
        "p16": 65.2394752042616,
        "p50": 68.35799478184373,
        "p84": 72.12247072529196,
        "sd": 3.5992899427101244
      },
      "h0_highz_mg": {
        "max": 85.89276587422249,
        "mean": 70.97863308064237,
        "min": 60.48224954804066,
        "p16": 67.96565008938781,
        "p50": 71.00450425822989,
        "p84": 73.90097655864346,
        "sd": 3.055234014053533
      },
      "h0_local_obs": {
        "max": 77.10616063952467,
        "mean": 72.7461399769634,
        "min": 68.65172033758297,
        "p16": 71.7526075932203,
        "p50": 72.7439641615046,
        "p84": 73.74681333131353,
        "sd": 1.0026243497055238
      },
      "local_minus_highz_gr_sigma": 1.0968409524055232,
      "local_minus_highz_mg_sigma": 0.5498159446446269,
      "p_gr_above_local_ref": 0.11772,
      "p_gr_below_local_ref": 0.88228,
      "p_gr_below_planck_ref": 0.3811,
      "z_anchor": 0.5
    },
    {
      "apparent_gr_bias_vs_true": {
        "max": 12.519005284859247,
        "mean": -1.468305581691657,
        "min": -9.524127180430568,
        "p16": -4.185304619439686,
        "p50": -1.9024962081745045,
        "p84": 1.4996385748996326,
        "sd": 2.9044322816301924
      },
      "delta_local_minus_highz_gr": {
        "max": 17.400427378187274,
        "mean": 3.232104157388335,
        "min": -21.317625714024018,
        "p16": -0.7003083600005072,
        "p50": 3.5425176749572103,
        "p84": 7.1642430640488115,
        "sd": 4.103904088960808
      },
      "delta_local_minus_highz_mg": {
        "max": 13.581821429393734,
        "mean": 1.7644803835365894,
        "min": -14.483349178693217,
        "p16": -1.341039018939466,
        "p50": 1.7656604748508613,
        "p84": 4.933636542500861,
        "sd": 3.204480857963107
      },
      "h0_highz_gr": {
        "max": 92.59837769756085,
        "mean": 69.51828233448444,
        "min": 56.82957464834214,
        "p16": 65.7392194672953,
        "p50": 69.20251340162474,
        "p84": 73.35829701111732,
        "sd": 3.9835022521880368
      },
      "h0_highz_mg": {
        "max": 85.69356401710256,
        "mean": 70.98590610833618,
        "min": 60.801923172937684,
        "p16": 67.9852120143292,
        "p50": 71.0116936747683,
        "p84": 73.90898993677995,
        "sd": 3.0481868458366796
      },
      "h0_local_obs": {
        "max": 77.66306334682564,
        "mean": 72.75038649187277,
        "min": 68.45365104989789,
        "p16": 71.75175642190192,
        "p50": 72.7529496545465,
        "p84": 73.74812083143867,
        "sd": 1.004796321323763
      },
      "local_minus_highz_gr_sigma": 0.7869548494257262,
      "local_minus_highz_mg_sigma": 0.5500202726140512,
      "p_gr_above_local_ref": 0.17637,
      "p_gr_below_local_ref": 0.82363,
      "p_gr_below_planck_ref": 0.30522,
      "z_anchor": 0.62
    }
  ],
  "draws_total": 1600,
  "draws_used": 1600,
  "h0_posterior_mg_truth": {
    "max": 83.833891578275,
    "mean": 70.9809853903875,
    "min": 62.52211725111513,
    "p16": 68.10255835254144,