{
  "created_utc": "2026-02-10T05:49:33Z",
  "dominant_transfer_term": "beta_ia_sn",
  "draws_effective": 64,
  "elapsed_sec": 3.172308921813965,
  "logZ_no_transfer": 16.071981860917987,
  "logZ_transfer_model": 15.245092954885864,
  "log_bayes_factor_transfer_vs_no_transfer": -0.8268889060321225,
  "o3_delta_lpd_metadata": 3.669945265,
  "parameter_posteriors": {
    "beta_bao": {
      "mean": 0.00017515709245267182,
      "p16": -0.02750273575203841,
      "p50": -0.001583128022643032,
      "p84": 0.012249744435843101,
      "sd": 0.02293498134387235
    },
    "beta_cc": {
      "mean": -0.026286962364093554,
      "p16": -0.18868305552949052,
      "p50": -0.07100519461023529,
      "p84": 0.09057805733348062,
      "sd": 0.14070957025400038
    },
    "beta_ia": {
      "mean": -0.027554210866806005,
      "p16": -0.11158196210230283,
      "p50": -0.031393579009117566,
      "p84": 0.01776327511939215,
      "sd": 0.055670890201571774
    },
    "delta_h0_ladder": {
      "mean": 0.1310463451301615,
      "p16": -0.994950195352655,
      "p50": 0.1789063864670744,
      "p84": 0.9491581870021063,
      "sd": 0.7128908123544657
    }
  },
  "relief_posterior": {
    "mean": 0.8371356953350688,
    "p16": 0.8096041814817322,
    "p50": 0.8389551947754227,
    "p84": 0.8541988928791395,
    "sd": 0.11418341929072469
  },
  "relief_sensitivity_weighted": {
    "beta_bao": {
      "weighted_corr": 0.30038701607769747,
      "weighted_slope": 0.2729104747878084
    },
    "beta_cc": {
      "weighted_corr": -0.5704074747076832,
      "weighted_slope": -0.08446932246245041
    },
    "beta_ia": {
      "weighted_corr": -0.2873092002548452,
      "weighted_slope": -0.1075372203949724
    },
    "delta_h0_ladder": {
      "weighted_corr": -0.18244107290521958,
      "weighted_slope": -0.005332575823290231
    }
  },
  "term_dominance_mean_abs_loglike_delta": {
    "beta_bao_bao": 0.32928754287655004,
    "beta_cc_cc": 0.28290931677728154,
    "beta_ia_sn": 0.955559062135726,
    "delta_h0_ladder_local": 0.6040479182178489
  },
  "theta_samples_evaluated": 16
}
