{
  "apparent_gr_bias_vs_true": {
    "max": 6.775634658101737,
    "mean": -2.5545858780594037,
    "min": -8.751546750812608,
    "p16": -4.46738793804202,
    "p50": -2.7496219820528793,
    "p84": -0.5819119514146728,
    "sd": 1.9605916278121223
  },
  "delta_local_minus_highz_gr": {
    "max": 17.889771366411424,
    "mean": 4.691220923980753,
    "min": -11.029622041145757,
    "p16": 1.4120232045452161,
    "p50": 4.803861318517768,
    "p84": 7.976995782724737,
    "sd": 3.355520409469016
  },
  "delta_local_minus_highz_mg": {
    "max": 15.57200841145351,
    "mean": 2.347311187819836,
    "min": -11.21015693395718,
    "p16": -0.7583625338244496,
    "p50": 2.2948041161028385,
    "p84": 5.483922802183458,
    "sd": 3.1948362637860868
  },
  "h0_highz_gr": {
    "max": 82.63226945984917,
    "mean": 68.0596673584351,
    "min": 56.220799839241806,
    "p16": 64.90754289199404,
    "p50": 67.92133760564025,
    "p84": 71.17984168668853,
    "sd": 3.2031534201280203
  },
  "h0_highz_mg": {
    "max": 82.81373382240217,
    "mean": 70.40357709459603,
    "min": 58.29731233882325,
    "p16": 67.41069181834126,
    "p50": 70.47905846247619,
    "p84": 73.32556029400683,
    "sd": 3.0334902405211417
  },
  "h0_local_obs": {
    "max": 77.41373981983074,
    "mean": 72.75088828241587,
    "min": 68.15519773825912,
    "p16": 71.76050756963669,
    "p50": 72.75082387503551,
    "p84": 73.74143105067036,
    "sd": 0.9976427358079002
  },
  "local_minus_highz_gr_sigma": 1.3980187334561165,
  "local_minus_highz_mg_sigma": 0.7348973263214624,
  "p_gr_above_local_ref": 0.06645,
  "p_gr_below_local_ref": 0.93355,
  "p_gr_below_planck_ref": 0.42916,
  "z_anchor": 0.35
}
