{
  "apparent_gr_bias_vs_true": {
    "max": 3.947423182905183,
    "mean": -1.9390433672557241,
    "min": -6.742974915623336,
    "p16": -3.250242987374813,
    "p50": -2.0315047405289732,
    "p84": -0.6106717519030774,
    "sd": 1.335655781627895
  },
  "delta_local_minus_highz_gr": {
    "max": 17.670327888783937,
    "mean": 4.0660739134188715,
    "min": -9.553581927983643,
    "p16": 1.004825608855893,
    "p50": 4.092500071645773,
    "p84": 7.171048189494138,
    "sd": 3.1593182528635935
  },
  "delta_local_minus_highz_mg": {
    "max": 16.18293332966921,
    "mean": 2.3372329855806915,
    "min": -11.00850452519559,
    "p16": -0.733693735142354,
    "p50": 2.2736393318042474,
    "p84": 5.481376903550794,
    "sd": 3.1918526466356822
  },
  "h0_highz_gr": {
    "max": 81.79175234221509,
    "mean": 68.68480644740369,
    "min": 56.76949767217992,
    "p16": 65.7252137126877,
    "p50": 68.65773741486157,
    "p84": 71.57993990857543,
    "sd": 2.99637355836606
  },
  "h0_highz_mg": {
    "max": 82.7515939088517,
    "mean": 70.41364737524187,
    "min": 58.25689223129464,
    "p16": 67.39415148017936,
    "p50": 70.51261191670562,
    "p84": 73.3066741086305,
    "sd": 3.0323099540501826
  },
  "h0_local_obs": {
    "max": 76.87188622682224,
    "mean": 72.75088036082256,
    "min": 68.21215718037604,
    "p16": 71.755126287998,
    "p50": 72.75130747400654,
    "p84": 73.74691598146697,
    "sd": 0.9999500450669612
  },
  "local_minus_highz_gr_sigma": 1.2872057783546458,
  "local_minus_highz_mg_sigma": 0.731998926090347,
  "p_gr_above_local_ref": 0.07353,
  "p_gr_below_local_ref": 0.92647,
  "p_gr_below_planck_ref": 0.33046,
  "z_anchor": 0.2
}
