{
  "apparent_gr_bias_vs_true": {
    "max": 9.723725022628813,
    "mean": -2.357723763226783,
    "min": -9.711675692382663,
    "p16": -4.750009261737252,
    "p50": -2.6555060240734463,
    "p84": 0.09677789326747237,
    "sd": 2.484282251114781
  },
  "delta_local_minus_highz_gr": {
    "max": 18.21033016648861,
    "mean": 4.484285222363602,
    "min": -13.35647091327074,
    "p16": 0.9095081250354343,
    "p50": 4.658257673823449,
    "p84": 8.079658741155793,
    "sd": 3.6540383665507994
  },
  "delta_local_minus_highz_mg": {
    "max": 15.256656165478432,
    "mean": 2.337065930616969,
    "min": -11.71349360612794,
    "p16": -0.7512216882160413,
    "p50": 2.2710980330169477,
    "p84": 5.491324744051535,
    "sd": 3.1899517514141262
  },
  "h0_highz_gr": {
    "max": 85.3951932651588,
    "mean": 68.2628240660325,
    "min": 55.8693100214761,
    "p16": 64.79026589725734,
    "p50": 68.06081761771168,
    "p84": 71.68415454979292,
    "sd": 3.515073663828488
  },
  "h0_highz_mg": {
    "max": 83.05730399980264,
    "mean": 70.41004335777913,
    "min": 58.98223158010357,
    "p16": 67.41233939731363,
    "p50": 70.50873205267442,
    "p84": 73.30367412531494,
    "sd": 3.025878227536401
  },
  "h0_local_obs": {
    "max": 76.82411341591536,
    "mean": 72.74710928839609,
    "min": 68.08005416953847,
    "p16": 71.75488252659453,
    "p50": 72.74678848249016,
    "p84": 73.74144617028279,
    "sd": 0.9987024216771418
  },
  "local_minus_highz_gr_sigma": 1.227041364987003,
  "local_minus_highz_mg_sigma": 0.7333493671013873,
  "p_gr_above_local_ref": 0.09276,
  "p_gr_below_local_ref": 0.90724,
  "p_gr_below_planck_ref": 0.41917,
  "z_anchor": 0.5
}
