{
  "apparent_gr_bias_vs_true": {
    "max": 12.585254117210596,
    "mean": -1.4839311055343505,
    "min": -10.729644009441046,
    "p16": -4.243131819265889,
    "p50": -1.8338681529046994,
    "p84": 1.3310925886947775,
    "sd": 2.8958392786834652
  },
  "delta_local_minus_highz_gr": {
    "max": 19.026536952854975,
    "mean": 3.6090806897104764,
    "min": -16.88609797806724,
    "p16": -0.33199094278229097,
    "p50": 3.8547292187101263,
    "p84": 7.540147907048193,
    "sd": 4.007311084742921
  },
  "delta_local_minus_highz_mg": {
    "max": 15.281478815091965,
    "mean": 2.337631666473688,
    "min": -11.518042275191675,
    "p16": -0.7335855656360593,
    "p50": 2.2744839448259455,
    "p84": 5.467735225372977,
    "sd": 3.1783886802853094
  },
  "h0_highz_gr": {
    "max": 87.6874845198394,
    "mean": 69.13937491942741,
    "min": 55.216740628975245,
    "p16": 65.3140400707083,
    "p50": 68.86271040556646,
    "p84": 72.97295189531962,
    "sd": 3.882566926095544
  },
  "h0_highz_mg": {
    "max": 82.91234870923299,
    "mean": 70.4108239426642,
    "min": 58.92069444150094,
    "p16": 67.43609990649999,
    "p50": 70.48923636569072,
    "p84": 73.29113959510973,
    "sd": 3.02199170491009
  },
  "h0_local_obs": {
    "max": 76.99484969586331,
    "mean": 72.74845560913788,
    "min": 68.50225316909265,
    "p16": 71.75590868453286,
    "p50": 72.74733825274063,
    "p84": 73.74130196750883,
    "sd": 0.9969319306484026
  },
  "local_minus_highz_gr_sigma": 0.900181755884015,
  "local_minus_highz_mg_sigma": 0.7343772133570959,
  "p_gr_above_local_ref": 0.15846,
  "p_gr_below_local_ref": 0.84154,
  "p_gr_below_planck_ref": 0.33712,
  "z_anchor": 0.62
}
