{
  "anchor_results": [
    {
      "apparent_gr_bias_vs_true": {
        "max": 3.947423182905183,
        "mean": -1.9390433672557241,
        "min": -6.742974915623336,
        "p16": -3.250242987374813,
        "p50": -2.0315047405289732,
        "p84": -0.6106717519030774,
        "sd": 1.335655781627895
      },
      "delta_local_minus_highz_gr": {
        "max": 17.670327888783937,
        "mean": 4.0660739134188715,
        "min": -9.553581927983643,
        "p16": 1.004825608855893,
        "p50": 4.092500071645773,
        "p84": 7.171048189494138,
        "sd": 3.1593182528635935
      },
      "delta_local_minus_highz_mg": {
        "max": 16.18293332966921,
        "mean": 2.3372329855806915,
        "min": -11.00850452519559,
        "p16": -0.733693735142354,
        "p50": 2.2736393318042474,
        "p84": 5.481376903550794,
        "sd": 3.1918526466356822
      },
      "h0_highz_gr": {
        "max": 81.79175234221509,
        "mean": 68.68480644740369,
        "min": 56.76949767217992,
        "p16": 65.7252137126877,
        "p50": 68.65773741486157,
        "p84": 71.57993990857543,
        "sd": 2.99637355836606
      },
      "h0_highz_mg": {
        "max": 82.7515939088517,
        "mean": 70.41364737524187,
        "min": 58.25689223129464,
        "p16": 67.39415148017936,
        "p50": 70.51261191670562,
        "p84": 73.3066741086305,
        "sd": 3.0323099540501826
      },
      "h0_local_obs": {
        "max": 76.87188622682224,
        "mean": 72.75088036082256,
        "min": 68.21215718037604,
        "p16": 71.755126287998,
        "p50": 72.75130747400654,
        "p84": 73.74691598146697,
        "sd": 0.9999500450669612
      },
      "local_minus_highz_gr_sigma": 1.2872057783546458,
      "local_minus_highz_mg_sigma": 0.731998926090347,
      "p_gr_above_local_ref": 0.07353,
      "p_gr_below_local_ref": 0.92647,
      "p_gr_below_planck_ref": 0.33046,
      "z_anchor": 0.2
    },
    {
      "apparent_gr_bias_vs_true": {
        "max": 6.775634658101737,
        "mean": -2.5545858780594037,
        "min": -8.751546750812608,
        "p16": -4.46738793804202,
        "p50": -2.7496219820528793,
        "p84": -0.5819119514146728,
        "sd": 1.9605916278121223
      },
      "delta_local_minus_highz_gr": {
        "max": 17.889771366411424,
        "mean": 4.691220923980753,
        "min": -11.029622041145757,
        "p16": 1.4120232045452161,
        "p50": 4.803861318517768,
        "p84": 7.976995782724737,
        "sd": 3.355520409469016
      },
      "delta_local_minus_highz_mg": {
        "max": 15.57200841145351,
        "mean": 2.347311187819836,
        "min": -11.21015693395718,
        "p16": -0.7583625338244496,
        "p50": 2.2948041161028385,
        "p84": 5.483922802183458,
        "sd": 3.1948362637860868
      },
      "h0_highz_gr": {
        "max": 82.63226945984917,
        "mean": 68.0596673584351,
        "min": 56.220799839241806,
        "p16": 64.90754289199404,
        "p50": 67.92133760564025,
        "p84": 71.17984168668853,
        "sd": 3.2031534201280203
      },
      "h0_highz_mg": {
        "max": 82.81373382240217,
        "mean": 70.40357709459603,
        "min": 58.29731233882325,
        "p16": 67.41069181834126,
        "p50": 70.47905846247619,
        "p84": 73.32556029400683,
        "sd": 3.0334902405211417
      },
      "h0_local_obs": {
        "max": 77.41373981983074,
        "mean": 72.75088828241587,
        "min": 68.15519773825912,
        "p16": 71.76050756963669,
        "p50": 72.75082387503551,
        "p84": 73.74143105067036,
        "sd": 0.9976427358079002
      },
      "local_minus_highz_gr_sigma": 1.3980187334561165,
      "local_minus_highz_mg_sigma": 0.7348973263214624,
      "p_gr_above_local_ref": 0.06645,
      "p_gr_below_local_ref": 0.93355,
      "p_gr_below_planck_ref": 0.42916,
      "z_anchor": 0.35
    },
    {
      "apparent_gr_bias_vs_true": {
        "max": 9.723725022628813,
        "mean": -2.357723763226783,
        "min": -9.711675692382663,
        "p16": -4.750009261737252,
        "p50": -2.6555060240734463,
        "p84": 0.09677789326747237,
        "sd": 2.484282251114781
      },
      "delta_local_minus_highz_gr": {
        "max": 18.21033016648861,
        "mean": 4.484285222363602,
        "min": -13.35647091327074,
        "p16": 0.9095081250354343,
        "p50": 4.658257673823449,
        "p84": 8.079658741155793,
        "sd": 3.6540383665507994
      },
      "delta_local_minus_highz_mg": {
        "max": 15.256656165478432,
        "mean": 2.337065930616969,
        "min": -11.71349360612794,
        "p16": -0.7512216882160413,
        "p50": 2.2710980330169477,
        "p84": 5.491324744051535,
        "sd": 3.1899517514141262
      },
      "h0_highz_gr": {
        "max": 85.3951932651588,
        "mean": 68.2628240660325,
        "min": 55.8693100214761,
        "p16": 64.79026589725734,
        "p50": 68.06081761771168,
        "p84": 71.68415454979292,
        "sd": 3.515073663828488
      },
      "h0_highz_mg": {
        "max": 83.05730399980264,
        "mean": 70.41004335777913,
        "min": 58.98223158010357,
        "p16": 67.41233939731363,
        "p50": 70.50873205267442,
        "p84": 73.30367412531494,
        "sd": 3.025878227536401
      },
      "h0_local_obs": {
        "max": 76.82411341591536,
        "mean": 72.74710928839609,
        "min": 68.08005416953847,
        "p16": 71.75488252659453,
        "p50": 72.74678848249016,
        "p84": 73.74144617028279,
        "sd": 0.9987024216771418
      },
      "local_minus_highz_gr_sigma": 1.227041364987003,
      "local_minus_highz_mg_sigma": 0.7333493671013873,
      "p_gr_above_local_ref": 0.09276,
      "p_gr_below_local_ref": 0.90724,
      "p_gr_below_planck_ref": 0.41917,
      "z_anchor": 0.5
    },
    {
      "apparent_gr_bias_vs_true": {
        "max": 12.585254117210596,
        "mean": -1.4839311055343505,
        "min": -10.729644009441046,
        "p16": -4.243131819265889,
        "p50": -1.8338681529046994,
        "p84": 1.3310925886947775,
        "sd": 2.8958392786834652
      },
      "delta_local_minus_highz_gr": {
        "max": 19.026536952854975,
        "mean": 3.6090806897104764,
        "min": -16.88609797806724,
        "p16": -0.33199094278229097,
        "p50": 3.8547292187101263,
        "p84": 7.540147907048193,
        "sd": 4.007311084742921
      },
      "delta_local_minus_highz_mg": {
        "max": 15.281478815091965,
        "mean": 2.337631666473688,
        "min": -11.518042275191675,
        "p16": -0.7335855656360593,
        "p50": 2.2744839448259455,
        "p84": 5.467735225372977,
        "sd": 3.1783886802853094
      },
      "h0_highz_gr": {
        "max": 87.6874845198394,
        "mean": 69.13937491942741,
        "min": 55.216740628975245,
        "p16": 65.3140400707083,
        "p50": 68.86271040556646,
        "p84": 72.97295189531962,
        "sd": 3.882566926095544
      },
      "h0_highz_mg": {
        "max": 82.91234870923299,
        "mean": 70.4108239426642,
        "min": 58.92069444150094,
        "p16": 67.43609990649999,
        "p50": 70.48923636569072,
        "p84": 73.29113959510973,
        "sd": 3.02199170491009
      },
      "h0_local_obs": {
        "max": 76.99484969586331,
        "mean": 72.74845560913788,
        "min": 68.50225316909265,
        "p16": 71.75590868453286,
        "p50": 72.74733825274063,
        "p84": 73.74130196750883,
        "sd": 0.9969319306484026
      },
      "local_minus_highz_gr_sigma": 0.900181755884015,
      "local_minus_highz_mg_sigma": 0.7343772133570959,
      "p_gr_above_local_ref": 0.15846,
      "p_gr_below_local_ref": 0.84154,
      "p_gr_below_planck_ref": 0.33712,
      "z_anchor": 0.62
    }
  ],
  "draws_total": 1600,
  "draws_used": 1600,
  "h0_posterior_mg_truth": {
    "max": 81.12434628314327,
    "mean": 70.6139339829599,
    "min": 60.40119844002723,
    "p16": 67.71835091504013,