{
  "assumptions": {
    "h0_local_ref": 73.0,
    "h0_planck_ref": 67.4,
    "lensing_alpha": 0.25,
    "lensing_noise": 0.0,
    "n_int": 6000,
    "omega_k_assumed": 0.0,
    "omega_m_assumed_mode": "from_lensing_proxy",
    "omega_m_planck_ref": 0.315,
    "r_d_assumed_mode": "planck_fixed",
    "r_d_planck_ref": 147.09,
    "sigma8_planck_ref": 0.811,
    "theta_noise_frac": 0.0,
    "z_star": 1089.0
  },
  "created_utc": "2026-02-10T06:20:36Z",
  "draws_inferred_ok": 1024,
  "draws_requested": 1024,
  "draws_total_available": 1600,
  "draws_used": 1024,
  "elapsed_sec": 2.9745750427246094,
  "gr_inference_stats": {
    "H0_inferred": {
      "max": 91.61430759098094,
      "mean": 75.15345411319794,
      "min": 57.16115651810235,
      "p16": 70.18450063577076,
      "p50": 75.33654016076177,
      "p84": 80.34555296668648,
      "sd": 5.410613350801874
    },
    "delta_H0_inferred_minus_true": {
      "max": 20.707706349030232,
      "mean": 4.571072120585905,
      "min": -15.855353803453724,
      "p16": -1.2282522456187073,
      "p50": 4.7616751850116685,
      "p84": 10.359597939373515,
      "sd": 5.872759422465711
    },
    "omega_m_assumed": {
      "max": 0.39784065546792763,
      "mean": 0.28275781037064407,
      "min": 0.19378402404487885,
      "p16": 0.25124805828596414,
      "p50": 0.28185896137720684,
      "p84": 0.31342258968592424,
      "sd": 0.03103247476449923
    },
    "r_d_assumed": {
      "max": 147.09,
      "mean": 147.09,
      "min": 147.09,
      "p16": 147.09,
      "p50": 147.09,
      "p84": 147.09,
      "sd": 0.0
    },
    "theta_star_obs": {
      "max": 0.012315770193617678,
      "mean": 0.01127908530719151,
      "min": 0.009137275052852957,
      "p16": 0.010695222863654355,
      "p50": 0.011407922202101102,
      "p84": 0.01182285751506272,
      "sd": 0.0005974420383519213
    }
  },
  "posterior_true_stats": {
    "A_lens_true": {
      "max": 1.1238265915321148,
      "mean": 0.9460173556186414,
      "min": 0.7843388157679376,
      "p16": 0.8930917513821442,
      "p50": 0.9459335781802376,
      "p84": 0.9974930243363427,
      "sd": 0.05193880753925615
    },
    "H0_true": {
      "max": 81.1500619642039,
      "mean": 70.58238199261203,
      "min": 62.22460208441626,
      "p16": 67.88183476454195,
      "p50": 70.38770272198951,
      "p84": 73.50030059868196,
      "sd": 2.8966119727518636
    },
    "omega_k_true": {
      "max": 0.0,
      "mean": 0.0,
      "min": 0.0,
      "p16": 0.0,
      "p50": 0.0,
      "p84": 0.0,
      "sd": 0.0
    },
    "omega_m_true": {
      "max": 0.3999460238993975,
      "mean": 0.34701587892847785,
      "min": 0.20398366059983802,
      "p16": 0.3058603993877713,
      "p50": 0.35639083127052806,
      "p84": 0.3871216030889535,
      "sd": 0.041780742685885566
    },
    "r_d_true": {
      "max": 161.86107547021024,
      "mean": 144.23938945890998,
      "min": 124.11756648932827,
      "p16": 138.28353496332994,
      "p50": 144.41619558376058,
      "p84": 149.90126552039484,
      "sd": 5.8601019615964365
    },
    "sigma8_true": {
      "max": 0.9141320553048755,
      "mean": 0.7716425155712783,
      "min": 0.6826993113660013,
      "p16": 0.7392433998658459,
      "p50": 0.7688755519269013,
      "p84": 0.8019059433020667,
      "sd": 0.03381706075998787
    },
    "theta_star_true": {
      "max": 0.012315770193617678,
      "mean": 0.01127908530719151,
      "min": 0.009137275052852957,
      "p16": 0.010695222863654355,
      "p50": 0.011407922202101102,
      "p84": 0.01182285751506272,
      "sd": 0.0005974420383519213
    }
  },
  "required_rd_shift_for_full_match": {
    "note": "Fractional shift in assumed r_d needed (with current theta* obs and assumed Omega_m) for inferred H0 to match local reference.",
    "rd_shift_needed_frac": {
      "max": 0.2521865237152896,
      "mean": 0.029210486708029875,
      "min": -0.21519617677746838,
      "p16": -0.03825972761682174,
      "p50": 0.0317124007601004,
      "p84": 0.09970172521405658,
      "sd": 0.07343211163993375
    },
    "rd_shift_needed_pct": {
      "max": 25.21865237152896,
      "mean": 2.9210486708029872,
      "min": -21.519617677746837,
      "p16": -3.825972761682174,
      "p50": 3.17124007601004,
      "p84": 9.970172521405658,
      "sd": 7.343211163993376
    }
  },
  "run_dir": "/home/primary/O3-Modified-Gravity-Hubble-Resolution/outputs/finalization/highpower_multistart_v2/M0_start101",
  "scope_notes": {
    "modeled": [
      "Compressed CMB geometry observable theta* = r_d / D_M(z*)",
      "Optional CMB-lensing-amplitude proxy to set assumed Omega_m in GR inversion",
      "Draw-level MG-truth posterior from run_dir"
    ],
    "not_modeled": [
      "Full TT/TE/EE likelihood with nuisance/marginalization",
      "Full modified perturbation equations in early universe",
      "A Boltzmann-level MG transfer-function refit"
    ]
  },
  "tension_reconciliation": {
    "baseline_gap_local_minus_planck": 5.599999999999994,
    "p_inferred_above_70": 0.84375,
    "p_inferred_above_72": 0.73046875,
    "p_inferred_above_planck_ref": 0.9228515625,
    "p_inferred_at_or_above_local_ref": 0.6630859375,
    "relief_fraction": {
      "max": 0.9999494904956902,
      "mean": 0.16845154637445164,
      "min": -2.3239834983894574,
      "p16": -0.47467768697670676,
      "p50": 0.3101280353784478,
      "p84": 0.7931333642964654,
      "sd": 0.6240004641474889
    },
    "remaining_gap_local_minus_inferred": {
      "max": 18.614307590980943,
      "mean": 4.656671340303066,
      "min": 0.0002828532241352377,
      "p16": 1.158453159939793,
      "p50": 3.8632830018806885,
      "p84": 8.258195047069549,
      "sd": 3.494402599225934
    }
  }
}
